"POINTID","Coarse","Clay","Sand","Silt","geometry"
28061794,38,29,32,39,c(-7.208015428, 37.68157936)
28102276,20,3,76,21,c(-8.352928966, 41.92054381)
28142280,11,8,48,44,c(-8.316700412, 41.96420875)
28181874,12,32,19,49,c(-7.25722835, 38.41119899)
28201786,36,22,41,38,c(-7.035233879, 37.63925247)
28201818,56,27,20,53,c(-7.107086195, 37.92160592)
28202170,23,7,62,31,c(-7.956548904, 41.01515363)
28262288,19,4,68,28,c(-8.19698605, 42.06017685)
28282006,26,20,22,58,c(-7.45592171, 39.59322669)
28301732,1,1,94,4,c(-6.805977859, 37.18221435)
28302282,44,3,75,22,c(-8.133780206, 42.01639763)
28321780,47,33,13,53,c(-6.889220889, 37.61027857)
28321802,52,24,43,34,c(-6.938071168, 37.8045204)
28341822,19,15,45,40,c(-6.960598744, 37.98503262)
28341858,11,22,28,50,c(-7.041890965, 38.30258349)
28342236,22,7,70,23,c(-7.964980681, 41.62273819)
28361824,52,19,27,54,c(-6.94285404, 38.00668189)
28381990,36,24,21,55,c(-7.304031323, 39.47313329)
28382100,55,9,56,35,c(-7.571541371, 40.4394979)
28401816,20,13,53,34,c(-6.880513824, 37.9440587)
28401842,31,35,18,46,c(-6.938777734, 38.17350023)
28422262,22,3,74,22,c(-7.939491123, 41.86729019)
28441714,1,2,92,6,c(-6.613326416, 37.05059283)
28461956,42,25,40,34,c(-7.133149295, 39.19025863)
28481804,25,35,29,36,c(-6.765053017, 37.85398572)
28481832,33,32,22,46,c(-6.827245095, 38.10119974)
28521972,30,15,33,51,c(-7.102740715, 39.34326421)
28522106,12,11,44,45,c(-7.425186888, 40.5212293)
28522236,30,4,67,29,c(-7.754130756, 41.66098417)
28522268,19,8,58,35,c(-7.837662302, 41.94107921)
28541796,29,32,33,35,c(-6.680874124, 37.79515704)
28542220,22,5,64,32,c(-7.68935918, 41.52507947)
28562254,32,8,48,44,c(-7.753991213, 41.82702424)
28601988,28,30,23,46,c(-7.049549781, 39.50027792)
28602250,24,11,40,49,c(-7.696589842, 41.80044333)
28621768,44,24,31,44,c(-6.531285893, 37.56334644)
28622242,44,4,64,32,c(-7.652383136, 41.73459301)
28641812,39,23,24,53,c(-6.604965189, 37.95615197)
28681964,26,19,37,45,c(-6.902822627, 39.30501723)
28721946,15,34,24,41,c(-6.816049274, 39.1543935)
28742016,36,20,31,49,c(-6.956036513, 39.77493474)
28781620,40,50,12,38,c(-6.045834574, 36.28307763)
28802056,41,26,43,31,c(-6.982095487, 40.13897956)
28822078,50,15,23,62,c(-7.011686302, 40.33650777)
28842290,36,10,28,62,c(-7.517581542, 42.20104377)
28862294,33,7,41,52,c(-7.504314867, 42.2402476)
28882080,37,4,75,21,c(-6.947443508, 40.3661851)
28882296,23,9,43,48,c(-7.485837328, 42.26193318)
28902018,25,17,34,49,c(-6.778119257, 39.82452511)
28921962,34,25,39,36,c(-6.626206372, 39.33502044)
28922052,28,20,18,62,c(-6.834987103, 40.12784697)
28922062,21,7,69,24,c(-6.85862645, 40.21585232)
28922268,36,23,16,61,c(-7.366290708, 42.02492812)
28941636,30,43,18,39,c(-5.90403163, 36.45512909)
28961938,17,21,41,38,c(-6.526486796, 39.13119642)
28962042,31,16,51,33,c(-6.765611529, 40.0477875)
28981598,7,23,45,33,c(-5.78437054, 36.12518816)
28982012,43,5,75,20,c(-6.672839732, 39.78753259)
28982044,25,18,46,36,c(-6.747380246, 40.06937079)
29021648,17,53,10,37,c(-5.840977587, 36.57656968)
29041604,18,30,42,29,c(-5.73112493, 36.18960337)
29042294,11,11,41,48,c(-7.291161025, 42.27757179)
29062002,28,10,48,42,c(-6.558504854, 39.71516222)
29082270,39,10,40,50,c(-7.182503372, 42.0753887)
29082288,24,6,63,31,c(-7.228393409, 42.23321012)
29102034,29,19,27,54,c(-6.586578765, 40.00501396)
29102286,9,12,26,62,c(-7.199600359, 42.21977986)
29122050,15,11,59,30,c(-6.600808125, 40.1498963)
29141956,10,27,25,49,c(-6.363106919, 39.32505941)
29142064,26,4,72,24,c(-6.610489806, 40.27713752)
29142340,12,15,18,68,c(-7.291233993, 42.70123429)
29161918,15,12,62,26,c(-6.255847438, 38.99344449)
29162260,24,10,53,37,c(-7.062748973, 42.0039924)
29181638,6,20,43,37,c(-5.646238452, 36.51743459)
29182286,17,9,49,42,c(-7.104859374, 42.23613532)
29182322,14,8,46,46,c(-7.196965045, 42.55175059)
29202218,32,13,46,41,c(-6.910904605, 41.64340585)
29221982,24,17,36,47,c(-6.330673333, 39.56996583)
29222266,19,8,64,28,c(-7.006988671, 42.0688161)
29222276,23,5,66,29,c(-7.03218093, 42.15655632)
29242340,17,20,10,70,c(-7.171900615, 42.7217973)
29242344,15,16,23,60,c(-7.182249589, 42.75684848)
29261670,26,56,9,35,c(-5.622648575, 36.81629604)
29262270,17,5,67,29,c(-6.969757339, 42.1120145)
29262336,30,16,19,65,c(-7.137705641, 42.69083645)
29262342,13,25,16,60,c(-7.153191141, 42.74342044)
29282026,19,9,63,28,c(-6.36200049, 39.96966888)
29282340,34,20,26,54,c(-7.12414695, 42.72998333)
29302234,36,22,32,46,c(-6.832883439, 41.80401539)
29302338,53,17,31,52,c(-7.095117011, 42.71653714)
29321686,5,19,63,18,c(-5.588903542, 36.96935643)
29322312,36,8,53,38,c(-7.00475849, 42.49263551)
29322340,33,19,20,61,c(-7.076381715, 42.73814694)
29342272,19,6,52,42,c(-6.880131372, 42.1457048)
29342300,35,12,44,44,c(-6.950546825, 42.39142203)
29342332,30,22,21,57,c(-7.03197634, 42.67208198)
29342336,45,14,27,59,c(-7.042227449, 42.7071525)
29361628,30,47,4,49,c(-5.430036356, 36.46150514)
29361638,12,6,67,27,c(-5.449678659, 36.55037225)
29361794,28,14,55,31,c(-5.765551475, 37.93445485)
29381630,52,42,15,43,c(-5.412130126, 36.48291006)
29382056,41,25,23,52,c(-6.315895314, 40.25353699)
29402258,25,7,50,42,c(-6.774328411, 42.03481527)
29402338,28,18,22,60,c(-6.975700593, 42.73686916)
29422254,48,10,30,60,c(-6.740804055, 42.00367699)
29442084,37,13,55,32,c(-6.311216301, 40.51194333)
29442378,32,14,24,62,c(-7.030744638, 43.09564825)
29461660,41,28,29,43,c(-5.383591187, 36.76399804)
29462044,24,12,29,58,c(-6.196507463, 40.16315896)
29462088,51,17,50,34,c(-6.297354023, 40.55106527)
29462254,50,8,42,50,c(-6.693554521, 42.01164484)
29481636,30,20,33,46,c(-5.314649141, 36.55432372)
29482076,48,22,28,50,c(-6.246603616, 40.44916511)
29482094,38,18,36,46,c(-6.2881047, 40.60780856)
29501704,17,40,15,45,c(-5.426929272, 37.16204034)
29502024,32,20,33,47,c(-6.105372523, 39.99438313)
29522350,16,6,68,27,c(-6.862826542, 42.86634924)
29542250,26,18,22,60,c(-6.589223782, 41.99236219)
29542262,26,10,34,56,c(-6.618666971, 42.09780997)
29542268,20,16,33,52,c(-6.633440505, 42.15052502)
29542352,12,9,47,45,c(-6.843972194, 42.887917)
29561652,26,34,18,47,c(-5.258353207, 36.71094588)
29562038,25,9,62,29,c(-6.068034254, 40.12936931)
29582082,18,40,26,35,c(-6.144885179, 40.52129288)
29582266,44,12,37,51,c(-6.581153205, 42.14087135)
29602038,22,8,64,28,c(-6.022076805, 40.13698434)
29621680,28,52,12,35,c(-5.247344003, 36.97056438)
29622346,29,13,23,64,c(-6.732931427, 42.85131405)
29641674,30,19,57,25,c(-5.213604822, 36.92083548)
29642278,43,16,44,40,c(-6.539529661, 42.2581622)
29661680,27,41,20,40,c(-5.203374035, 36.97774003)
29661968,16,21,26,53,c(-5.798524741, 39.53008672)
29662086,45,23,31,46,c(-6.061535348, 40.57186521)
29662386,37,12,44,44,c(-6.786725618, 43.21023417)
29681628,24,8,64,28,c(-5.08062713, 36.51896044)
29683378,37,4,76,21,c(-9.913644226, 51.83298261)
29701642,43,16,25,59,c(-5.085677015, 36.64704244)
29702264,45,12,43,45,c(-6.434138056, 42.14690774)
29702300,43,18,42,40,c(-6.522442765, 42.4632909)
29722262,26,15,50,34,c(-6.405581797, 42.1332391)
29762010,13,6,77,17,c(-5.776234893, 39.91992976)
29762032,30,5,74,21,c(-5.82482861, 40.11424735)
29762042,16,9,54,37,c(-5.847051383, 40.20254746)
29782232,31,14,37,49,c(-6.26230483, 41.8810477)
29802264,53,18,23,59,c(-6.315644216, 42.16643047)
29822290,32,18,34,48,c(-6.355082666, 42.39894173)
29842266,37,14,49,38,c(-6.27305587, 42.19179218)
29862060,18,9,59,32,c(-5.771907585, 40.38024137)
29862340,50,12,47,42,c(-6.430431384, 42.84615864)
29882020,11,9,67,25,c(-5.660551153, 40.03065872)
29882098,46,17,39,44,c(-5.833951052, 40.71940442)
29882354,32,9,53,38,c(-6.441282565, 42.97305707)
29902028,12,8,66,27,c(-5.655113766, 40.10506259)
29902060,21,13,50,36,c(-5.725747452, 40.38772144)
29902262,37,19,30,52,c(-6.192278414, 42.16821794)
29902286,23,29,20,51,c(-6.250186524, 42.37932964)
29922272,25,9,58,33,c(-6.192594298, 42.26005753)
29922282,48,18,35,47,c(-6.216718577, 42.34802254)
29922350,42,12,35,53,c(-6.383313427, 42.94576409)
29923358,20,12,31,56,c(-9.499034545, 51.71858324)
29941942,22,24,23,52,c(-5.424010486, 39.35191646)
29942046,19,4,75,21,c(-5.648653659, 40.27152011)
29942222,41,15,38,47,c(-6.049794621, 41.82382157)
29942284,39,16,38,45,c(-6.197767029, 42.36948119)
29961684,23,35,23,42,c(-4.881036466, 37.06648076)
29962070,17,25,24,50,c(-5.678649537, 40.48721619)
29962314,49,14,39,46,c(-6.246783342, 42.63717319)
29982048,8,10,41,48,c(-5.606954445, 40.29661014)
29982310,9,17,12,71,c(-6.213147489, 42.60587759)
30001912,49,37,27,36,c(-5.29286564, 39.0972088)
30002304,40,22,29,49,c(-6.174698523, 42.55697914)
30002322,39,25,22,53,c(-6.218506044, 42.71526123)
30022058,22,10,55,35,c(-5.582806599, 40.39236333)
30022324,31,16,51,33,c(-6.199462775, 42.73671656)
30042042,10,6,58,35,c(-5.524653866, 40.25468063)
30042052,16,4,74,22,c(-5.546541884, 40.34304852)
30042340,34,13,26,61,c(-6.214657861, 42.88125119)
30062066,13,14,40,46,c(-5.554207704, 40.47043446)
30062074,23,6,61,33,c(-5.571848527, 40.54110427)
30062308,29,15,48,38,c(-6.11276671, 42.60372344)
30062336,53,11,33,56,c(-6.180877172, 42.8499561)
30082006,15,7,70,23,c(-5.40066484, 39.94374291)
30082070,16,10,62,28,c(-5.539888641, 40.50946526)
30082312,47,30,14,56,c(-6.098551999, 42.64275382)
30102048,12,8,66,26,c(-5.468577878, 40.31874779)
30102056,17,7,65,27,c(-5.486049428, 40.38945001)
30102368,26,21,20,60,c(-6.211477251, 43.13897712)
30122054,19,5,79,16,c(-5.458587536, 40.37544966)
30122060,16,6,73,20,c(-5.471698136, 40.42847514)
30122072,16,6,75,19,c(-5.498009825, 40.53450899)
30122312,32,15,17,68,c(-6.050746663, 42.6504305)
30142056,23,5,77,18,c(-5.43985703, 40.39679549)
30142062,13,6,78,15,c(-5.452959513, 40.44982262)
30161932,26,24,31,45,c(-5.152931224, 39.30321455)
30162054,10,15,33,52,c(-5.412402567, 40.38278194)
30162072,15,11,56,34,c(-5.451715777, 40.54186268)
30162346,33,21,19,60,c(-6.085300908, 42.95715681)
30182074,27,9,66,25,c(-5.432944036, 40.56320506)
30182314,17,17,39,44,c(-5.983826339, 42.67950212)
30182326,14,9,41,50,c(-6.012754557, 42.78508164)
30182344,19,16,41,43,c(-6.056406063, 42.94340906)
30202314,16,12,37,51,c(-5.959904862, 42.68331647)
30202338,21,18,33,50,c(-6.017819505, 42.89446897)
30202356,18,29,30,40,c(-6.061619459, 43.05277488)
30221862,27,20,34,46,c(-4.941750643, 38.69334742)
30221962,53,20,44,36,c(-5.147154296, 39.57969912)
30222060,10,4,81,15,c(-5.356127542, 40.44678301)
30223342,18,11,37,52,c(-9.017487154, 51.6511488)
30241876,8,25,34,40,c(-4.947464745, 38.82107338)
30242062,22,4,79,17,c(-5.337346973, 40.46810933)
30242074,33,3,88,10,c(-5.363460085, 40.57418218)
30242314,15,9,62,28,c(-5.912053806, 42.69092828)
30243370,25,12,36,52,c(-9.094491585, 51.89753989)
30261908,25,30,22,48,c(-4.989932039, 39.10837859)
30262064,13,8,67,26,c(-5.318555267, 40.48943197)
30262322,20,19,28,53,c(-5.907288142, 42.76513552)
30281930,14,26,39,35,c(-5.012369576, 39.3069356)
30282048,23,5,76,19,c(-5.26085651, 40.35158937)
30282080,16,9,65,27,c(-5.330190813, 40.63450819)
30282318,27,16,30,55,c(-5.873753032, 42.7337263)
30302068,19,10,67,23,c(-5.280938384, 40.53206617)
30302072,26,6,76,18,c(-5.289612866, 40.56742962)
30302082,12,8,61,31,c(-5.311357413, 40.65582735)
30303364,22,17,23,60,c(-8.987291116, 51.85970782)
30303392,26,15,31,53,c(-9.093049304, 52.10143123)
30322080,14,13,48,39,c(-5.283810495, 40.64178448)
30322326,55,11,55,33,c(-5.844968227, 42.81171879)
30322350,22,23,21,56,c(-5.902677458, 43.02292151)
30341842,14,13,59,28,c(-4.766649261, 38.53693711)
30361876,16,20,40,40,c(-4.811938213, 38.84220507)
30361894,39,12,63,25,c(-4.848175337, 39.00189526)
30362016,22,14,54,32,c(-5.100370252, 40.08289138)
30363420,17,18,17,65,c(-9.114771901, 52.35708656)
30382072,54,8,51,41,c(-5.196931404, 40.58191981)
30382086,27,8,75,17,c(-5.227225781, 40.70570533)
30383382,24,6,67,27,c(-8.94193047, 52.03370953)
30401830,3,4,78,18,c(-4.675501618, 38.44082559)
30402028,15,6,66,28,c(-5.079729353, 40.19626479)
30402312,13,9,70,21,c(-5.715807083, 42.70353722)
30402322,28,9,65,26,c(-5.739519467, 42.79159645)
30402352,38,24,23,54,c(-5.811224907, 43.05568287)
30402384,4,13,45,42,c(-5.888662592, 43.33722431)
30421912,21,15,51,33,c(-4.816556567, 39.17208775)
30422056,21,11,66,23,c(-5.11625092, 40.44760717)
30422084,16,10,63,27,c(-5.176459873, 40.69525014)
30441944,20,23,48,29,c(-4.858951215, 39.45934184)
30442082,22,8,70,22,c(-5.148926307, 40.68116933)
30442088,23,8,72,20,c(-5.161884273, 40.73422529)
30442322,44,13,48,39,c(-5.691561374, 42.79910593)
30462002,25,4,82,13,c(-4.955999221, 39.97677661)
30462080,15,6,77,18,c(-5.121406023, 40.66708011)
30462084,14,15,51,34,c(-5.13002242, 40.70245495)
30462314,18,11,67,22,c(-5.648680992, 42.73239055)
30481928,21,20,31,49,c(-4.780794733, 39.32450475)
30481942,34,34,15,51,c(-4.809269098, 39.4486441)
30482324,32,28,24,48,c(-5.648319607, 42.82420802)
30482338,20,31,13,55,c(-5.681514297, 42.94749744)
30483396,20,20,22,57,c(-8.85285355, 52.17776176)
30501876,15,24,37,39,c(-4.65372989, 38.86661824)
30501930,45,16,52,32,c(-4.762089981, 39.34574204)
30502088,30,9,33,58,c(-5.092180733, 40.74501503)
30502308,38,15,62,23,c(-5.586666674, 42.68699556)
30522076,20,6,74,20,c(-5.043203029, 40.6424551)
30541864,38,13,44,43,c(-4.584794438, 38.76699871)
30562072,24,8,70,22,c(-4.988263029, 40.61420465)
30562086,61,17,31,52,c(-5.018170646, 40.73806394)
30562306,39,9,67,24,c(-5.510155436, 42.68051456)
30562338,35,26,28,46,c(-5.585329692, 42.96244472)
30582064,18,7,76,17,c(-4.94807274, 40.54696981)
30582366,32,22,17,61,c(-5.627750307, 43.21274845)
30602044,22,8,72,20,c(-4.882703063, 40.37347829)
30602066,26,6,80,14,c(-4.929135469, 40.56822052)
30602080,21,3,83,14,c(-4.958888204, 40.69210889)
30622070,23,10,68,22,c(-4.914424643, 40.6071682)
30623392,19,21,22,57,c(-8.638990505, 52.17531492)
30623428,17,17,25,59,c(-8.774146006, 52.48649255)
30642062,14,10,66,25,c(-4.874320258, 40.53989958)
30642080,15,5,81,15,c(-4.912433865, 40.69921092)
30662054,21,7,66,27,c(-4.834314461, 40.47260657)
30662072,24,4,74,21,c(-4.872255948, 40.63195018)
30662324,15,17,43,40,c(-5.432267931, 42.85763091)
30662334,30,21,24,55,c(-5.455656916, 42.9457556)
30663392,37,22,27,51,c(-8.582136958, 52.18442839)
30681656,27,16,42,42,c(-4.036018431, 36.93983337)
30682052,12,7,63,30,c(-4.806967944, 40.45841997)
30682344,19,22,20,58,c(-5.455052786, 43.03756359)
30702012,21,8,62,30,c(-4.700741921, 40.10760461)
30702072,26,4,83,14,c(-4.825837184, 40.63901026)
30702324,28,10,73,18,c(-5.384227304, 42.86499599)
30721702,15,42,17,41,c(-4.075566102, 37.35647901)
30722052,26,6,75,20,c(-4.760667308, 40.46544626)
30722062,35,8,65,27,c(-4.781605563, 40.55399677)
30722074,12,16,40,44,c(-4.806837874, 40.66023739)
30742058,19,6,68,25,c(-4.750048572, 40.52208679)
30743386,5,13,49,37,c(-8.44624701, 52.15065268)
30761848,40,13,56,31,c(-4.305359774, 38.66246016)
30762052,17,11,62,28,c(-4.71435772, 40.47245081)
30762060,9,6,61,32,c(-4.731052887, 40.54330154)
30762064,35,8,69,23,c(-4.739419725, 40.57872328)
30763396,16,11,41,48,c(-8.454671493, 52.24170799)
30781660,25,25,25,50,c(-3.933085956, 36.99198842)
30781868,4,54,11,35,c(-4.321466615, 38.84358662)
30782344,18,19,27,54,c(-5.334580157, 43.0559692)
30801700,3,55,15,30,c(-3.983328296, 37.35189823)
30801836,26,20,48,32,c(-4.237221722, 38.56253832)
30801848,16,19,53,29,c(-4.260246551, 38.66922057)
30802052,24,3,88,9,c(-4.668039205, 40.47943362)
30802312,21,10,59,31,c(-5.236417904, 42.77748722)
30822344,19,12,46,42,c(-5.286372508, 43.06329167)
30842072,19,12,65,24,c(-4.663300253, 40.66354885)
30861660,8,52,12,36,c(-3.844920752, 37.00508784)
30862070,12,7,65,28,c(-4.635904601, 40.64931869)
30882072,12,7,71,22,c(-4.616840868, 40.67051078)
30882342,25,25,20,55,c(-5.209411924, 43.05659795)
30882346,22,24,20,56,c(-5.218674169, 43.09186695)
30901656,15,33,14,53,c(-3.793711027, 36.97592018)
30902070,30,26,6,68,c(-4.589453085, 40.65626745)
30902340,36,27,16,57,c(-5.180684253, 43.04259569)
30922076,21,5,81,15,c(-4.57867921, 40.71288361)
30922310,20,9,67,24,c(-5.087840103, 42.78158485)
30922324,14,20,36,43,c(-5.119816183, 42.905099)
30923436,20,10,44,46,c(-8.374209397, 52.62397391)
30941650,33,29,17,54,c(-3.739009004, 36.92887426)
30942046,58,14,48,38,c(-4.493532028, 40.45052728)
30942340,23,26,13,60,c(-5.132472181, 43.04984489)
30961660,23,36,16,49,c(-3.734674468, 37.02134631)
30962066,13,13,41,46,c(-4.511496251, 40.63120884)
30962308,10,11,72,18,c(-5.035286009, 42.77113547)
30981646,43,7,55,38,c(-3.687907414, 36.89964175)
30981722,28,31,21,48,c(-3.823600773, 37.5775195)
30981728,5,36,24,40,c(-3.834475931, 37.63099745)
31001702,20,49,12,39,c(-3.765353799, 37.40247033)
31001840,25,19,49,33,c(-4.019429138, 38.63154519)
31002074,55,21,30,49,c(-4.48153602, 40.70898677)
31002080,51,18,34,48,c(-4.49393606, 40.76214673)
31002282,6,19,49,32,c(-4.928756637, 42.54877982)
31003388,38,3,81,17,c(-8.083540764, 52.22612913)
31003394,17,18,35,47,c(-8.105284765, 52.27812644)
31021708,36,55,6,39,c(-3.753944803, 37.45921923)
31021812,30,25,28,48,c(-3.944341532, 38.38570708)
31022060,11,12,57,31,c(-4.429504473, 40.5883594)
31022078,22,7,80,13,c(-4.466534485, 40.74787074)
31022086,14,10,71,19,c(-4.483074915, 40.81874928)
31042070,19,9,72,19,c(-4.426802545, 40.68041617)
31042080,17,9,67,24,c(-4.447391326, 40.76903032)
31042322,17,17,44,39,c(-4.970920887, 42.90903359)
31042344,26,24,14,62,c(-5.021041952, 43.10315862)
31061644,25,8,67,26,c(-3.596323011, 36.89465341)
31061706,35,37,20,43,c(-3.705984346, 37.44786651)
31062058,26,9,59,32,c(-4.378992903, 40.57748096)
31062076,14,17,39,44,c(-4.415883007, 40.73701777)
31062288,8,18,38,44,c(-4.870373489, 42.61244064)
31081710,7,55,18,28,c(-3.690946727, 37.48677156)
31081714,29,40,27,33,c(-3.698107495, 37.52244145)
31083448,59,4,83,13,c(-8.188542213, 52.76374418)
31102292,10,20,45,35,c(-4.831389547, 42.65486228)
31102296,5,17,52,31,c(-4.840321609, 42.69018755)
31102302,15,19,53,28,c(-4.853746367, 42.74317114)
31102306,26,33,24,43,c(-4.862714027, 42.77849067)
31121740,23,30,36,34,c(-3.700343313, 37.76071795)
31122070,22,13,53,34,c(-4.33381061, 40.69409529)
31122088,28,6,81,13,c(-4.370703755, 40.85363052)
31122298,37,13,51,36,c(-4.82080468, 42.71139398)
31122304,33,21,50,30,c(-4.834219898, 42.76437952)
31123410,14,14,35,52,c(-7.991798711, 52.44334705)
31141652,42,15,48,36,c(-3.522155397, 36.97886558)
31141666,40,14,42,44,c(-3.546621582, 37.10384659)
31141720,29,39,22,39,c(-3.642179272, 37.58562888)
31142296,36,23,47,30,c(-4.792355974, 42.69726878)
31142300,19,18,37,45,c(-4.801275309, 42.73259663)
31161704,27,46,13,41,c(-3.591478009, 37.44613693)
31161722,19,23,26,51,c(-3.623516269, 37.6066836)
31162316,30,20,41,39,c(-4.813040838, 42.87742952)
31181706,25,57,11,32,c(-3.57283057, 37.46718465)
31181714,33,45,12,43,c(-3.587032116, 37.53854632)
31181796,29,20,34,47,c(-3.735048159, 38.26943381)
31182080,29,24,31,45,c(-4.284414768, 40.79295051)
31201668,55,34,15,51,c(-3.483846436, 37.13126405)
31201708,26,46,9,45,c(-3.554173031, 37.4882285)
31202288,39,26,35,39,c(-4.702673235, 42.63717106)
31221710,17,44,17,39,c(-3.535505379, 37.50926845)
31222070,22,11,45,44,c(-4.217521176, 40.71107121)
31222080,13,14,43,42,c(-4.237830141, 40.79973557)
31222092,14,5,85,9,c(-4.26230466, 40.9061136)
31241716,24,41,17,42,c(-3.523905935, 37.56598867)
31242076,45,10,57,33,c(-4.206414009, 40.76765367)
31242288,26,21,43,36,c(-4.654736377, 42.64418603)
31261692,32,14,39,47,c(-3.459426568, 37.35502593)
31261732,32,39,25,36,c(-3.530048735, 37.71189903)
31262344,39,24,25,50,c(-4.755395768, 43.14233644)
31281644,57,8,69,23,c(-3.354003829, 36.92960204)
31281680,40,7,67,26,c(-3.416307495, 37.25108409)
31281708,8,37,24,39,c(-3.465339311, 37.50098655)
31283382,25,8,64,29,c(-7.662769516, 52.2353977)
31301718,3,57,11,32,c(-3.460733397, 37.59338939)
31301736,10,38,18,44,c(-3.49259031, 37.75395799)
31301740,90,9,57,34,c(-3.499698483, 37.78963315)
31302340,23,23,28,49,c(-4.69809535, 43.11406306)
31321630,60,16,40,44,c(-3.285990522, 36.81080095)
31321706,19,51,12,37,c(-3.417403738, 37.48948635)
31321720,19,29,29,42,c(-3.442014996, 37.61440989)
31321796,31,18,40,43,c(-3.577869087, 38.29204289)
31322300,35,11,64,25,c(-4.585184224, 42.7642038)
31322332,35,23,23,54,c(-4.656074184, 43.04692001)
31323424,14,13,31,57,c(-7.755296852, 52.60860499)
31341700,39,35,29,36,c(-3.384700473, 37.43910078)
31341710,29,31,35,34,c(-3.402200687, 37.52834896)
31341718,22,28,31,41,c(-3.416247445, 37.59973643)
31341722,32,32,30,37,c(-3.423286407, 37.63542648)
31361778,9,24,50,26,c(-3.500522196, 38.1380251)
31362272,20,21,45,34,c(-4.476033643, 42.52363693)
31381690,14,21,55,23,c(-3.32292519, 37.3561368)
31382064,21,15,43,42,c(-4.019346039, 40.68471624)
31382100,11,20,28,52,c(-4.091756075, 41.00403042)
31382306,25,25,33,43,c(-4.52627083, 42.82766859)
31402080,32,11,50,40,c(-4.028090792, 40.82999713)
31421676,35,12,38,49,c(-3.254428759, 37.23739435)
31421694,43,36,23,41,c(-3.285501679, 37.39813052)
31421712,12,37,24,39,c(-3.316781468, 37.55881695)
31422058,22,8,76,17,c(-3.960884177, 40.63813051)
31422310,36,27,20,54,c(-4.486932377, 42.86995928)
31441638,53,23,26,51,c(-3.167466716, 36.9010057)
31441666,48,11,46,43,c(-3.215144248, 37.15119534)
31441702,27,28,31,40,c(-3.277169503, 37.47269016)
31441710,21,45,16,39,c(-3.291065028, 37.54410645)
31441750,2,30,30,39,c(-3.361162634, 37.9010415)
31442088,10,18,30,53,c(-3.997486185, 40.90763116)
31442110,13,18,42,39,c(-4.041820426, 41.10275029)
31442322,30,23,22,55,c(-4.489201339, 42.97948248)
31461690,23,29,27,44,c(-3.234225432, 37.36867381)
31461702,13,31,26,42,c(-3.254959105, 37.47582228)
31461716,45,24,38,38,c(-3.279264735, 37.60080099)
31462302,7,8,57,35,c(-4.421330367, 42.80615207)
31463472,11,12,39,49,c(-7.726757444, 53.05556801)
31481710,13,33,29,38,c(-3.246598517, 37.55037305)
31482294,11,20,35,45,c(-4.379904926, 42.73885955)
31501706,26,24,29,47,c(-3.217442768, 37.51778595)
31502084,16,8,65,27,c(-3.919462954, 40.88210963)
31502300,22,22,32,45,c(-4.368891294, 42.79535175)
31502332,45,19,37,44,c(-4.438798487, 43.07824131)
31522082,12,13,53,35,c(-3.892143951, 40.86767231)
31522114,11,9,60,31,c(-3.956201251, 41.15155675)
31523402,37,11,41,48,c(-7.389733651, 52.46067891)
31541648,59,11,51,38,c(-3.074103514, 37.00585601)
31541666,52,13,45,42,c(-3.104566199, 37.1667199)
31542110,18,19,25,55,c(-3.924727564, 41.11939757)
31542332,25,18,40,42,c(-4.390487306, 43.08513885)
31561686,40,9,60,31,c(-3.11647576, 37.34849795)
31562104,6,10,49,41,c(-3.889287813, 41.06948324)
31562114,19,26,28,46,c(-3.909327716, 41.15819249)
31582088,18,6,64,30,c(-3.834027572, 40.93081443)
31602090,49,8,66,27,c(-3.814632086, 40.95185401)
31602102,16,11,43,46,c(-3.838483073, 41.05834023)
31602108,15,12,61,27,c(-3.850450282, 41.11157572)
31602144,12,14,45,41,c(-3.922843082, 41.43088235)
31602282,38,18,34,47,c(-4.2100153, 42.65321672)
31602310,29,19,32,48,c(-4.270221843, 42.90090533)
31621666,31,13,38,49,c(-3.016073297, 37.17904644)
31621678,47,23,37,41,c(-3.036363352, 37.28628358)
31621696,19,25,43,32,c(-3.066967119, 37.44709819)
31622088,36,9,64,26,c(-3.787305674, 40.93738874)
31622092,30,11,65,24,c(-3.795224895, 40.97288969)
31622098,18,16,27,58,c(-3.807126779, 41.0261369)
31622314,3,7,54,39,c(-4.254772869, 42.939693)
31623442,14,19,31,50,c(-7.386790358, 52.82959242)
31641672,28,19,24,57,c(-3.004063355, 37.23573922)
31641680,35,10,57,32,c(-3.017588157, 37.30722945)
31641698,43,27,33,40,c(-3.048165166, 37.46804692)
31642090,13,12,47,41,c(-3.767893263, 40.95841948)
31642104,21,7,63,30,c(-3.79564159, 41.08266662)
31642112,35,10,63,27,c(-3.811565626, 41.15365261)
31642144,16,33,33,34,c(-3.875759911, 41.43750688)
31642320,14,20,32,48,c(-4.243634273, 42.99616562)
31643418,20,20,28,53,c(-7.273252169, 52.62526176)
31643458,6,9,50,41,c(-7.414790544, 52.9728756)
31661638,26,31,19,50,c(-2.924971476, 36.93484756)
31661668,21,17,30,52,c(-2.975181321, 37.20305489)
31661692,32,20,45,35,c(-3.015750108, 37.41752205)
31662136,25,14,42,44,c(-3.83611702, 41.36985629)
31681666,27,18,43,38,c(-2.949685956, 37.18823702)
31681696,37,27,33,41,c(-3.000333695, 37.45633024)
31682116,17,24,30,46,c(-3.772633726, 41.19571389)
31682146,15,28,31,40,c(-3.832693776, 41.46184757)
31682152,18,25,31,44,c(-3.844790395, 41.51505925)
31701674,57,13,46,41,c(-2.940983056, 37.26279873)
31701692,46,19,36,45,c(-2.971344695, 37.42365746)
31702312,17,17,24,59,c(-4.154032925, 42.93559224)
31721688,41,26,28,45,c(-2.942385968, 37.39097339)
31722110,14,17,26,57,c(-3.713822764, 41.14901511)
31722120,12,18,46,36,c(-3.733654459, 41.23775954)
31722128,10,26,18,56,c(-3.749575502, 41.30874505)
31722134,18,39,20,41,c(-3.761548906, 41.36197834)
31741664,41,19,41,40,c(-2.87994322, 37.17950053)
31741694,15,21,40,39,c(-2.930307474, 37.44764409)
31741740,6,37,11,52,c(-3.008624959, 37.85853441)
31742078,24,4,83,13,c(-3.627533272, 40.86818513)
31742100,40,11,59,30,c(-3.67065514, 41.06351457)
31742108,13,20,28,52,c(-3.686427334, 41.13452671)
31742118,14,9,70,21,c(-3.706211695, 41.22327934)
31742132,10,23,21,55,c(-3.734039543, 41.34750965)
31761666,41,7,56,37,c(-2.861146076, 37.20041865)
31762110,23,22,22,56,c(-3.666931182, 41.15553606)
31762134,12,47,13,40,c(-3.714503632, 41.36852534)
31763412,17,17,18,65,c(-7.079428494, 52.59837821)
31781658,47,8,59,33,c(-2.825703906, 37.13191831)
31782094,19,11,64,25,c(-3.612063983, 41.0167423)
31782102,18,13,46,41,c(-3.627748655, 41.08776972)
31782120,12,15,43,42,c(-3.663218018, 41.2475489)
31782138,24,15,47,38,c(-3.698936941, 41.40728315)
31783422,26,26,20,54,c(-7.085260317, 52.68956921)
31783462,26,10,46,44,c(-7.225577192, 53.03743081)
31801666,36,10,46,44,c(-2.816866141, 37.20647839)
31801728,23,41,22,37,c(-2.921135611, 37.760559)
31801746,24,10,61,29,c(-2.951858286, 37.92131343)
31802332,40,27,13,60,c(-4.076221939, 43.12941592)
31821654,46,8,56,35,c(-2.774849116, 37.10218681)
31822144,6,2,93,5,c(-3.663776226, 41.46704255)
31822148,29,34,21,45,c(-3.671740734, 41.50253401)
31822266,24,37,15,48,c(-3.912418706, 42.54854719)
31822288,29,30,14,56,c(-3.958547662, 42.74335731)
31823598,4,22,21,57,c(-7.664188753, 54.22709486)
31842088,20,14,46,40,c(-3.530182305, 40.97315398)
31842118,23,10,57,34,c(-3.588827998, 41.23953419)
31842150,28,25,36,40,c(-3.652143511, 41.52353616)
31842298,28,27,11,62,c(-3.955572548, 42.83522614)
31862098,21,9,53,38,c(-3.52623559, 41.06518489)
31881692,6,23,39,39,c(-2.77143665, 37.45100952)
31882142,22,31,38,31,c(-3.589117298, 41.45903798)
31882196,34,28,30,41,c(-3.697084896, 41.93809103)
31883456,13,22,42,36,c(-7.058989064, 53.00631838)
31901678,15,4,75,21,c(-2.72596857, 37.32885069)
31901732,34,35,28,37,c(-2.816305147, 37.81149576)
31902120,22,17,46,37,c(-3.522286794, 41.26697817)
31921676,13,10,47,43,c(-2.70047918, 37.31396727)
31921784,21,21,45,34,c(-2.882543742, 38.27890725)
31962130,21,26,25,49,c(-3.471315827, 41.36541327)
31962148,22,35,23,42,c(-3.50665113, 41.52521027)
31962270,7,22,44,34,c(-3.752854779, 42.60712288)
31962306,6,11,45,44,c(-3.827810753, 42.92599421)
31963524,20,10,29,61,c(-7.183474012, 53.61451555)
31981674,44,5,61,34,c(-2.630648089, 37.30504988)
31981678,13,15,46,39,c(-2.637224363, 37.34082587)
31981684,19,12,56,32,c(-2.64710699, 37.39448539)
31981728,34,23,22,55,c(-2.720253365, 37.78782514)
31982268,23,17,28,56,c(-3.724730736, 42.59268618)
31982322,11,9,48,43,c(-3.837296117, 43.07097375)
31983442,24,12,34,54,c(-6.864971921, 52.90532332)
31983550,26,15,23,62,c(-7.248108737, 53.84474529)
32001654,29,14,50,37,c(-2.575787236, 37.12910412)
32001820,14,19,37,44,c(-2.854527252, 38.61238933)
32021736,29,21,28,51,c(-2.688977289, 37.86531962)
32022132,21,16,41,43,c(-3.404599865, 41.39277987)
32022142,40,46,18,36,c(-3.424118143, 41.48157477)
32022208,49,6,77,16,c(-3.554876837, 42.06728212)
32022232,5,21,27,52,c(-3.603275002, 42.2801214)
32022322,24,8,56,36,c(-3.788936126, 43.07758523)
32041688,36,13,55,32,c(-2.587049516, 37.43919572)
32041732,47,24,32,44,c(-2.659937406, 37.83256914)
32042128,31,27,29,44,c(-3.373279238, 41.36044794)
32042138,43,59,9,32,c(-3.392734692, 41.4492536)
32042218,23,33,16,51,c(-3.551156971, 42.1592131)
32042254,23,22,25,54,c(-3.624095218, 42.47841502)
32043538,17,18,23,59,c(-7.115798694, 53.75313115)
32061656,32,13,31,56,c(-2.512644956, 37.1558812)
32061692,21,10,65,25,c(-2.57139304, 37.47794024)
32062142,34,45,16,39,c(-3.376956096, 41.4879638)
32062214,14,57,9,34,c(-3.519297863, 42.12696629)
32062286,10,17,51,33,c(-3.665749136, 42.76527622)
32081660,44,6,55,39,c(-2.496986704, 37.19462711)
32081774,15,9,54,37,c(-2.685702951, 38.21380904)
32082146,38,20,20,60,c(-3.361161588, 41.52667055)
32082228,20,20,39,41,c(-3.523579783, 42.25436893)
32082278,7,10,52,38,c(-3.625231847, 42.69764756)
32101744,11,28,28,44,c(-2.612881903, 37.94877265)
32102068,21,14,42,43,c(-3.188083438, 40.83677007)
32102126,19,34,34,33,c(-3.298799909, 41.35221818)
32102212,16,39,16,45,c(-3.467658042, 42.11566803)
32102216,2,46,11,43,c(-3.475651927, 42.15115324)
32102230,20,30,14,56,c(-3.503730369, 42.27533473)
32102284,18,17,53,30,c(-3.613506817, 42.75407716)
32102294,38,29,18,53,c(-3.63409632, 42.84269092)
32103428,19,12,37,50,c(-6.642926529, 52.80808518)
32121666,46,6,59,35,c(-2.462389451, 37.25420991)
32122062,13,23,28,49,c(-3.153439365, 40.78655492)
32122110,23,26,19,56,c(-3.244522211, 41.21322933)
32122124,23,26,22,52,c(-3.271410083, 41.33761721)
32122142,26,31,26,43,c(-3.306196929, 41.49750562)
32122286,21,26,19,55,c(-3.593549134, 42.7750548)
32141694,28,12,56,32,c(-2.485706338, 37.50766419)
32141730,24,12,56,32,c(-2.544884464, 37.82958554)
32142120,16,19,40,41,c(-3.240193398, 41.30523837)
32142126,32,17,45,38,c(-3.251724403, 41.35854576)
32142130,35,35,26,38,c(-3.259426765, 41.39408132)
32142180,19,15,57,28,c(-3.356731415, 41.83809465)
32142198,10,26,15,59,c(-3.39223178, 41.99785764)
32142202,11,15,44,40,c(-3.400155026, 42.03335467)
32143584,32,20,20,60,c(-7.134259641, 54.17418121)
32161828,48,21,27,53,c(-2.687430224, 38.70797986)
32161854,37,23,44,33,c(-2.732203523, 38.940006)
32162098,56,21,22,57,c(-3.174692294, 41.11287719)
32162128,20,35,17,47,c(-3.232026686, 41.37947032)
32162134,21,17,31,52,c(-3.243574353, 41.43277441)
32162182,5,25,20,55,c(-3.336939651, 41.8590335)
32162236,34,33,16,51,c(-3.444107125, 42.33820831)
32181636,41,13,34,53,c(-2.347826139, 36.99444741)
32181684,27,34,23,43,c(-2.424966215, 37.42408636)
32181698,7,46,25,29,c(-2.447724015, 37.54933362)
32181716,23,12,60,29,c(-2.477157882, 37.71032356)
32181726,28,20,43,37,c(-2.493595112, 37.79974194)
32181730,37,17,52,31,c(-2.500187109, 37.8355052)
32181744,40,18,36,47,c(-2.523336422, 37.96065828)
32181780,9,22,31,47,c(-2.583420434, 38.28234997)
32182122,18,22,38,41,c(-3.196975953, 41.3293092)
32182184,19,7,68,25,c(-3.317135595, 41.87996836)
32182206,20,14,62,24,c(-3.360481833, 42.07524045)
32182238,15,24,23,53,c(-3.424207655, 42.35915822)
32201704,16,17,55,28,c(-2.435234984, 37.60594256)
32201710,27,31,25,43,c(-2.445029542, 37.65960854)
32201740,26,18,47,36,c(-2.494330721, 37.92785964)
32201782,4,24,24,51,c(-2.564283638, 38.30319182)
32202078,13,46,10,43,c(-3.090059384, 40.94132523)
32202096,8,8,52,39,c(-3.123998624, 41.10136294)
32202118,20,23,29,48,c(-3.165804128, 41.29690528)
32202208,7,23,32,44,c(-3.340626633, 42.09617736)
32202240,21,22,27,51,c(-3.404295631, 42.38010414)
32203504,25,19,31,50,c(-6.758969918, 53.49064806)
32221702,3,41,10,49,c(-2.409700367, 37.59098696)
32222102,35,11,57,32,c(-3.1118947, 41.15782541)
32222200,40,16,45,39,c(-3.301044929, 42.02835268)
32222206,6,15,49,36,c(-3.312864028, 42.08160882)
32222210,4,20,31,49,c(-3.32075901, 42.11711028)
32222242,15,21,29,50,c(-3.384371036, 42.40104608)
32222326,13,6,59,35,c(-3.555261288, 43.14573996)
32241736,67,19,27,54,c(-2.442984325, 37.89799401)
32241758,6,20,34,46,c(-2.479311002, 38.09466099)
32241812,38,21,25,53,c(-2.569751626, 38.57709369)
32241830,30,44,19,37,c(-2.600307456, 38.73781199)
32242118,20,6,77,16,c(-3.118759253, 41.30316895)
32242124,41,20,39,42,c(-3.130184375, 41.35649367)
32242132,36,27,31,42,c(-3.145459598, 41.42758579)
32242172,1,29,36,35,c(-3.222557937, 41.78291854)
32242222,10,15,55,29,c(-3.320653329, 42.22678641)
32243528,10,12,36,52,c(-6.784322729, 53.70788307)
32261702,10,25,40,35,c(-2.365146253, 37.59683977)
32261768,8,16,49,35,c(-2.473458138, 38.18698533)
32261814,57,15,47,38,c(-2.550540734, 38.59792798)
32262002,13,21,33,45,c(-2.87986946, 40.27433552)
32262092,12,9,47,44,c(-3.046116213, 41.07514951)
32262102,28,10,39,50,c(-3.064948675, 41.16406137)
32262116,40,20,35,46,c(-3.091437711, 41.28851545)
32262242,11,16,31,52,c(-3.336502693, 42.40743108)
32281694,37,17,43,40,c(-2.329939702, 37.52817901)
32281722,11,24,28,49,c(-2.375352538, 37.77866591)
32281852,41,49,16,35,c(-2.592520619, 38.94016193)
32282068,12,29,20,51,c(-2.977848365, 40.86479848)
32282078,27,34,28,39,c(-2.996474178, 40.9537477)
32282108,21,18,30,52,c(-3.05278801, 41.22051482)
32282118,30,28,18,54,c(-3.071706029, 41.30941042)
32282136,24,30,29,40,c(-3.105945253, 41.46938891)
32282154,3,11,70,19,c(-3.140426593, 41.62932431)
32282230,21,38,28,34,c(-3.288737453, 42.30413531)
32283536,28,15,27,57,c(-6.753365766, 53.78580289)
32283558,24,16,25,59,c(-6.831529754, 53.97733025)
32283648,5,9,37,54,c(-7.160489135, 54.76013496)
32301768,11,15,56,29,c(-2.428525652, 38.19287627)
32301818,34,41,13,46,c(-2.512086572, 38.63958449)
32301854,30,44,23,33,c(-2.573229111, 38.9609947)
32302088,38,4,76,20,c(-2.991739169, 41.04578042)
32302092,20,10,51,39,c(-2.999226068, 41.08135302)
32302116,3,5,83,13,c(-3.044393243, 41.29474374)
32302124,28,25,11,64,c(-3.059543195, 41.3658569)
32321694,46,18,38,44,c(-2.285420293, 37.53399346)
32321698,34,22,30,49,c(-2.291856792, 37.56978781)
32321760,12,8,61,31,c(-2.392854313, 38.12430374)
32321850,53,27,33,40,c(-2.543688464, 38.92826666)
32322036,29,26,36,38,c(-2.872189194, 40.58620596)
32322112,36,22,23,54,c(-3.013323563, 41.26228771)
32323602,63,10,43,46,c(-6.930437735, 54.36855426)
32341720,2,35,22,43,c(-2.305093885, 37.76952603)
32341732,68,13,47,40,c(-2.32458574, 37.87686216)
32341746,17,13,55,32,c(-2.34743645, 38.00206139)
32341750,4,37,18,45,c(-2.353987132, 38.03782741)
32341804,37,13,44,43,c(-2.443385618, 38.52044465)
32341828,18,45,20,35,c(-2.483702477, 38.73480809)
32341846,53,29,22,50,c(-2.514179819, 38.89552731)
32341882,50,23,52,26,c(-2.575758935, 39.21682932)
32342056,42,34,18,48,c(-2.885591747, 40.76726705)
32342062,24,28,22,50,c(-2.896649767, 40.82065701)
32342070,15,24,26,50,c(-2.911433864, 40.8918361)
32342110,38,15,44,41,c(-2.986047764, 41.24760316)
32342124,26,30,27,43,c(-3.012438645, 41.37207127)
32342188,11,15,44,41,c(-3.134943613, 41.94073831)
32342232,8,16,44,40,c(-3.220976137, 42.33138502)
32361694,6,9,64,27,c(-2.240894408, 37.53978704)
32361698,43,15,43,42,c(-2.247308657, 37.5755849)
32361730,20,20,49,31,c(-2.298966599, 37.86188429)
32362072,17,33,20,48,c(-2.891748711, 40.91270175)
32362122,51,7,54,39,c(-2.985110766, 41.35738952)
32362184,18,15,53,32,c(-3.103444273, 41.90834268)
32381692,12,18,31,51,c(-2.215431041, 37.52477533)
32381700,57,17,56,27,c(-2.22823728, 37.59637455)
32381710,23,31,19,50,c(-2.244298561, 37.68586052)
32381728,11,42,21,37,c(-2.273359487, 37.84689882)
32381776,20,19,37,44,c(-2.35181388, 38.27610661)
32382078,14,28,32,40,c(-2.879446981, 40.96915162)
32382106,27,20,38,42,c(-2.931537487, 41.21820964)
32382186,15,6,69,26,c(-3.083548799, 41.92923266)
32382190,5,13,58,28,c(-3.091275555, 41.96476175)
32401696,38,33,33,34,c(-2.199556877, 37.56346072)
32401702,51,11,61,28,c(-2.209155515, 37.61716014)
32401714,24,24,46,30,c(-2.228416966, 37.72454335)
32401720,25,52,18,30,c(-2.238079904, 37.77822715)
32401724,9,43,19,38,c(-2.244533836, 37.81401347)
32401732,43,10,70,20,c(-2.25747052, 37.8855792)
32401786,6,17,48,34,c(-2.345809159, 38.36840804)
32401822,16,27,37,36,c(-2.405700803, 38.69006364)
32401828,19,32,20,48,c(-2.415761699, 38.74365513)
32402110,15,19,47,34,c(-2.915511267, 41.25686138)
32402116,22,37,14,50,c(-2.926745817, 41.3102173)
32402120,23,25,12,62,c(-2.934250157, 41.34578527)
32402188,7,15,52,33,c(-3.063640941, 41.95011862)
32402210,28,27,23,50,c(-3.106249864, 42.14550871)
32403658,4,10,39,51,c(-7.015799432, 54.8724193)
32421728,26,30,31,39,c(-2.228633609, 37.85269091)
32421826,22,19,53,28,c(-2.389760972, 38.72872932)
32421848,35,36,19,45,c(-2.426753665, 38.92520448)
32422100,42,26,9,65,c(-2.873361344, 41.17099411)
32422106,38,13,43,44,c(-2.88453281, 41.22436104)
32422114,38,19,34,46,c(-2.899468839, 41.29550954)
32422124,38,30,35,35,c(-2.918204629, 41.38443329)
32422142,13,4,83,12,c(-2.952114337, 41.54446282)
32422186,4,10,50,41,c(-3.036020515, 41.93546723)
32422190,8,11,55,34,c(-3.043720684, 41.97100055)
32422226,46,18,38,43,c(-3.113572923, 42.29070684)
32422232,31,7,69,25,c(-3.125312137, 42.34397489)
32441714,17,15,39,46,c(-2.183766479, 37.73031265)
32441724,46,18,43,39,c(-2.199827196, 37.81979155)
32441738,20,17,52,31,c(-2.222412738, 37.94503788)
32441760,19,12,56,33,c(-2.258143073, 38.14179686)
32441768,11,15,27,58,c(-2.271208798, 38.21332846)
32441828,29,25,18,57,c(-2.370459155, 38.74952655)
32442092,13,11,44,45,c(-2.835046292, 41.10289105)
32442102,13,29,22,48,c(-2.853589754, 41.19184896)
32442110,21,16,53,31,c(-2.868476673, 41.26300578)
32442164,2,17,31,52,c(-2.970191373, 41.743094)
32461694,50,20,39,41,c(-2.129551503, 37.55417967)
32461700,18,17,46,37,c(-2.139092876, 37.60788866)
32461726,23,40,22,38,c(-2.180685109, 37.84056766)
32461748,20,20,44,36,c(-2.21619389, 38.03737411)
32461762,36,19,45,36,c(-2.238942426, 38.16257858)
32461852,36,32,29,39,c(-2.388065901, 38.96680278)
32462108,29,40,20,39,c(-2.841236682, 41.24828022)
32462114,18,27,17,56,c(-2.852404278, 41.30164693)
32462150,14,4,84,12,c(-2.919963126, 41.62174786)
32462154,5,9,65,26,c(-2.927528691, 41.65730415)
32462168,34,4,82,14,c(-2.954102025, 41.78173471)
32462176,22,10,67,24,c(-2.969352644, 41.85282641)
32462180,8,6,70,23,c(-2.976995997, 41.88836914)
32481692,33,43,18,38,c(-2.104107931, 37.53913751)
32481738,24,33,33,34,c(-2.177620575, 37.95080729)
32481746,37,14,44,43,c(-2.190534219, 38.02237108)
32481818,34,16,23,61,c(-2.308510677, 38.66603648)
32481828,63,15,57,28,c(-2.325149682, 38.75537669)
32481836,40,22,39,39,c(-2.338506049, 38.82683878)
32482146,3,17,49,34,c(-2.888769839, 41.58926627)
32482160,13,12,66,22,c(-2.915213765, 41.71371871)
32482232,53,11,41,47,c(-3.05354098, 42.35335789)
32501694,43,13,56,31,c(-2.085003118, 37.55990018)
32501698,33,26,32,43,c(-2.091339374, 37.59571021)
32501706,43,11,66,24,c(-2.104040107, 37.66732337)
32501968,15,56,8,35,c(-2.541753603, 40.00766806)
32502072,11,31,16,52,c(-2.727974094, 40.9340528)
32502156,8,20,50,30,c(-2.883968991, 41.68123985)
32521696,38,13,58,30,c(-2.065887909, 37.58065877)
32521732,29,13,48,39,c(-2.123195765, 37.90287159)
32521750,35,20,54,26,c(-2.152138702, 38.06390851)
32521764,7,39,24,37,c(-2.174784567, 38.1891276)
32522074,13,26,33,41,c(-2.70821843, 40.95488283)
32522116,27,46,17,37,c(-2.785501002, 41.32860224)
32522178,11,9,75,16,c(-2.901931231, 41.87986149)
32541738,10,34,20,45,c(-2.110420044, 37.95942201)
32541744,42,16,38,46,c(-2.12005066, 38.01310361)
32541752,29,40,13,47,c(-2.132925033, 38.08467112)
32541766,3,17,48,35,c(-2.155547872, 38.20989242)
32542068,12,21,30,49,c(-2.673887268, 40.90449591)
32542122,15,43,17,40,c(-2.773077689, 41.38501958)
32542158,13,25,42,33,c(-2.840377566, 41.70515679)
32542176,25,12,58,30,c(-2.874386159, 41.86516229)
32561746,19,43,18,38,c(-2.100839519, 38.0338609)
32561764,15,29,38,33,c(-2.129831361, 38.19487785)
32561800,33,7,78,14,c(-2.188403721, 38.51677457)
32562028,26,46,17,37,c(-2.578474428, 40.55129967)
32562088,30,23,30,48,c(-2.686921737, 41.08553734)
32562168,9,28,21,51,c(-2.835521069, 41.7971197)
32562172,4,10,69,21,c(-2.843074204, 41.832677)
32562186,7,13,55,32,c(-2.86960417, 41.95711126)
32581742,16,41,15,44,c(-2.072006869, 38.00093067)
32581768,12,17,58,25,c(-2.11380997, 38.23352215)
32581810,77,12,39,49,c(-2.18220288, 38.60904572)
32582066,10,26,28,46,c(-2.623473102, 40.89271393)
32582074,15,37,30,33,c(-2.637974284, 40.96393689)
32582128,31,15,47,37,c(-2.737048376, 41.44447242)
32582174,3,9,72,19,c(-2.823112861, 41.85351816)
32601818,33,23,60,17,c(-2.172716049, 38.68343198)
32601970,8,24,35,41,c(-2.429822281, 40.04033292)
32601974,20,37,18,45,c(-2.436791377, 40.07599846)
32602088,11,38,15,48,c(-2.639996588, 41.09157078)
32602106,16,31,32,37,c(-2.672910999, 41.25176768)
32602244,34,24,41,35,c(-2.933135635, 42.47855092)
32621810,33,37,18,44,c(-2.136974374, 38.61480514)
32621954,9,31,24,45,c(-2.379007535, 39.90059258)
32621966,17,37,19,44,c(-2.399782071, 40.00761423)
32622188,10,10,58,32,c(-2.80203298, 41.98408034)
32641820,51,21,29,50,c(-2.130713691, 38.70706431)
32641826,51,23,46,31,c(-2.140556934, 38.76069011)
32641960,11,33,39,28,c(-2.366317667, 39.95704654)
32642078,15,29,20,51,c(-2.574941421, 41.0085555)
32642126,35,21,33,46,c(-2.662575669, 41.43576413)
32642154,6,13,64,22,c(-2.714461001, 41.68483117)
32661818,19,18,34,48,c(-2.104795753, 38.69205793)
32662124,35,41,25,34,c(-2.635305152, 41.42098511)
32681814,40,26,20,54,c(-2.075630709, 38.65916462)
32682054,16,24,34,42,c(-2.485011425, 40.80079392)
32682102,43,24,29,47,c(-2.571521849, 41.22820037)
32682108,32,33,21,46,c(-2.582449884, 41.28160509)
32682112,33,30,21,48,c(-2.589749488, 41.31720565)
32682144,6,4,85,11,c(-2.648559686, 41.60193566)
32682156,7,28,29,43,c(-2.67080459, 41.7086754)
32701756,24,49,15,36,c(-1.959693989, 38.14325554)
32701818,44,30,23,48,c(-2.059507094, 38.69778196)
32701972,40,20,39,41,c(-2.317785584, 40.07287077)
32702098,17,16,40,44,c(-2.540744935, 41.19558584)
32702124,14,41,19,40,c(-2.588126725, 41.4269991)
32702142,6,6,76,18,c(-2.62121322, 41.58715719)
32702146,1,5,81,14,c(-2.628597567, 41.62274222)
32702214,17,18,23,59,c(-2.755928946, 42.22737478)
32703676,3,24,22,54,c(-6.625119415, 55.09148798)
32721968,12,17,61,21,c(-2.287786311, 40.04011742)
32722058,19,39,27,34,c(-2.445402371, 40.84236004)
32722080,14,40,17,43,c(-2.484773051, 41.03830208)
32722098,23,10,69,20,c(-2.517237178, 41.1985715)
32722104,14,11,49,40,c(-2.528109313, 41.2519853)
32722108,27,45,14,42,c(-2.535371572, 41.28759192)
32722180,3,20,40,40,c(-2.668058977, 41.92815925)
32742034,22,29,20,51,c(-2.379529161, 40.63148176)
32742100,33,31,17,52,c(-2.497342179, 41.21935772)
32742168,10,11,70,19,c(-2.621943524, 41.82445942)
32743594,25,27,21,52,c(-6.270595987, 54.38495954)
32761948,13,28,33,39,c(-2.207418709, 39.86750588)
32761984,22,19,43,37,c(-2.269109985, 40.18866085)
32761990,12,36,25,39,c(-2.279475025, 40.24216995)
32762098,31,43,20,37,c(-2.470215714, 41.20452616)
32762120,6,41,22,37,c(-2.510062209, 41.40037594)
32762138,13,7,74,19,c(-2.54292015, 41.5605704)
32762170,2,15,58,28,c(-2.601911055, 41.84525828)
32781992,33,21,45,34,c(-2.259758254, 40.26292299)
32782060,16,39,19,42,c(-2.378798845, 40.86904323)
32782118,21,56,13,31,c(-2.482846924, 41.38555291)
32782132,5,7,76,17,c(-2.508317254, 41.51016277)
32782150,5,9,73,18,c(-2.541271083, 41.67033863)
32782154,8,23,31,47,c(-2.548625871, 41.70592765)
32782222,28,17,49,35,c(-2.675450367, 42.3106306)
32802056,15,42,16,42,c(-2.34832867, 40.83634873)
32802074,10,11,63,26,c(-2.380260705, 40.99670947)
32802092,21,17,44,39,c(-2.412417237, 41.15702829)
32802128,25,28,23,48,c(-2.477412373, 41.47754085)
32802134,5,14,61,24,c(-2.488334253, 41.53094347)
32802138,30,7,71,22,c(-2.495629806, 41.56654266)
32802152,2,10,70,20,c(-2.521254712, 41.69112376)
32802170,69,9,69,22,c(-2.554409142, 41.85126284)
32821848,40,17,53,31,c(-1.972209577, 38.98303438)
32821946,16,25,19,56,c(-2.134905799, 39.858331)
32822060,14,31,22,46,c(-2.332009998, 40.87492741)
32822086,48,24,19,58,c(-2.378194463, 41.10654533)
32822154,3,12,60,28,c(-2.501225975, 41.7119048)
32842038,23,35,25,40,c(-2.269966361, 40.68179783)
32842088,36,24,23,54,c(-2.35827926, 41.12730591)
32842142,39,10,63,27,c(-2.455612077, 41.60809371)
32842152,3,21,46,32,c(-2.47386397, 41.69708769)
32842164,2,11,72,17,c(-2.495861272, 41.80386374)
32842178,5,12,63,25,c(-2.521656664, 41.92841279)
32861932,11,35,26,40,c(-2.065293037, 39.73910892)
32862036,8,32,14,54,c(-2.243146544, 40.66688751)
32862048,18,32,29,39,c(-2.264131039, 40.77384783)
32862126,22,28,42,30,c(-2.402944954, 41.46863748)
32862138,10,11,63,26,c(-2.424679154, 41.57545912)
32862162,15,7,79,14,c(-2.468456276, 41.78904759)
32862166,2,10,74,16,c(-2.475792768, 41.82463858)
32882088,39,32,18,50,c(-2.311298876, 41.13318413)
32882170,22,7,77,16,c(-2.459380641, 41.86320455)
32882178,10,12,49,39,c(-2.474084945, 41.93438049)
32882182,4,13,59,29,c(-2.48145454, 41.96996544)
32901936,28,41,24,35,c(-2.025974498, 39.78054247)
32901942,16,10,56,34,c(-2.03602208, 39.83410928)
32901950,14,48,13,39,c(-2.049454791, 39.90552427)
32901968,28,16,27,57,c(-2.079829372, 40.0661771)
32902000,15,14,49,37,c(-2.134349966, 40.35167695)
32902014,26,27,22,51,c(-2.158414891, 40.47654102)
32902062,22,37,14,49,c(-2.241919742, 40.90445321)
32902068,13,8,68,24,c(-2.252467633, 40.95792131)
32902080,14,19,27,54,c(-2.273637455, 41.06484363)
32902090,35,23,29,48,c(-2.291354754, 41.15393146)
32902094,27,22,32,46,c(-2.298461051, 41.18956301)
32902116,3,23,33,44,c(-2.337744877, 41.38550002)
32902122,15,37,25,38,c(-2.348517483, 41.43892669)
32902130,17,35,27,38,c(-2.362920431, 41.51015513)
32902134,4,46,8,45,c(-2.370138877, 41.54576631)
32902162,4,25,26,50,c(-2.420987055, 41.79498792)
32902166,6,32,32,37,c(-2.428296954, 41.83058293)
32902176,2,37,11,52,c(-2.446622252, 41.91956166)
32921970,19,37,16,47,c(-2.060095685, 40.08689399)
32922082,16,34,10,56,c(-2.253699715, 41.08558455)
32922088,23,34,25,42,c(-2.264310707, 41.13904016)
32941940,42,18,42,40,c(-1.98661015, 39.82195954)
32942044,19,33,21,46,c(-2.163713496, 40.74982364)
32942092,27,23,52,26,c(-2.247888569, 41.1775963)
32942138,12,36,25,39,c(-2.330050173, 41.58726944)
32942164,4,31,22,47,c(-2.377149915, 41.81870555)
32942170,14,35,20,45,c(-2.388087782, 41.87210182)
32942188,3,18,28,54,c(-2.421057336, 42.03226359)
32962078,19,20,21,58,c(-2.199708163, 41.05576906)
32962124,16,18,42,40,c(-2.281271291, 41.4655464)
32962154,25,9,77,14,c(-2.335262403, 41.73264825)
32962168,6,31,31,38,c(-2.360677259, 41.85725708)
32962208,36,21,23,55,c(-2.434070685, 42.21314737)
32982084,38,37,20,42,c(-2.186775964, 41.1121402)
32982206,15,21,26,53,c(-2.40648199, 42.1983246)
33001938,5,14,70,16,c(-1.914188047, 39.81261667)
33001952,51,14,38,48,c(-1.937471336, 39.93762679)
33001960,31,28,27,45,c(-1.950832263, 40.0090496)
33002010,19,20,42,38,c(-2.035275448, 40.45525288)
33002014,26,25,12,63,c(-2.042101472, 40.49093512)
33002072,17,21,34,45,c(-2.142276735, 41.00809619)
33002132,8,23,27,50,c(-2.248315826, 41.54263915)
33002136,3,36,24,40,c(-2.255474109, 41.57825918)
33002172,22,22,29,49,c(-2.320408299, 41.89874923)
33002186,3,22,20,58,c(-2.345910626, 42.02334056)
33021720,31,18,42,41,c(-1.544754769, 37.86537522)
33021926,19,30,33,38,c(-1.871334777, 39.7082665)
33021954,29,15,44,41,c(-1.917726602, 39.9583179)
33021990,14,34,18,48,c(-1.978110065, 40.27966178)
33021998,6,18,41,41,c(-1.991642583, 40.35104863)
33022016,31,15,44,42,c(-2.022243908, 40.51163875)
33022026,7,28,15,57,c(-2.039336851, 40.60083742)
33022074,23,35,20,45,c(-2.122311993, 41.0288124)
33022092,14,20,40,40,c(-2.153829407, 41.18922727)
33022098,31,18,56,25,c(-2.164384526, 41.24268976)
33022134,5,29,27,44,c(-2.228238543, 41.56336926)
33022142,4,38,25,37,c(-2.242551237, 41.63460924)
33022170,24,21,29,51,c(-2.293002171, 41.88388612)
33022200,51,24,24,53,c(-2.347679453, 42.1508602)
33022206,37,21,23,56,c(-2.358693103, 42.20424164)
33041850,20,45,14,41,c(-1.725114319, 39.03181495)
33041958,22,21,23,56,c(-1.901299466, 39.99686213)
33041986,19,17,36,47,c(-1.948177221, 40.2468091)
33041994,29,38,15,47,c(-1.961663886, 40.3182038)
33042072,20,16,46,38,c(-2.095368747, 41.01387024)
33042138,16,35,18,48,c(-2.211719072, 41.60190646)
33042156,4,29,30,41,c(-2.243977298, 41.76218499)
33042166,7,26,26,48,c(-2.261997638, 41.85121115)
33042198,25,26,19,55,c(-2.320143562, 42.13601141)
33061972,19,32,14,53,c(-1.901534864, 40.12468033)
33062008,44,25,27,48,c(-1.962112895, 40.44597317)
33062038,15,27,18,55,c(-2.013241879, 40.71358955)
33062044,27,29,22,49,c(-2.023539176, 40.76709899)
33062062,21,46,18,37,c(-2.05457542, 40.92759971)
33062080,29,28,23,49,c(-2.085829792, 41.08805921)
33062092,11,27,29,44,c(-2.106788245, 41.1950094)
33062206,51,19,27,54,c(-2.310895955, 42.21013605)
33081982,10,12,47,40,c(-1.895104581, 40.21677627)
33082068,25,15,33,52,c(-2.041523345, 40.98396205)
33082140,15,17,64,19,c(-2.167932514, 41.62553476)
33082144,2,30,22,48,c(-2.175060434, 41.66115863)
33082148,12,21,44,36,c(-2.182199585, 41.69678051)
33082152,2,11,71,18,c(-2.18934999, 41.73240039)
33102006,23,29,14,56,c(-1.912226464, 40.4338068)
33102046,9,23,23,54,c(-1.980224426, 40.79065063)
33102118,18,40,22,37,c(-2.105318363, 41.43245745)
33102142,8,18,66,16,c(-2.147805726, 41.64624831)
33102208,19,14,42,44,c(-2.266740509, 42.23380467)
33121976,23,36,19,45,c(-1.838755065, 40.16885644)
33122048,22,22,28,50,c(-1.960266634, 40.81133822)
33122056,10,16,28,56,c(-1.973978297, 40.8826842)
33122146,30,31,34,34,c(-2.131221437, 41.68477086)
33122156,5,21,54,25,c(-2.149038077, 41.77382912)
33122210,16,15,42,43,c(-2.246474002, 42.25453042)
33142046,12,35,22,43,c(-1.93346446, 40.79634474)
33142106,10,25,45,30,c(-2.037076498, 41.33128608)
33142114,22,33,33,34,c(-2.051075849, 41.40257741)
33142142,2,18,55,28,c(-2.100421118, 41.65203423)
33142160,12,24,30,45,c(-2.132431314, 41.81234792)
33142268,22,23,30,47,c(-2.329362662, 42.77339492)
33162048,7,47,13,40,c(-1.913490159, 40.81702316)
33162080,32,16,32,52,c(-1.968387898, 41.10238864)
33162102,14,15,65,19,c(-2.006529554, 41.29850267)
33162156,10,11,65,24,c(-2.101556534, 41.77961749)
33162174,42,21,28,51,c(-2.133683848, 41.93990886)
33162272,44,23,27,50,c(-2.312683927, 42.81191147)
33182010,9,35,15,50,c(-1.825908988, 40.4807996)
33182050,12,32,38,30,c(-1.89350385, 40.83769741)
33182064,15,38,20,43,c(-1.917411132, 40.96256373)
33182082,64,15,31,54,c(-1.948341245, 41.12306987)
33182122,9,22,42,36,c(-2.017858768, 41.47960489)
33182126,18,30,16,54,c(-2.024870646, 41.51524743)
33182158,3,17,50,34,c(-2.081364563, 41.80031635)
33182168,11,33,18,49,c(-2.09916554, 41.88937446)
33201980,16,34,8,58,c(-1.752716875, 40.21578962)
33202038,8,35,15,51,c(-1.849754281, 40.7334734)
33202056,19,22,45,33,c(-1.880315356, 40.89404697)
33203610,45,11,42,46,c(-5.631100745, 54.61535636)
33221968,48,17,29,55,c(-1.709767703, 40.11141534)
33222040,15,25,39,37,c(-1.82977028, 40.75413635)
33222054,31,29,35,37,c(-1.853495149, 40.87903341)
33222058,49,16,69,15,c(-1.860297436, 40.91471375)
33222066,15,34,23,43,c(-1.873933824, 40.98606839)
33222072,22,34,21,45,c(-1.884189041, 41.03957909)
33222076,15,18,34,48,c(-1.891039192, 41.07525038)
33222130,31,25,42,33,c(-1.984572652, 41.55661745)
33222144,10,16,64,19,c(-2.009147293, 41.68135728)
33222156,16,38,23,39,c(-2.030319382, 41.7882579)
33222166,34,30,29,41,c(-2.048039512, 41.87732823)
33242080,10,14,58,28,c(-1.874400324, 41.11375224)
33261978,41,14,21,66,c(-1.679884, 40.20628735)
33262018,25,33,21,47,c(-1.746144068, 40.56342143)
33262036,15,23,20,57,c(-1.776297179, 40.72406549)
33262054,9,8,76,16,c(-1.806661668, 40.88466867)
33262086,29,23,19,58,c(-1.861171151, 41.17008509)
33262144,25,21,49,30,c(-1.961725893, 41.68707783)
33281952,45,12,37,51,c(-1.614261612, 39.97680342)
33281970,10,7,78,15,c(-1.643600511, 40.13760701)
33282024,21,25,31,44,c(-1.732848112, 40.61976949)
33282060,19,41,23,36,c(-1.793391668, 40.94100613)
33282078,21,32,38,30,c(-1.823982948, 41.1015635)
33282150,36,24,35,41,c(-1.948525936, 41.74339091)
33301954,10,12,60,29,c(-1.594405771, 39.99743092)
33302056,15,28,28,44,c(-1.763194909, 40.90812593)
33302062,23,16,46,38,c(-1.773333001, 40.96165534)
33302074,14,17,22,61,c(-1.793680428, 41.06870068)
33321944,36,27,21,52,c(-1.555135771, 39.91082421)
33321992,27,18,38,44,c(-1.633285868, 40.33963375)
33322024,15,12,68,20,c(-1.686195428, 40.62534394)
33322034,12,27,42,31,c(-1.702864558, 40.71460187)
33322042,20,38,21,41,c(-1.716246514, 40.78599916)
33322052,23,8,75,17,c(-1.733032562, 40.87523449)
33322186,13,24,19,57,c(-1.964419185, 42.06979335)
33323140,12,13,28,59,c(-4.042117718, 50.51463623)
33341912,32,16,36,48,c(-1.480849811, 39.62751575)
33341918,26,28,23,49,c(-1.490403574, 39.68116048)
33341990,6,23,49,28,c(-1.606779147, 40.32453612)
33342026,23,20,35,45,c(-1.66618867, 40.64597641)
33342038,14,30,44,26,c(-1.686176633, 40.75308688)
33342044,19,36,16,48,c(-1.696205589, 40.80663535)
33342056,11,30,27,43,c(-1.716333819, 40.91371876)
33342062,9,37,34,29,c(-1.726433241, 40.96725373)
33342146,41,30,35,35,c(-1.870341578, 41.71627537)
33342152,41,31,26,44,c(-1.880803572, 41.76974376)
33342164,19,26,24,50,c(-1.901802026, 41.87666739)
33361816,22,13,73,14,c(-1.308225362, 38.77124305)
33361956,46,15,45,40,c(-1.528305807, 40.02354551)
33361974,39,28,17,55,c(-1.557465715, 40.18437197)
33362014,22,28,34,38,c(-1.622994408, 40.54161673)
33362024,19,21,23,56,c(-1.639535531, 40.63089635)
33362046,22,5,79,15,c(-1.676152621, 40.82726734)
33362050,21,18,43,39,c(-1.682843963, 40.86296465)
33362060,18,40,28,32,c(-1.699617954, 40.9521992)
33362132,26,36,20,44,c(-1.822344699, 41.59432239)
33362270,36,19,21,60,c(-2.067547589, 42.82329643)
33382002,22,22,44,34,c(-1.579966508, 40.43722255)
33382016,13,25,16,59,c(-1.602990296, 40.56223797)
33382062,21,15,43,42,c(-1.679526116, 40.97282995)
33382080,9,18,27,54,c(-1.709849901, 41.13342464)
33382188,8,24,31,45,c(-1.896359059, 42.09615777)
33382200,23,18,60,21,c(-1.917577547, 42.20304076)
33401964,14,40,14,45,c(-1.494951697, 40.10050559)
33401994,78,18,26,56,c(-1.543626486, 40.36852297)
33402018,29,39,23,38,c(-1.582974255, 40.58285502)
33402048,48,12,69,19,c(-1.632676381, 40.8506685)
33402058,25,16,53,31,c(-1.649372947, 40.93991473)
33402066,28,28,42,30,c(-1.662777101, 41.01130276)
33421876,10,25,31,44,c(-1.332484839, 39.31634888)
33421936,14,23,42,35,c(-1.426965534, 39.85297047)
33421980,26,23,26,52,c(-1.497644362, 40.24619956)
33421984,11,22,52,26,c(-1.504129247, 40.28193546)
33421990,21,31,27,42,c(-1.513875354, 40.33553553)
33422016,16,21,23,56,c(-1.55637052, 40.56775008)
33422034,5,9,60,31,c(-1.586041865, 40.72846432)
33422268,23,19,22,59,c(-1.991452992, 42.81413756)
33441968,20,18,42,40,c(-1.4550882, 40.14170606)
33442014,11,25,16,59,c(-1.52978026, 40.55263733)
33442040,29,16,60,24,c(-1.572589303, 40.7847854)
33442050,15,23,48,28,c(-1.589169759, 40.8740507)
33442076,15,41,27,33,c(-1.632582369, 41.10608249)
33442270,18,26,19,55,c(-1.970923869, 42.83480375)
33443404,5,14,34,52,c(-4.61744961, 52.85571537)
33461926,19,11,68,21,c(-1.365003768, 39.76897628)
33462046,56,11,67,22,c(-1.559119615, 40.84110192)
33462052,43,33,21,46,c(-1.56906407, 40.89466085)
33462172,15,37,19,43,c(-1.772936768, 41.96491259)
33481922,10,9,74,17,c(-1.335664022, 39.73590271)
33482012,12,23,19,58,c(-1.479900072, 40.54025176)
33482044,15,40,22,38,c(-1.532404354, 40.82599736)
33482116,76,12,62,26,c(-1.652960157, 41.46846272)
33501944,21,25,23,52,c(-1.347370256, 39.93531565)
33502028,26,29,23,48,c(-1.482714582, 40.68587714)
33502070,27,12,63,25,c(-1.552056371, 41.06082791)
33502132,24,19,45,36,c(-1.656520439, 41.61393122)
33521972,16,23,31,45,c(-1.368817936, 40.18830771)
33522030,79,27,15,58,c(-1.462626653, 40.70646892)
33522038,20,26,51,22,c(-1.475731988, 40.77790656)
33522120,42,27,22,52,c(-1.612445752, 41.50968869)
33522152,36,27,33,39,c(-1.667001639, 41.79504037)
33522174,15,19,42,39,c(-1.704910541, 41.99114824)
33522182,9,27,18,55,c(-1.71877766, 42.06244585)
33523262,23,25,17,58,c(-4.093053232, 51.62231336)
33541942,33,24,30,46,c(-1.298024433, 39.92281518)
33541946,21,30,24,46,c(-1.304340896, 39.95858086)
33541964,28,20,43,38,c(-1.332885413, 40.11950139)
33542032,14,19,29,52,c(-1.442526692, 40.72705649)
33542036,11,30,30,40,c(-1.44906654, 40.7627771)
33542042,22,38,18,44,c(-1.458895395, 40.81635431)
33542114,53,14,63,24,c(-1.578653746, 41.45893631)
33542154,55,18,39,42,c(-1.646662217, 41.8156543)
33561872,30,14,37,49,c(-1.166160521, 39.29923766)
33561954,53,31,22,47,c(-1.293874972, 40.03279363)
33562026,54,19,28,54,c(-1.409380889, 40.67619106)
33562152,42,28,30,41,c(-1.619468973, 41.80059994)
33562164,18,41,18,41,c(-1.64002511, 41.90758638)
33581994,59,13,66,22,c(-1.334392961, 40.3930161)
33582000,31,29,28,43,c(-1.344025134, 40.44662991)
33582004,75,25,18,57,c(-1.350459011, 40.48236996)
33582012,33,34,21,45,c(-1.363356689, 40.5538441)
33582102,47,14,64,22,c(-1.511254366, 41.35738503)
33582148,26,32,21,47,c(-1.588882758, 41.76770343)
33582292,40,21,21,58,c(-1.841256784, 43.05055493)
33601972,70,32,12,56,c(-1.276077725, 40.19907804)
33601984,27,40,20,39,c(-1.295163567, 40.30633938)
33601998,39,42,17,41,c(-1.317542415, 40.4314549)
33602008,50,29,22,49,c(-1.333601637, 40.5208082)
33602016,39,23,49,29,c(-1.346493862, 40.5922819)
33602044,11,7,72,21,c(-1.391933106, 40.84237762)
33602062,54,19,45,35,c(-1.421406464, 41.00310254)
33602170,7,41,13,46,c(-1.602678497, 41.96662715)
33621954,18,30,22,48,c(-1.224480843, 40.04082329)
33621986,51,28,32,40,c(-1.275119805, 40.32689953)
33622004,40,17,51,32,c(-1.30388023, 40.48776127)
33622104,40,22,46,32,c(-1.467375238, 41.38071156)
33622176,19,28,27,45,c(-1.589123399, 42.02288666)
33641952,17,27,27,46,c(-1.198208058, 40.02560403)
33641956,24,24,42,34,c(-1.204486548, 40.06137331)
33641988,51,23,29,48,c(-1.255064178, 40.34745543)
33642006,21,23,16,61,c(-1.283789868, 40.5083206)
33642010,19,40,7,53,c(-1.290200573, 40.54406296)
33642016,30,46,7,47,c(-1.299835278, 40.5976728)
33642046,53,19,57,24,c(-1.348346825, 40.86565549)
33642060,12,24,34,42,c(-1.37118004, 40.99067633)
33661822,11,18,43,39,c(-0.976562842, 38.86460018)
33661990,29,32,27,41,c(-1.23499667, 40.3680071)
33662002,21,30,42,29,c(-1.254101709, 40.47525728)
33662020,73,24,44,31,c(-1.282926203, 40.63609916)
33662026,63,23,33,44,c(-1.292579164, 40.68970425)
33663268,28,8,71,20,c(-3.910428478, 51.69913291)
33681974,11,41,14,45,c(-1.186459983, 40.22764238)
33681980,34,22,30,47,c(-1.195923782, 40.28128423)
33681992,40,17,62,21,c(-1.214917268, 40.38855452)
33682010,39,20,56,24,c(-1.24357325, 40.54942652)
33682016,59,16,63,21,c(-1.253169722, 40.60304164)
33682024,51,28,22,51,c(-1.265999805, 40.67452157)
33682096,30,18,44,38,c(-1.383286842, 41.31748945)
33701958,62,16,52,32,c(-1.138177666, 40.08722648)
33702020,43,20,30,50,c(-1.236231627, 40.64146049)
33702092,44,25,48,27,c(-1.353102606, 41.28449554)
33722042,63,34,19,46,c(-1.248174397, 40.84069243)
33722064,15,56,10,34,c(-1.283770592, 41.03719303)
33722078,12,45,20,35,c(-1.306582371, 41.16220834)
33741972,21,41,16,42,c(-1.113716865, 40.2177153)
33741998,36,39,18,43,c(-1.154607552, 40.45017128)
33742056,45,30,20,50,c(-1.247323651, 40.96842783)
33742074,43,28,32,40,c(-1.276525914, 41.12918289)
33761994,32,34,20,47,c(-1.125019319, 40.41706429)
33762000,18,47,14,39,c(-1.134480429, 40.47070168)
33762004,40,26,39,35,c(-1.140800054, 40.50645749)
33762022,24,32,34,34,c(-1.169359917, 40.66733434)
33762054,20,41,14,45,c(-1.220628785, 40.95324005)
33762084,48,18,58,24,c(-1.269277841, 41.22116406)
33762090,32,20,39,42,c(-1.279076345, 41.27473587)
33781948,31,22,57,21,c(-1.030080024, 40.00832128)
33782052,34,33,18,48,c(-1.193947633, 40.93804447)
33782056,59,20,47,33,c(-1.20038329, 40.97377669)
33782062,33,29,37,34,c(-1.210055627, 41.02737139)
33782070,27,34,36,30,c(-1.222987377, 41.09882423)
33783424,4,15,29,56,c(-4.179111476, 53.09162502)
33801942,50,17,40,42,c(-0.997714722, 39.95725952)
33801978,43,39,33,28,c(-1.0534516, 40.27927934)
33801996,23,21,42,37,c(-1.081611629, 40.44022921)
33802018,33,26,45,28,c(-1.116296935, 40.63689174)
33802032,77,22,20,57,c(-1.13852405, 40.76200988)
33802036,55,31,23,47,c(-1.144896902, 40.79775354)
33802040,20,46,11,43,c(-1.151279679, 40.83349527)
33802058,34,22,37,41,c(-1.180125571, 40.99430906)
33802284,20,13,42,44,c(-1.560267076, 43.01015408)
33821988,60,22,39,39,c(-1.0458152, 40.37133181)
33822024,12,25,32,43,c(-1.102436691, 40.69316324)
33822042,68,29,19,52,c(-1.131045529, 40.85401979)
33822046,21,26,27,47,c(-1.137430311, 40.88976036)
33842008,15,58,9,33,c(-1.053852129, 40.55278066)
33842012,32,44,26,30,c(-1.060140335, 40.58853947)
33842048,14,49,10,40,c(-1.117176029, 40.9102814)
33861962,33,31,14,55,c(-0.959054878, 40.14402238)
33861992,12,23,47,30,c(-1.005523824, 40.41234754)
33862010,10,52,13,35,c(-1.033665031, 40.57328972)
33862028,30,37,13,50,c(-1.062003366, 40.73419248)
33862060,66,12,59,29,c(-1.112875193, 41.02014511)
33881958,36,30,16,53,c(-0.929732333, 40.11083907)
33881972,51,36,28,36,c(-0.951273587, 40.23608405)
33881990,49,14,51,36,c(-0.979141058, 40.39707795)
33882026,23,30,32,38,c(-1.035461941, 40.71894714)
33882048,28,43,17,40,c(-1.070269991, 40.91556771)
33882074,43,17,49,33,c(-1.111793609, 41.14786249)
33901934,40,30,18,52,c(-0.869979518, 39.89866328)
33901970,42,24,50,26,c(-0.924982591, 40.22079472)
33901978,41,28,36,36,c(-0.937309457, 40.29235782)
33902036,15,32,31,37,c(-1.027829999, 40.81095697)
33902280,27,44,10,46,c(-1.432051886, 42.98828912)
33903662,18,12,44,44,c(-4.734567949, 55.20224173)
33903796,9,9,41,51,c(-5.188102205, 56.37622523)
33921954,32,21,36,43,c(-0.877284684, 40.08023405)
33921966,61,26,37,36,c(-0.895637793, 40.18760439)
33921980,11,24,42,34,c(-0.917157381, 40.31284744)
33922016,43,22,50,28,c(-0.973031446, 40.63479123)
33922020,38,21,45,34,c(-0.979287947, 40.67055305)
33922034,54,17,24,59,c(-1.001262448, 40.79570423)
33922038,33,34,27,38,c(-1.007562889, 40.83145737)
33923340,23,1,90,9,c(-3.735865432, 52.37689708)
33941950,20,36,24,41,c(-0.848038706, 40.04702197)
33941964,59,30,36,34,c(-0.869382064, 40.1722984)
33941968,40,23,48,29,c(-0.875501347, 40.20808724)
33941982,57,15,55,31,c(-0.896993384, 40.33333278)
33942018,38,37,23,40,c(-0.952796106, 40.65528316)
33942022,14,23,49,28,c(-0.959044636, 40.69104573)
33942048,32,19,33,48,c(-0.999897916, 40.92345555)
33942054,40,14,48,39,c(-1.009384511, 40.97707707)
33961954,43,26,26,48,c(-0.830963823, 40.08539587)
33961962,39,32,17,51,c(-0.843139622, 40.15698476)
33961984,24,19,30,51,c(-0.876817451, 40.35381382)
33961990,72,24,24,52,c(-0.886052102, 40.40748423)
33981964,16,31,33,36,c(-0.82299518, 40.17745764)
33981990,39,14,48,38,c(-0.862775694, 40.41007205)
33981996,27,24,38,38,c(-0.872012739, 40.46374062)
33982022,16,44,22,35,c(-0.912289123, 40.69625413)
33982054,25,21,33,46,c(-0.962422192, 40.98231309)
33983238,18,14,36,50,c(-3.374958265, 51.48846992)
34001998,20,40,9,52,c(-0.851793013, 40.48421487)
34002034,21,45,20,35,c(-0.907596901, 40.80614165)
34021972,27,17,56,27,c(-0.788748985, 40.25418409)
34021994,35,19,45,36,c(-0.822348113, 40.45101408)
34022002,23,23,50,26,c(-0.834637077, 40.5225741)
34022030,12,14,35,51,c(-0.877950102, 40.77297349)
34022044,62,29,18,53,c(-0.899784123, 40.89813797)
34041970,11,18,32,50,c(-0.762490596, 40.23885047)
34041988,12,42,12,46,c(-0.789881314, 40.39990946)
34041998,9,25,21,54,c(-0.805180992, 40.48936973)
34042006,43,26,18,56,c(-0.817463487, 40.56092927)
34042016,82,19,29,52,c(-0.832870307, 40.65036786)
34042024,23,38,20,42,c(-0.845238922, 40.72191009)
34042042,31,23,34,43,c(-0.873209453, 40.88285215)
34043428,60,15,22,62,c(-3.808472657, 53.17162512)
34061976,22,18,44,38,c(-0.748361025, 40.29510112)
34062008,7,24,35,42,c(-0.797199627, 40.58139133)
34062012,34,28,25,47,c(-0.80334715, 40.61716893)
34062020,18,42,21,37,c(-0.81567088, 40.68871839)
34062038,36,16,51,33,c(-0.843539845, 40.84967672)
34062044,50,26,26,48,c(-0.852872997, 40.90332091)
34082010,36,21,48,31,c(-0.776923683, 40.60184907)
34082014,19,32,26,42,c(-0.783063158, 40.63762741)
34082032,22,27,26,46,c(-0.810809212, 40.79860626)
34082276,16,27,10,62,c(-1.206972701, 42.97704249)
34083778,40,5,67,28,c(-4.840883646, 56.25219122)
34101954,10,21,40,39,c(-0.66878965, 40.10328986)
34102002,42,30,39,31,c(-0.74134871, 40.53284646)
34102020,38,22,25,53,c(-0.768907994, 40.69385872)
34122012,40,19,44,37,c(-0.733277388, 40.624861)
34122058,42,23,46,31,c(-0.804219388, 41.03622485)
34123260,26,13,39,48,c(-3.233331968, 51.70525776)
34161996,27,24,36,40,c(-0.6622788, 40.48680592)
34162018,20,16,55,29,c(-0.695698774, 40.68363686)
34162032,18,22,46,32,c(-0.717115276, 40.80886294)
34163274,28,4,79,17,c(-3.212816443, 51.83518857)
34182010,37,22,25,53,c(-0.660156215, 40.61460973)
34182024,34,12,62,26,c(-0.681461154, 40.73985498)
34201972,28,12,41,46,c(-0.579671058, 40.27706036)
34202282,20,6,65,28,c(-1.071571481, 43.04654439)
34203250,34,17,30,54,c(-3.093330577, 51.62998907)
34203268,34,19,48,34,c(-3.139953757, 51.78874923)
34203340,33,27,11,62,c(-3.330554275, 52.42348853)
34222010,59,41,11,48,c(-0.613437666, 40.61967532)
34222016,33,29,44,27,c(-0.622515599, 40.67335971)
34223734,10,11,46,43,c(-4.473030905, 55.89183182)
34241792,19,38,18,44,c(-0.274738127, 38.66861858)
34242002,20,18,28,54,c(-0.578030528, 40.55061069)
34242026,62,15,38,47,c(-0.614279356, 40.76535537)
34242210,31,24,24,52,c(-0.903820158, 42.40951163)
34242264,23,35,9,56,c(-0.992888525, 42.89130981)
34242272,21,33,12,55,c(-1.006249017, 42.96265997)
34262024,44,21,24,55,c(-0.587837217, 40.74998737)
34262028,39,28,23,49,c(-0.593894, 40.78577415)
34262266,35,37,12,51,c(-0.971997956, 42.91177869)
34283790,14,4,65,31,c(-4.564628911, 56.39401332)
34301976,37,17,39,44,c(-0.469370665, 40.32539186)
34302022,45,31,22,47,c(-0.538003402, 40.73712458)
34302282,36,25,14,60,c(-0.950154229, 43.05973468)
34303740,36,15,29,56,c(-4.367107422, 55.95883561)
34303750,43,26,16,58,c(-4.39990362, 56.0466157)
34322026,29,15,59,26,c(-0.520609758, 40.77542461)
34362268,19,33,12,55,c(-0.854132369, 42.94268891)
34382002,23,20,35,45,c(-0.414632447, 40.56810439)
34382008,25,20,44,36,c(-0.423528202, 40.6218142)
34401934,30,36,27,38,c(-0.29211153, 39.96154492)
34402006,42,24,36,39,c(-0.39719876, 40.60639003)
34403708,11,12,41,47,c(-4.107173243, 55.69549698)
34403792,10,9,49,42,c(-4.380613171, 56.43319055)
34403798,10,5,38,57,c(-4.400621923, 56.48585662)
34422282,38,30,16,53,c(-0.804390171, 43.07537236)
34442050,42,16,36,48,c(-0.415865196, 41.00513848)
34442054,36,19,45,36,c(-0.421866064, 41.04092807)
34443796,8,8,33,58,c(-4.330261739, 56.47545749)
34461998,19,22,30,48,c(-0.315359012, 40.54216387)
34463934,28,10,46,44,c(-4.773785618, 57.689772)
34502026,44,16,50,34,c(-0.309757502, 40.797756)
34503808,14,7,41,52,c(-4.274450961, 56.59151231)
34522014,27,27,24,49,c(-0.268697434, 40.69277679)
34541938,44,14,59,28,c(-0.135807888, 40.01439171)
34541988,29,32,25,43,c(-0.207477913, 40.46238118)
34562002,22,15,61,24,c(-0.204433617, 40.59019845)
34581988,19,26,35,39,c(-0.16084263, 40.46723006)
34583698,12,6,69,25,c(-3.794622762, 55.63879331)
34602236,33,28,29,43,c(-0.512000666, 42.68775677)
34661982,23,24,27,49,c(-0.058994748, 40.42310415)
34663624,3,6,58,36,c(-3.446145696, 55.00111959)
34663776,3,13,42,46,c(-3.915027674, 56.33844676)
34681980,44,22,36,43,c(-0.032845712, 40.40757503)
34722226,31,23,28,48,c(-0.351435171, 42.61341809)
34743694,33,13,34,53,c(-3.53247296, 55.63076508)
34762196,27,22,30,48,c(-0.256918485, 42.35026866)
34763770,33,17,49,34,c(-3.737083595, 56.30290282)
34783974,51,4,61,34,c(-4.387584039, 58.09907385)
34802006,29,29,24,47,c(0.07037224, 40.65480075)
34803774,4,21,31,47,c(-3.686192395, 56.34492245)
34803882,11,8,49,44,c(-4.03776544, 57.2945631)
34843470,20,22,29,49,c(-2.739064782, 53.67274765)
34843674,29,6,73,22,c(-3.316262562, 55.47134112)
34862008,44,26,19,54,c(0.137749026, 40.67979319)
34863646,74,11,52,37,c(-3.20242051, 55.22796215)
34882266,25,20,21,59,c(-0.220043458, 42.99046885)
34883746,8,16,38,46,c(-3.471930614, 56.11202851)
34883760,12,11,38,50,c(-3.515292341, 56.23527191)
34883940,21,8,56,37,c(-4.103450123, 57.81830501)
34903644,3,14,45,41,c(-3.134673245, 55.21687617)
34903806,5,8,45,48,c(-3.628065614, 56.64349865)
34943770,11,19,35,46,c(-3.451088023, 56.33338217)
34962264,54,25,22,53,c(-0.119809412, 42.982348)
34962278,16,30,13,57,c(-0.141421252, 43.10742984)
34983634,8,10,47,44,c(-2.982019503, 55.14169119)
34983814,8,5,69,26,c(-3.525135902, 56.72745186)
35002236,17,16,28,55,c(-0.028576505, 42.73693816)
35022270,25,14,33,53,c(-0.056129394, 43.04321323)
35042242,23,12,32,56,c(0.010746293, 42.79536613)
35083828,23,5,56,39,c(-3.408481277, 56.86751051)
35103682,29,18,25,57,c(-2.934404397, 55.5842523)
35103844,19,9,44,47,c(-3.426824951, 57.01174594)
35123644,15,14,37,49,c(-2.793970443, 55.25228586)
35142218,34,20,29,51,c(0.167513392, 42.59263906)
35163414,3,12,37,51,c(-2.117988681, 53.2271845)
35163756,5,11,40,49,c(-3.058730953, 56.24637545)
35163810,31,4,75,21,c(-3.223462775, 56.72225943)
35243890,18,11,48,41,c(-3.345765013, 57.44025899)
35263792,18,11,42,46,c(-3.007899778, 56.57997957)
35263882,29,12,37,51,c(-3.287489711, 57.37312268)
35282242,26,21,21,58,c(0.301432416, 42.82366111)
35302214,14,18,22,59,c(0.36646486, 42.57549752)
35303284,11,43,14,42,c(-1.59917274, 52.09733851)
35303378,14,25,16,59,c(-1.82248738, 52.92943661)
35303698,34,9,48,43,c(-2.66740782, 55.75723367)
35382192,32,29,28,43,c(0.494449521, 42.38777669)
35382238,54,21,21,58,c(0.428423075, 42.7994204)
35382252,40,27,12,61,c(0.408084095, 42.92466089)
35402214,11,13,27,60,c(0.487167813, 42.58695692)
35403718,21,18,33,49,c(-2.567328839, 55.94946065)
35422176,23,29,35,36,c(0.565154118, 42.24907095)
35443698,22,12,38,50,c(-2.447512665, 55.77910515)
35462170,19,21,46,33,c(0.621568319, 42.1998456)
35462218,48,18,29,53,c(0.553922147, 42.62956458)
35482240,34,23,24,54,c(0.546721742, 42.82870902)
35523886,4,9,37,55,c(-2.874508763, 57.45092289)
35562198,42,33,13,54,c(0.702752371, 42.4617417)
35563894,9,14,33,53,c(-2.833630152, 57.52792376)
35582164,15,27,24,49,c(0.773808756, 42.15945652)
35582196,35,26,25,49,c(0.729634114, 42.44605515)
35602224,19,18,23,60,c(0.714708998, 42.69897123)
35623450,30,19,45,37,c(-1.523040677, 53.61285187)
35643196,14,9,47,43,c(-0.916031272, 51.36430514)
35662070,12,9,64,27,c(0.995030062, 41.32560703)
35662100,17,39,15,45,c(0.955555174, 41.59463074)
35662186,35,22,28,50,c(0.839754694, 42.36531825)
35702140,20,14,44,42,c(0.950004642, 41.95752217)
35702144,26,28,26,46,c(0.944648653, 41.99337142)
35702180,8,19,29,51,c(0.896058241, 42.31594183)
35702222,10,14,37,49,c(0.838476836, 42.69210998)
35742184,33,22,29,48,c(0.938745119, 42.35612315)
35782180,21,16,37,47,c(0.992266543, 42.32460935)
35783656,28,29,17,54,c(-1.800245804, 55.45914797)
35802196,54,12,48,40,c(0.994782092, 42.4701147)
35803608,14,22,30,48,c(-1.644014551, 55.03733739)
35822156,24,28,35,38,c(1.072349068, 42.11382293)
35842172,25,17,35,48,c(1.075101335, 42.259358)
35843846,20,10,46,43,c(-2.231602112, 57.14802083)
35882176,34,16,33,50,c(1.117868755, 42.29946679)
35882194,37,16,34,50,c(1.093917873, 42.46077066)
35902178,23,22,24,55,c(1.139272542, 42.31951419)
35922162,45,34,19,47,c(1.184380821, 42.17821501)
35922174,24,27,20,53,c(1.168605735, 42.28577985)
35922202,46,16,34,50,c(1.131500887, 42.5367093)
35922210,39,13,47,39,c(1.120822632, 42.60838934)
35922220,20,16,24,60,c(1.107426364, 42.69798062)
36022204,52,19,27,54,c(1.249605303, 42.56517853)
36082152,27,18,44,39,c(1.389259998, 42.10522524)
36122170,23,20,26,53,c(1.414253583, 42.27075691)
36162240,32,26,21,53,c(1.371927633, 42.90236703)
36182164,23,24,22,54,c(1.494007981, 42.22308349)
36182182,39,23,30,47,c(1.471118278, 42.38450561)
36203366,4,39,23,38,c(-0.469906401, 52.94679132)
36222164,44,17,42,41,c(1.542068364, 42.22714226)
36282144,26,20,30,50,c(1.639061251, 42.05375795)
36282174,55,24,36,40,c(1.601648946, 42.32288775)
36303178,12,28,22,51,c(0.059398056, 51.28888959)
36322180,18,7,74,19,c(1.642299512, 42.38071588)
36342154,51,23,33,44,c(1.698649408, 42.14946094)
36362146,39,19,38,43,c(1.732484383, 42.07965811)
36362152,15,17,32,51,c(1.72511547, 42.13349808)
36402146,36,20,26,54,c(1.780444391, 42.08360156)
36422162,55,27,32,41,c(1.784904434, 42.22914653)
36422180,38,17,44,39,c(1.762792125, 42.3906468)
36442160,43,30,17,53,c(1.811383907, 42.21316231)
36442236,58,21,23,56,c(1.717268209, 42.89488492)
36462156,32,50,14,36,c(1.840277964, 42.17922213)
36482182,52,14,39,47,c(1.832658984, 42.41448102)
36483340,7,21,25,54,c(-0.003219756, 52.75118064)
36522178,33,17,36,46,c(1.885749323, 42.38248773)
36522208,31,6,60,34,c(1.84910104, 42.65164341)
36582164,16,16,27,57,c(1.974865264, 42.26264013)
36602158,27,17,40,43,c(2.006074425, 42.21070059)
36642156,36,24,23,53,c(2.056517175, 42.19656026)
36642166,54,11,38,50,c(2.044667835, 42.28632883)
36722152,27,30,13,57,c(2.157328875, 42.16820189)
36722164,57,15,48,38,c(2.143295334, 42.2759432)
36742172,39,14,28,58,c(2.157997092, 42.34964333)
36762164,33,15,50,35,c(2.191430257, 42.27969243)
36802106,30,19,29,52,c(2.305971881, 41.76246898)
36842110,36,11,54,35,c(2.349210251, 41.80207593)
36842170,22,15,26,58,c(2.280800881, 42.34099921)
36862148,21,20,33,47,c(2.330093508, 42.14527113)
36862176,52,11,31,58,c(2.297986263, 42.39671994)
36882150,33,30,21,49,c(2.351838812, 42.16506704)
36922168,38,24,22,54,c(2.379470906, 42.3303833)
36942152,17,27,37,36,c(2.421671603, 42.18849646)
36962122,33,16,38,46,c(2.479244729, 41.92078089)
36982170,43,19,28,53,c(2.44949953, 42.35379316)
37063284,3,23,48,28,c(0.953685536, 52.32099964)
37262452,31,33,15,51,c(2.464469991, 44.90911999)
37342314,10,7,55,39,c(2.72562177, 43.67861451)
37362462,30,8,39,53,c(2.578452513, 45.00776272)
37362472,22,11,32,57,c(2.566454902, 45.09739058)
37362486,30,13,19,68,c(2.549572962, 45.22285691)
37382484,29,11,23,65,c(2.577309426, 45.20672802)
37402464,22,7,41,52,c(2.626534946, 45.0292574)
37462312,51,9,46,45,c(2.875780657, 43.67104199)
37462484,21,11,26,64,c(2.678598662, 45.21384302)
37502424,19,14,28,58,c(2.799171292, 44.67939939)
37502442,23,19,21,60,c(2.77838045, 44.84081728)
37502482,25,8,36,56,c(2.731611259, 45.19943616)
37502492,23,10,30,59,c(2.719795053, 45.28907227)
37502514,27,7,47,45,c(2.693622446, 45.48624588)
37522458,44,8,42,51,c(2.784991569, 44.98602209)
37522476,34,12,30,58,c(2.76397358, 45.14739967)
37522488,31,11,23,66,c(2.74987257, 45.25497137)
37542498,56,9,30,61,c(2.763453971, 45.34635619)
37562412,27,10,42,49,c(2.888075058, 44.57693995)
37562422,44,14,19,66,c(2.876719794, 44.66663832)
37562430,26,12,19,68,c(2.867601292, 44.73839152)
37562458,33,19,22,59,c(2.835444345, 44.98948963)
37562466,37,11,32,57,c(2.826186849, 45.06122115)
37562476,34,10,35,55,c(2.814570962, 45.15087887)
37562524,9,11,37,51,c(2.758124967, 45.58113392)
37562542,23,8,35,57,c(2.736658925, 45.74243669)
37582396,46,39,9,51,c(2.931128507, 44.43511163)
37582414,26,15,28,58,c(2.910861743, 44.59659093)
37602420,55,10,41,49,c(2.929151131, 44.65211839)
37602502,30,5,69,26,c(2.834952725, 45.38742624)
37622444,32,20,22,57,c(2.927092112, 44.86909039)
37622476,45,9,34,56,c(2.890477684, 45.15605204)
37622530,27,7,51,42,c(2.827555557, 45.64013009)
37642442,25,19,19,61,c(2.954532975, 44.85285417)
37642478,48,10,29,61,c(2.913485965, 45.17569749)
37642496,20,9,32,59,c(2.892727251, 45.33708344)
37662458,25,19,25,56,c(2.961600786, 44.99805235)
37662506,19,8,44,48,c(2.906554343, 45.42844792)
37662516,18,10,34,56,c(2.894944689, 45.51809268)
37662530,17,10,38,52,c(2.87860794, 45.64358336)
37682420,28,7,42,50,c(3.029480397, 44.65888437)
37682492,20,7,45,48,c(2.948097929, 45.30463834)
37682496,12,8,49,43,c(2.943503738, 45.34050242)
37682532,21,12,32,56,c(2.901802778, 45.66322753)
37702434,29,8,53,39,c(3.038989599, 44.78615856)
37702440,42,14,36,50,c(3.032285905, 44.83998167)
37702494,26,15,38,48,c(2.971184028, 45.3242702)
37702506,27,13,29,58,c(2.957415263, 45.43186109)
37722426,15,2,86,11,c(3.073012376, 44.71606247)
37722444,25,14,29,57,c(3.052989606, 44.8775401)
37722504,17,7,44,49,c(2.985139338, 45.41562676)
37722508,7,6,53,40,c(2.980554409, 45.45148994)
37722516,15,11,36,53,c(2.97136113, 45.5232129)
37742430,28,12,40,48,c(3.093703855, 44.75361594)
37742434,17,8,50,41,c(3.089275834, 44.78950198)
37742466,27,19,21,59,c(3.053582304, 45.07654767)
37742488,29,13,29,57,c(3.028762041, 45.27384811)
37782406,10,14,36,50,c(3.170187117, 44.54157663)
37782424,11,9,43,47,c(3.150544291, 44.70309775)
37782442,18,8,69,24,c(3.13075271, 44.86459468)
37782460,18,18,42,40,c(3.110810798, 45.02606767)
37782484,23,19,18,63,c(3.083984962, 45.24132822)
37802422,34,6,57,37,c(3.17783438, 44.68679906)
37802434,16,10,48,42,c(3.164715233, 44.7944718)
37802440,11,7,65,28,c(3.158130839, 44.84830416)
37822406,31,11,48,42,c(3.220262784, 44.54485473)
37822412,31,10,40,51,c(3.213778806, 44.59870143)
37822460,35,15,53,32,c(3.161315479, 45.0293787)
37822466,18,16,34,50,c(3.154682754, 45.08320146)
37862420,43,8,60,32,c(3.255299361, 44.67375528)
37862460,34,9,49,42,c(3.21182554, 45.03266543)
37882440,25,8,65,26,c(3.258830793, 44.85485323)
37882494,22,10,47,43,c(3.199686598, 45.33929242)
37902414,8,21,33,46,c(3.311906736, 44.62314331)
37902480,22,12,41,47,c(3.240489229, 45.21535148)
37922448,20,14,28,58,c(3.300575265, 44.92987835)
37922466,21,17,31,53,c(3.281088651, 45.0913819)
37942396,39,21,33,47,c(3.381055958, 44.46477636)
37942418,23,12,44,44,c(3.357820332, 44.66225682)
37942454,29,13,39,48,c(3.319333057, 44.9853297)
37982422,23,20,19,61,c(3.403795196, 44.70134975)
37982444,35,11,51,38,c(3.380480089, 44.898801)
38002370,35,19,18,63,c(3.482966954, 44.236076)
38002438,34,15,34,51,c(3.41203694, 44.84654543)
38002456,49,14,39,47,c(3.392920398, 45.00808347)
38002460,17,11,34,55,c(3.388652553, 45.04397765)
38002484,39,8,56,36,c(3.362893485, 45.25931875)
38022368,37,30,20,50,c(3.509925639, 44.21968074)
38022398,30,32,18,51,c(3.479024202, 44.48906094)
38022408,26,10,54,36,c(3.468637477, 44.5788394)
38022434,5,18,19,63,c(3.441427573, 44.81222895)
38022458,47,13,46,41,c(3.416045573, 45.02762183)
38022524,23,10,45,45,c(3.344902187, 45.61974166)
38042406,26,12,43,45,c(3.495770813, 44.56245417)
38042428,30,10,53,37,c(3.472872683, 44.75995046)
38062416,40,13,29,58,c(3.510481963, 44.65379634)
38062440,46,11,47,42,c(3.485482048, 44.86923453)
38082372,43,17,23,60,c(3.580590059, 44.2602644)
38082408,47,10,63,28,c(3.543822404, 44.58353266)
38083128,21,22,37,41,c(2.673069721, 51.03169874)
38102416,24,11,45,44,c(3.560672172, 44.6569117)
38102440,47,17,39,44,c(3.53586309, 44.87236375)
38102512,15,11,44,45,c(3.459910954, 45.51847406)
38102520,12,17,44,39,c(3.45132771, 45.59024185)
38122410,10,7,65,28,c(3.591908776, 44.60458906)
38122428,15,11,36,53,c(3.573443452, 44.76619501)
38142406,33,29,18,53,c(3.621052013, 44.57021317)
38142430,35,13,38,49,c(3.596536909, 44.78569638)
38142442,52,12,52,36,c(3.584186434, 44.89342236)
38162408,38,13,29,57,c(3.64408631, 44.58970601)
38162422,27,10,37,52,c(3.629859256, 44.71541156)
38162444,46,10,56,33,c(3.607332883, 44.91292025)
38162462,37,14,33,53,c(3.588746417, 45.07449256)
38182394,13,12,43,44,c(3.683244195, 44.4655105)
38182406,10,41,11,49,c(3.671173096, 44.57327463)
38182424,9,8,49,43,c(3.65295239, 44.73490113)
38182438,27,12,48,40,c(3.638685289, 44.86059446)
38202336,32,28,36,36,c(3.765534976, 43.9460021)
38202380,45,11,52,37,c(3.722211281, 44.34128674)
38202398,18,13,27,60,c(3.704258086, 44.5029525)
38202422,20,9,53,38,c(3.68010939, 44.71846998)
38202434,46,20,36,44,c(3.667943614, 44.8262131)
38202488,31,8,56,36,c(3.612429909, 45.31093083)
38203142,31,39,14,47,c(2.823965443, 51.16751427)
38222384,23,8,48,45,c(3.743210506, 44.37872409)
38222464,22,21,19,60,c(3.662554187, 45.09705807)
38223144,33,43,13,44,c(2.849661825, 51.18715179)
38242404,17,17,27,56,c(3.748356221, 44.55986)
38242416,32,10,54,36,c(3.736376768, 44.66762543)
38242440,46,5,71,24,c(3.71223621, 44.88312519)
38242470,18,12,48,40,c(3.681715478, 45.15244245)
38262408,36,14,42,44,c(3.769443636, 44.59728715)
38262486,20,12,40,48,c(3.690665812, 45.29757878)
38282398,38,16,33,50,c(3.804393544, 44.50897017)
38282434,37,6,58,36,c(3.768649657, 44.8322709)
38282488,11,5,63,32,c(3.714007954, 45.31705001)
38283100,3,12,67,21,c(2.995043302, 50.79898045)
38302418,8,13,25,62,c(3.809718318, 44.69008807)
38302518,24,10,47,43,c(3.708627784, 45.58780804)
38322430,9,10,46,44,c(3.822976305, 44.79934353)
38322442,20,15,21,64,c(3.811057274, 44.90709994)
38342416,24,11,41,48,c(3.861916409, 44.67509705)
38342434,19,25,25,50,c(3.844191946, 44.83675066)
38342452,41,14,30,56,c(3.8263328, 44.99838137)
38342494,40,11,56,33,c(3.784129593, 45.37543216)
38342506,36,12,51,38,c(3.771932811, 45.48313882)
38342524,28,7,59,35,c(3.753520374, 45.64468067)
38362424,43,4,70,26,c(3.879198694, 44.74842435)
38362438,24,22,34,45,c(3.865434102, 44.87415281)
38362496,31,15,36,49,c(3.807535272, 45.39488235)
38362502,28,9,55,35,c(3.801464116, 45.44873779)
38362528,26,9,45,46,c(3.774975749, 45.68208343)
38382372,27,8,37,54,c(3.954562892, 44.28276828)
38382422,18,15,33,52,c(3.90629498, 44.73193381)
38382548,23,6,56,38,c(3.780049966, 45.8630567)
38383124,7,16,46,38,c(3.10449379, 51.02213031)
38402424,17,11,49,40,c(3.929488824, 44.751363)
38403112,5,12,55,32,c(3.148808539, 50.9164974)
38422434,17,16,49,35,c(3.944931762, 44.84263888)
38422440,32,23,18,58,c(3.939089805, 44.89652487)
38442378,37,10,66,24,c(4.023719982, 44.34102156)
38442396,25,21,36,43,c(4.006628112, 44.50274848)
38442522,18,10,45,45,c(3.883292587, 45.63420002)
38443098,17,15,40,45,c(3.22378558, 50.79461974)
38462430,19,14,44,41,c(3.999163252, 44.80961908)
38463106,9,15,43,42,c(3.241649166, 50.86784147)
38482454,23,14,45,41,c(4.001209285, 45.02661786)
38482508,19,12,37,50,c(3.948304522, 45.51147265)
38483116,5,11,63,26,c(3.256955227, 50.95894988)
38483134,4,5,68,27,c(3.23339195, 51.1199556)
38502352,35,22,24,53,c(4.122786121, 44.11164384)
38522512,29,6,65,30,c(3.995355737, 45.55029371)
38523136,5,13,53,34,c(3.287710519, 51.14115618)
38542438,53,11,28,61,c(4.0922799, 44.88722012)
38562512,43,10,49,41,c(4.046379179, 45.55318279)
38563082,17,19,22,59,c(3.413656759, 50.66131071)
38582330,32,20,48,32,c(4.242173381, 43.91947301)
38582456,23,13,30,58,c(4.1256824, 45.05174127)
38583072,13,21,21,57,c(3.454375845, 50.57343837)
38602440,25,14,20,66,c(4.166039349, 44.90943324)
38622408,20,8,55,37,c(4.220973769, 44.62333128)
38622468,38,6,64,30,c(4.164933143, 45.16234697)
38622490,49,9,57,34,c(4.144026431, 45.35992468)
38682370,26,26,42,31,c(4.330585757, 44.28594617)
38682466,15,15,38,47,c(4.242813132, 45.14857938)
38702362,29,22,21,57,c(4.362660629, 44.21539072)
38702372,26,17,41,42,c(4.353750355, 44.30528674)
38702462,20,11,60,29,c(4.271857293, 45.1140343)
38702476,20,8,66,26,c(4.258837055, 45.23978961)
38702480,18,9,66,25,c(4.255102777, 45.2757173)
38703124,4,7,64,28,c(3.559101525, 51.04833175)
38723078,13,21,12,66,c(3.644095755, 50.63821178)
38742440,50,6,64,30,c(4.342619756, 44.91913318)
38743106,8,16,26,58,c(3.638145189, 50.89038552)
38743146,3,3,88,9,c(3.588583974, 51.24836094)
38762464,14,9,48,42,c(4.345980297, 45.13612104)
38762486,7,14,35,51,c(4.325737033, 45.33374477)
38782458,11,8,55,37,c(4.376772537, 45.08357797)
38802354,24,15,57,29,c(4.494214775, 44.15016891)
38803102,8,18,16,66,c(3.72799327, 50.8592347)
38803134,9,8,59,32,c(3.689017398, 51.14565749)
38822434,20,15,33,53,c(4.448907917, 44.87062521)
38822448,30,12,52,36,c(4.436378731, 44.99642825)
38822466,40,6,63,31,c(4.420160574, 45.15815567)
38842414,32,28,14,57,c(4.491809712, 44.69221412)
38842454,27,9,52,39,c(4.456277507, 45.05168042)
38843066,8,20,19,60,c(3.827388602, 50.54000491)
38862442,18,11,51,38,c(4.492243875, 44.94518345)
38882368,9,12,57,30,c(4.581842722, 44.28131248)
38882416,36,22,16,63,c(4.540327524, 44.71283424)
38882480,31,7,61,31,c(4.483654871, 45.2879519)
38882488,50,15,31,54,c(4.476462271, 45.35982252)
38883110,6,14,30,56,c(3.83176071, 50.93695759)
38883118,2,6,75,19,c(3.822209011, 51.00857528)
38903114,3,9,67,24,c(3.855379254, 50.97427912)
38922452,23,9,52,39,c(4.559211382, 45.03900925)
38943054,4,8,60,32,c(3.981823767, 50.4400252)
38943130,8,12,26,62,c(3.893248614, 51.12052998)
38962434,37,12,44,45,c(4.62540399, 44.87984719)
38962440,24,7,61,32,c(4.620212273, 44.9337747)
38983092,12,19,16,64,c(3.994491023, 50.78326544)
39002440,11,10,47,43,c(4.670697537, 44.9363578)
39023088,19,22,11,67,c(4.055622507, 50.75037795)
39063124,3,6,66,27,c(4.071079834, 51.07567796)
39083042,11,27,8,65,c(4.191626326, 50.34269072)
39123076,12,19,17,64,c(4.210284188, 50.6500985)
39123144,8,21,46,34,c(4.133669068, 51.25912543)
39223078,11,22,16,61,c(4.349159218, 50.67503227)
39262352,31,25,29,46,c(5.068574915, 44.16106932)
39263060,11,19,19,62,c(4.424822608, 50.51651432)
39282308,23,11,41,48,c(5.127178776, 43.76630023)
39283056,13,22,16,62,c(4.45717952, 50.48203607)
39303054,20,26,11,63,c(4.487389784, 50.46546999)
39303086,10,20,9,71,c(4.4535541, 50.75220302)
39303122,11,21,43,37,c(4.414866851, 51.07473643)
39322344,41,12,46,42,c(5.149412863, 44.09261872)
39363034,9,23,10,67,c(4.592270274, 50.29025042)
39382342,17,7,77,16,c(5.225556674, 44.07809573)
39382432,10,12,53,35,c(5.156753077, 44.88774181)
39422408,57,22,33,45,c(5.225625271, 44.67420326)
39423106,5,15,33,52,c(4.602448148, 50.93947209)
39442388,31,25,16,59,c(5.265882472, 44.49543215)
39443132,4,9,51,40,c(4.603690251, 51.17377673)
39483040,19,26,12,62,c(4.754331562, 50.35186398)
39522426,25,21,32,47,c(5.337887684, 44.84180163)
39523026,25,26,9,64,c(4.82415092, 50.22891432)
39542368,65,27,27,47,c(5.405781533, 44.32109341)
39543124,3,12,70,18,c(4.754539878, 51.10862413)
39543150,4,4,77,18,c(4.727874101, 51.34163036)
39563098,7,19,22,59,c(4.809229092, 50.87687552)
39563112,5,14,53,33,c(4.795165913, 51.00235798)
39583032,12,25,9,66,c(4.902281677, 50.28648328)
39583078,12,19,33,48,c(4.857404971, 50.69886968)
39602470,17,23,22,55,c(5.406201172, 45.24200279)
39603074,10,24,11,65,c(4.889574391, 50.66427024)
39622348,28,26,13,61,c(5.519886903, 44.14546139)
39622352,79,30,20,50,c(5.517063108, 44.18146548)
39622388,35,38,15,47,c(5.491435906, 44.50545353)
39622438,22,24,30,45,c(5.455195124, 44.95529468)
39622460,22,23,29,48,c(5.439005587, 45.15317387)
39623104,10,27,33,39,c(4.888383891, 50.93445197)
39623132,18,7,61,32,c(4.860541354, 51.18542949)
39682380,48,22,31,46,c(5.572269438, 44.43669085)
39683136,3,2,86,12,c(4.942242615, 51.22504309)
39702454,45,17,38,45,c(5.5447654, 45.10355995)
39703092,18,26,15,59,c(5.013522111, 50.83183563)
39722416,42,22,20,58,c(5.597131085, 44.76276872)
39742392,45,35,20,45,c(5.639067847, 44.54786107)
39742418,40,48,14,38,c(5.620909004, 44.78182286)
39743098,10,17,22,61,c(5.064484487, 50.88806524)
39743134,3,4,81,15,c(5.029903618, 51.21081227)
39762394,51,23,29,49,c(5.662772828, 44.56690798)
39762420,24,22,27,50,c(5.644702655, 44.80087145)
39763078,11,24,9,66,c(5.111700474, 50.70994783)
39782354,57,31,14,55,c(5.715129502, 44.20791204)
39783128,2,6,66,29,c(5.092775544, 51.15944996)
39803126,7,5,74,21,c(5.123209278, 51.14272121)
39822408,42,28,22,49,c(5.72852414, 44.69601043)
39822452,24,23,20,56,c(5.698178841, 45.09190936)
39822552,59,22,24,54,c(5.627066173, 45.99123873)
39822588,47,27,19,54,c(5.600709232, 46.31485502)
39862512,25,21,16,63,c(5.707035837, 45.63366613)
39862992,12,15,30,54,c(5.329790945, 49.94450283)
39882558,40,26,14,59,c(5.70002492, 46.04832989)
39883092,9,19,25,56,c(5.268570515, 50.842573)
39883120,5,5,69,25,c(5.242872444, 51.09365844)
39902512,24,12,61,27,c(5.758198807, 45.63572925)
39903096,17,18,25,58,c(5.293287451, 50.87960307)
39962440,32,18,24,58,c(5.883508224, 44.9910514)
39963136,4,4,74,22,c(5.342385563, 51.24176252)
39982582,32,26,13,61,c(5.812166711, 46.26923787)
39982592,31,26,20,55,c(5.80513686, 46.35913792)
40002480,42,26,14,59,c(5.90762052, 45.35292713)
40022388,21,32,21,47,c(5.992911405, 44.52597365)
40022432,53,9,49,42,c(5.96458367, 44.92201029)
40022438,44,12,35,53,c(5.960679959, 44.97600582)
40042416,34,33,14,53,c(6.000139455, 44.77897881)
40043010,20,27,14,59,c(5.565194023, 50.1160249)
40062390,23,32,20,48,c(6.041816115, 44.54589791)
40063210,1,13,47,40,c(5.41896019, 51.91102261)
40082398,41,41,9,51,c(6.061887463, 44.61886788)
40082404,47,39,13,49,c(6.05811116, 44.67287949)
40082416,41,18,31,52,c(6.050529925, 44.78089584)
40082610,36,18,26,55,c(5.922439939, 46.52596427)
40082614,16,26,18,55,c(5.919684673, 46.56192282)
40082970,24,29,16,54,c(5.653712087, 49.75924892)
40083088,8,21,12,67,c(5.555506945, 50.81796207)
40102378,40,20,25,55,c(6.099451508, 44.43975524)
40102396,33,28,29,44,c(6.088260418, 44.6018094)
40102612,46,8,57,35,c(5.947081083, 46.54492913)
40102644,19,25,11,64,c(5.925025169, 46.83257699)
40122406,38,35,20,45,c(6.107163559, 44.69277209)
40162496,24,32,13,55,c(6.101092775, 45.50459528)
40162610,35,21,26,53,c(6.02648288, 46.52986686)
40162618,26,7,56,37,c(6.021107566, 46.60178921)
40163108,7,6,69,25,c(5.652097812, 51.00169217)
40163114,5,7,56,37,c(5.647038089, 51.0555162)
40163140,1,5,77,19,c(5.624943006, 51.28874267)
40182380,48,23,33,44,c(6.198430466, 44.46147445)
40202492,22,25,27,48,c(6.154665917, 45.47047812)
40202532,24,16,31,53,c(6.129282462, 45.83032861)
40222524,26,33,16,51,c(6.160039567, 45.75929757)
40242526,24,21,29,49,c(6.184426529, 45.77821484)
40243254,5,2,80,18,c(5.641819128, 52.31551892)
40263330,9,38,9,53,c(5.603342987, 52.99815229)
40282972,9,20,24,56,c(5.929382498, 49.7874991)
40302366,19,21,18,61,c(6.356879559, 44.34078354)
40302370,21,19,26,55,c(6.354570114, 44.37680717)
40302406,40,20,25,55,c(6.333610119, 44.70097371)
40302636,40,13,49,38,c(6.191852066, 46.77022298)
40302942,17,30,12,58,c(5.979568136, 49.51918463)
40322462,43,22,14,64,c(6.325759254, 45.20596222)
40322632,14,16,32,52,c(6.220554977, 46.7351805)
40322962,6,3,83,15,c(5.992320443, 49.69971032)
40342298,23,18,34,47,c(6.445039903, 43.72994163)
40342388,15,10,64,27,c(6.394315244, 44.54065084)
40342466,34,15,31,54,c(6.348779666, 45.24284739)
40342546,49,26,28,46,c(6.300482115, 45.96267367)
40342942,11,47,9,44,c(6.034734521, 49.5211376)
40362386,29,28,21,52,c(6.420549149, 44.52350647)
40362476,21,19,33,47,c(6.368282984, 45.33372621)
40362506,31,19,26,55,c(6.350412858, 45.60369167)
40382968,23,22,20,58,c(6.070996623, 49.75648669)
40382996,41,20,35,46,c(6.050375657, 50.00784052)
40383310,4,26,11,63,c(5.799159338, 52.82516472)
40402458,38,18,35,47,c(6.429651345, 45.1734579)
40402632,30,16,34,50,c(6.325024555, 46.73879624)
40422544,30,27,21,52,c(6.404656983, 45.9482121)
40422576,32,13,49,38,c(6.385433605, 46.23606754)
40422580,22,24,25,50,c(6.383011927, 46.27204559)
40442394,35,22,12,66,c(6.516460984, 44.59895352)
40442560,46,19,39,41,c(6.42088546, 46.09301627)
40442574,37,18,34,48,c(6.412509976, 46.21895007)
40442638,9,17,25,58,c(6.373566883, 46.7945166)
40442956,12,13,40,47,c(6.162728912, 49.65160273)
40443366,7,19,34,47,c(5.840044187, 53.33053431)
40462302,51,24,26,50,c(6.591380464, 43.77101034)
40462418,44,24,26,50,c(6.528273084, 44.81590444)
40462544,60,25,19,56,c(6.456135047, 45.9499396)
40462580,14,16,34,50,c(6.434798671, 46.27378512)
40482334,75,21,46,33,c(6.599160391, 44.06016611)
40482568,40,23,29,48,c(6.467790499, 46.16670272)
40482646,20,20,22,59,c(6.420988916, 46.86819714)
40482946,6,5,79,16,c(6.225055749, 49.56367742)
40502560,24,28,20,52,c(6.498310807, 46.09558741)
40503298,7,16,26,58,c(5.986833741, 52.72361526)
40522330,25,6,76,18,c(6.651036595, 44.02575142)
40522348,41,19,36,45,c(6.641541452, 44.18792233)
40522430,37,22,30,48,c(6.597369967, 44.92643852)
40522484,27,25,33,42,c(6.567436052, 45.41255363)
40522492,21,20,28,51,c(6.562942661, 45.48455614)
40522658,32,27,12,60,c(6.466123065, 46.97782017)
40542300,22,19,26,55,c(6.691460577, 43.75621745)
40542404,35,20,41,39,c(6.636704357, 44.69313445)
40542494,37,24,21,55,c(6.587348671, 45.50338401)
40542512,45,12,42,46,c(6.577248819, 45.66537706)
40562298,55,13,37,51,c(6.717239047, 43.73898525)
40562312,21,22,18,60,c(6.710065175, 43.86515389)
40562532,28,25,19,56,c(6.591627118, 45.84617559)
40562558,45,30,13,58,c(6.576883719, 46.080109)
40602576,21,21,24,55,c(6.618341935, 46.24369207)
40622592,48,9,46,45,c(6.635205108, 46.38844129)
40623316,4,6,57,37,c(6.150015955, 52.89092851)
40642558,30,31,15,55,c(6.680102034, 46.08337359)
40663302,6,7,64,29,c(6.220266266, 52.76720443)
40702358,23,11,41,48,c(6.861087564, 44.28505569)
40702592,41,36,11,53,c(6.739018842, 46.39165202)
40702664,16,21,12,67,c(6.698917032, 47.03923726)
40722296,49,14,39,47,c(6.916208395, 43.72708305)
40742298,54,19,25,56,c(6.940002138, 43.74584931)
40743284,0,2,85,14,c(6.352115882, 52.60936018)
40783372,6,34,16,50,c(6.345202663, 53.40080914)
40822302,53,25,26,50,c(7.037177302, 43.78480189)
40843320,4,5,67,28,c(6.473634809, 52.93685171)
40922518,12,17,23,60,c(7.061005373, 45.73399391)
40942332,53,28,22,49,c(7.172575217, 44.05938366)
40942518,36,10,51,40,c(7.086650692, 45.73470158)
40943358,7,29,15,56,c(6.595484407, 53.28216721)
40962378,46,12,31,56,c(7.177019962, 44.47458791)
40962390,42,7,49,44,c(7.171621049, 44.58270343)
40962778,60,4,64,32,c(6.981190868, 48.07419212)
40982448,40,8,44,48,c(7.170494, 45.10582466)
40982506,41,6,50,44,c(7.143592603, 45.6280709)
41003224,4,12,58,30,c(6.774990309, 52.08186203)
41022358,34,16,37,47,c(7.260941398, 44.29638173)
41022528,5,15,25,60,c(7.184592289, 45.82748976)
41043334,5,6,63,31,c(6.761474266, 53.07086895)
41062402,17,20,18,62,c(7.292045345, 44.69415082)
41082416,36,5,61,33,c(7.311190217, 44.8209245)
41082462,33,14,24,61,c(7.291134962, 45.23524934)
41082902,31,34,13,54,c(7.077573237, 49.19299701)
41102384,31,14,31,55,c(7.350013988, 44.53326595)
41102438,32,15,32,53,c(7.326965264, 45.01974353)
41102442,17,15,29,56,c(7.325236962, 45.05577201)
41102514,53,17,26,57,c(7.293619533, 45.70412844)
41122308,43,27,20,54,c(7.40638441, 43.84891483)
41162380,25,16,31,54,c(7.42695623, 44.49911109)
41182814,26,10,31,59,c(7.258626129, 48.40553564)
41202376,29,25,22,53,c(7.478733319, 44.46429355)
41222516,45,10,45,45,c(7.446587908, 45.72595099)
41242352,47,21,27,51,c(7.538255213, 44.24919636)
41262332,53,13,47,40,c(7.570898303, 44.0695062)
41262404,19,28,14,58,c(7.542998671, 44.71839771)
41262474,41,14,28,58,c(7.515051241, 45.34896598)
41262512,8,14,34,52,c(7.499527798, 45.69115803)
41322378,46,22,35,43,c(7.628414016, 44.4858546)
41322462,21,19,25,55,c(7.596165888, 45.24265794)
41322480,22,11,28,61,c(7.589105038, 45.40477694)
41342404,29,29,14,57,c(7.643740375, 44.72071923)
41342434,26,20,31,49,c(7.632350317, 44.99101067)
41342524,53,13,42,45,c(7.5972966, 45.80157686)
41362526,10,13,37,50,c(7.622192843, 45.82016273)
41382388,16,19,33,47,c(7.700001681, 44.57766287)
41382484,23,11,33,56,c(7.664071047, 45.44252212)
41402524,8,14,32,54,c(7.67434455, 45.80329257)
41422376,9,28,15,57,c(7.754542797, 44.47061154)
41462334,17,14,23,63,c(7.819225138, 44.0930851)
41462518,4,13,23,63,c(7.753623569, 45.75092461)
41482350,11,21,15,64,c(7.838694334, 44.2378489)
41522502,11,10,38,52,c(7.836311643, 45.60843838)
41562438,35,19,32,49,c(7.909414277, 45.03296612)
41582314,11,23,24,53,c(7.975061811, 43.91579295)
41642752,21,13,44,43,c(7.902645817, 47.86156154)
41643342,4,3,78,19,c(7.652331193, 53.16343399)
41682750,28,12,47,41,c(7.956775166, 47.84457932)
41702440,20,32,11,57,c(8.086108941, 45.05436927)
41722320,3,29,17,54,c(8.147180188, 43.97316384)
41722486,9,28,21,51,c(8.097265316, 45.4692432)
41742420,5,28,10,62,c(8.142789259, 44.8750616)
41782532,49,12,32,56,c(8.159974939, 45.88490661)
41782754,29,6,51,43,c(8.088921918, 47.88296642)
41802354,7,22,26,52,c(8.237219761, 44.28147099)
41821790,3,0,100,0,c(8.400721701, 39.18547359)
41821812,4,32,26,42,c(8.395877495, 39.38476217)
41822360,4,22,30,47,c(8.260565446, 44.33598641)
41822374,2,24,49,27,c(8.256697925, 44.46219678)
41842350,30,11,49,40,c(8.288294955, 44.24624408)
41862408,6,43,9,49,c(8.297635094, 44.76949195)
41882358,6,21,24,56,c(8.336154308, 44.31918496)
41882776,20,16,36,47,c(8.215605936, 48.083111)
41902382,2,20,23,57,c(8.354910917, 44.53594623)
41921944,4,20,26,55,c(8.483462151, 40.58145393)
41922402,3,23,30,47,c(8.374837962, 44.71661767)
41942506,28,23,26,51,c(8.372791037, 45.65409032)
41961776,6,36,29,35,c(8.564521171, 39.06115104)
41982368,3,26,14,60,c(8.458783484, 44.41127226)
41982386,6,27,20,53,c(8.454364256, 44.57354233)
41982542,2,6,44,50,c(8.414620497, 45.97910872)
42001906,3,30,18,52,c(8.585136146, 40.23903139)
42002504,3,19,17,63,c(8.450157366, 45.63722721)
42003148,18,26,13,61,c(8.259985642, 51.42980184)
42022524,6,15,24,61,c(8.470733352, 45.81774759)
42023304,5,4,63,33,c(8.234239187, 52.83177567)
42062512,13,11,40,49,c(8.525049943, 45.71038672)
42081806,72,18,53,30,c(8.696954311, 39.33490583)
42081954,1,20,37,43,c(8.66963001, 40.67462999)
42101926,1,25,21,53,c(8.69837001, 40.42162854)
42102376,16,12,36,52,c(8.607346021, 44.48551743)
42162524,8,14,42,44,c(8.650610677, 45.8201851)
42181942,9,12,68,20,c(8.789418243, 40.5675884)
42181974,2,13,47,40,c(8.783867025, 40.85705031)
42182424,4,25,13,63,c(8.69773387, 44.91949694)
42182536,22,7,47,46,c(8.673675409, 45.92859406)
42222534,60,9,46,45,c(8.725596988, 45.91120956)
42222540,11,6,42,52,c(8.72432767, 45.96525094)
42262512,23,8,48,44,c(8.781519236, 45.71364384)
42281988,2,13,57,30,c(8.89971104, 40.98504724)
42282538,20,11,50,39,c(8.802026996, 45.94813521)
42303596,4,7,60,33,c(8.562108389, 55.46058794)
42322388,9,26,13,61,c(8.881191479, 44.59703232)
42342404,3,18,43,39,c(8.90352871, 44.74153797)
42381944,2,21,43,36,c(9.02418106, 40.5882901)
42382412,17,23,18,59,c(8.952592299, 44.81416937)
42401860,3,25,38,37,c(9.058905504, 39.8282414)
42403110,18,22,25,53,c(8.843702625, 51.09543608)
42442000,1,11,61,28,c(9.087412915, 41.09548724)
42442386,3,31,18,52,c(9.032335321, 44.58051028)
42442428,20,26,15,58,c(9.025796141, 44.95912044)
42463294,12,7,41,52,c(8.889285897, 52.74975254)
42502430,24,26,15,59,c(9.101411774, 44.97782509)
42522422,33,45,8,47,c(9.127847273, 44.90593011)
42522552,24,8,44,48,c(9.109079637, 46.07726709)
42561800,13,37,24,40,c(9.251039796, 39.28640192)
42563034,12,20,15,65,c(9.085540448, 50.41433755)
42621864,14,18,48,34,c(9.314115252, 39.8665902)
42621978,15,8,65,27,c(9.302946933, 40.89825239)
42622382,4,35,10,55,c(9.259000681, 44.54629965)
42642402,53,25,25,50,c(9.281827221, 44.72679075)
42662386,7,24,25,52,c(9.308794803, 44.5827099)
42702102,9,11,58,30,c(9.386453044, 42.01983525)
42703082,12,21,18,61,c(9.275862842, 50.84722932)
42722546,25,9,58,33,c(9.367936068, 46.02506714)
42722554,8,12,33,55,c(9.367093475, 46.09712597)
42723644,1,3,87,10,c(9.217212729, 55.89773417)
42742164,22,14,25,61,c(9.429309363, 42.58016243)
42762108,12,16,55,29,c(9.458150639, 42.0744604)
42763476,6,11,57,32,c(9.307475697, 54.38844506)
42782380,41,28,12,60,c(9.460114596, 44.52950168)
42802396,5,33,15,52,c(9.483908816, 44.67388846)
42862532,16,18,15,67,c(9.54956944, 45.89987209)
42882534,32,23,14,63,c(9.575166996, 45.91799478)
42882542,31,17,49,35,c(9.574602441, 45.99005998)
42882682,22,19,16,65,c(9.564397972, 47.2507092)
42902492,17,31,24,45,c(9.60366856, 45.5396978)
42943458,7,5,73,23,c(9.586090742, 54.22793817)
42982530,32,19,32,49,c(9.70409907, 45.88239682)
42982824,30,34,6,60,c(9.688718227, 48.52898841)
42983494,7,14,49,37,c(9.644648489, 54.55162375)
43022740,11,16,36,48,c(9.746654855, 47.77331833)
43062470,10,20,39,41,c(9.808914193, 45.34201945)
43202710,14,17,33,49,c(9.98673564, 47.50361239)
43222370,5,28,16,56,c(10.01253571, 44.44072765)
43222514,30,36,10,54,c(10.01283134, 45.7386618)
43222546,31,16,28,57,c(10.01289953, 46.02694077)
43242350,11,24,18,58,c(10.03748815, 44.26035909)
43242524,33,14,26,60,c(10.03855764, 45.82874833)
43262564,21,19,27,54,c(10.06469154, 46.18905642)
43322692,28,17,22,61,c(10.14545305, 47.34149985)
43323456,8,19,44,38,c(10.16855851, 54.210545)
43342544,20,23,19,58,c(10.16763792, 46.00879374)
43342562,7,15,29,56,c(10.16814159, 46.17092951)
43362694,32,13,30,57,c(10.19841354, 47.35941868)
43382354,2,14,36,50,c(10.21256675, 44.29622267)
43402370,37,23,22,55,c(10.23817775, 44.44045576)
43402550,32,11,29,60,c(10.24525359, 46.06269076)
43422344,5,35,13,52,c(10.26216766, 44.20592089)
43442450,4,31,13,56,c(10.2920461, 45.1615392)
43442464,34,23,40,38,c(10.29271122, 45.28771392)
43443464,5,16,38,47,c(10.35304695, 54.28204423)
43542330,3,19,38,43,c(10.41106836, 44.07916255)
43542718,11,14,25,61,c(10.43832919, 47.57473671)
43562354,3,37,17,46,c(10.43763419, 44.29551783)
43562362,3,36,10,55,c(10.4381889, 44.36766245)
43562470,14,31,17,52,c(10.44586315, 45.34124999)
43562480,11,30,29,41,c(10.44659166, 45.43136403)
43562570,4,17,19,64,c(10.45329075, 46.24215653)
43562686,12,6,63,31,c(10.46232067, 47.28660578)
43602314,2,25,20,55,c(10.48458864, 43.9345147)
43602512,23,24,19,57,c(10.50025052, 45.7194637)
43622348,3,24,14,61,c(10.51216942, 44.24106382)
43622446,2,26,26,47,c(10.52026149, 45.12460488)
43622622,31,12,39,49,c(10.53567093, 46.71007188)
43622824,12,18,33,48,c(10.5548872, 48.52803778)
43643304,3,2,79,18,c(10.63814977, 52.84306936)
43662282,3,56,8,36,c(10.55635614, 43.64544366)
43662342,3,18,25,57,c(10.56160365, 44.18669252)
43662688,29,9,32,59,c(10.59461326, 47.30396617)
43742350,3,31,14,55,c(10.66227597, 44.25825215)
43762208,9,27,37,36,c(10.67229137, 42.97684773)
43762610,11,15,39,46,c(10.71711432, 46.60095776)
43782452,45,15,46,38,c(10.72398494, 45.177479)
43782552,12,13,50,38,c(10.7359874, 46.07844879)
43782700,26,38,10,53,c(10.75473405, 47.41099162)
43783280,4,3,84,14,c(10.84175334, 52.62612461)
43802410,7,29,14,57,c(10.74432447, 44.79873392)
43802576,3,14,45,41,c(10.76487203, 46.29442355)
43802702,32,13,29,58,c(10.78148522, 47.42880562)
43822560,7,11,51,38,c(10.78868401, 46.15013477)
43842504,11,16,12,72,c(10.80701622, 45.64549101)
43882346,7,25,31,44,c(10.836677, 44.22091509)
43902514,7,27,10,63,c(10.88532601, 45.73496855)
43902582,10,17,46,37,c(10.8954023, 46.347452)
43903000,17,22,22,56,c(10.96450215, 50.10821883)
43922326,4,26,14,61,c(10.88383689, 44.0401221)
43942616,8,7,47,45,c(10.95275409, 46.65316002)
43943284,4,9,58,33,c(11.07888778, 52.66016917)
43962218,3,39,16,46,c(10.91814258, 43.06520927)
43962530,9,21,32,47,c(10.9648519, 45.87843078)
43962560,6,22,23,55,c(10.96967729, 46.14864441)
43982338,4,34,10,55,c(10.9603312, 44.14768514)
43982510,3,17,16,67,c(10.98731141, 45.69802731)
43982594,13,13,45,42,c(11.00122559, 46.45459351)
44002494,44,20,25,55,c(11.01029211, 45.55363768)
44002614,10,11,46,43,c(11.03070488, 46.63443103)
44042578,8,17,36,46,c(11.07633499, 46.30975839)
44062500,16,21,20,58,c(11.08808544, 45.60693326)
44062504,9,25,13,63,c(11.0888012, 45.64296961)
44062508,61,17,40,43,c(11.08951819, 45.67900513)
44062554,3,9,40,51,c(11.09785282, 46.09335436)
44062954,7,21,53,27,c(11.17794045, 49.69254892)
44102254,7,48,16,36,c(11.09554428, 43.38842188)
44102326,22,26,26,48,c(11.10788329, 44.03796458)
44102336,7,58,6,35,c(11.10962635, 44.12815271)
44122502,16,17,23,60,c(11.16526398, 45.62413413)
44122636,9,5,60,35,c(11.19169091, 46.83088078)
44142458,11,18,41,41,c(11.18233693, 45.22740678)
44162474,3,20,17,63,c(11.21091062, 45.37129029)
44162604,2,13,35,52,c(11.23732966, 46.54219391)
44162612,27,15,42,43,c(11.23900455, 46.61422231)
44182314,26,32,16,52,c(11.20518509, 43.9286183)
44182430,18,50,2,47,c(11.22760465, 44.97448953)
44182520,19,12,38,50,c(11.24577225, 45.78541032)
44182560,3,11,49,40,c(11.2540744, 46.1456826)
44182596,4,16,36,47,c(11.2616702, 46.46985984)
44182610,3,20,33,47,c(11.2646564, 46.595912)
44202580,9,23,28,50,c(11.28421908, 46.32548081)
44222668,7,10,33,56,c(11.329884, 47.11739919)
44242194,16,19,40,40,c(11.25627121, 42.84490671)
44242536,5,20,26,54,c(11.32632459, 45.92859406)
44242544,4,22,20,57,c(11.32808763, 46.00064705)
44242554,16,19,36,45,c(11.3303, 46.09070875)
44242558,11,16,51,33,c(11.33118763, 46.12673203)
44262312,22,26,22,53,c(11.30415725, 43.90937134)
44262334,22,33,21,46,c(11.30866592, 44.10778696)
44262538,6,20,24,56,c(11.35252233, 45.94628339)
44262574,5,6,77,18,c(11.36066611, 46.27049075)
44262618,5,10,44,46,c(11.37079401, 46.66665852)
44282614,33,12,49,39,c(11.39595259, 46.63031169)
44282656,18,4,75,22,c(11.4059735, 47.00839286)
44302484,3,11,63,26,c(11.39159915, 45.4591877)
44302532,3,14,28,58,c(11.40264035, 45.89157612)
44302538,5,20,16,65,c(11.40403658, 45.94561625)
44302680,19,14,24,62,c(11.4381661, 47.22405776)
44322588,7,21,41,38,c(11.4417863, 46.39553429)
44322650,18,9,41,51,c(11.45702478, 46.95369155)
44342162,26,44,20,36,c(11.37156822, 42.55441807)
44342284,39,18,36,46,c(11.39739115, 43.65550131)
44342324,32,25,21,54,c(11.40614363, 44.01629589)
44342460,6,44,13,43,c(11.43702069, 45.2422654)
44342532,23,4,65,31,c(11.45410224, 45.89088485)
44342594,23,4,75,21,c(11.46924154, 46.44920443)
44342600,5,16,47,38,c(11.47072837, 46.50322539)
44382300,23,34,15,51,c(11.45045294, 43.79914556)
44382364,20,29,19,52,c(11.46512215, 44.37629576)
44382516,3,24,14,62,c(11.5015855, 45.74605692)
44382616,4,18,31,51,c(11.52690187, 46.64654503)
44382648,18,6,57,37,c(11.53523869, 46.9346)
44382670,26,13,27,60,c(11.54103862, 47.13261103)
44382684,29,8,47,45,c(11.54475892, 47.25860702)
44402664,21,9,48,42,c(11.56575983, 47.07823314)
44422522,4,29,26,45,c(11.55444825, 45.79936072)
44422536,3,20,15,65,c(11.55805511, 45.9254529)
44442622,36,14,53,33,c(11.60681761, 46.69941824)
44462354,4,43,7,51,c(11.56280108, 44.28467521)
44462630,6,13,46,41,c(11.6351581, 46.77103886)
44482340,28,20,28,52,c(11.58429498, 44.15806202)
44482636,11,7,56,37,c(11.66301037, 46.82464674)
44502344,5,28,15,57,c(11.61025297, 44.19374527)
44502524,11,22,22,57,c(11.65774109, 45.81582004)
44503370,4,5,79,16,c(11.94049283, 53.42235353)
44522288,5,11,44,45,c(11.62093697, 43.68831811)
44522536,9,22,21,56,c(11.68678322, 45.92348977)
44522550,6,24,27,50,c(11.69071146, 46.04956663)
44522630,29,9,39,52,c(11.71362182, 46.76982025)
44542476,4,45,6,50,c(11.69570498, 45.38263781)
44542560,11,6,55,40,c(11.71937941, 46.13920223)
44562180,3,40,15,45,c(11.64298961, 42.71295643)
44562552,17,7,52,42,c(11.74290037, 46.06674538)
44562702,16,1,85,14,c(11.78789624, 47.41693905)
44582304,2,22,25,53,c(11.69938714, 43.83143502)
44582530,2,25,15,60,c(11.76226296, 45.86820256)
44582712,16,19,26,55,c(11.81752698, 47.50647746)
44602536,4,18,24,58,c(11.78975944, 45.92180714)
44622438,9,42,13,45,c(11.78660867, 45.03858143)
44622568,4,15,29,56,c(11.8252036, 46.20951894)
44622708,22,9,44,46,c(11.86927424, 47.46959154)
44642516,23,18,51,31,c(11.83516489, 45.74081093)
44662460,5,22,29,49,c(11.84383773, 45.23592608)
44662618,3,27,25,48,c(11.89283066, 46.6587435)
44662698,30,11,31,58,c(11.91895201, 47.37869559)
44682296,4,23,20,57,c(11.82111723, 43.7571649)
44682624,24,9,34,57,c(11.92088252, 46.71228725)
44702230,2,20,47,34,c(11.82716817, 43.16131844)
44702302,3,45,12,43,c(11.84761294, 43.81083737)
44702330,36,30,20,50,c(11.85572937, 44.06333626)
44702554,19,14,43,43,c(11.92421984, 46.08164709)
44722578,3,6,55,40,c(11.95787636, 46.2972616)
44742346,30,34,11,55,c(11.91033563, 44.20669094)
44742588,14,22,18,60,c(11.98713145, 46.38680957)
44742594,7,20,30,50,c(11.98913859, 46.44082248)
44742732,28,25,12,62,c(12.0367916, 47.68266095)
44763232,6,7,75,18,c(12.26622001, 52.17604985)
44763294,3,2,83,15,c(12.2949321, 52.73291642)
44782274,8,28,16,56,c(11.93832389, 43.55647137)
44782314,13,9,53,38,c(11.95042965, 43.91722782)
44782634,13,10,48,42,c(12.05498838, 46.79987996)
44782720,22,14,32,54,c(12.08564496, 47.57370662)
44802538,6,16,47,38,c(12.04785241, 45.93517375)
44802636,21,2,85,13,c(12.08186335, 46.81737776)
44822290,4,33,21,45,c(11.99262954, 43.69984002)
44822704,15,5,69,26,c(12.13281706, 47.42873932)
44842244,8,13,45,42,c(12.00307993, 43.28441752)
44862290,23,34,17,49,c(12.04211544, 43.69886974)
44862300,15,25,28,48,c(12.0452971, 43.7890547)
44862326,9,46,5,49,c(12.05363138, 44.02350525)
44862602,6,20,22,58,c(12.14797108, 46.50982643)
44862606,9,33,11,56,c(12.14942211, 46.54583016)
44862714,18,15,33,52,c(12.18957868, 47.51765133)
44882324,7,45,10,46,c(12.07786102, 44.00497502)
44882582,16,12,42,46,c(12.1666895, 46.32927427)
44882626,22,15,32,53,c(12.1828443, 46.72531106)
44882726,14,14,30,56,c(12.22074192, 47.62506295)
44902434,6,36,10,54,c(12.13986034, 44.99590612)
44922210,7,13,42,45,c(12.09044723, 42.97567)
44922300,6,15,32,53,c(12.11963861, 43.78755195)
44923048,23,22,18,60,c(12.41147915, 50.51854369)
44923314,4,10,61,29,c(12.54208499, 52.9077478)
44982258,4,37,23,40,c(12.17973775, 43.40719731)
45002584,5,4,70,25,c(12.32307424, 46.34401404)
45002638,15,9,43,48,c(12.34438732, 46.8300065)
45004612,13,8,37,55,c(13.71334028, 64.57145989)
45022322,6,31,19,51,c(12.25126135, 43.98329577)
45022334,3,21,25,54,c(12.25550654, 44.09148312)
45042542,13,18,34,47,c(12.3583597, 45.96479108)
45042620,22,23,22,54,c(12.38942439, 46.66687831)
45062234,3,30,13,58,c(12.26981842, 43.18855457)
45062550,4,25,23,53,c(12.38729114, 46.03623942)
45062554,3,27,14,59,c(12.38888137, 46.07224928)
45082578,53,6,50,44,c(12.42439433, 46.28770714)
45102292,15,36,15,50,c(12.33972548, 43.71058364)
45102558,4,23,6,71,c(12.44212834, 46.10708828)
45102682,29,3,73,23,c(12.49400769, 47.2229502)
45102684,15,6,34,59,c(12.49486781, 47.24094208)
45102688,9,7,34,59,c(12.49659032, 47.27692529)
45142274,23,32,12,56,c(12.38255181, 43.54712339)
45144632,21,7,39,54,c(14.02909, 64.74466686)
45182714,32,9,50,41,c(12.61393798, 47.50830875)
45182728,43,37,14,49,c(12.62031964, 47.63422172)
45202610,67,12,33,55,c(12.59379844, 46.57205528)
45202708,28,12,35,52,c(12.63770525, 47.45370555)
45222530,27,43,7,50,c(12.58502771, 45.85137334)
45222560,51,19,33,48,c(12.59794419, 46.12143049)
45222584,36,6,60,33,c(12.60839865, 46.33744271)
45222602,5,17,17,66,c(12.61631129, 46.49943282)
45222700,31,14,42,44,c(12.66050229, 47.38110711)
45224612,29,5,56,39,c(14.16866962, 64.56026454)
45242168,2,26,40,34,c(12.46568803, 42.5878859)
45242316,9,11,40,49,c(12.52235815, 43.92288382)
45242528,31,36,10,55,c(12.60986753, 45.83273957)
45242636,17,11,33,55,c(12.65759174, 46.80472927)
45262146,32,27,17,56,c(12.48175021, 42.38871578)
45262260,4,25,13,61,c(12.52512969, 43.41732303)
45262548,55,14,44,42,c(12.64431735, 46.01214568)
45262560,32,21,30,50,c(12.64960693, 46.12015995)
45282264,22,31,18,51,c(12.55132349, 43.45278779)
45282274,37,36,15,49,c(12.55527051, 43.54296919)
45282846,13,22,21,56,c(12.81144063, 48.69182649)
45302182,6,10,52,38,c(12.54388897, 42.71243139)
45302242,7,38,13,49,c(12.56724805, 43.25375102)
45302556,45,20,24,56,c(12.69946685, 46.08286149)
45322594,15,9,39,52,c(12.74267578, 46.4241947)
45342564,28,18,29,53,c(12.75476383, 46.15354495)
45344602,14,8,50,42,c(14.40272466, 64.46357012)
45362624,18,8,51,41,c(12.80882935, 46.69278579)
45382258,2,37,4,59,c(12.67201583, 43.39553955)
45382662,23,9,47,44,c(12.85336413, 47.03394887)
45384674,12,11,35,54,c(14.59137052, 65.10964955)
45402228,4,23,20,57,c(12.68423239, 43.12431705)
45402624,18,6,48,46,c(12.86104179, 46.69141074)
45404744,4,40,8,52,c(14.74338585, 65.73905999)
45421632,14,25,40,35,c(12.48886939, 37.73316501)
45422594,23,17,39,44,c(12.87255002, 46.42079289)
45422604,30,20,30,49,c(12.87739452, 46.51077146)
45442740,21,21,25,54,c(12.97206578, 47.73328877)
45462576,37,22,19,59,c(12.91567196, 46.25741888)
45482268,2,38,16,46,c(12.79937305, 43.48242964)
45482556,11,27,20,53,c(12.93175598, 46.0767269)
45482700,34,20,27,52,c(13.00433319, 47.37215918)
45484756,38,15,34,51,c(14.93618847, 65.84215608)
45502702,25,16,33,51,c(13.03182701, 47.38941082)
45504628,17,6,53,40,c(14.77220618, 64.68817536)
45522538,27,28,25,46,c(12.97445896, 45.91329756)
45542596,36,16,30,54,c(13.02939839, 46.43449758)
45542620,17,15,22,62,c(13.04170233, 46.65041528)
45544708,29,11,41,48,c(14.98472267, 65.40594492)
45544744,8,9,44,47,c(15.04554033, 65.73017076)
45564742,8,7,46,47,c(15.08523785, 65.71084277)
45564752,28,10,35,55,c(15.10254776, 65.80091196)
45582602,17,14,17,69,c(13.08446999, 46.48699717)
45582696,25,18,27,55,c(13.13437631, 47.33246067)
45582902,24,6,62,32,c(13.25134888, 49.18394604)
45583334,5,3,85,12,c(13.53658526, 53.06248839)
45584738,18,8,42,50,c(15.12140868, 65.67349386)
45602244,14,37,31,32,c(12.93635834, 43.26187514)
45602270,2,38,17,45,c(12.94814356, 43.49631905)
45602672,14,4,63,33,c(13.14775102, 47.11587638)
45604678,9,9,52,39,c(15.06191422, 65.13192896)
45624636,22,7,46,48,c(15.03443857, 64.75258206)
45642292,16,47,6,47,c(13.00768001, 43.69322388)
45642552,21,32,18,49,c(13.13610484, 46.03485482)
45642656,12,8,48,44,c(13.19161038, 46.97044528)
45642688,23,14,15,70,c(13.20920368, 47.25821271)
45662196,5,30,28,42,c(12.98804239, 42.82680654)
45662602,43,34,8,58,c(13.18847735, 46.48395651)
45684700,9,7,59,34,c(15.26899215, 65.32462155)
45702592,12,10,47,43,c(13.23502598, 46.39243899)
45722612,22,5,70,25,c(13.27199429, 46.57156268)
45722614,17,13,33,54,c(13.27310089, 46.58955263)
45762596,43,9,34,57,c(13.31511922, 46.42604175)
45764738,3,10,48,42,c(15.50874234, 65.66108785)
45764748,4,7,45,48,c(15.52744743, 65.75110304)
45782694,29,11,29,60,c(13.39739192, 47.30654331)
45784742,4,6,58,35,c(15.55928053, 65.69565706)
45802088,16,11,29,60,c(13.10800963, 41.84703501)
45802206,11,21,47,32,c(13.1634238, 42.91184327)
45802574,51,13,32,55,c(13.35465272, 46.22651532)
45802578,32,32,17,52,c(13.3568997, 46.26250033)
45804726,12,6,39,54,c(15.57216531, 65.55020984)
45822588,41,14,21,65,c(13.38846851, 46.35164145)
45822886,17,9,61,30,c(13.56971658, 49.03021862)
45842658,11,7,50,43,c(13.45515561, 46.98036456)
45842740,43,28,16,56,c(13.50451974, 47.7175344)
45842920,15,11,53,35,c(13.61947412, 49.3347164)
45861662,17,6,67,27,c(12.995892, 37.99095987)
45862112,54,24,22,55,c(13.19125365, 42.06142645)
45862158,2,30,26,44,c(13.21324504, 42.47654386)
45862576,18,18,38,44,c(13.43342061, 46.24204157)
45862878,12,9,50,41,c(13.61907697, 48.95660484)
45882564,30,38,13,50,c(13.45237068, 46.13325572)
45882610,34,14,42,44,c(13.47913314, 46.54702765)
45882676,6,7,48,45,c(13.51848206, 47.1405132)
45902110,19,26,28,46,c(13.23841363, 42.04183523)
45902624,14,6,54,40,c(13.51347386, 46.67208777)
45922208,3,26,36,38,c(13.31084339, 42.92522069)
45922694,25,12,27,61,c(13.58221638, 47.30060871)
45923158,5,15,47,38,c(13.90199217, 51.46754086)
45962662,12,14,28,58,c(13.6150654, 47.01118125)
45962734,27,38,9,53,c(13.66035556, 47.65838088)
46021624,28,38,23,38,c(13.16071357, 37.64053072)
46022134,42,34,14,52,c(13.39482093, 42.25366115)
46022620,28,9,44,46,c(13.66750419, 46.63089403)
46022632,10,10,38,52,c(13.67497545, 46.73879624)
46022704,30,8,42,51,c(13.72063914, 47.38606036)
46024734,20,5,61,34,c(16.05940055, 65.60560199)
46042706,18,13,22,65,c(13.74837926, 47.40312874)
46044840,26,10,43,47,c(16.32957597, 66.55755398)
46062232,5,21,24,54,c(13.49445163, 43.13591329)
46062628,8,9,44,46,c(13.72468177, 46.70103584)
46081642,16,42,13,45,c(13.23580493, 37.80149623)
46082678,13,17,27,56,c(13.78295124, 47.14962803)
46102154,81,15,44,41,c(13.50181846, 42.43080106)
46102520,35,33,12,55,c(13.70927275, 45.72787631)
46103060,12,18,49,32,c(14.08239089, 50.5792987)
46122128,48,21,19,60,c(13.51234669, 42.19538671)
46122668,15,7,53,39,c(13.82901252, 47.05789194)
46122678,11,10,38,51,c(13.83559313, 47.14777814)
46122858,10,15,39,46,c(13.95920146, 48.76495352)
46142604,28,30,14,55,c(13.81356522, 46.4815812)
46142734,27,29,15,56,c(13.89956238, 47.65010797)
46164762,5,7,51,42,c(16.42025361, 65.84605941)
46182544,10,16,17,67,c(13.82695676, 45.94013037)
46182646,31,13,42,44,c(13.89316375, 46.85732008)
46202116,74,29,19,52,c(13.6023499, 42.08370133)
46202440,1,31,11,57,c(13.78767817, 45.00344896)
46202640,28,15,39,46,c(13.91533465, 46.80243622)
46202682,11,9,43,48,c(13.94357916, 47.17995188)
46222554,58,23,17,60,c(13.88486528, 46.02820767)
46222770,20,27,28,45,c(14.03122723, 47.96968629)
46242196,0,36,14,50,c(13.69455563, 42.80356297)
46242712,11,11,26,63,c(14.01701647, 47.44761372)
46262116,69,27,21,52,c(13.674544, 42.08108822)
46262642,28,16,43,41,c(13.99513148, 46.81753637)
46262660,17,8,52,40,c(14.00742325, 46.97932748)
46262786,7,18,19,63,c(14.09626199, 48.11142956)
46282726,24,10,45,45,c(14.0798686, 47.57143692)
46302152,52,21,18,61,c(13.74271535, 42.40408067)
46302542,42,18,18,64,c(13.98001032, 45.91647508)
46302682,18,7,48,45,c(14.07524146, 47.1750839)
46321622,46,27,26,46,c(13.49688828, 37.61057219)
46342650,27,14,36,51,c(14.10533046, 46.88551226)
46343340,3,9,72,19,c(14.67391966, 53.0777178)
46362660,18,9,45,46,c(14.13857867, 46.97438527)
46362688,12,7,46,47,c(14.15852243, 47.22600082)
46364808,12,9,36,55,c(16.9620099, 66.24215612)
46382502,28,28,11,62,c(14.05603727, 45.55280462)
46382686,11,7,54,40,c(14.18343475, 47.20701685)
46402522,21,14,48,39,c(14.09502878, 45.73171359)
46402652,22,7,40,53,c(14.18531001, 46.90046971)
46402674,25,13,46,42,c(14.20110096, 47.09817091)
46402688,13,13,35,53,c(14.21122967, 47.22396819)
46422690,16,9,46,45,c(14.23904299, 47.24091212)
46442642,18,9,43,48,c(14.23047478, 46.80855783)
46442684,18,7,53,40,c(14.26099676, 47.18597053)
46442692,10,7,49,44,c(14.26687474, 47.25784865)
46442702,9,8,47,45,c(14.27425151, 47.34769189)
46442710,13,5,56,38,c(14.28017647, 47.41956298)
46462636,18,8,47,45,c(14.25227846, 46.7536063)
46462726,26,9,41,50,c(14.31861299, 47.56224935)
46462834,25,10,57,33,c(14.40180412, 48.53211737)
46502082,83,20,28,51,c(13.94339543, 41.76335642)
46502658,20,17,32,52,c(14.32068033, 46.94922795)
46502720,16,6,55,38,c(14.36709679, 47.50624219)
46522674,18,15,24,61,c(14.35882195, 47.09193694)
46542526,37,15,23,62,c(14.27723436, 45.76060084)
46562110,70,27,19,53,c(14.03183892, 42.01312109)
46562646,14,16,23,62,c(14.39031807, 46.83823007)
46562692,11,8,55,37,c(14.42507064, 47.25151561)
46562722,15,15,36,50,c(14.44811846, 47.52099275)
46563276,4,5,79,17,c(14.93626153, 52.49097397)
46582098,30,37,12,51,c(14.04867533, 41.90389726)
46582152,4,40,8,52,c(14.08133203, 42.39095868)
46602676,18,5,60,34,c(14.46548297, 47.10562096)
46602700,12,10,41,49,c(14.48398337, 47.32121487)
46622044,27,26,16,58,c(14.06431789, 41.41466873)
46622648,20,21,25,54,c(14.47030854, 46.8529766)
46622668,13,15,32,53,c(14.48561227, 47.03266438)
46622720,23,10,24,66,c(14.52603893, 47.49975789)
46641574,25,39,24,37,c(13.83215626, 37.16134844)
46642626,18,13,45,42,c(14.47969435, 46.65421303)
46642712,13,12,25,63,c(14.54620905, 47.42680461)
46642736,21,16,25,59,c(14.56522667, 47.64234548)
46661588,33,57,9,35,c(13.86149354, 37.28742601)
46662682,15,9,46,46,c(14.54903322, 47.15623747)
46662920,11,9,53,38,c(14.74549783, 49.29280603)
46664834,16,7,56,38,c(17.68915747, 66.44710645)
46682546,38,21,14,65,c(14.47146139, 45.93301816)
46682698,16,5,57,38,c(14.58797894, 47.29884348)
46702080,10,19,23,58,c(14.181492, 41.73559398)
46702502,51,20,20,60,c(14.46467252, 45.53633103)
46702596,5,4,76,20,c(14.53487373, 46.38134572)
46702674,26,9,44,48,c(14.59533803, 47.08215585)
46703430,6,11,58,32,c(15.30918817, 53.86200461)
46722040,1,31,9,60,c(14.18087238, 41.37364047)
46722638,17,12,32,55,c(14.59328973, 46.75763449)
46722642,10,6,50,44,c(14.59641469, 46.79357148)
46723074,5,13,57,29,c(14.96926449, 50.67045395)
46762094,18,20,25,54,c(14.26203634, 41.85886464)
46762518,46,15,22,63,c(14.55321654, 45.67692522)
46762666,17,9,47,44,c(14.66775444, 47.00692296)
46762724,8,18,26,56,c(14.71470133, 47.52781882)
46782088,3,28,22,50,c(14.28221508, 41.80371807)
46782664,11,8,53,39,c(14.69238373, 46.98782248)
46782690,16,13,32,55,c(14.71337834, 47.22134535)
46801652,36,35,12,53,c(14.05185749, 37.86107736)
46802588,13,22,17,60,c(14.65826068, 46.30388672)
46802648,14,7,53,40,c(14.70573746, 46.84296037)
46802984,16,24,21,55,c(14.99640473, 49.85854898)
46803376,6,8,66,26,c(15.39893671, 53.3716589)
46805054,28,10,39,51,c(18.67289935, 68.40685039)
46842048,20,19,21,60,c(14.32859915, 41.43973712)
46842602,12,22,15,63,c(14.72113137, 46.42741325)
46842660,9,10,46,44,c(14.76779589, 46.94845087)
46842692,8,8,61,32,c(14.79405411, 47.23584343)
46842710,7,12,26,62,c(14.80898806, 47.39747867)
46862694,13,8,50,42,c(14.82206474, 47.25263588)
46882468,2,26,27,48,c(14.66846281, 45.22066291)
46882520,43,10,41,49,c(14.70832948, 45.68818828)
46882592,38,12,28,59,c(14.76501711, 46.33526492)
46882664,10,10,40,50,c(14.82350227, 46.98204967)
46922466,4,31,17,52,c(14.71769698, 45.20041222)
46922908,10,14,41,45,c(15.09093555, 49.16953738)
46942670,11,8,43,49,c(14.9071984, 47.0323917)
46942692,6,13,38,49,c(14.92578404, 47.2299427)
46942710,25,14,33,53,c(14.94112525, 47.39155674)
46942756,24,27,7,67,c(14.98089168, 47.80449646)
46943130,7,17,31,51,c(15.33716379, 51.15849307)
46962070,3,24,33,43,c(14.48583103, 41.63190651)
46962676,7,11,33,56,c(14.93852025, 47.08507624)
46963410,10,10,62,28,c(15.67911102, 53.66517896)
46982044,12,15,34,51,c(14.492605, 41.39626638)
46982506,21,26,12,62,c(14.82520177, 45.55657918)
46982642,9,6,53,41,c(14.93604108, 46.77854482)
46982660,6,9,38,53,c(14.9512077, 46.94019757)
47022632,8,9,43,48,c(14.97981317, 46.68632819)
47022650,8,9,43,49,c(14.99507212, 46.84798219)
47024834,4,4,63,33,c(18.48352802, 66.40927799)
47042630,10,8,45,47,c(15.00418801, 46.66715557)
47042658,12,8,42,50,c(15.02807888, 46.91860612)
47042738,32,8,56,36,c(15.09798277, 47.63680744)
47042780,41,30,13,57,c(15.13568848, 48.01373378)
47061660,5,20,34,45,c(14.34943102, 37.92062611)
47062016,1,11,31,58,c(14.56914185, 41.13927484)
47062718,20,7,49,44,c(15.10672908, 47.45605039)
47082084,2,32,35,33,c(14.63861355, 41.75163636)
47082630,13,9,43,48,c(15.05631052, 46.6647167)
47082664,8,7,59,35,c(15.08565924, 46.97002764)
47082720,25,9,33,58,c(15.13496479, 47.47275819)
47082754,22,8,38,54,c(15.16550245, 47.77790891)
47084862,23,7,62,31,c(18.70103312, 66.65345857)
47102412,8,25,23,52,c(14.90317842, 44.70434864)
47102628,16,7,46,46,c(15.08064854, 46.64552684)
47103052,13,24,9,66,c(15.48242165, 50.44889572)
47122662,15,10,37,53,c(15.13632113, 46.94959028)
47122698,6,10,39,52,c(15.16817196, 47.27277908)
47122706,7,6,53,41,c(15.17531885, 47.34458953)
47143284,4,9,69,22,c(15.7972132, 52.52422538)
47143468,3,16,43,40,c(16.02455951, 54.17133595)
47144998,8,1,93,6,c(19.28368711, 67.86477579)
47162614,36,15,41,44,c(15.14660204, 46.51608091)
47182610,23,14,36,50,c(15.16910013, 46.47890883)
47182690,32,18,26,55,c(15.24001763, 47.19717734)
47184868,5,11,38,52,c(18.94228763, 66.69572825)
47185040,47,6,71,23,c(19.52756851, 68.23604438)
47201440,9,44,17,39,c(14.38124639, 35.9178787)
47202740,58,17,33,50,c(15.31217328, 47.64463301)
47202790,21,31,12,57,c(15.35904016, 48.09323732)
47204802,8,6,55,39,c(18.78173366, 66.10248241)
47204874,9,23,30,47,c(19.00598221, 66.74711876)
47222676,19,19,29,52,c(15.27994053, 47.06895544)
47242764,28,17,21,62,c(15.38785093, 47.85737019)
47261442,12,28,29,43,c(14.44813591, 35.93292101)
47262412,3,34,10,56,c(15.1043261, 44.69469889)
47262606,17,8,55,37,c(15.26941058, 46.43793021)
47262634,14,25,16,58,c(15.29439514, 46.68934301)
47282424,1,28,9,63,c(15.1393345, 44.80136116)
47283082,19,6,56,38,c(15.76813938, 50.70526143)
47301996,2,47,12,40,c(14.83937251, 40.94531355)
47302608,21,8,51,41,c(15.3230916, 46.45332319)
47322438,1,37,6,57,c(15.20139548, 44.92473029)
47322694,25,14,32,53,c(15.42797125, 47.22401265)
47322744,18,13,29,58,c(15.47525207, 47.67265508)
47323050,11,19,35,46,c(15.78913711, 50.41577677)
47324868,6,6,57,37,c(19.25377319, 66.67916759)
47325030,14,5,64,32,c(19.82121894, 68.12880351)
47342710,17,26,24,50,c(15.46938929, 47.36626722)
47344996,26,7,54,39,c(19.74234709, 67.82201527)
47361656,10,22,28,50,c(14.68522597, 37.86834532)
47362402,0,30,14,56,c(15.22166579, 44.59855985)
47382080,1,48,15,37,c(14.99442388, 41.69829038)
47402716,20,8,38,54,c(15.55435494, 47.41608545)
47422412,0,27,12,61,c(15.30541055, 44.68466192)
47422704,22,11,32,57,c(15.56920571, 47.30706912)
47442436,5,31,19,50,c(15.35109912, 44.89911692)
47442502,1,34,9,57,c(15.40871904, 45.49219626)
47442612,12,14,32,54,c(15.50843794, 46.48005183)
47442702,26,16,25,59,c(15.59364242, 47.28776926)
47462514,2,25,26,48,c(15.44491499, 45.5986859)
47462746,26,16,42,43,c(15.66310175, 47.68111841)
47482734,26,7,46,47,c(15.67776567, 47.57210351)
47482742,27,4,68,28,c(15.6856875, 47.64386094)
47502700,17,12,30,58,c(15.67075658, 47.26572273)
47522416,0,31,15,54,c(15.43453076, 44.71414728)
47522746,26,12,44,44,c(15.74276958, 47.67695905)
47522858,22,16,50,34,c(15.8579662, 48.68113594)
47524906,12,9,52,39,c(19.83046722, 66.99419312)
47542736,21,7,53,41,c(15.75927001, 47.58587287)
47545012,19,6,71,23,c(20.26858198, 67.93895223)
47562706,13,13,31,56,c(15.75574766, 47.31538581)
47562710,12,12,41,47,c(15.75972847, 47.3512665)
47562732,21,10,29,61,c(15.78174933, 47.54859482)
47564910,33,28,19,53,c(19.93469235, 67.02479807)
47565014,7,6,57,36,c(20.32305149, 67.95413441)
47582496,0,20,32,48,c(15.58168344, 45.42900493)
47582730,17,12,30,58,c(15.8062161, 47.52924927)
47582744,20,9,29,62,c(15.82039312, 47.65480589)
47602574,3,29,6,65,c(15.67980124, 46.12807846)
47621670,2,12,51,38,c(14.98736634, 37.98022402)
47622390,1,25,14,61,c(15.53722576, 44.47382601)
47622754,45,15,42,43,c(15.88374465, 47.7416345)
47623044,20,21,12,67,c(16.20286011, 50.33999594)
47642424,5,31,8,60,c(15.59252547, 44.77807326)
47642728,23,6,45,49,c(15.88359546, 47.50705186)
47662094,12,26,50,24,c(15.33987568, 41.80718546)
47662432,2,22,16,62,c(15.62490917, 44.84861046)
47662810,26,31,14,55,c(15.99581379, 48.24079034)
47682402,4,34,12,54,c(15.62305053, 44.57765384)
47682460,0,30,12,58,c(15.67567034, 45.09881948)
47701994,2,36,18,46,c(15.30992293, 40.90305021)
47702416,1,35,12,53,c(15.66076775, 44.70211221)
47702576,1,38,5,56,c(15.81066743, 46.13907968)
47702722,11,13,41,46,c(15.95677387, 47.44893068)
47722034,1,23,21,56,c(15.3644047, 41.26250579)
47722316,8,13,48,39,c(15.59682525, 43.8017753)
47722388,1,28,12,59,c(15.66058356, 44.44910549)
47722586,0,18,51,31,c(15.84621437, 46.22742363)
47741670,5,9,36,55,c(15.12276269, 37.97303936)
47742418,1,37,8,55,c(15.71285836, 44.71734286)
47742484,1,26,10,65,c(15.77404321, 45.31025289)
47742548,0,25,13,61,c(15.83503373, 45.88492)
47742728,15,11,40,50,c(16.01589792, 47.49982374)
47742938,17,24,26,50,c(16.24602942, 49.38165645)
47763328,9,18,55,27,c(16.76788246, 52.86984077)
47801976,1,13,40,47,c(15.41387205, 40.7342868)
47802318,2,37,10,54,c(15.69755952, 43.81432962)
47821984,1,18,51,30,c(15.44362614, 40.80515401)
47842580,0,38,10,52,c(15.99517536, 46.16497878)
47842680,28,25,12,63,c(16.09745712, 47.06204901)
47882408,1,18,25,57,c(15.8793984, 44.61771258)
47902034,1,29,34,37,c(15.57788082, 41.2507464)
47902478,2,19,27,53,c(15.97141504, 45.2450283)
47942316,10,21,36,43,c(15.86891977, 43.78661361)
47942590,0,23,8,69,c(16.13440011, 46.24736626)
48023148,18,38,17,45,c(16.89921459, 51.23844835)
48042546,1,43,5,52,c(16.21789279, 45.84511068)
48062614,0,28,10,63,c(16.31477381, 46.45360512)
48081952,0,19,28,53,c(15.72352211, 40.49921091)
48082564,1,28,12,60,c(16.28790706, 46.0035859)
48082960,14,24,24,52,c(16.73984702, 49.55164195)
48083036,15,11,44,45,c(16.83626402, 50.23165759)
48101972,1,49,18,33,c(15.76334732, 40.67821857)
48102288,0,49,5,46,c(16.04042177, 43.52342691)
48102304,2,28,18,54,c(16.05541499, 43.66726808)
48102606,1,37,10,53,c(16.35807421, 46.37878878)
48122006,2,36,38,25,c(15.81512312, 40.98338469)
48141984,0,17,54,29,c(15.82031895, 40.7836601)
48142034,11,25,29,45,c(15.8624018, 41.23435495)
48142358,0,27,11,62,c(16.15651663, 44.14963642)
48142494,0,30,8,62,c(16.29214078, 45.37090188)
48161946,2,32,21,48,c(15.81229378, 40.43959405)
48162584,2,38,9,54,c(16.41208309, 46.17684235)
48201676,57,7,69,24,c(15.64603349, 37.99800147)
48202472,0,27,29,44,c(16.3456618, 45.16886643)
48261700,20,6,65,30,c(15.73200319, 38.21104203)
48265034,21,13,45,42,c(22.04192857, 68.03022647)
48281936,1,23,22,55,c(15.94430947, 40.34099679)
48282506,1,46,5,49,c(16.48274977, 45.46778894)
48301938,1,22,18,61,c(15.96936904, 40.35761549)
48302536,0,22,11,67,c(16.54034305, 45.73534819)
48302612,3,23,21,56,c(16.62361851, 46.41687083)
48303032,20,5,65,30,c(17.1379664, 50.17705797)
48321684,25,10,59,32,c(15.78755433, 38.06224201)
48322288,8,30,24,46,c(16.31112223, 43.50710779)
48322566,1,20,20,60,c(16.59859948, 46.00282268)
48341914,1,26,21,53,c(15.99578515, 40.13829419)
48343156,3,9,58,33,c(17.36694005, 51.28191741)
48361714,24,22,27,51,c(15.85611219, 38.33076716)
48362938,28,33,10,57,c(17.09640969, 49.33113398)
48381694,34,16,31,54,c(15.86310001, 38.1485395)
48402042,16,32,31,38,c(16.17764359, 41.28774439)
48402298,4,39,12,49,c(16.41944874, 43.59085953)
48402592,0,26,11,64,c(16.73052284, 46.22949247)
48403024,16,9,46,45,c(17.26642173, 50.096711)
48405016,3,12,22,66,c(22.28482308, 67.84801925)
48421742,24,15,45,40,c(15.94645089, 38.57966483)
48421886,10,37,12,52,c(16.06511759, 39.87995066)
48445084,16,5,56,39,c(22.70172525, 68.44541323)
48461894,1,24,29,47,c(16.11836027, 39.94922554)
48462300,0,35,14,51,c(16.49536351, 43.60417593)
48482316,3,31,24,45,c(16.53622152, 43.74635612)
48501900,2,20,34,46,c(16.16999347, 40.00042448)
48505068,12,4,79,18,c(22.76508489, 68.29341496)
48521896,1,35,18,47,c(16.18976876, 39.96287301)
48525072,4,9,72,19,c(22.83184277, 68.32556712)
48541882,24,34,26,40,c(16.20085637, 39.83510745)
48581866,28,45,14,41,c(16.23332509, 39.68779832)
48583234,4,4,75,21,c(17.8288657, 51.95616664)
48585066,16,6,69,26,c(22.94344738, 68.2622446)
48585070,10,6,64,30,c(22.96328806, 68.29772036)
48622024,4,48,14,38,c(16.42173349, 41.10907074)
48641796,22,20,19,61,c(16.2422475, 39.05154763)
48661902,1,19,28,53,c(16.35769862, 40.00653521)
48665052,20,5,73,23,c(23.06151508, 68.12453507)
48665056,14,5,70,25,c(23.08139334, 68.15999224)
48685050,5,1,92,7,c(23.09828305, 68.10339495)
48701802,21,18,37,45,c(16.31614823, 39.10124459)
48701838,44,4,79,18,c(16.34745141, 39.42617432)
48702022,1,49,11,40,c(16.51443139, 41.08488331)
48702512,1,27,10,64,c(17.02403832, 45.48735199)
48702570,1,23,15,61,c(17.09152119, 46.00722524)
48721710,20,18,41,41,c(16.26072197, 38.26876196)
48745020,11,4,81,15,c(23.089513, 67.82728842)
48761830,30,15,55,30,c(16.40949195, 39.3494348)
48781840,19,11,52,37,c(16.44137224, 39.43814195)
48783016,14,29,5,66,c(17.78325818, 49.99022217)
48801776,27,37,15,49,c(16.4080233, 38.85895175)
48801836,23,13,48,39,c(16.46084721, 39.40051733)
48805052,5,6,52,42,c(23.3882524, 68.10038578)
48805084,4,5,70,25,c(23.55291857, 68.38368601)
48822296,1,24,30,46,c(16.9343925, 43.53920961)
48822884,13,15,34,51,c(17.65067839, 48.80684867)
48842482,0,35,12,53,c(17.1670971, 45.20640237)
48845030,11,4,74,23,c(23.37006526, 67.89862411)
48861746,11,8,48,45,c(16.45030604, 38.58345978)
48881806,15,14,42,44,c(16.52600998, 39.12362618)
48881820,27,23,28,49,c(16.53854215, 39.24996732)
48882292,3,36,17,47,c(17.00386406, 43.4982691)
48882296,3,31,21,48,c(17.00819553, 43.53418625)
48883170,5,7,64,29,c(18.15908786, 51.35543336)
48921816,14,13,55,33,c(16.58087416, 39.21075649)
48922522,0,26,11,63,c(17.31595567, 45.55793663)
48922552,2,17,31,52,c(17.3521659, 45.82673597)
48941830,28,11,50,39,c(16.61654355, 39.33550652)
48965050,25,3,82,15,c(23.75046625, 68.05438297)
48985004,21,12,49,39,c(23.56141655, 67.64399112)
49002534,0,24,10,65,c(17.4325018, 45.65833095)
49041822,19,6,75,18,c(16.72414209, 39.25540986)
49104984,13,6,68,26,c(23.73403437, 67.44584831)
49123230,3,18,52,30,c(18.60282937, 51.86587637)
49162492,1,21,11,68,c(17.58442539, 45.26754897)
49165040,17,3,83,15,c(24.16128319, 67.92965903)
49205016,9,3,81,15,c(24.12642775, 67.71040681)
49284984,19,4,76,21,c(24.14164122, 67.41324156)
49303342,1,2,93,5,c(19.06530702, 52.84425394)
49324960,25,4,74,22,c(24.10828062, 67.19409569)
49343410,5,15,57,28,c(19.25384013, 53.44516146)
49384868,7,24,17,59,c(23.78522373, 66.37115019)
49385002,7,6,60,34,c(24.46289182, 67.55343362)
49402872,43,28,13,59,c(18.41756908, 48.64285088)
49425006,36,8,63,29,c(24.57523267, 67.58114359)
49425226,8,0,100,0,c(25.8732278, 69.51694694)
49445008,8,6,67,28,c(24.63150193, 67.59497141)
49445044,17,8,67,25,c(24.82886051, 67.91209822)
49484958,20,5,74,21,c(24.45614461, 67.14679902)
49503262,1,3,87,10,c(19.20939013, 52.10934119)
49504846,11,18,27,55,c(23.93926272, 66.15546038)
49562000,2,32,28,41,c(17.50601277, 40.81494564)
49565156,2,4,76,20,c(25.76895775, 68.87320472)
49565160,17,11,43,46,c(25.79384467, 68.9083312)
49585158,12,7,59,34,c(25.8292408, 68.88664156)
49604946,19,5,71,23,c(24.66073101, 67.01842239)
49624882,18,4,73,23,c(24.37581939, 66.45090888)
49642882,60,25,23,52,c(18.75699133, 48.70700122)
49644930,25,6,68,26,c(24.66549339, 66.86993458)
49665282,2,3,87,11,c(26.84602802, 69.9565147)
49682560,14,24,27,49,c(18.33509214, 45.82631904)
49685086,23,6,66,28,c(25.62639985, 68.23390915)
49702880,34,17,25,58,c(18.83482899, 48.68272778)
49705052,45,24,39,37,c(25.47276776, 67.93122135)
49705076,33,6,68,26,c(25.6134935, 68.14202371)
49722502,7,30,6,64,c(18.30689844, 45.30340512)
49724820,7,7,35,58,c(24.28498426, 65.88611835)
49724864,18,6,51,43,c(24.50225764, 66.27368012)
49765086,18,7,63,30,c(25.81251944, 68.21753734)
49781958,2,33,33,34,c(17.71829151, 40.41714067)
49784970,10,6,74,20,c(25.19093573, 67.19473237)
49785064,42,8,60,32,c(25.72743245, 68.02036095)
49785262,5,5,77,18,c(27.00412009, 69.75498644)
49804882,12,3,79,17,c(24.76698418, 66.4169822)
49805044,40,14,54,32,c(25.65566299, 67.84073235)
49845142,8,4,78,17,c(26.34709568, 68.69175795)
49864960,24,4,75,21,c(25.31424979, 67.09104229)
49882996,8,25,11,64,c(19.27209419, 49.69708093)
49884818,9,3,78,19,c(24.61553811, 65.83866957)
49902530,0,33,5,62,c(18.57396392, 45.53554683)
49962994,13,24,16,61,c(19.37873985, 49.67014899)
49984918,17,16,56,28,c(25.34956794, 66.6983475)
49984936,20,23,13,64,c(25.44779621, 66.8563782)
49984954,12,13,49,38,c(25.54740911, 67.01436658)
49985170,25,8,65,27,c(26.86204097, 68.90646495)
49985224,14,8,60,32,c(27.22929239, 69.37822678)
50002954,6,20,32,48,c(19.36444291, 49.3092136)
50003224,7,8,62,29,c(19.85859296, 51.71254758)
50004912,18,3,82,15,c(25.36083736, 66.64169261)
50025016,13,6,69,25,c(25.99197089, 67.54993)
50025210,7,11,36,53,c(27.22917826, 69.24700143)
50045170,17,7,66,28,c(27.00507176, 68.89321677)
50063302,1,6,74,20,c(20.10107009, 52.39859179)
50064868,10,4,61,35,c(25.25606007, 66.24348331)
50064890,24,4,72,24,c(25.37298263, 66.43663223)
50081966,4,16,58,26,c(18.07776972, 40.46087514)
50083244,4,12,46,42,c(20.0130591, 51.8806014)
50102914,14,10,52,38,c(19.43196035, 48.94135496)
50124834,17,5,63,32,c(25.20687805, 65.93314205)
50164810,11,5,63,32,c(25.16819452, 65.7145749)
50164936,14,2,87,11,c(25.84377129, 66.81992598)
50165062,29,10,53,37,c(26.58871876, 67.92302426)
50183292,2,7,66,27,c(20.25514435, 52.29469695)
50183772,4,16,39,45,c(21.37902771, 56.55234403)
50203276,5,11,62,27,c(20.25117697, 52.15002704)
50222920,18,6,57,37,c(19.60503101, 48.98088361)
50224906,6,2,87,11,c(25.80747615, 66.54472655)
50224978,16,7,64,29,c(26.2174457, 67.17534203)
50225104,24,5,80,16,c(26.99359485, 68.27694002)
50243722,12,23,36,41,c(21.34357416, 56.10099521)
50265206,6,8,39,52,c(27.77962341, 69.15731159)
50282626,2,10,70,20,c(19.20210217, 46.35250619)
50285020,14,4,75,21,c(26.60278618, 67.52996994)
50285214,1,1,96,3,c(27.88474724, 69.222303)
50302926,28,31,12,57,c(19.72410491, 49.02489275)
50303656,7,9,46,45,c(21.26885335, 55.50791934)
50305068,12,8,60,32,c(26.94700562, 67.94496273)
50322912,22,11,53,37,c(19.7265171, 48.89785709)
50325010,7,6,72,21,c(26.63186707, 67.43394667)
50342776,15,33,11,56,c(19.52066151, 47.68381473)
50344878,22,4,73,23,c(25.91238658, 66.27483298)
50344932,18,5,74,21,c(26.21567466, 66.74757256)
50345130,20,6,76,19,c(27.4445816, 68.47688583)
50382960,9,26,19,55,c(19.89388077, 49.31799862)
50384994,11,11,35,53,c(26.669121, 67.28118587)
50385232,14,2,93,6,c(28.2567818, 69.3552659)
50403010,42,18,27,56,c(20.01319777, 49.76046931)
50403182,4,12,45,43,c(20.3466434, 51.28958398)
50403872,6,20,19,62,c(22.01274678, 57.4051416)
50404972,7,5,72,23,c(26.58152156, 67.08463911)
50405140,24,9,59,31,c(27.65262626, 68.55030686)
50405152,17,6,71,23,c(27.73489843, 68.65478642)
50424896,17,8,58,34,c(26.18501771, 66.41582637)
50463086,9,28,33,40,c(20.24097721, 50.42887896)
50505018,9,7,48,45,c(27.08516849, 67.46446828)
50505168,23,5,69,26,c(28.08211453, 68.77066014)
50522866,15,33,12,55,c(19.9148291, 48.4643512)
50562924,20,11,55,34,c(20.0731292, 48.97572207)
50562928,10,15,49,36,c(20.08044707, 49.0113136)
50564980,7,6,70,24,c(26.98404026, 67.11973986)
50585140,14,5,75,20,c(28.07343652, 68.50849201)
50602888,14,13,43,44,c(20.06172559, 48.65045849)
50602934,14,25,29,46,c(20.1457474, 49.05976511)
50604932,11,5,70,24,c(26.78333213, 66.6921218)
50622704,5,21,33,46,c(19.7685124, 47.00925896)
50642640,1,2,90,8,c(19.68891468, 46.436291)
50642910,18,18,33,48,c(20.15575196, 48.84129815)
50642978,19,20,17,64,c(20.28249222, 49.44612448)
50663868,14,26,30,45,c(22.42689884, 57.33003722)
50665032,13,7,61,32,c(27.53333981, 67.55058506)
50683002,13,34,6,60,c(20.38311176, 49.65445393)
50683680,15,17,45,38,c(21.92687254, 55.6655253)
50684898,6,5,72,23,c(26.75715204, 66.37802144)
50684938,16,5,69,25,c(26.99341916, 66.72701824)
50685018,28,9,52,40,c(27.48842321, 67.42416047)
50685036,17,6,71,22,c(27.60414775, 67.58085064)
50685054,23,6,70,24,c(27.72154163, 67.73747607)
50703190,2,8,68,24,c(20.78956082, 51.32171629)
50703804,6,23,18,59,c(22.30429705, 56.75853677)
50705044,14,8,60,33,c(27.70122388, 67.64588801)
50743686,8,15,41,44,c(22.03727629, 55.70963334)
50765014,12,7,66,27,c(27.64151348, 67.37115254)
50783758,15,6,62,32,c(22.30079169, 56.33987593)
50784986,20,19,26,54,c(27.50788816, 67.12294106)
50863368,2,4,86,11,c(21.41645903, 52.87814857)
50864866,18,12,25,63,c(26.95634353, 66.05974114)
50905002,9,2,84,14,c(27.87552936, 67.2346387)
50923288,2,3,85,12,c(21.31937006, 52.16096064)
50944888,20,5,66,29,c(27.25600463, 66.2338094)
50965004,13,4,71,26,c(28.0214704, 67.23808574)
51002942,8,13,44,43,c(20.70373415, 49.08006791)
51025014,2,4,83,13,c(28.22015348, 67.31083098)
51044970,5,2,84,14,c(27.97813787, 66.92420883)
51065058,13,6,66,28,c(28.6060304, 67.68278089)
51105052,9,5,80,15,c(28.65470993, 67.62116293)
51125008,17,3,76,21,c(28.40200636, 67.2351189)
51142618,43,37,13,50,c(20.29587795, 46.17978162)
51143456,3,6,58,36,c(22.04572389, 53.6164338)
51143722,4,14,40,46,c(22.76821189, 55.96583797)
51204888,9,3,86,12,c(27.81045372, 66.17507484)
51223716,13,11,51,37,c(22.8767955, 55.90014499)
51224874,2,2,87,10,c(27.76764296, 66.04887329)
51244950,16,5,71,23,c(28.28538196, 66.70385233)
51244972,16,16,49,35,c(28.42818841, 66.89455231)
51245080,33,5,77,18,c(29.16576404, 67.82910949)
51265006,15,6,66,29,c(28.69781193, 67.18423445)
51265074,11,4,79,18,c(29.16819357, 67.7723076)
51305050,16,3,81,16,c(29.0886944, 67.55502907)
51362950,15,24,29,47,c(21.20801144, 49.10304307)
51364966,22,4,69,26,c(28.65010644, 66.81387973)
51423570,6,13,24,63,c(22.77056099, 54.58039619)
51424852,20,6,55,39,c(28.05541344, 65.81179843)
51424900,11,6,52,42,c(28.35315622, 66.22796666)
51424978,18,5,72,23,c(28.86046513, 66.90318681)
51464836,16,5,67,28,c(28.04194912, 65.66372072)
51464922,4,8,54,38,c(28.57887454, 66.40899931)
51502870,11,37,12,51,c(21.23486224, 48.37385462)
51503198,1,5,80,15,c(21.94273518, 51.28107391)
51542896,19,29,17,55,c(21.34087608, 48.59912864)
51543472,4,3,83,13,c(22.68469757, 53.69668021)
51584880,2,3,86,11,c(28.56572049, 66.01675942)
51624844,25,10,60,30,c(28.42454374, 65.69558107)
51643338,2,9,69,22,c(22.48348085, 52.4979399)
51644872,16,9,51,40,c(28.64146635, 65.93317964)
51664954,12,6,42,52,c(29.21917184, 66.63692912)
51682754,32,33,11,56,c(21.24452811, 47.31922837)
51703136,5,29,16,55,c(22.08057219, 50.70298723)
51723090,2,3,87,11,c(22.00314195, 50.29292893)
51724894,17,6,59,35,c(28.95084218, 66.10405849)
51743706,29,9,41,49,c(23.66308434, 55.72622941)
51783768,7,17,37,46,c(23.92110025, 56.26465015)
51824890,39,3,74,23,c(29.13580419, 66.04503506)
51844906,17,5,67,28,c(29.28307995, 66.17815996)
51902856,36,44,6,50,c(21.73978792, 48.19379558)
51964900,19,8,53,40,c(29.49666135, 66.0965259)
52124010,5,10,41,49,c(25.31871579, 58.32528526)
52142920,14,25,14,61,c(22.1974166, 48.7259613)
52163856,3,11,38,51,c(24.82309163, 56.96908609)
52181880,12,38,9,53,c(20.39887409, 39.45792311)
52224068,9,20,30,49,c(25.71157848, 58.81299514)
52224086,36,12,38,50,c(25.78332171, 58.97026014)
52263284,3,3,78,19,c(23.23907611, 51.92335549)
52321948,26,24,23,53,c(20.65981394, 40.04957566)
52363162,10,19,19,62,c(23.06722482, 50.83117239)
52364004,5,10,44,46,c(25.6952112, 58.22620937)
52401908,23,36,18,47,c(20.69261035, 39.68125139)
52483188,5,14,48,39,c(23.30165029, 51.04114631)
52483744,13,13,57,30,c(24.94555016, 55.92832632)
52503606,4,17,51,33,c(24.52383342, 54.7146526)
52521950,40,22,33,44,c(20.89433128, 40.04185256)
52521960,13,18,38,44,c(20.90962741, 40.1313298)
52561940,26,25,24,51,c(20.92531755, 39.94718008)
52581944,35,25,20,54,c(20.95455224, 39.98037273)
52582016,30,27,22,50,c(21.06643831, 40.62429634)
52601984,11,23,44,33,c(21.0395725, 40.33556297)
52641894,17,25,21,54,c(20.94755011, 39.52505147)
52641966,33,31,10,60,c(21.05797236, 40.16933021)
52643750,20,17,41,41,c(25.21697977, 55.95088357)
52661964,32,19,41,40,c(21.07804138, 40.14881067)
52682034,20,12,47,41,c(21.21190925, 40.77189609)
52701824,30,36,13,51,c(20.91131183, 38.89030395)
52701914,38,32,12,56,c(21.04698033, 39.69623516)
52702036,25,10,53,37,c(21.23851917, 40.78709115)
52721908,23,50,11,39,c(21.06078941, 39.63991425)
52721944,19,20,36,44,c(21.11635906, 39.96201072)
52723768,10,7,56,37,c(25.40542938, 56.0931623)
52761962,11,21,21,58,c(21.19076102, 40.11768708)
52762016,23,16,26,58,c(21.27650337, 40.60035997)
52763968,3,2,91,7,c(26.21503049, 57.83211725)
52801884,27,29,18,54,c(21.11585309, 39.41458111)
52803628,28,20,43,37,c(25.05244629, 54.85260294)
52803934,41,21,20,59,c(26.14737244, 57.52749093)
52823988,27,2,88,11,c(26.39323568, 57.99424466)
52841986,8,16,36,48,c(21.32158476, 40.32152404)
52861882,37,32,11,57,c(21.1815222, 39.3887418)
52862002,28,37,12,50,c(21.37052127, 40.46179716)
52882004,17,17,33,50,c(21.39703083, 40.47695664)
52901866,42,22,28,50,c(21.20268689, 39.24022379)
52902006,17,15,44,41,c(21.42355383, 40.49210835)
52902694,14,18,19,63,c(22.70713211, 46.61022192)
52903858,12,9,41,50,c(26.01843119, 56.84433129)
52942010,19,11,48,41,c(21.47664014, 40.52238842)
52942028,11,14,42,44,c(21.50607071, 40.68314049)
52981856,19,22,22,56,c(21.27864938, 39.14004923)
52981916,12,17,41,42,c(21.37223054, 39.67685184)
52982712,14,10,51,38,c(22.84928324, 46.75719656)
53001984,24,37,14,49,c(21.50412925, 40.28193546)
53023984,22,1,92,7,c(26.70611107, 57.91803504)
53041908,29,28,30,42,c(21.42855231, 39.59718828)
53041990,19,29,20,51,c(21.56033077, 40.33004679)
53042016,11,21,15,64,c(21.6029903, 40.56223797)
53082046,15,26,34,40,c(21.69955377, 40.82448383)
53101990,16,38,12,50,c(21.63000069, 40.32177256)
53121854,23,26,21,53,c(21.43522195, 39.10329507)
53121938,15,31,26,43,c(21.56852594, 39.85445641)
53123826,8,17,33,50,c(26.24846495, 56.5209952)
53124134,5,9,75,15,c(27.51384602, 59.20018128)
53142710,23,23,23,54,c(23.05153289, 46.71444827)
53161898,18,27,30,43,c(21.55038169, 39.49140248)
53162712,8,13,29,58,c(23.08177416, 46.72897814)
53201820,26,20,25,55,c(21.47325522, 38.78815695)
53204002,5,3,81,16,c(27.07640369, 58.03659978)
53221774,26,6,85,10,c(21.42496544, 38.37357989)
53221972,21,30,12,58,c(21.73950206, 40.14435118)
53241996,16,19,48,34,c(21.80249693, 40.3558372)
53242014,19,39,14,48,c(21.83262144, 40.51649854)
53242058,13,34,15,51,c(21.90714921, 40.90905262)
53261884,16,27,27,46,c(21.64254729, 39.35246606)
53262034,21,17,37,46,c(21.88968637, 40.69213502)
53281994,19,24,26,51,c(21.84560061, 40.33235946)
53282678,9,19,27,53,c(23.16104043, 46.4092438)
53282696,21,6,56,37,c(23.20092803, 46.56842453)
53301952,12,13,32,55,c(21.79899504, 39.95454742)
53321804,33,31,31,38,c(21.58433031, 38.62855952)
53321876,23,18,36,46,c(21.69832286, 39.27263283)
53321886,28,22,32,46,c(21.71440245, 39.36203268)
53321948,25,9,58,33,c(21.81547537, 39.91601728)
53341880,8,30,27,44,c(21.72761006, 39.30561458)
53361962,23,10,69,21,c(21.88485605, 40.03540248)
53401876,20,23,25,52,c(21.78971544, 39.26148849)
53401926,26,10,44,46,c(21.87133478, 39.7082665)
53402272,18,24,18,59,c(22.48159553, 42.79114521)
53403908,12,19,27,54,c(27.01570183, 57.17697957)
53441692,4,15,63,22,c(21.54690036, 37.60898948)
53441970,21,29,11,60,c(21.99072003, 40.09546891)
53442006,7,13,26,60,c(22.05170117, 40.41670448)
53442046,16,35,19,46,c(22.12045951, 40.77343582)
53442258,28,17,29,54,c(22.50339832, 42.66072491)
53462002,24,16,40,44,c(22.06811045, 40.37815225)
53462246,16,12,45,43,c(22.50488202, 42.55105924)
53481844,23,27,24,49,c(21.82927088, 38.96420172)
53481854,21,21,28,51,c(21.84539413, 39.05360917)
53482214,18,17,34,49,c(22.46909674, 42.26353702)
53501828,35,47,13,40,c(21.82629467, 38.8183218)
53501832,31,18,38,44,c(21.83270963, 38.85409333)
53521820,29,21,28,51,c(21.83616319, 38.74397057)
53521834,7,15,48,37,c(21.85863134, 38.86917049)
53522078,9,26,25,50,c(22.27010228, 41.04702453)
53522226,14,13,42,44,c(22.5393445, 42.36426753)
53541768,20,37,22,41,c(21.77625508, 38.27592286)
53541818,15,12,59,29,c(21.85562502, 38.72327658)
53541858,23,20,27,53,c(21.92020555, 39.08091319)
53542056,32,21,57,22,c(22.2547867, 40.84806517)
53542080,14,18,28,54,c(22.29710475, 41.06191673)
53561634,19,27,36,37,c(21.59284177, 37.07256131)
53561914,18,10,56,34,c(22.03522437, 39.57838669)
53561982,13,8,55,38,c(22.1499118, 40.18533384)
53562216,10,7,51,42,c(22.56848422, 42.26935616)
53563892,2,32,15,53,c(27.20777707, 57.00383519)
53563934,5,7,55,38,c(27.38014342, 57.36855052)
53581926,25,10,49,41,c(22.0782283, 39.68267442)
53581972,17,15,45,40,c(22.15598033, 40.0932288)
53581980,23,23,29,47,c(22.16964295, 40.16460095)
53581998,27,9,64,28,c(22.20053796, 40.32515749)
53582008,29,25,25,50,c(22.21779465, 40.41433718)
53582034,31,52,4,43,c(22.2629751, 40.64614319)
53601982,14,13,35,52,c(22.19621671, 40.17954605)
53621916,11,24,32,44,c(22.10740201, 39.58764869)
53621962,22,13,59,28,c(22.18513843, 39.99822172)
53641742,35,36,15,49,c(21.84775358, 38.02921676)
53641882,15,31,23,47,c(22.07365781, 39.28113801)
53641894,8,31,17,52,c(22.09358228, 39.3883207)
53661974,30,15,46,39,c(22.25188796, 40.09946841)
53663790,7,11,29,61,c(26.96181627, 56.09606458)
53701812,9,18,40,42,c(22.0271166, 38.64699284)
53702212,22,17,39,45,c(22.72825054, 42.21264345)
53721882,9,23,41,36,c(22.1650124, 39.26963882)
53742036,38,41,9,50,c(22.45298362, 40.64043879)
53742054,14,41,18,40,c(22.48501143, 40.80079392)
53742310,31,39,19,42,c(22.9658677, 43.07687708)
53761962,21,13,45,42,c(22.34670208, 39.97782038)
53762196,38,16,52,32,c(22.7695446, 42.06129479)
53801740,33,35,21,44,c(22.02398165, 37.98873263)
53801808,30,26,32,43,c(22.13370471, 38.59692687)
53821886,26,62,4,34,c(22.28590532, 39.29085722)
53841818,19,16,53,31,c(22.19535275, 38.68054602)
53843780,11,16,46,38,c(27.20417637, 55.97098077)
53861684,29,40,19,40,c(22.00245245, 37.47889368)
53861822,28,17,30,53,c(22.22458921, 38.71339975)
53881726,31,22,35,43,c(22.09122324, 37.85204342)
53881892,6,34,22,44,c(22.36459394, 39.3356478)
53882194,11,16,51,33,c(22.90863694, 42.0251259)
53902242,19,47,6,47,c(23.02514076, 42.44838148)
53921652,14,21,42,37,c(22.01903546, 37.18375499)
53921802,30,30,18,53,c(22.25943629, 38.52596828)
53941666,37,15,45,41,c(22.06310839, 37.30631955)
53941710,33,21,43,37,c(22.13272432, 37.70026192)
53941810,31,20,34,46,c(22.29524444, 38.59455422)
53961798,22,38,13,49,c(22.29798811, 38.48440516)
53962198,12,7,66,27,c(23.01154075, 42.0482857)
53981826,27,26,24,50,c(22.36711467, 38.73166145)
54001706,36,25,21,54,c(22.19326443, 37.65584062)
54001840,12,27,39,34,c(22.41326629, 38.85376681)
54002332,13,30,19,51,c(23.32515982, 43.23109446)
54021790,20,44,11,44,c(22.35242393, 38.40415661)
54022258,9,10,53,37,c(23.20051443, 42.57159638)
54022312,31,28,29,43,c(23.3087409, 43.05059019)
54041732,25,39,14,47,c(22.27984391, 37.88267877)
54062618,8,31,17,52,c(24.01969257, 45.75118659)
54081624,24,20,40,40,c(22.15223697, 36.91008184)
54081684,12,14,40,46,c(22.24713628, 37.44739239)
54081756,17,18,46,35,c(22.36383148, 38.09147214)
54101748,31,28,35,37,c(22.3731242, 38.01702138)
54102324,37,32,9,59,c(23.4300298, 43.1441676)
54121854,19,9,60,32,c(22.57322911, 38.9609947)
54122308,38,21,40,39,c(23.42150759, 42.99913368)
54141644,25,12,58,30,c(22.25000577, 37.08059558)
54142086,11,25,18,57,c(23.011427, 41.0248974)
54142248,13,16,39,45,c(23.32452166, 42.46384794)
54201704,17,47,14,39,c(22.41295482, 37.60887768)
54201890,17,14,46,40,c(22.72648669, 39.27019312)
54221832,29,26,29,45,c(22.64900617, 38.74968523)
54222236,11,15,54,32,c(23.39629277, 42.34462067)
54241718,35,21,47,32,c(22.48044045, 37.7282084)
54261836,30,24,44,32,c(22.70115999, 38.77938277)
54281680,25,31,23,46,c(22.46290477, 37.38242109)
54301678,35,19,39,41,c(22.48185866, 37.36158243)
54301756,8,33,18,49,c(22.61053826, 38.05898698)
54301882,28,45,17,38,c(22.82648442, 39.1837016)
54341674,21,20,27,52,c(22.51973573, 37.31989305)
54342240,7,10,48,42,c(23.54779244, 42.36078605)
54361670,22,15,31,54,c(22.53539878, 37.28114928)
54362020,38,37,24,39,c(23.14471555, 40.40360533)
54381718,15,29,31,40,c(22.63661679, 37.70743585)
54382232,10,15,43,42,c(23.57939823, 42.28336772)
54382834,10,13,34,53,c(24.96005863, 47.59782928)
54401670,9,16,37,47,c(22.57974342, 37.27522077)
54421632,18,13,37,50,c(22.54011411, 36.93221764)
54421668,9,7,55,38,c(22.5986391, 37.25435774)
54421730,22,31,23,46,c(22.70127226, 37.80870175)
54421790,21,25,35,41,c(22.80286897, 38.34462457)
54421794,13,41,14,45,c(22.80972327, 38.38033408)
54422204,14,9,66,25,c(23.57063616, 42.02856491)
54482836,4,14,39,47,c(25.09597541, 47.59720932)
54522214,12,10,55,35,c(23.70978574, 42.10096285)
54542164,6,10,40,50,c(23.63282819, 41.65425581)
54562744,11,28,17,55,c(24.96263416, 46.77398543)
54601798,14,30,39,31,c(23.0192662, 38.38852879)
54602194,19,4,76,19,c(23.76423552, 41.9105279)
54602726,16,13,38,49,c(24.96852215, 46.6084444)
54622128,5,5,73,22,c(23.65555334, 41.32180382)
54642202,16,9,70,21,c(23.82799464, 41.9748652)
54642274,27,24,17,58,c(23.97712944, 42.61272469)
54662170,13,11,53,36,c(23.78670337, 41.6878597)
54681618,17,28,45,27,c(22.80378914, 36.76808161)
54702186,5,13,36,51,c(23.86650339, 41.82312437)
54742132,11,15,53,32,c(23.80457832, 41.33766748)
54742186,14,6,67,27,c(23.91387724, 41.81649769)
54742798,37,12,31,58,c(25.33463935, 47.21557834)
54762164,9,9,62,30,c(23.89268078, 41.61815815)
54821766,31,34,23,43,c(23.21033968, 38.06890207)
54822720,6,26,14,60,c(25.23524809, 46.51558545)
54842164,0,10,57,33,c(23.98710562, 41.60486468)
54881764,20,16,45,39,c(23.27401343, 38.04166749)
54961780,25,43,19,38,c(23.39199518, 38.17175292)
54962784,53,19,19,62,c(25.58235459, 47.05157464)
55021804,24,52,16,32,c(23.50244602, 38.37614113)
55022182,13,10,55,35,c(24.2368804, 41.7340623)
55042104,14,17,40,43,c(24.09986409, 41.03949828)
55062172,15,6,76,18,c(24.26325139, 41.63870467)
55062268,13,15,57,29,c(24.46736003, 42.48826674)
55102172,17,6,64,30,c(24.3104519, 41.63189317)
55102204,11,10,52,37,c(24.37784097, 41.91518869)
55162128,21,5,63,31,c(24.28951855, 41.23193913)
55182166,15,11,50,39,c(24.39220611, 41.56508306)
55182202,18,12,63,25,c(24.46836724, 41.88372806)
55202632,6,21,33,46,c(25.49345133, 45.67186175)
55261786,30,15,41,44,c(23.7391738, 38.17711058)
55322126,19,38,10,53,c(24.4728645, 41.18682818)
55362162,22,11,58,32,c(24.59572443, 41.49859188)
55362180,14,11,52,37,c(24.63413291, 41.6578542)
55382214,6,13,48,39,c(24.7311271, 41.95504344)
55402176,12,19,41,41,c(24.67273073, 41.61548389)
55402180,9,14,41,45,c(24.68131506, 41.65086676)
55402648,29,38,15,47,c(25.78670384, 45.77472721)
55422114,32,23,25,51,c(24.56474822, 41.06328601)
55462100,5,9,57,35,c(24.58213794, 40.93238)
55462132,4,8,59,32,c(24.64947778, 41.21567882)
55462186,13,13,43,44,c(24.76503021, 41.6934033)
55482182,9,13,47,40,c(24.77997389, 41.65451111)
55582216,16,34,22,44,c(24.97243226, 41.93729676)
55602142,23,12,59,29,c(24.83485788, 41.27958753)
55602208,14,18,46,37,c(24.97845563, 41.86304501)
55622188,8,8,75,18,c(24.95813911, 41.68274569)
55642150,12,9,66,25,c(24.89900129, 41.34325905)
55642672,8,34,8,58,c(26.15296623, 45.93910612)
55642682,5,33,28,39,c(26.17970137, 46.02675928)
55642690,13,33,19,48,c(26.2011706, 46.09687125)
55662170,12,6,73,21,c(24.9659148, 41.5165226)
55681470,31,33,19,47,c(23.64636864, 35.28816482)
55721490,24,28,27,45,c(23.72331175, 35.46066169)
55722292,17,15,58,27,c(25.31021857, 42.58285651)
55742656,64,16,27,57,c(26.23650332, 45.77936097)
55782654,12,26,20,54,c(26.28156174, 45.75400446)
55802642,2,11,46,43,c(26.27469577, 45.64491711)
55821782,18,19,39,42,c(24.35850544, 38.04852093)
55981786,17,9,39,52,c(24.54498136, 38.05676865)
56022138,16,12,57,31,c(25.31780862, 41.1688628)
56062128,11,14,64,22,c(25.34244145, 41.07323219)
56222114,18,31,34,35,c(25.49794857, 40.92023494)
56382134,17,20,56,24,c(25.72922297, 41.06706536)
56421486,10,24,30,46,c(24.47080732, 35.30900469)
56422152,25,7,68,25,c(25.81685917, 41.21833662)
56981490,20,38,9,53,c(25.08016344, 35.24754604)
57081466,18,23,41,37,c(25.1429125, 35.0158569)
57361504,15,39,20,42,c(25.51472748, 35.30402354)
57461486,30,43,14,43,c(25.58759822, 35.12553617)
57641480,14,24,40,36,c(25.76881147, 35.03902565)
63581624,17,25,46,30,c(32.42027008, 34.97763773)
63601614,33,30,27,43,c(32.41405911, 34.88555887)
63641606,19,38,29,34,c(32.4343771, 34.80559651)
63661612,12,42,16,42,c(32.47177817, 34.85245379)
63681618,23,38,18,44,c(32.5092367, 34.89928866)
63741606,35,37,27,35,c(32.53955387, 34.77932091)
63741622,28,38,19,42,c(32.58339628, 34.91819556)
63761600,18,29,33,39,c(32.54419051, 34.72196122)
63801598,12,31,34,35,c(32.58074834, 34.69405399)
63881600,16,32,21,47,c(32.6702285, 34.69026961)
63881608,9,21,48,31,c(32.69219393, 34.75968646)
63921608,33,30,24,46,c(32.73422089, 34.74907271)
63941646,21,9,63,27,c(32.86064628, 35.07318506)
63961606,19,39,17,44,c(32.7707237, 34.72109291)
63961622,23,33,29,38,c(32.81494391, 34.8598397)
64041624,9,13,49,38,c(32.90462934, 34.8558085)
64061606,20,21,38,41,c(32.87570093, 34.69443421)
64061610,16,31,29,40,c(32.8867757, 34.7291124)
64061656,11,27,30,43,c(33.01524295, 35.12761904)
64081622,17,27,35,37,c(32.94111405, 34.82776476)
64081650,16,25,30,44,c(33.01945217, 35.07029201)
64101618,18,29,30,41,c(32.95099568, 34.78774207)
64121612,29,28,28,44,c(32.95531337, 34.73038423)
64141632,17,21,40,39,c(33.03211985, 34.89828037)
64161652,18,34,24,42,c(33.10939675, 35.06604001)
64161658,15,33,34,32,c(33.12634594, 35.11796323)
64221650,21,29,36,35,c(33.16695481, 35.0325085)
64241656,29,27,40,32,c(33.20500528, 35.07900008)
64261646,20,14,55,31,c(33.19776029, 34.98706229)
64261660,20,25,38,38,c(33.23743124, 35.10817145)
64281654,9,35,19,46,c(33.24147076, 35.0508443)
64301618,41,43,20,37,c(33.16096613, 34.73388267)
64301648,18,25,22,53,c(33.24551735, 34.99351205)
64341644,30,10,69,21,c(33.27626729, 34.94804037)
64401622,12,16,36,47,c(33.27712143, 34.74138969)
64401628,16,37,18,45,c(33.29404851, 34.79330567)
64421628,14,39,21,40,c(33.31504002, 34.78786217)
64441626,12,37,21,41,c(33.33037425, 34.76511257)
64461632,14,25,41,34,c(33.36834496, 34.81155738)
64501650,20,17,55,28,c(33.46158054, 34.95623704)
64541646,13,29,24,47,c(33.49219425, 34.91069873)
64561634,13,22,42,36,c(33.47897242, 34.80149484)
64581660,13,25,39,36,c(33.57436313, 35.02065414)
64601638,9,35,25,40,c(33.53234936, 34.82508707)
64601644,25,44,16,40,c(33.54949732, 34.87693323)
64621644,13,40,17,43,c(33.57049688, 34.87143001)
64621658,13,32,21,47,c(33.61067677, 34.99235719)
64641640,11,35,23,42,c(33.58004104, 34.83136497)
64661656,8,20,57,23,c(33.64696695, 34.96404612)
64661660,8,22,43,35,c(33.65849164, 34.99858335)
64801668,11,46,26,28,c(33.82883122, 35.02879473)
64821668,4,46,24,30,c(33.84985529, 35.02322554)
64841666,6,23,55,22,c(33.86505833, 35.00040142)
64841670,17,48,21,30,c(33.8766991, 35.03490069)
64881666,15,50,23,27,c(33.90708481, 34.98924225)
64901668,3,32,39,28,c(33.93392511, 35.00090107)
64901672,4,34,43,23,c(33.94559923, 35.03538901)
64961676,17,10,79,11,c(34.0203646, 35.0530608)
64981672,34,40,18,42,c(34.02966036, 35.0129759)
