"POINTID","NUTS_0_2018","NUTS_1_2018","NUTS_2_2018","NUTS_3_2018"
26581768,"PT","PT1","PT15","PT150"
26581792,"PT","PT1","PT15","PT150"
26581954,"PT","PT1","PT17","PT170"
26601784,"PT","PT1","PT15","PT150"
26601978,"PT","PT1","PT17","PT170"
26702014,"PT","PT1","PT16","PT16B"
26741814,"PT","PT1","PT18","PT181"
26741986,"PT","PT1","PT16","PT16B"
26761768,"PT","PT1","PT15","PT150"
26761786,"PT","PT1","PT15","PT150"
26761804,"PT","PT1","PT18","PT181"
26761864,"PT","PT1","PT18","PT181"
26761998,"PT","PT1","PT16","PT16B"
26762002,"PT","PT1","PT16","PT16B"
26781816,"PT","PT1","PT18","PT181"
26802028,"PT","PT1","PT16","PT16B"
26821846,"PT","PT1","PT18","PT181"
26841764,"PT","PT1","PT15","PT150"
26841826,"PT","PT1","PT18","PT181"
26841944,"PT","PT1","PT17","PT170"
26881938,"PT","PT1","PT17","PT170"
26921850,"PT","PT1","PT18","PT181"
26921874,"PT","PT1","PT18","PT181"
26941804,"PT","PT1","PT18","PT181"
26941810,"PT","PT1","PT18","PT181"
26942016,"PT","PT1","PT16","PT16B"
26961834,"PT","PT1","PT18","PT181"
26962018,"PT","PT1","PT16","PT16B"
27001846,"PT","PT1","PT18","PT181"
27001864,"PT","PT1","PT18","PT181"
27001882,"PT","PT1","PT18","PT181"
27001936,"PT","PT1","PT17","PT170"
27002038,"PT","PT1","PT16","PT16B"
27021938,"PT","PT1","PT17","PT170"
27022016,"PT","PT1","PT18","PT185"
27041840,"PT","PT1","PT18","PT181"
27041876,"PT","PT1","PT18","PT181"
27061758,"PT","PT1","PT15","PT150"
27061888,"PT","PT1","PT18","PT181"
27061970,"PT","PT1","PT18","PT185"
27081828,"PT","PT1","PT18","PT184"
27101814,"PT","PT1","PT18","PT184"
27101892,"PT","PT1","PT18","PT181"
27101940,"PT","PT1","PT17","PT170"
27101964,"PT","PT1","PT18","PT185"
27102048,"PT","PT1","PT16","PT16F"
27121756,"PT","PT1","PT15","PT150"
27122016,"PT","PT1","PT18","PT185"
27141834,"PT","PT1","PT18","PT184"
27161812,"PT","PT1","PT18","PT184"
27162028,"PT","PT1","PT16","PT16F"
27181846,"PT","PT1","PT18","PT181"
27182008,"PT","PT1","PT18","PT185"
27201772,"PT","PT1","PT15","PT150"
27201962,"PT","PT1","PT18","PT185"
27202006,"PT","PT1","PT18","PT185"
27221750,"PT","PT1","PT15","PT150"
27221822,"PT","PT1","PT18","PT184"
27221858,"PT","PT1","PT18","PT184"
27241758,"PT","PT1","PT15","PT150"
27241816,"PT","PT1","PT18","PT184"
27241888,"PT","PT1","PT18","PT181"
27241916,"PT","PT1","PT18","PT187"
27241992,"PT","PT1","PT18","PT185"
27242086,"PT","PT1","PT16","PT16E"
27281760,"PT","PT1","PT15","PT150"
27281838,"PT","PT1","PT18","PT184"
27281850,"PT","PT1","PT18","PT184"
27281940,"PT","PT1","PT18","PT187"
27282072,"PT","PT1","PT16","PT16F"
27282102,"PT","PT1","PT16","PT16E"
27301972,"PT","PT1","PT18","PT185"
27301980,"PT","PT1","PT18","PT185"
27302020,"PT","PT1","PT16","PT16I"
27302044,"PT","PT1","PT16","PT16I"
27321748,"PT","PT1","PT15","PT150"
27321784,"PT","PT1","PT18","PT184"
27341920,"PT","PT1","PT18","PT187"
27361828,"PT","PT1","PT18","PT184"
27361846,"PT","PT1","PT18","PT184"
27361954,"PT","PT1","PT18","PT185"
27362062,"PT","PT1","PT16","PT16F"
27381902,"PT","PT1","PT18","PT187"
27381916,"PT","PT1","PT18","PT187"
27381926,"PT","PT1","PT18","PT187"
27382028,"PT","PT1","PT16","PT16I"
27401804,"PT","PT1","PT18","PT184"
27401840,"PT","PT1","PT18","PT184"
27402038,"PT","PT1","PT16","PT16I"
27402128,"PT","PT1","PT16","PT16E"
27421740,"PT","PT1","PT15","PT150"
27421762,"PT","PT1","PT15","PT150"
27421780,"PT","PT1","PT15","PT150"
27421902,"PT","PT1","PT18","PT187"
27422006,"PT","PT1","PT18","PT185"
27422010,"PT","PT1","PT18","PT185"
27461842,"PT","PT1","PT18","PT184"
27461868,"PT","PT1","PT18","PT184"
27461892,"PT","PT1","PT18","PT187"
27462022,"PT","PT1","PT16","PT16I"
27462138,"PT","PT1","PT16","PT16D"
27481828,"PT","PT1","PT18","PT184"
27481840,"PT","PT1","PT18","PT184"
27481894,"PT","PT1","PT18","PT187"
27481972,"PT","PT1","PT18","PT186"
27482128,"PT","PT1","PT16","PT16D"
27501780,"PT","PT1","PT15","PT150"
27501802,"PT","PT1","PT18","PT184"
27501892,"PT","PT1","PT18","PT187"
27521862,"PT","PT1","PT18","PT184"
27521880,"PT","PT1","PT18","PT187"
27522042,"PT","PT1","PT16","PT16I"
27522096,"PT","PT1","PT16","PT16E"
27522114,"PT","PT1","PT16","PT16E"
27541756,"PT","PT1","PT15","PT150"
27541792,"PT","PT1","PT18","PT184"
27541810,"PT","PT1","PT18","PT184"
27541828,"PT","PT1","PT18","PT184"
27542110,"PT","PT1","PT16","PT16E"
27561764,"PT","PT1","PT15","PT150"
27561812,"PT","PT1","PT18","PT184"
27561920,"PT","PT1","PT18","PT187"
27561952,"PT","PT1","PT18","PT187"
27561980,"PT","PT1","PT18","PT186"
27561988,"PT","PT1","PT16","PT16I"
27562118,"PT","PT1","PT16","PT16D"
27562136,"PT","PT1","PT16","PT16D"
27601758,"PT","PT1","PT15","PT150"
27601790,"PT","PT1","PT18","PT184"
27601794,"PT","PT1","PT18","PT184"
27601844,"PT","PT1","PT18","PT184"
27601942,"PT","PT1","PT18","PT187"
27602032,"PT","PT1","PT16","PT16I"
27602150,"PT","PT1","PT16","PT16D"
27622062,"PT","PT1","PT16","PT16F"
27641752,"PT","PT1","PT15","PT150"
27641832,"PT","PT1","PT18","PT184"
27641896,"PT","PT1","PT18","PT187"
27641914,"PT","PT1","PT18","PT187"
27642102,"PT","PT1","PT16","PT16E"
27642156,"PT","PT1","PT16","PT16D"
27661882,"PT","PT1","PT18","PT187"
27662020,"PT","PT1","PT16","PT16I"
27681762,"PT","PT1","PT15","PT150"
27681946,"PT","PT1","PT18","PT187"
27682000,"PT","PT1","PT16","PT16I"
27682212,"PT","PT1","PT11","PT11A"
27701754,"PT","PT1","PT15","PT150"
27701848,"PT","PT1","PT18","PT184"
27702222,"PT","PT1","PT11","PT11A"
27721828,"PT","PT1","PT18","PT184"
27722056,"PT","PT1","PT16","PT16F"
27722128,"PT","PT1","PT16","PT16D"
27722228,"PT","PT1","PT11","PT11A"
27722242,"PT","PT1","PT11","PT112"
27741830,"PT","PT1","PT18","PT184"
27741866,"PT","PT1","PT18","PT187"
27741890,"PT","PT1","PT18","PT187"
27741908,"PT","PT1","PT18","PT187"
27742232,"PT","PT1","PT11","PT112"
27742358,"ES","ES1","ES11","ES111"
27742394,"ES","ES1","ES11","ES111"
27742406,"ES","ES1","ES11","ES111"
27762242,"PT","PT1","PT11","PT112"
27762290,"ES","ES1","ES11","ES114"
27781794,"PT","PT1","PT18","PT184"
27781812,"PT","PT1","PT18","PT184"
27781902,"PT","PT1","PT18","PT187"
27781996,"PT","PT1","PT16","PT16I"
27782150,"PT","PT1","PT16","PT16D"
27782158,"PT","PT1","PT11","PT11A"
27782168,"PT","PT1","PT11","PT11A"
27782284,"PT","PT1","PT11","PT111"
27801810,"PT","PT1","PT18","PT184"
27802116,"PT","PT1","PT16","PT16E"
27802242,"PT","PT1","PT11","PT112"
27821832,"PT","PT1","PT18","PT184"
27821838,"PT","PT1","PT18","PT184"
27821842,"PT","PT1","PT18","PT184"
27821886,"PT","PT1","PT18","PT187"
27821982,"PT","PT1","PT18","PT186"
27841822,"PT","PT1","PT18","PT184"
27841840,"PT","PT1","PT18","PT184"
27841900,"PT","PT1","PT18","PT187"
27842206,"PT","PT1","PT11","PT11A"
27842308,"ES","ES1","ES11","ES114"
27842394,"ES","ES1","ES11","ES111"
27842416,"ES","ES1","ES11","ES111"
27862032,"PT","PT1","PT16","PT16H"
27862072,"PT","PT1","PT16","PT16E"
27881848,"PT","PT1","PT18","PT184"
27881902,"PT","PT1","PT18","PT187"
27881934,"PT","PT1","PT18","PT187"
27881938,"PT","PT1","PT18","PT187"
27882010,"PT","PT1","PT18","PT186"
27882226,"PT","PT1","PT11","PT119"
27882298,"ES","ES1","ES11","ES114"
27882370,"ES","ES1","ES11","ES111"
27882384,"ES","ES1","ES11","ES111"
27882424,"ES","ES1","ES11","ES111"
27901822,"PT","PT1","PT18","PT184"
27901900,"PT","PT1","PT18","PT187"
27901954,"PT","PT1","PT18","PT186"
27901972,"PT","PT1","PT18","PT186"
27902146,"PT","PT1","PT16","PT16G"
27902332,"ES","ES1","ES11","ES114"
27921800,"ES","ES6","ES61","ES615"
27921848,"PT","PT1","PT18","PT184"
27921970,"PT","PT1","PT18","PT186"
27922046,"PT","PT1","PT16","PT16I"
27922096,"PT","PT1","PT16","PT16E"
27922124,"PT","PT1","PT16","PT16G"
27922190,"PT","PT1","PT11","PT11C"
27922208,"PT","PT1","PT11","PT11C"
27922244,"PT","PT1","PT11","PT112"
27922352,"ES","ES1","ES11","ES114"
27922412,"ES","ES1","ES11","ES111"
27942164,"PT","PT1","PT11","PT11A"
27942398,"ES","ES1","ES11","ES111"
27961830,"PT","PT1","PT18","PT184"
27961888,"PT","PT1","PT18","PT187"
27961906,"PT","PT1","PT18","PT187"
27961960,"PT","PT1","PT18","PT186"
27961978,"PT","PT1","PT18","PT186"
27962194,"PT","PT1","PT11","PT11C"
27962388,"ES","ES1","ES11","ES111"
27962406,"ES","ES1","ES11","ES111"
27981792,"ES","ES6","ES61","ES615"
27981828,"PT","PT1","PT18","PT184"
27981900,"PT","PT1","PT18","PT187"
27981936,"PT","PT1","PT18","PT187"
27981972,"PT","PT1","PT18","PT186"
27982170,"PT","PT1","PT11","PT11A"
27982314,"ES","ES1","ES11","ES114"
27982368,"ES","ES1","ES11","ES111"
28001832,"PT","PT1","PT18","PT184"
28002400,"ES","ES1","ES11","ES111"
28021894,"PT","PT1","PT18","PT187"
28021948,"PT","PT1","PT18","PT186"
28022110,"PT","PT1","PT16","PT16G"
28022134,"PT","PT1","PT16","PT16G"
28022146,"PT","PT1","PT16","PT16G"
28022250,"PT","PT1","PT11","PT112"
28022380,"ES","ES1","ES11","ES111"
28022434,"ES","ES1","ES11","ES111"
28041928,"PT","PT1","PT18","PT187"
28041942,"PT","PT1","PT18","PT186"
28041960,"PT","PT1","PT18","PT186"
28041996,"PT","PT1","PT18","PT186"
28042122,"PT","PT1","PT16","PT16G"
28042126,"PT","PT1","PT16","PT16G"
28042176,"PT","PT1","PT11","PT11C"
28061794,"ES","ES6","ES61","ES615"
28061934,"PT","PT1","PT18","PT187"
28062190,"PT","PT1","PT11","PT11C"
28062298,"ES","ES1","ES11","ES114"
28062352,"ES","ES1","ES11","ES114"
28081882,"PT","PT1","PT18","PT187"
28082152,"PT","PT1","PT16","PT16G"
28082380,"ES","ES1","ES11","ES111"
28082404,"ES","ES1","ES11","ES111"
28101854,"PT","PT1","PT18","PT184"
28102060,"PT","PT1","PT16","PT16H"
28102114,"PT","PT1","PT16","PT16G"
28102276,"PT","PT1","PT11","PT111"
28102420,"ES","ES1","ES11","ES111"
28121858,"PT","PT1","PT18","PT184"
28122020,"PT","PT1","PT16","PT16H"
28122416,"ES","ES1","ES11","ES111"
28142050,"PT","PT1","PT16","PT16H"
28142280,"PT","PT1","PT11","PT111"
28142338,"ES","ES1","ES11","ES114"
28142384,"ES","ES1","ES11","ES111"
28162314,"ES","ES1","ES11","ES114"
28162332,"ES","ES1","ES11","ES114"
28181850,"PT","PT1","PT18","PT184"
28181874,"ES","ES4","ES43","ES431"
28181910,"PT","PT1","PT18","PT187"
28181964,"PT","PT1","PT18","PT186"
28182018,"PT","PT1","PT16","PT16H"
28182048,"PT","PT1","PT16","PT16H"
28182148,"PT","PT1","PT16","PT16G"
28182418,"ES","ES1","ES11","ES111"
28201786,"ES","ES6","ES61","ES615"
28201818,"ES","ES6","ES61","ES615"
28201840,"PT","PT1","PT18","PT184"
28201948,"PT","PT1","PT18","PT186"
28202116,"PT","PT1","PT16","PT16G"
28202128,"PT","PT1","PT16","PT16G"
28202170,"PT","PT1","PT11","PT11C"
28202196,"PT","PT1","PT11","PT11C"
28202386,"ES","ES1","ES11","ES111"
28222270,"ES","ES1","ES11","ES113"
28222342,"ES","ES1","ES11","ES114"
28222360,"ES","ES1","ES11","ES114"
28222378,"ES","ES1","ES11","ES111"
28241938,"PT","PT1","PT18","PT186"
28242028,"PT","PT1","PT16","PT16H"
28242042,"PT","PT1","PT16","PT16H"
28242186,"PT","PT1","PT11","PT11C"
28242240,"PT","PT1","PT11","PT119"
28261954,"PT","PT1","PT18","PT186"
28261972,"PT","PT1","PT18","PT186"
28262056,"PT","PT1","PT16","PT16H"
28262080,"PT","PT1","PT16","PT16J"
28262098,"PT","PT1","PT16","PT16J"
28262288,"PT","PT1","PT11","PT111"
28262354,"ES","ES1","ES11","ES114"
28281952,"PT","PT1","PT18","PT186"
28282006,"ES","ES4","ES43","ES432"
28282042,"PT","PT1","PT16","PT16H"
28282118,"PT","PT1","PT16","PT16G"
28282136,"PT","PT1","PT16","PT16G"
28282190,"PT","PT1","PT11","PT11C"
28282334,"ES","ES1","ES11","ES113"
28301732,"ES","ES6","ES61","ES615"
28301756,"ES","ES6","ES61","ES615"
28301966,"PT","PT1","PT18","PT186"
28302038,"PT","PT1","PT16","PT16H"
28302110,"PT","PT1","PT16","PT16J"
28302282,"PT","PT1","PT11","PT111"
28302314,"ES","ES1","ES11","ES113"
28321740,"ES","ES6","ES61","ES615"
28321780,"ES","ES6","ES61","ES615"
28321802,"ES","ES6","ES61","ES615"
28321934,"PT","PT1","PT18","PT186"
28321960,"PT","PT1","PT18","PT186"
28322046,"PT","PT1","PT16","PT16H"
28322176,"PT","PT1","PT11","PT11D"
28322234,"PT","PT1","PT11","PT119"
28322384,"ES","ES1","ES11","ES111"
28322424,"ES","ES1","ES11","ES111"
28341822,"ES","ES6","ES61","ES615"
28341858,"ES","ES4","ES43","ES431"
28342236,"PT","PT1","PT11","PT11B"
28342404,"ES","ES1","ES11","ES111"
28361748,"ES","ES6","ES61","ES615"
28361824,"ES","ES6","ES61","ES615"
28361986,"PT","PT1","PT18","PT186"
28362030,"PT","PT1","PT16","PT16H"
28362076,"PT","PT1","PT16","PT16J"
28362148,"PT","PT1","PT16","PT16G"
28362166,"PT","PT1","PT11","PT11D"
28362220,"PT","PT1","PT11","PT11B"
28362282,"ES","ES1","ES11","ES113"
28362360,"ES","ES1","ES11","ES114"
28362378,"ES","ES1","ES11","ES111"
28362414,"ES","ES1","ES11","ES111"
28381990,"ES","ES4","ES43","ES432"
28382062,"PT","PT1","PT16","PT16J"
28382100,"PT","PT1","PT16","PT16J"
28382160,"PT","PT1","PT11","PT11D"
28382268,"ES","ES1","ES11","ES113"
28382290,"ES","ES1","ES11","ES113"
28382362,"ES","ES1","ES11","ES114"
28401816,"ES","ES6","ES61","ES615"
28401842,"ES","ES6","ES61","ES615"
28401924,"PT","PT1","PT18","PT186"
28402054,"PT","PT1","PT16","PT16J"
28402306,"ES","ES1","ES11","ES113"
28402378,"ES","ES1","ES11","ES111"
28421754,"ES","ES6","ES61","ES615"
28422060,"PT","PT1","PT16","PT16J"
28422114,"PT","PT1","PT16","PT16J"
28422262,"PT","PT1","PT11","PT11B"
28422316,"ES","ES1","ES11","ES113"
28422424,"ES","ES1","ES11","ES111"
28441714,"ES","ES6","ES61","ES615"
28441774,"ES","ES6","ES61","ES615"
28442146,"PT","PT1","PT11","PT11D"
28442182,"PT","PT1","PT11","PT11D"
28442408,"ES","ES1","ES11","ES111"
28442422,"ES","ES1","ES11","ES111"
28461956,"ES","ES4","ES43","ES431"
28462070,"PT","PT1","PT16","PT16J"
28462190,"PT","PT1","PT11","PT11D"
28462348,"ES","ES1","ES11","ES114"
28481804,"ES","ES6","ES61","ES615"
28481832,"ES","ES6","ES61","ES615"
28482206,"PT","PT1","PT11","PT11D"
28482290,"ES","ES1","ES11","ES113"
28482326,"ES","ES1","ES11","ES113"
28482350,"ES","ES1","ES11","ES114"
28482368,"ES","ES1","ES11","ES114"
28482386,"ES","ES1","ES11","ES111"
28482404,"ES","ES1","ES11","ES111"
28501736,"ES","ES6","ES61","ES615"
28502024,"PT","PT1","PT16","PT16H"
28502140,"PT","PT1","PT16","PT16G"
28502190,"PT","PT1","PT11","PT11D"
28502212,"PT","PT1","PT11","PT11B"
28502280,"ES","ES1","ES11","ES113"
28502334,"ES","ES1","ES11","ES113"
28521972,"ES","ES4","ES43","ES431"
28522026,"PT","PT1","PT16","PT16H"
28522106,"PT","PT1","PT16","PT16J"
28522236,"PT","PT1","PT11","PT11B"
28522268,"ES","ES1","ES11","ES113"
28541796,"ES","ES6","ES61","ES615"
28541964,"ES","ES4","ES43","ES431"
28542018,"PT","PT1","PT16","PT16H"
28542066,"PT","PT1","PT16","PT16J"
28542144,"PT","PT1","PT11","PT11D"
28542166,"PT","PT1","PT11","PT11D"
28542192,"PT","PT1","PT11","PT11D"
28542210,"PT","PT1","PT11","PT11B"
28542220,"PT","PT1","PT11","PT11B"
28542246,"PT","PT1","PT11","PT11B"
28542282,"ES","ES1","ES11","ES113"
28542300,"ES","ES1","ES11","ES113"
28542318,"ES","ES1","ES11","ES113"
28542382,"ES","ES1","ES11","ES111"
28542426,"ES","ES1","ES11","ES111"
28562034,"PT","PT1","PT16","PT16H"
28562254,"PT","PT1","PT11","PT11B"
28562290,"ES","ES1","ES11","ES113"
28562308,"ES","ES1","ES11","ES113"
28562376,"ES","ES1","ES11","ES111"
28562440,"ES","ES1","ES11","ES111"
28581744,"ES","ES6","ES61","ES615"
28582198,"PT","PT1","PT11","PT11D"
28582414,"ES","ES1","ES11","ES111"
28601668,"ES","ES6","ES61","ES612"
28601988,"ES","ES4","ES43","ES432"
28602150,"PT","PT1","PT11","PT11D"
28602222,"PT","PT1","PT11","PT11B"
28602240,"PT","PT1","PT11","PT11B"
28602250,"PT","PT1","PT11","PT11B"
28602258,"PT","PT1","PT11","PT11B"
28602334,"ES","ES1","ES11","ES113"
28602366,"ES","ES1","ES11","ES114"
28621768,"ES","ES6","ES61","ES615"
28621900,"ES","ES4","ES43","ES431"
28622128,"PT","PT1","PT16","PT16J"
28622164,"PT","PT1","PT11","PT11D"
28622188,"PT","PT1","PT11","PT11D"
28622242,"PT","PT1","PT11","PT11B"
28622326,"ES","ES1","ES11","ES113"
28641812,"ES","ES6","ES61","ES615"
28642024,"PT","PT1","PT16","PT16H"
28642160,"PT","PT1","PT11","PT11D"
28642168,"PT","PT1","PT11","PT11D"
28642186,"PT","PT1","PT11","PT11D"
28642190,"PT","PT1","PT11","PT11D"
28642240,"PT","PT1","PT11","PT11B"
28642250,"PT","PT1","PT11","PT11B"
28642352,"ES","ES1","ES11","ES114"
28642366,"ES","ES1","ES11","ES112"
28661678,"ES","ES6","ES61","ES612"
28661894,"ES","ES4","ES43","ES431"
28662074,"PT","PT1","PT16","PT16H"
28662146,"PT","PT1","PT16","PT16J"
28662242,"PT","PT1","PT11","PT11B"
28662272,"ES","ES1","ES11","ES113"
28662332,"ES","ES1","ES11","ES112"
28681916,"ES","ES4","ES43","ES431"
28681964,"ES","ES4","ES43","ES431"
28682136,"PT","PT1","PT16","PT16J"
28682284,"ES","ES1","ES11","ES113"
28682298,"ES","ES1","ES11","ES113"
28682348,"ES","ES1","ES11","ES112"
28682428,"ES","ES1","ES11","ES111"
28702278,"ES","ES1","ES11","ES113"
28721676,"ES","ES6","ES61","ES612"
28721752,"ES","ES6","ES61","ES615"
28721896,"ES","ES4","ES43","ES431"
28721932,"ES","ES4","ES43","ES431"
28721946,"ES","ES4","ES43","ES431"
28722000,"ES","ES4","ES43","ES432"
28722138,"PT","PT1","PT16","PT16J"
28722166,"PT","PT1","PT11","PT11D"
28722202,"PT","PT1","PT11","PT11D"
28722216,"PT","PT1","PT11","PT11B"
28722300,"ES","ES1","ES11","ES113"
28722310,"ES","ES1","ES11","ES113"
28741666,"ES","ES6","ES61","ES612"
28741750,"ES","ES6","ES61","ES615"
28742016,"ES","ES4","ES43","ES432"
28742034,"PT","PT1","PT16","PT16H"
28742116,"PT","PT1","PT16","PT16J"
28742142,"PT","PT1","PT16","PT16J"
28742214,"PT","PT1","PT11","PT11B"
28742296,"ES","ES1","ES11","ES113"
28742340,"ES","ES1","ES11","ES112"
28742344,"ES","ES1","ES11","ES112"
28742394,"ES","ES1","ES11","ES112"
28742448,"ES","ES1","ES11","ES111"
28761726,"ES","ES6","ES61","ES618"
28761906,"ES","ES4","ES43","ES431"
28762036,"PT","PT1","PT16","PT16H"
28762162,"PT","PT1","PT11","PT11D"
28762194,"PT","PT1","PT11","PT11D"
28762198,"PT","PT1","PT11","PT11D"
28762288,"ES","ES1","ES11","ES113"
28762374,"ES","ES1","ES11","ES112"
28781620,"ES","ES6","ES61","ES612"
28781686,"ES","ES6","ES61","ES612"
28782006,"ES","ES4","ES43","ES432"
28782100,"PT","PT1","PT16","PT16J"
28782118,"PT","PT1","PT16","PT16J"
28782132,"PT","PT1","PT16","PT16J"
28782172,"PT","PT1","PT11","PT11D"
28782204,"PT","PT1","PT11","PT11E"
28782280,"ES","ES1","ES11","ES113"
28782298,"ES","ES1","ES11","ES113"
28782334,"ES","ES1","ES11","ES112"
28782352,"ES","ES1","ES11","ES112"
28782384,"ES","ES1","ES11","ES112"
28782402,"ES","ES1","ES11","ES112"
28801616,"ES","ES6","ES61","ES612"
28801634,"ES","ES6","ES61","ES612"
28802056,"ES","ES4","ES43","ES432"
28802092,"PT","PT1","PT16","PT16J"
28802368,"ES","ES1","ES11","ES112"
28802416,"ES","ES1","ES11","ES112"
28821646,"ES","ES6","ES61","ES612"
28821992,"ES","ES4","ES43","ES432"
28822078,"PT","PT1","PT16","PT16J"
28822118,"PT","PT1","PT16","PT16J"
28822226,"PT","PT1","PT11","PT11B"
28822420,"ES","ES1","ES11","ES112"
28822438,"ES","ES1","ES11","ES111"
28822448,"ES","ES1","ES11","ES111"
28822460,"ES","ES1","ES11","ES111"
28841702,"ES","ES6","ES61","ES618"
28842188,"PT","PT1","PT11","PT11E"
28842200,"PT","PT1","PT11","PT11E"
28842290,"ES","ES1","ES11","ES113"
28842314,"ES","ES1","ES11","ES112"
28842386,"ES","ES1","ES11","ES112"
28861884,"ES","ES4","ES43","ES431"
28862140,"PT","PT1","PT16","PT16J"
28862248,"PT","PT1","PT11","PT11B"
28862294,"ES","ES1","ES11","ES113"
28882080,"PT","PT1","PT16","PT16J"
28882296,"ES","ES1","ES11","ES113"
28882332,"ES","ES1","ES11","ES112"
28882422,"ES","ES1","ES11","ES112"
28901658,"ES","ES6","ES61","ES612"
28901850,"ES","ES4","ES43","ES431"
28901914,"ES","ES4","ES43","ES431"
28902018,"ES","ES4","ES43","ES432"
28902084,"PT","PT1","PT16","PT16J"
28902094,"PT","PT1","PT16","PT16J"
28902148,"PT","PT1","PT16","PT16J"
28902174,"PT","PT1","PT11","PT11D"
28902202,"PT","PT1","PT11","PT11E"
28902396,"ES","ES1","ES11","ES112"
28921674,"ES","ES6","ES61","ES612"
28921678,"ES","ES6","ES61","ES612"
28921702,"ES","ES6","ES61","ES618"
28921890,"ES","ES4","ES43","ES431"
28921962,"ES","ES4","ES43","ES432"
28922052,"ES","ES4","ES43","ES432"
28922062,"ES","ES4","ES43","ES432"
28922200,"PT","PT1","PT11","PT11E"
28922268,"ES","ES1","ES11","ES113"
28922404,"ES","ES1","ES11","ES112"
28941636,"ES","ES6","ES61","ES612"
28941672,"ES","ES6","ES61","ES612"
28941694,"ES","ES6","ES61","ES618"
28941730,"ES","ES6","ES61","ES618"
28941888,"ES","ES4","ES43","ES431"
28942306,"ES","ES1","ES11","ES113"
28942378,"ES","ES1","ES11","ES112"
28961740,"ES","ES6","ES61","ES618"
28961916,"ES","ES4","ES43","ES431"
28961938,"ES","ES4","ES43","ES431"
28962042,"ES","ES4","ES43","ES432"
28962222,"PT","PT1","PT11","PT11E"
28962240,"PT","PT1","PT11","PT11B"
28962348,"ES","ES1","ES11","ES112"
28962388,"ES","ES1","ES11","ES112"
28962406,"ES","ES1","ES11","ES112"
28962438,"ES","ES1","ES11","ES111"
28981598,"ES","ES6","ES61","ES612"
28981732,"ES","ES6","ES61","ES618"
28982012,"ES","ES4","ES43","ES432"
28982044,"ES","ES4","ES43","ES432"
29001674,"ES","ES6","ES61","ES612"
29001728,"ES","ES6","ES61","ES618"
29001862,"ES","ES4","ES43","ES431"
29001908,"ES","ES4","ES43","ES431"
29002312,"ES","ES1","ES11","ES113"
29002366,"ES","ES1","ES11","ES112"
29002376,"ES","ES1","ES11","ES112"
29002384,"ES","ES1","ES11","ES112"
29002402,"ES","ES1","ES11","ES112"
29002406,"ES","ES1","ES11","ES112"
29021648,"ES","ES6","ES61","ES612"
29021660,"ES","ES6","ES61","ES612"
29021666,"ES","ES6","ES61","ES612"
29022110,"PT","PT1","PT16","PT16J"
29022146,"PT","PT1","PT16","PT16J"
29022398,"ES","ES1","ES11","ES112"
29022422,"ES","ES1","ES11","ES112"
29041604,"ES","ES6","ES61","ES612"
29041690,"ES","ES6","ES61","ES618"
29041708,"ES","ES6","ES61","ES618"
29041862,"ES","ES4","ES43","ES431"
29041870,"ES","ES4","ES43","ES431"
29041888,"ES","ES4","ES43","ES431"
29041898,"ES","ES4","ES43","ES431"
29042132,"PT","PT1","PT16","PT16J"
29042158,"PT","PT1","PT11","PT11D"
29042168,"PT","PT1","PT11","PT11D"
29042294,"ES","ES1","ES11","ES113"
29042302,"ES","ES1","ES11","ES113"
29042356,"ES","ES1","ES11","ES112"
29042420,"ES","ES1","ES11","ES112"
29042438,"ES","ES1","ES11","ES112"
29061990,"ES","ES4","ES43","ES432"
29062002,"ES","ES4","ES43","ES432"
29062134,"PT","PT1","PT16","PT16J"
29062458,"ES","ES1","ES11","ES112"
29081716,"ES","ES6","ES61","ES618"
29081976,"ES","ES4","ES43","ES432"
29082210,"PT","PT1","PT11","PT11E"
29082220,"PT","PT1","PT11","PT11E"
29082238,"PT","PT1","PT11","PT11E"
29082270,"ES","ES1","ES11","ES113"
29082288,"ES","ES1","ES11","ES113"
29082342,"ES","ES1","ES11","ES112"
29082382,"ES","ES1","ES11","ES112"
29082418,"ES","ES1","ES11","ES112"
29101954,"ES","ES4","ES43","ES432"
29102034,"ES","ES4","ES43","ES432"
29102206,"PT","PT1","PT11","PT11E"
29102286,"ES","ES1","ES11","ES113"
29102326,"ES","ES1","ES11","ES112"
29122050,"ES","ES4","ES43","ES432"
29122076,"ES","ES4","ES41","ES415"
29122112,"ES","ES4","ES41","ES415"
29122266,"ES","ES1","ES11","ES113"
29122288,"ES","ES1","ES11","ES113"
29122342,"ES","ES1","ES11","ES112"
29122396,"ES","ES1","ES11","ES112"
29122450,"ES","ES1","ES11","ES112"
29141956,"ES","ES4","ES43","ES432"
29142064,"ES","ES4","ES41","ES415"
29142088,"ES","ES4","ES41","ES415"
29142114,"ES","ES4","ES41","ES415"
29142340,"ES","ES1","ES11","ES112"
29142438,"ES","ES1","ES11","ES112"
29161684,"ES","ES6","ES61","ES612"
29161738,"ES","ES6","ES61","ES618"
29161918,"ES","ES4","ES43","ES431"
29162146,"ES","ES4","ES41","ES415"
29162260,"ES","ES1","ES11","ES113"
29162278,"ES","ES1","ES11","ES113"
29181638,"ES","ES6","ES61","ES612"
29181758,"ES","ES6","ES61","ES618"
29181908,"ES","ES4","ES43","ES431"
29182100,"ES","ES4","ES41","ES415"
29182186,"PT","PT1","PT11","PT11E"
29182286,"ES","ES1","ES11","ES113"
29182322,"ES","ES1","ES11","ES112"
29182358,"ES","ES1","ES11","ES112"
29201666,"ES","ES6","ES61","ES612"
29201738,"ES","ES6","ES61","ES618"
29202138,"ES","ES4","ES41","ES415"
29202218,"PT","PT1","PT11","PT11E"
29202350,"ES","ES1","ES11","ES112"
29221700,"ES","ES6","ES61","ES618"
29221704,"ES","ES6","ES61","ES618"
29221852,"ES","ES4","ES43","ES431"
29221982,"ES","ES4","ES43","ES432"
29222168,"PT","PT1","PT11","PT11D"
29222204,"PT","PT1","PT11","PT11E"
29222266,"ES","ES4","ES41","ES419"
29222276,"ES","ES1","ES11","ES113"
29222392,"ES","ES1","ES11","ES112"
29242332,"ES","ES1","ES11","ES112"
29242340,"ES","ES1","ES11","ES112"
29242344,"ES","ES1","ES11","ES112"
29261662,"ES","ES6","ES61","ES612"
29261670,"ES","ES6","ES61","ES612"
29261730,"ES","ES6","ES61","ES618"
29261832,"ES","ES4","ES43","ES431"
29262144,"ES","ES4","ES41","ES415"
29262270,"ES","ES4","ES41","ES419"
29262306,"ES","ES1","ES11","ES113"
29262336,"ES","ES1","ES11","ES112"
29262342,"ES","ES1","ES11","ES112"
29281750,"ES","ES6","ES61","ES618"
29281840,"ES","ES4","ES43","ES431"
29281846,"ES","ES4","ES43","ES431"
29282026,"ES","ES4","ES43","ES432"
29282088,"ES","ES4","ES41","ES415"
29282160,"ES","ES4","ES41","ES415"
29282182,"PT","PT1","PT11","PT11E"
29282340,"ES","ES1","ES11","ES112"
29301690,"ES","ES6","ES61","ES618"
29301726,"ES","ES6","ES61","ES618"
29302094,"ES","ES4","ES41","ES415"
29302234,"PT","PT1","PT11","PT11E"
29302338,"ES","ES1","ES11","ES112"
29321682,"ES","ES6","ES61","ES618"
29321686,"ES","ES6","ES61","ES618"
29322088,"ES","ES4","ES41","ES415"
29322114,"ES","ES4","ES41","ES415"
29322312,"ES","ES1","ES11","ES113"
29322340,"ES","ES1","ES11","ES112"
29322406,"ES","ES1","ES11","ES112"
29322442,"ES","ES1","ES11","ES112"
29341684,"ES","ES6","ES61","ES618"
29341696,"ES","ES6","ES61","ES618"
29341706,"ES","ES6","ES61","ES618"
29341948,"ES","ES4","ES43","ES432"
29341966,"ES","ES4","ES43","ES432"
29342128,"ES","ES4","ES41","ES415"
29342170,"ES","ES4","ES41","ES415"
29342200,"PT","PT1","PT11","PT11E"
29342206,"PT","PT1","PT11","PT11E"
29342272,"ES","ES4","ES41","ES419"
29342300,"ES","ES1","ES11","ES113"
29342332,"ES","ES1","ES11","ES112"
29342336,"ES","ES1","ES11","ES112"
29342404,"ES","ES1","ES11","ES112"
29342422,"ES","ES1","ES11","ES112"
29342440,"ES","ES1","ES11","ES112"
29361628,"ES","ES6","ES61","ES612"
29361638,"ES","ES6","ES61","ES617"
29361700,"ES","ES6","ES61","ES618"
29361718,"ES","ES6","ES61","ES618"
29361794,"ES","ES6","ES61","ES618"
29361826,"ES","ES4","ES43","ES431"
29361938,"ES","ES4","ES43","ES432"
29361970,"ES","ES4","ES43","ES432"
29362142,"ES","ES4","ES41","ES415"
29362376,"ES","ES1","ES11","ES112"
29381630,"ES","ES6","ES61","ES612"
29381732,"ES","ES6","ES61","ES618"
29381756,"ES","ES6","ES61","ES618"
29382056,"ES","ES4","ES43","ES432"
29382110,"ES","ES4","ES41","ES415"
29382188,"PT","PT1","PT11","PT11E"
29382218,"PT","PT1","PT11","PT11E"
29401708,"ES","ES6","ES61","ES618"
29401744,"ES","ES6","ES61","ES618"
29401920,"ES","ES4","ES43","ES431"
29401924,"ES","ES4","ES43","ES432"
29401956,"ES","ES4","ES43","ES432"
29402104,"ES","ES4","ES41","ES415"
29402144,"ES","ES4","ES41","ES415"
29402158,"ES","ES4","ES41","ES415"
29402258,"ES","ES4","ES41","ES419"
29402338,"ES","ES1","ES11","ES112"
29402410,"ES","ES1","ES11","ES112"
29422254,"ES","ES4","ES41","ES419"
29422386,"ES","ES1","ES11","ES112"
29441752,"ES","ES6","ES61","ES618"
29441976,"ES","ES4","ES43","ES432"
29442084,"ES","ES4","ES41","ES415"
29442364,"ES","ES1","ES11","ES112"
29442378,"ES","ES1","ES11","ES112"
29461660,"ES","ES6","ES61","ES612"
29461720,"ES","ES6","ES61","ES618"
29461732,"ES","ES6","ES61","ES618"
29461926,"ES","ES4","ES43","ES432"
29462044,"ES","ES4","ES43","ES432"
29462056,"ES","ES4","ES43","ES432"
29462088,"ES","ES4","ES41","ES415"
29462178,"PT","PT1","PT11","PT11E"
29462254,"ES","ES4","ES41","ES419"
29481636,"ES","ES6","ES61","ES617"
29481730,"ES","ES6","ES61","ES618"
29481906,"ES","ES4","ES43","ES431"
29481960,"ES","ES4","ES43","ES432"
29482076,"ES","ES4","ES43","ES432"
29482094,"ES","ES4","ES41","ES415"
29482162,"ES","ES4","ES41","ES415"
29482396,"ES","ES1","ES12","ES120"
29482428,"ES","ES1","ES11","ES112"
29501704,"ES","ES6","ES61","ES618"
29501736,"ES","ES6","ES61","ES618"
29501830,"ES","ES4","ES43","ES431"
29502024,"ES","ES4","ES43","ES432"
29502304,"ES","ES4","ES41","ES413"
29521732,"ES","ES6","ES61","ES618"
29521756,"ES","ES6","ES61","ES618"
29521930,"ES","ES4","ES43","ES432"
29521972,"ES","ES4","ES43","ES432"
29522188,"PT","PT1","PT11","PT11E"
29522200,"PT","PT1","PT11","PT11E"
29522350,"ES","ES4","ES41","ES413"
29541718,"ES","ES6","ES61","ES618"
29541836,"ES","ES4","ES43","ES431"
29541898,"ES","ES4","ES43","ES431"
29541908,"ES","ES4","ES43","ES431"
29542060,"ES","ES4","ES43","ES432"
29542250,"ES","ES4","ES41","ES419"
29542262,"ES","ES4","ES41","ES419"
29542268,"ES","ES4","ES41","ES419"
29542352,"ES","ES4","ES41","ES413"
29561652,"ES","ES6","ES61","ES617"
29561738,"ES","ES6","ES61","ES618"
29561984,"ES","ES4","ES43","ES432"
29562038,"ES","ES4","ES43","ES432"
29562218,"ES","ES4","ES41","ES419"
29562318,"ES","ES4","ES41","ES413"
29562426,"ES","ES1","ES12","ES120"
29581834,"ES","ES4","ES43","ES431"
29581924,"ES","ES4","ES43","ES431"
29581938,"ES","ES4","ES43","ES432"
29581942,"ES","ES4","ES43","ES432"
29582082,"ES","ES4","ES41","ES415"
29582100,"ES","ES4","ES41","ES415"
29582204,"PT","PT1","PT11","PT11E"
29582266,"ES","ES4","ES41","ES419"
29582312,"ES","ES4","ES41","ES413"
29602038,"ES","ES4","ES43","ES432"
29602142,"ES","ES4","ES41","ES415"
29621680,"ES","ES6","ES61","ES618"
29621748,"ES","ES6","ES61","ES618"
29621878,"ES","ES4","ES43","ES431"
29622234,"ES","ES4","ES41","ES419"
29622346,"ES","ES4","ES41","ES413"
29641674,"ES","ES6","ES61","ES612"
29642098,"ES","ES4","ES41","ES415"
29642200,"PT","PT1","PT11","PT11E"
29642278,"ES","ES4","ES41","ES413"
29642308,"ES","ES4","ES41","ES413"
29642326,"ES","ES4","ES41","ES413"
29661672,"ES","ES6","ES61","ES612"
29661680,"ES","ES6","ES61","ES618"
29661762,"ES","ES6","ES61","ES618"
29661968,"ES","ES4","ES43","ES432"
29662086,"ES","ES4","ES41","ES415"
29662194,"PT","PT1","PT11","PT11E"
29662216,"ES","ES4","ES41","ES419"
29662386,"ES","ES1","ES12","ES120"
29681628,"ES","ES6","ES61","ES617"
29681740,"ES","ES6","ES61","ES618"
29681884,"ES","ES4","ES43","ES431"
29682168,"ES","ES4","ES41","ES419"
29682214,"ES","ES4","ES41","ES419"
29683378,"IE","IE0","IE05","IE053"
29701642,"ES","ES6","ES61","ES617"
29701706,"ES","ES6","ES61","ES618"
29701714,"ES","ES6","ES61","ES618"
29701724,"ES","ES6","ES61","ES618"
29701738,"ES","ES6","ES61","ES618"
29701918,"ES","ES4","ES43","ES431"
29701972,"ES","ES4","ES43","ES432"
29702110,"ES","ES4","ES41","ES415"
29702138,"ES","ES4","ES41","ES415"
29702162,"ES","ES4","ES41","ES419"
29702264,"ES","ES4","ES41","ES419"
29702300,"ES","ES4","ES41","ES413"
29721718,"ES","ES6","ES61","ES618"
29721740,"ES","ES6","ES61","ES618"
29721970,"ES","ES4","ES43","ES432"
29722178,"ES","ES4","ES41","ES419"
29722186,"ES","ES4","ES41","ES419"
29722262,"ES","ES4","ES41","ES419"
29722312,"ES","ES4","ES41","ES413"
29741732,"ES","ES6","ES61","ES618"
29742308,"ES","ES4","ES41","ES413"
29761754,"ES","ES6","ES61","ES613"
29761862,"ES","ES4","ES43","ES431"
29761880,"ES","ES4","ES43","ES431"
29761960,"ES","ES4","ES43","ES432"
29762010,"ES","ES4","ES43","ES432"
29762032,"ES","ES4","ES43","ES432"
29762042,"ES","ES4","ES43","ES432"
29762162,"ES","ES4","ES41","ES419"
29762168,"ES","ES4","ES41","ES419"
29781702,"ES","ES6","ES61","ES618"
29781738,"ES","ES6","ES61","ES618"
29782170,"ES","ES4","ES41","ES419"
29782206,"ES","ES4","ES41","ES419"
29782232,"ES","ES4","ES41","ES419"
29801730,"ES","ES6","ES61","ES618"
29802216,"ES","ES4","ES41","ES419"
29802264,"ES","ES4","ES41","ES419"
29821720,"ES","ES6","ES61","ES618"
29822290,"ES","ES4","ES41","ES413"
29822326,"ES","ES4","ES41","ES413"
29822380,"ES","ES1","ES12","ES120"
29842122,"ES","ES4","ES41","ES415"
29842170,"ES","ES4","ES41","ES419"
29842266,"ES","ES4","ES41","ES413"
29862060,"ES","ES4","ES41","ES415"
29862118,"ES","ES4","ES41","ES415"
29862316,"ES","ES4","ES41","ES413"
29862340,"ES","ES4","ES41","ES413"
29862388,"ES","ES1","ES12","ES120"
29881678,"ES","ES6","ES61","ES617"
29881742,"ES","ES6","ES61","ES618"
29881822,"ES","ES6","ES61","ES613"
29882020,"ES","ES4","ES43","ES432"
29882084,"ES","ES4","ES41","ES415"
29882098,"ES","ES4","ES41","ES415"
29882126,"ES","ES4","ES41","ES415"
29882354,"ES","ES4","ES41","ES413"
29901692,"ES","ES6","ES61","ES618"
29901728,"ES","ES6","ES61","ES618"
29902028,"ES","ES4","ES43","ES432"
29902060,"ES","ES4","ES41","ES415"
29902262,"ES","ES4","ES41","ES413"
29902268,"ES","ES4","ES41","ES413"
29902286,"ES","ES4","ES41","ES413"
29921720,"ES","ES6","ES61","ES618"
29921750,"ES","ES6","ES61","ES618"
29921768,"ES","ES6","ES61","ES613"
29921810,"ES","ES6","ES61","ES613"
29922134,"ES","ES4","ES41","ES415"
29922218,"ES","ES4","ES41","ES419"
29922272,"ES","ES4","ES41","ES413"
29922282,"ES","ES4","ES41","ES413"
29922350,"ES","ES4","ES41","ES413"
29923358,"IE","IE0","IE05","IE053"
29941668,"ES","ES6","ES61","ES617"
29941704,"ES","ES6","ES61","ES618"
29941718,"ES","ES6","ES61","ES618"
29941866,"ES","ES4","ES43","ES431"
29941888,"ES","ES4","ES43","ES431"
29941916,"ES","ES4","ES43","ES431"
29941942,"ES","ES4","ES43","ES432"
29942046,"ES","ES4","ES41","ES411"
29942176,"ES","ES4","ES41","ES419"
29942204,"ES","ES4","ES41","ES419"
29942222,"ES","ES4","ES41","ES419"
29942284,"ES","ES4","ES41","ES413"
29942392,"ES","ES1","ES12","ES120"
29961684,"ES","ES6","ES61","ES617"
29961846,"ES","ES6","ES61","ES613"
29962070,"ES","ES4","ES41","ES415"
29962106,"ES","ES4","ES41","ES415"
29962200,"ES","ES4","ES41","ES419"
29962260,"ES","ES4","ES41","ES419"
29962290,"ES","ES4","ES41","ES413"
29962314,"ES","ES4","ES41","ES413"
29981716,"ES","ES6","ES61","ES618"
29981730,"ES","ES6","ES61","ES618"
29981842,"ES","ES6","ES61","ES613"
29981914,"ES","ES4","ES43","ES431"
29982048,"ES","ES4","ES41","ES411"
29982076,"ES","ES4","ES41","ES415"
29982144,"ES","ES4","ES41","ES415"
29982166,"ES","ES4","ES41","ES419"
29982180,"ES","ES4","ES41","ES419"
29982246,"ES","ES4","ES41","ES419"
29982310,"ES","ES4","ES41","ES413"
30001684,"ES","ES6","ES61","ES617"
30001728,"ES","ES6","ES61","ES618"
30001738,"ES","ES6","ES61","ES618"
30001836,"ES","ES6","ES61","ES613"
30001912,"ES","ES4","ES43","ES431"
30002092,"ES","ES4","ES41","ES415"
30002236,"ES","ES4","ES41","ES419"
30002272,"ES","ES4","ES41","ES413"
30002290,"ES","ES4","ES41","ES413"
30002304,"ES","ES4","ES41","ES413"
30002322,"ES","ES4","ES41","ES413"
30002386,"ES","ES1","ES12","ES120"
30002398,"ES","ES1","ES12","ES120"
30002416,"ES","ES1","ES12","ES120"
30021820,"ES","ES6","ES61","ES613"
30022058,"ES","ES4","ES41","ES411"
30022086,"ES","ES4","ES41","ES415"
30022122,"ES","ES4","ES41","ES415"
30022184,"ES","ES4","ES41","ES419"
30022270,"ES","ES4","ES41","ES413"
30022296,"ES","ES4","ES41","ES413"
30022324,"ES","ES4","ES41","ES413"
30022410,"ES","ES1","ES12","ES120"
30041718,"ES","ES6","ES61","ES618"
30042042,"ES","ES4","ES41","ES411"
30042052,"ES","ES4","ES41","ES411"
30042136,"ES","ES4","ES41","ES415"
30042190,"ES","ES4","ES41","ES419"
30042214,"ES","ES4","ES41","ES419"
30042222,"ES","ES4","ES41","ES419"
30042244,"ES","ES4","ES41","ES419"
30042340,"ES","ES4","ES41","ES413"
30061648,"ES","ES6","ES61","ES617"
30061684,"ES","ES6","ES61","ES617"
30061696,"ES","ES6","ES61","ES618"
30061750,"ES","ES6","ES61","ES613"
30062066,"ES","ES4","ES41","ES415"
30062074,"ES","ES4","ES41","ES415"
30062134,"ES","ES4","ES41","ES415"
30062138,"ES","ES4","ES41","ES415"
30062206,"ES","ES4","ES41","ES419"
30062254,"ES","ES4","ES41","ES419"
30062278,"ES","ES4","ES41","ES413"
30062308,"ES","ES4","ES41","ES413"
30062336,"ES","ES4","ES41","ES413"
30081718,"ES","ES6","ES61","ES613"
30081758,"ES","ES6","ES61","ES613"
30081844,"ES","ES6","ES61","ES613"
30081890,"ES","ES4","ES43","ES431"
30082006,"ES","ES4","ES43","ES432"
30082070,"ES","ES4","ES41","ES415"
30082096,"ES","ES4","ES41","ES415"
30082100,"ES","ES4","ES41","ES415"
30082168,"ES","ES4","ES41","ES419"
30082172,"ES","ES4","ES41","ES419"
30082186,"ES","ES4","ES41","ES419"
30082244,"ES","ES4","ES41","ES419"
30082268,"ES","ES4","ES41","ES413"
30082276,"ES","ES4","ES41","ES413"
30082312,"ES","ES4","ES41","ES413"
30102048,"ES","ES4","ES41","ES411"
30102056,"ES","ES4","ES41","ES411"
30102128,"ES","ES4","ES41","ES415"
30102138,"ES","ES4","ES41","ES415"
30102146,"ES","ES4","ES41","ES415"
30102152,"ES","ES4","ES41","ES415"
30102164,"ES","ES4","ES41","ES419"
30102228,"ES","ES4","ES41","ES419"
30102368,"ES","ES1","ES12","ES120"
30121708,"ES","ES6","ES61","ES618"
30121722,"ES","ES6","ES61","ES613"
30121830,"ES","ES6","ES61","ES613"
30121844,"ES","ES6","ES61","ES613"
30121906,"ES","ES4","ES43","ES431"
30122054,"ES","ES4","ES41","ES411"
30122060,"ES","ES4","ES41","ES411"
30122072,"ES","ES4","ES41","ES415"
30122154,"ES","ES4","ES41","ES419"
30122158,"ES","ES4","ES41","ES419"
30122252,"ES","ES4","ES41","ES419"
30122270,"ES","ES4","ES41","ES413"
30122276,"ES","ES4","ES41","ES413"
30122294,"ES","ES4","ES41","ES413"
30122298,"ES","ES4","ES41","ES413"
30122312,"ES","ES4","ES41","ES413"
30141756,"ES","ES6","ES61","ES613"
30142056,"ES","ES4","ES41","ES411"
30142062,"ES","ES4","ES41","ES411"
30142092,"ES","ES4","ES41","ES415"
30142106,"ES","ES4","ES41","ES415"
30142128,"ES","ES4","ES41","ES415"
30142178,"ES","ES4","ES41","ES419"
30142200,"ES","ES4","ES41","ES419"
30142232,"ES","ES4","ES41","ES419"
30142268,"ES","ES4","ES41","ES413"
30142296,"ES","ES4","ES41","ES413"
30161670,"ES","ES6","ES61","ES617"
30161680,"ES","ES6","ES61","ES617"
30161688,"ES","ES6","ES61","ES617"
30161748,"ES","ES6","ES61","ES613"
30161760,"ES","ES6","ES61","ES613"
30161932,"ES","ES4","ES43","ES431"
30162054,"ES","ES4","ES41","ES411"
30162072,"ES","ES4","ES41","ES415"
30162126,"ES","ES4","ES41","ES415"
30162130,"ES","ES4","ES41","ES415"
30162148,"ES","ES4","ES41","ES415"
30162184,"ES","ES4","ES41","ES419"
30162192,"ES","ES4","ES41","ES419"
30162202,"ES","ES4","ES41","ES419"
30162292,"ES","ES4","ES41","ES413"
30162346,"ES","ES4","ES41","ES413"
30181738,"ES","ES6","ES61","ES613"
30181858,"ES","ES6","ES61","ES613"
30182074,"ES","ES4","ES41","ES415"
30182092,"ES","ES4","ES41","ES415"
30182170,"ES","ES4","ES41","ES419"
30182196,"ES","ES4","ES41","ES419"
30182218,"ES","ES4","ES41","ES419"
30182224,"ES","ES4","ES41","ES419"
30182314,"ES","ES4","ES41","ES413"
30182326,"ES","ES4","ES41","ES413"
30182344,"ES","ES4","ES41","ES413"
30201726,"ES","ES6","ES61","ES613"
30201748,"ES","ES6","ES61","ES613"
30202130,"ES","ES4","ES41","ES415"
30202134,"ES","ES4","ES41","ES415"
30202148,"ES","ES4","ES41","ES419"
30202184,"ES","ES4","ES41","ES419"
30202188,"ES","ES4","ES41","ES419"
30202206,"ES","ES4","ES41","ES419"
30202248,"ES","ES4","ES41","ES419"
30202274,"ES","ES4","ES41","ES413"
30202278,"ES","ES4","ES41","ES413"
30202284,"ES","ES4","ES41","ES413"
30202314,"ES","ES4","ES41","ES413"
30202338,"ES","ES4","ES41","ES413"
30202356,"ES","ES4","ES41","ES413"
30202396,"ES","ES1","ES12","ES120"
30221758,"ES","ES6","ES61","ES613"
30221808,"ES","ES6","ES61","ES613"
30221862,"ES","ES4","ES42","ES422"
30221962,"ES","ES4","ES42","ES425"
30222060,"ES","ES4","ES41","ES411"
30222150,"ES","ES4","ES41","ES419"
30222190,"ES","ES4","ES41","ES419"
30222214,"ES","ES4","ES41","ES419"
30222222,"ES","ES4","ES41","ES419"
30223342,"IE","IE0","IE05","IE053"
30241660,"ES","ES6","ES61","ES617"
30241684,"ES","ES6","ES61","ES617"
30241688,"ES","ES6","ES61","ES617"
30241876,"ES","ES4","ES42","ES422"
30242062,"ES","ES4","ES41","ES411"
30242074,"ES","ES4","ES41","ES411"
30242092,"ES","ES4","ES41","ES415"
30242108,"ES","ES4","ES41","ES415"
30242156,"ES","ES4","ES41","ES419"
30242188,"ES","ES4","ES41","ES419"
30242206,"ES","ES4","ES41","ES419"
30242218,"ES","ES4","ES41","ES419"
30242236,"ES","ES4","ES41","ES419"
30242254,"ES","ES4","ES41","ES413"
30242300,"ES","ES4","ES41","ES413"
30242314,"ES","ES4","ES41","ES413"
30243370,"IE","IE0","IE05","IE053"
30261908,"ES","ES4","ES43","ES431"
30261916,"ES","ES4","ES43","ES431"
30261988,"ES","ES4","ES42","ES425"
30262064,"ES","ES4","ES41","ES411"
30262106,"ES","ES4","ES41","ES415"
30262168,"ES","ES4","ES41","ES419"
30262190,"ES","ES4","ES41","ES419"
30262286,"ES","ES4","ES41","ES413"
30262322,"ES","ES4","ES41","ES413"
30281738,"ES","ES6","ES61","ES613"
30281774,"ES","ES6","ES61","ES613"
30281804,"ES","ES6","ES61","ES613"
30281930,"ES","ES4","ES43","ES431"
30282048,"ES","ES4","ES41","ES411"
30282080,"ES","ES4","ES41","ES411"
30282102,"ES","ES4","ES41","ES415"
30282120,"ES","ES4","ES41","ES415"
30282128,"ES","ES4","ES41","ES415"
30282174,"ES","ES4","ES41","ES419"
30282228,"ES","ES4","ES41","ES419"
30282264,"ES","ES4","ES41","ES413"
30282318,"ES","ES4","ES41","ES413"
30282398,"ES","ES1","ES12","ES120"
30282408,"ES","ES1","ES12","ES120"
30283550,"IE","IE0","IE04","IE042"
30301704,"ES","ES6","ES61","ES613"
30301718,"ES","ES6","ES61","ES613"
30301740,"ES","ES6","ES61","ES613"
30302068,"ES","ES4","ES41","ES411"
30302072,"ES","ES4","ES41","ES411"
30302082,"ES","ES4","ES41","ES411"
30302096,"ES","ES4","ES41","ES415"
30302136,"ES","ES4","ES41","ES415"
30302150,"ES","ES4","ES41","ES419"
30302158,"ES","ES4","ES41","ES419"
30302194,"ES","ES4","ES41","ES419"
30302208,"ES","ES4","ES41","ES419"
30302240,"ES","ES4","ES41","ES419"
30302248,"ES","ES4","ES41","ES419"
30302288,"ES","ES4","ES41","ES413"
30302302,"ES","ES4","ES41","ES413"
30303360,"IE","IE0","IE05","IE053"
30303364,"IE","IE0","IE05","IE053"
30303392,"IE","IE0","IE05","IE053"
30321738,"ES","ES6","ES61","ES613"
30321828,"ES","ES6","ES61","ES613"
30321990,"ES","ES4","ES42","ES425"
30322080,"ES","ES4","ES41","ES411"
30322128,"ES","ES4","ES41","ES415"
30322152,"ES","ES4","ES41","ES419"
30322196,"ES","ES4","ES41","ES419"
30322206,"ES","ES4","ES41","ES419"
30322254,"ES","ES4","ES41","ES413"
30322260,"ES","ES4","ES41","ES413"
30322278,"ES","ES4","ES41","ES413"
30322286,"ES","ES4","ES41","ES413"
30322326,"ES","ES4","ES41","ES413"
30322350,"ES","ES1","ES12","ES120"
30341770,"ES","ES6","ES61","ES613"
30341842,"ES","ES6","ES61","ES613"
30341994,"ES","ES4","ES42","ES425"
30342090,"ES","ES4","ES41","ES415"
30342138,"ES","ES4","ES41","ES419"
30342192,"ES","ES4","ES41","ES419"
30342234,"ES","ES4","ES41","ES419"
30342270,"ES","ES4","ES41","ES413"
30342282,"ES","ES4","ES41","ES413"
30361750,"ES","ES6","ES61","ES613"
30361876,"ES","ES4","ES42","ES422"
30361894,"ES","ES4","ES42","ES422"
30362016,"ES","ES4","ES42","ES425"
30362098,"ES","ES4","ES41","ES415"
30362124,"ES","ES4","ES41","ES415"
30362152,"ES","ES4","ES41","ES419"
30362188,"ES","ES4","ES41","ES419"
30362206,"ES","ES4","ES41","ES419"
30362218,"ES","ES4","ES41","ES419"
30362232,"ES","ES4","ES41","ES419"
30362254,"ES","ES4","ES41","ES413"
30362278,"ES","ES4","ES41","ES413"
30362290,"ES","ES4","ES41","ES413"
30362296,"ES","ES4","ES41","ES413"
30363420,"IE","IE0","IE05","IE051"
30381762,"ES","ES6","ES61","ES613"
30381978,"ES","ES4","ES42","ES425"
30381996,"ES","ES4","ES42","ES425"
30382072,"ES","ES4","ES41","ES411"
30382086,"ES","ES4","ES41","ES411"
30382104,"ES","ES4","ES41","ES415"
30382148,"ES","ES4","ES41","ES419"
30382162,"ES","ES4","ES41","ES419"
30382224,"ES","ES4","ES41","ES419"
30382238,"ES","ES4","ES41","ES419"
30382396,"ES","ES1","ES12","ES120"
30383382,"IE","IE0","IE05","IE053"
30401728,"ES","ES6","ES61","ES613"
30401746,"ES","ES6","ES61","ES613"
30401830,"ES","ES6","ES61","ES613"
30401992,"ES","ES4","ES42","ES425"
30402028,"ES","ES4","ES41","ES411"
30402106,"ES","ES4","ES41","ES415"
30402136,"ES","ES4","ES41","ES419"
30402160,"ES","ES4","ES41","ES419"
30402186,"ES","ES4","ES41","ES419"
30402208,"ES","ES4","ES41","ES419"
30402214,"ES","ES4","ES41","ES419"
30402232,"ES","ES4","ES41","ES419"
30402312,"ES","ES4","ES41","ES413"
30402322,"ES","ES4","ES41","ES413"
30402352,"ES","ES1","ES12","ES120"
30402384,"ES","ES1","ES12","ES120"
30421684,"ES","ES6","ES61","ES617"
30421688,"ES","ES6","ES61","ES617"
30421714,"ES","ES6","ES61","ES613"
30421912,"ES","ES4","ES42","ES422"
30421994,"ES","ES4","ES42","ES425"
30422056,"ES","ES4","ES41","ES411"
30422084,"ES","ES4","ES41","ES411"
30422110,"ES","ES4","ES41","ES415"
30422138,"ES","ES4","ES41","ES415"
30422164,"ES","ES4","ES41","ES419"
30422170,"ES","ES4","ES41","ES419"
30422198,"ES","ES4","ES41","ES419"
30422224,"ES","ES4","ES41","ES419"
30422296,"ES","ES4","ES41","ES413"
30422300,"ES","ES4","ES41","ES413"
30441754,"ES","ES6","ES61","ES613"
30441944,"ES","ES4","ES42","ES422"
30441998,"ES","ES4","ES42","ES425"
30442006,"ES","ES4","ES42","ES425"
30442082,"ES","ES4","ES41","ES411"
30442088,"ES","ES4","ES41","ES411"
30442100,"ES","ES4","ES41","ES415"
30442178,"ES","ES4","ES41","ES419"
30442186,"ES","ES4","ES41","ES419"
30442240,"ES","ES4","ES41","ES418"
30442268,"ES","ES4","ES41","ES413"
30442322,"ES","ES4","ES41","ES413"
30442384,"ES","ES1","ES12","ES120"
30442402,"ES","ES1","ES12","ES120"
30461774,"ES","ES6","ES61","ES613"
30462002,"ES","ES4","ES42","ES425"
30462008,"ES","ES4","ES42","ES425"
30462080,"ES","ES4","ES41","ES411"
30462084,"ES","ES4","ES41","ES411"
30462110,"ES","ES4","ES41","ES415"
30462138,"ES","ES4","ES41","ES415"
30462146,"ES","ES4","ES41","ES418"
30462170,"ES","ES4","ES41","ES418"
30462200,"ES","ES4","ES41","ES419"
30462224,"ES","ES4","ES41","ES419"
30462228,"ES","ES4","ES41","ES418"
30462264,"ES","ES4","ES41","ES413"
30462314,"ES","ES4","ES41","ES413"
30481762,"ES","ES6","ES61","ES613"
30481928,"ES","ES4","ES43","ES431"
30481942,"ES","ES4","ES42","ES422"
30482104,"ES","ES4","ES41","ES415"
30482108,"ES","ES4","ES41","ES415"
30482118,"ES","ES4","ES41","ES415"
30482140,"ES","ES4","ES41","ES418"
30482176,"ES","ES4","ES41","ES419"
30482208,"ES","ES4","ES41","ES419"
30482230,"ES","ES4","ES41","ES419"
30482324,"ES","ES4","ES41","ES413"
30482338,"ES","ES4","ES41","ES413"
30482384,"ES","ES1","ES12","ES120"
30482410,"ES","ES1","ES12","ES120"
30483342,"IE","IE0","IE05","IE053"
30483396,"IE","IE0","IE05","IE053"
30501774,"ES","ES6","ES61","ES613"
30501876,"ES","ES4","ES42","ES422"
30501930,"ES","ES4","ES43","ES431"
30502088,"ES","ES4","ES41","ES411"
30502092,"ES","ES4","ES41","ES411"
30502124,"ES","ES4","ES41","ES415"
30502134,"ES","ES4","ES41","ES415"
30502142,"ES","ES4","ES41","ES418"
30502152,"ES","ES4","ES41","ES418"
30502182,"ES","ES4","ES41","ES419"
30502188,"ES","ES4","ES41","ES418"
30502200,"ES","ES4","ES41","ES418"
30502206,"ES","ES4","ES41","ES418"
30502218,"ES","ES4","ES41","ES419"
30502242,"ES","ES4","ES41","ES413"
30502250,"ES","ES4","ES41","ES413"
30502272,"ES","ES4","ES41","ES413"
30502286,"ES","ES4","ES41","ES413"
30502304,"ES","ES4","ES41","ES413"
30502308,"ES","ES4","ES41","ES413"
30521680,"ES","ES6","ES61","ES614"
30521698,"ES","ES6","ES61","ES613"
30521752,"ES","ES6","ES61","ES613"
30521788,"ES","ES6","ES61","ES613"
30522076,"ES","ES4","ES41","ES411"
30522156,"ES","ES4","ES41","ES418"
30522162,"ES","ES4","ES41","ES418"
30522198,"ES","ES4","ES41","ES418"
30522202,"ES","ES4","ES41","ES418"
30522228,"ES","ES4","ES41","ES419"
30522256,"ES","ES4","ES41","ES413"
30522274,"ES","ES4","ES41","ES413"
30522292,"ES","ES4","ES41","ES413"
30522306,"ES","ES4","ES41","ES413"
30541732,"ES","ES6","ES61","ES613"
30541738,"ES","ES6","ES61","ES613"
30541756,"ES","ES6","ES61","ES613"
30541864,"ES","ES4","ES42","ES422"
30541930,"ES","ES4","ES43","ES431"
30542182,"ES","ES4","ES41","ES418"
30542196,"ES","ES4","ES41","ES418"
30542218,"ES","ES4","ES41","ES419"
30542250,"ES","ES4","ES41","ES413"
30542362,"ES","ES1","ES12","ES120"
30542376,"ES","ES1","ES12","ES120"
30542404,"ES","ES1","ES12","ES120"
30561658,"ES","ES6","ES61","ES617"
30561748,"ES","ES6","ES61","ES613"
30561964,"ES","ES4","ES42","ES425"
30561996,"ES","ES4","ES42","ES425"
30562072,"ES","ES4","ES41","ES411"
30562086,"ES","ES4","ES41","ES411"
30562108,"ES","ES4","ES41","ES411"
30562140,"ES","ES4","ES41","ES418"
30562144,"ES","ES4","ES41","ES418"
30562152,"ES","ES4","ES41","ES418"
30562158,"ES","ES4","ES41","ES418"
30562176,"ES","ES4","ES41","ES418"
30562194,"ES","ES4","ES41","ES418"
30562216,"ES","ES4","ES41","ES418"
30562224,"ES","ES4","ES41","ES419"
30562256,"ES","ES4","ES41","ES413"
30562270,"ES","ES4","ES41","ES413"
30562274,"ES","ES4","ES41","ES413"
30562302,"ES","ES4","ES41","ES413"
30562306,"ES","ES4","ES41","ES413"
30562338,"ES","ES4","ES41","ES413"
30581782,"ES","ES6","ES61","ES613"
30582064,"ES","ES4","ES41","ES411"
30582118,"ES","ES4","ES41","ES411"
30582222,"ES","ES4","ES41","ES418"
30582226,"ES","ES4","ES41","ES419"
30582240,"ES","ES4","ES41","ES418"
30582258,"ES","ES4","ES41","ES413"
30582366,"ES","ES1","ES12","ES120"
30601738,"ES","ES6","ES61","ES613"
30601846,"ES","ES4","ES42","ES422"
30602044,"ES","ES4","ES41","ES411"
30602066,"ES","ES4","ES41","ES411"
30602080,"ES","ES4","ES41","ES411"
30602110,"ES","ES4","ES41","ES411"
30602162,"ES","ES4","ES41","ES418"
30602170,"ES","ES4","ES41","ES418"
30602198,"ES","ES4","ES41","ES418"
30602206,"ES","ES4","ES41","ES418"
30602224,"ES","ES4","ES41","ES418"
30602264,"ES","ES4","ES41","ES413"
30602278,"ES","ES4","ES41","ES413"
30602290,"ES","ES4","ES41","ES413"
30602296,"ES","ES4","ES41","ES413"
30621700,"ES","ES6","ES61","ES614"
30621728,"ES","ES6","ES61","ES613"
30621772,"ES","ES6","ES61","ES613"
30621992,"ES","ES4","ES42","ES425"
30622070,"ES","ES4","ES41","ES411"
30622096,"ES","ES4","ES41","ES411"
30622150,"ES","ES4","ES41","ES418"
30622214,"ES","ES4","ES41","ES418"
30622262,"ES","ES4","ES41","ES413"
30622276,"ES","ES4","ES41","ES413"
30622304,"ES","ES4","ES41","ES413"
30622388,"ES","ES1","ES12","ES120"
30623360,"IE","IE0","IE05","IE053"
30623392,"IE","IE0","IE05","IE053"
30623428,"IE","IE0","IE05","IE051"
30641768,"ES","ES6","ES61","ES613"
30642062,"ES","ES4","ES41","ES411"
30642080,"ES","ES4","ES41","ES411"
30642134,"ES","ES4","ES41","ES418"
30642164,"ES","ES4","ES41","ES418"
30642228,"ES","ES4","ES41","ES418"
30642236,"ES","ES4","ES41","ES418"
30642260,"ES","ES4","ES41","ES413"
30642296,"ES","ES4","ES41","ES413"
30642354,"ES","ES1","ES12","ES120"
30661974,"ES","ES4","ES42","ES425"
30662054,"ES","ES4","ES41","ES411"
30662072,"ES","ES4","ES41","ES411"
30662104,"ES","ES4","ES41","ES411"
30662118,"ES","ES4","ES41","ES411"
30662168,"ES","ES4","ES41","ES418"
30662190,"ES","ES4","ES41","ES418"
30662204,"ES","ES4","ES41","ES418"
30662208,"ES","ES4","ES41","ES418"
30662276,"ES","ES4","ES41","ES413"
30662324,"ES","ES4","ES41","ES413"
30662334,"ES","ES4","ES41","ES413"
30662388,"ES","ES1","ES12","ES120"
30663346,"IE","IE0","IE05","IE053"
30663392,"IE","IE0","IE05","IE053"
30681656,"ES","ES6","ES61","ES614"
30681774,"ES","ES6","ES61","ES616"
30682044,"ES","ES4","ES41","ES411"
30682052,"ES","ES4","ES41","ES411"
30682088,"ES","ES4","ES41","ES411"
30682116,"ES","ES4","ES41","ES411"
30682206,"ES","ES4","ES41","ES418"
30682278,"ES","ES4","ES41","ES413"
30682308,"ES","ES4","ES41","ES413"
30682344,"ES","ES4","ES41","ES413"
30701712,"ES","ES6","ES61","ES613"
30702012,"ES","ES4","ES42","ES425"
30702048,"ES","ES4","ES41","ES411"
30702072,"ES","ES4","ES41","ES411"
30702094,"ES","ES4","ES41","ES411"
30702108,"ES","ES4","ES41","ES411"
30702180,"ES","ES4","ES41","ES418"
30702256,"ES","ES4","ES41","ES418"
30702274,"ES","ES4","ES41","ES413"
30702324,"ES","ES4","ES41","ES413"
30702378,"ES","ES1","ES12","ES120"
30702390,"ES","ES1","ES12","ES120"
30721674,"ES","ES6","ES61","ES614"
30721702,"ES","ES6","ES61","ES614"
30721728,"ES","ES6","ES61","ES616"
30721738,"ES","ES6","ES61","ES616"
30721756,"ES","ES6","ES61","ES616"
30722002,"ES","ES4","ES42","ES425"
30722052,"ES","ES4","ES41","ES411"
30722062,"ES","ES4","ES41","ES411"
30722074,"ES","ES4","ES41","ES411"
30722152,"ES","ES4","ES41","ES418"
30722214,"ES","ES4","ES41","ES418"
30722254,"ES","ES4","ES41","ES418"
30722260,"ES","ES4","ES41","ES413"
30722268,"ES","ES4","ES41","ES413"
30722290,"ES","ES4","ES41","ES413"
30741676,"ES","ES6","ES61","ES614"
30741708,"ES","ES6","ES61","ES613"
30742058,"ES","ES4","ES41","ES411"
30742122,"ES","ES4","ES41","ES411"
30742152,"ES","ES4","ES41","ES418"
30742162,"ES","ES4","ES41","ES418"
30742170,"ES","ES4","ES41","ES418"
30742198,"ES","ES4","ES41","ES418"
30742212,"ES","ES4","ES41","ES418"
30742224,"ES","ES4","ES41","ES418"
30742242,"ES","ES4","ES41","ES418"
30742266,"ES","ES4","ES41","ES413"
30743386,"IE","IE0","IE05","IE053"
30743490,"IE","IE0","IE04","IE042"
30761664,"ES","ES6","ES61","ES614"
30761848,"ES","ES4","ES42","ES422"
30761988,"ES","ES4","ES42","ES425"
30762052,"ES","ES4","ES41","ES411"
30762060,"ES","ES4","ES41","ES411"
30762064,"ES","ES4","ES41","ES411"
30762172,"ES","ES4","ES41","ES418"
30762208,"ES","ES4","ES41","ES418"
30762276,"ES","ES4","ES41","ES413"
30762358,"ES","ES1","ES12","ES120"
30763356,"IE","IE0","IE05","IE053"
30763396,"IE","IE0","IE05","IE053"
30781660,"ES","ES6","ES61","ES614"
30781768,"ES","ES6","ES61","ES616"
30781868,"ES","ES4","ES42","ES422"
30781994,"ES","ES4","ES42","ES425"
30782134,"ES","ES4","ES41","ES418"
30782138,"ES","ES4","ES41","ES418"
30782174,"ES","ES4","ES41","ES418"
30782188,"ES","ES4","ES41","ES418"
30782198,"ES","ES4","ES41","ES418"
30782210,"ES","ES4","ES41","ES418"
30782218,"ES","ES4","ES41","ES418"
30782234,"ES","ES4","ES41","ES418"
30782288,"ES","ES4","ES41","ES413"
30782344,"ES","ES4","ES41","ES413"
30782390,"ES","ES1","ES12","ES120"
30801664,"ES","ES6","ES61","ES614"
30801700,"ES","ES6","ES61","ES614"
30801772,"ES","ES6","ES61","ES616"
30801836,"ES","ES4","ES42","ES422"
30801848,"ES","ES4","ES42","ES422"
30801988,"ES","ES4","ES42","ES425"
30802006,"ES","ES4","ES42","ES425"
30802052,"ES","ES4","ES41","ES411"
30802096,"ES","ES4","ES41","ES411"
30802118,"ES","ES4","ES41","ES411"
30802150,"ES","ES4","ES41","ES418"
30802172,"ES","ES4","ES41","ES418"
30802190,"ES","ES4","ES41","ES418"
30802214,"ES","ES4","ES41","ES418"
30802240,"ES","ES4","ES41","ES418"
30802268,"ES","ES4","ES41","ES413"
30802294,"ES","ES4","ES41","ES413"
30802312,"ES","ES4","ES41","ES413"
30802376,"ES","ES1","ES12","ES120"
30803590,"IE","IE0","IE04","IE042"
30821768,"ES","ES6","ES61","ES616"
30822110,"ES","ES4","ES41","ES411"
30822134,"ES","ES4","ES41","ES418"
30822182,"ES","ES4","ES41","ES418"
30822210,"ES","ES4","ES41","ES418"
30822264,"ES","ES4","ES41","ES413"
30822300,"ES","ES4","ES41","ES413"
30822344,"ES","ES4","ES41","ES413"
30823370,"IE","IE0","IE05","IE053"
30841686,"ES","ES6","ES61","ES614"
30841708,"ES","ES6","ES61","ES616"
30842072,"ES","ES4","ES41","ES411"
30842118,"ES","ES4","ES41","ES411"
30842132,"ES","ES4","ES41","ES418"
30842162,"ES","ES4","ES41","ES418"
30842212,"ES","ES4","ES41","ES418"
30842216,"ES","ES4","ES41","ES414"
30842222,"ES","ES4","ES41","ES418"
30842226,"ES","ES4","ES41","ES418"
30842234,"ES","ES4","ES41","ES418"
30842244,"ES","ES4","ES41","ES418"
30842252,"ES","ES4","ES41","ES418"
30842262,"ES","ES4","ES41","ES413"
30842276,"ES","ES4","ES41","ES413"
30861660,"ES","ES6","ES61","ES614"
30861756,"ES","ES6","ES61","ES616"
30862070,"ES","ES4","ES41","ES411"
30862116,"ES","ES4","ES41","ES411"
30862152,"ES","ES4","ES41","ES418"
30862182,"ES","ES4","ES41","ES418"
30862278,"ES","ES4","ES41","ES413"
30881676,"ES","ES6","ES61","ES614"
30881748,"ES","ES6","ES61","ES616"
30881760,"ES","ES6","ES61","ES616"
30881910,"ES","ES4","ES42","ES422"
30881968,"ES","ES4","ES42","ES425"
30881994,"ES","ES4","ES42","ES425"
30882072,"ES","ES4","ES41","ES411"
30882130,"ES","ES4","ES41","ES418"
30882288,"ES","ES4","ES41","ES413"
30882342,"ES","ES4","ES41","ES413"
30882346,"ES","ES1","ES12","ES120"
30882378,"ES","ES1","ES12","ES120"
30901656,"ES","ES6","ES61","ES614"
30901666,"ES","ES6","ES61","ES614"
30901972,"ES","ES4","ES42","ES425"
30901990,"ES","ES4","ES42","ES425"
30902056,"ES","ES4","ES41","ES411"
30902070,"ES","ES4","ES41","ES411"
30902116,"ES","ES4","ES41","ES416"
30902146,"ES","ES4","ES41","ES418"
30902164,"ES","ES4","ES41","ES418"
30902196,"ES","ES4","ES41","ES418"
30902236,"ES","ES4","ES41","ES418"
30902242,"ES","ES4","ES41","ES414"
30902250,"ES","ES4","ES41","ES414"
30902260,"ES","ES4","ES41","ES413"
30902278,"ES","ES4","ES41","ES413"
30902290,"ES","ES4","ES41","ES413"
30902340,"ES","ES4","ES41","ES413"
30922076,"ES","ES4","ES41","ES411"
30922090,"ES","ES4","ES41","ES411"
30922116,"ES","ES4","ES41","ES416"
30922176,"ES","ES4","ES41","ES418"
30922224,"ES","ES4","ES41","ES414"
30922242,"ES","ES4","ES41","ES414"
30922248,"ES","ES4","ES41","ES414"
30922274,"ES","ES4","ES41","ES413"
30922278,"ES","ES4","ES41","ES413"
30922284,"ES","ES4","ES41","ES413"
30922310,"ES","ES4","ES41","ES413"
30922324,"ES","ES4","ES41","ES413"
30922374,"ES","ES1","ES12","ES120"
30923436,"IE","IE0","IE05","IE051"
30941650,"ES","ES6","ES61","ES614"
30941754,"ES","ES6","ES61","ES616"
30941854,"ES","ES4","ES42","ES422"
30942046,"ES","ES4","ES41","ES411"
30942114,"ES","ES4","ES41","ES416"
30942150,"ES","ES4","ES41","ES418"
30942168,"ES","ES4","ES41","ES418"
30942186,"ES","ES4","ES41","ES418"
30942294,"ES","ES4","ES41","ES413"
30942340,"ES","ES4","ES41","ES413"
30942376,"ES","ES1","ES12","ES120"
30943536,"IE","IE0","IE04","IE042"
30961660,"ES","ES6","ES61","ES614"
30961768,"ES","ES6","ES61","ES616"
30961900,"ES","ES4","ES42","ES422"
30962066,"ES","ES4","ES41","ES411"
30962098,"ES","ES4","ES41","ES411"
30962228,"ES","ES4","ES41","ES414"
30962246,"ES","ES4","ES41","ES414"
30962290,"ES","ES4","ES41","ES413"
30962308,"ES","ES4","ES41","ES413"
30981646,"ES","ES6","ES61","ES614"
30981674,"ES","ES6","ES61","ES614"
30981692,"ES","ES6","ES61","ES614"
30981704,"ES","ES6","ES61","ES614"
30981722,"ES","ES6","ES61","ES616"
30981728,"ES","ES6","ES61","ES616"
30981866,"ES","ES4","ES42","ES422"
30981880,"ES","ES4","ES42","ES422"
30982132,"ES","ES4","ES41","ES416"
30982154,"ES","ES4","ES41","ES418"
30982250,"ES","ES4","ES41","ES414"
30982262,"ES","ES4","ES41","ES414"
31001666,"ES","ES6","ES61","ES614"
31001702,"ES","ES6","ES61","ES614"
31001840,"ES","ES4","ES42","ES422"
31001850,"ES","ES4","ES42","ES422"
31001954,"ES","ES4","ES42","ES425"
31002074,"ES","ES4","ES41","ES411"
31002080,"ES","ES4","ES41","ES411"
31002120,"ES","ES4","ES41","ES416"
31002188,"ES","ES4","ES41","ES418"
31002200,"ES","ES4","ES41","ES418"
31002206,"ES","ES4","ES41","ES414"
31002254,"ES","ES4","ES41","ES414"
31002264,"ES","ES4","ES41","ES414"
31002282,"ES","ES4","ES41","ES413"
31003388,"IE","IE0","IE05","IE051"
31003394,"IE","IE0","IE05","IE051"
31003478,"IE","IE0","IE04","IE042"
31021664,"ES","ES6","ES61","ES614"
31021708,"ES","ES6","ES61","ES614"
31021812,"ES","ES4","ES42","ES422"
31021866,"ES","ES4","ES42","ES422"
31021880,"ES","ES4","ES42","ES422"
31022060,"ES","ES4","ES41","ES411"
31022078,"ES","ES4","ES41","ES411"
31022086,"ES","ES4","ES41","ES416"
31022118,"ES","ES4","ES41","ES416"
31022136,"ES","ES4","ES41","ES416"
31022172,"ES","ES4","ES41","ES418"
31022194,"ES","ES4","ES41","ES418"
31022252,"ES","ES4","ES41","ES414"
31022262,"ES","ES4","ES41","ES414"
31041882,"ES","ES4","ES42","ES422"
31042070,"ES","ES4","ES41","ES416"
31042080,"ES","ES4","ES41","ES416"
31042164,"ES","ES4","ES41","ES418"
31042182,"ES","ES4","ES41","ES418"
31042188,"ES","ES4","ES41","ES418"
31042196,"ES","ES4","ES41","ES418"
31042322,"ES","ES4","ES41","ES413"
31042344,"ES","ES4","ES41","ES413"
31061644,"ES","ES6","ES61","ES614"
31061688,"ES","ES6","ES61","ES614"
31061706,"ES","ES6","ES61","ES614"
31061760,"ES","ES6","ES61","ES616"
31061766,"ES","ES6","ES61","ES616"
31062058,"ES","ES4","ES41","ES411"
31062076,"ES","ES4","ES41","ES416"
31062184,"ES","ES4","ES41","ES418"
31062202,"ES","ES4","ES41","ES418"
31062246,"ES","ES4","ES41","ES414"
31062252,"ES","ES4","ES41","ES414"
31062270,"ES","ES4","ES41","ES414"
31062274,"ES","ES4","ES41","ES414"
31062288,"ES","ES4","ES41","ES414"
31063480,"IE","IE0","IE04","IE042"
31081642,"ES","ES6","ES61","ES614"
31081710,"ES","ES6","ES61","ES614"
31081714,"ES","ES6","ES61","ES616"
31081962,"ES","ES4","ES42","ES425"
31082110,"ES","ES4","ES41","ES416"
31082224,"ES","ES4","ES41","ES414"
31082232,"ES","ES4","ES41","ES414"
31082236,"ES","ES4","ES41","ES414"
31082242,"ES","ES4","ES41","ES414"
31083442,"IE","IE0","IE05","IE051"
31083448,"IE","IE0","IE05","IE051"
31101870,"ES","ES4","ES42","ES422"
31101964,"ES","ES4","ES42","ES425"
31102104,"ES","ES4","ES41","ES416"
31102176,"ES","ES4","ES41","ES418"
31102202,"ES","ES4","ES41","ES418"
31102220,"ES","ES4","ES41","ES414"
31102234,"ES","ES4","ES41","ES414"
31102260,"ES","ES4","ES41","ES414"
31102270,"ES","ES4","ES41","ES414"
31102292,"ES","ES4","ES41","ES414"
31102296,"ES","ES4","ES41","ES414"
31102302,"ES","ES4","ES41","ES414"
31102306,"ES","ES4","ES41","ES414"
31103548,"IE","IE0","IE04","IE042"
31121740,"ES","ES6","ES61","ES616"
31121772,"ES","ES6","ES61","ES616"
31121872,"ES","ES4","ES42","ES422"
31122070,"ES","ES4","ES41","ES416"
31122088,"ES","ES4","ES41","ES416"
31122114,"ES","ES4","ES41","ES416"
31122150,"ES","ES4","ES41","ES416"
31122190,"ES","ES4","ES41","ES418"
31122250,"ES","ES4","ES41","ES414"
31122280,"ES","ES4","ES41","ES414"
31122298,"ES","ES4","ES41","ES414"
31122304,"ES","ES4","ES41","ES414"
31122366,"ES","ES1","ES12","ES120"
31122376,"ES","ES1","ES12","ES120"
31123392,"IE","IE0","IE05","IE051"
31123410,"IE","IE0","IE05","IE051"
31141652,"ES","ES6","ES61","ES614"
31141666,"ES","ES6","ES61","ES614"
31141720,"ES","ES6","ES61","ES616"
31141750,"ES","ES6","ES61","ES616"
31141756,"ES","ES6","ES61","ES616"
31141966,"ES","ES4","ES42","ES425"
31142216,"ES","ES4","ES41","ES414"
31142218,"ES","ES4","ES41","ES414"
31142272,"ES","ES4","ES41","ES414"
31142296,"ES","ES4","ES41","ES414"
31142300,"ES","ES4","ES41","ES414"
31161704,"ES","ES6","ES61","ES614"
31161722,"ES","ES6","ES61","ES616"
31161740,"ES","ES6","ES61","ES616"
31161848,"ES","ES4","ES42","ES422"
31162010,"ES","ES4","ES42","ES425"
31162082,"ES","ES4","ES41","ES416"
31162160,"ES","ES4","ES41","ES418"
31162204,"ES","ES4","ES41","ES414"
31162208,"ES","ES4","ES41","ES414"
31162226,"ES","ES4","ES41","ES414"
31162232,"ES","ES4","ES41","ES414"
31162316,"ES","ES4","ES41","ES414"
31163396,"IE","IE0","IE05","IE051"
31163428,"IE","IE0","IE05","IE051"
31181706,"ES","ES6","ES61","ES614"
31181714,"ES","ES6","ES61","ES614"
31181796,"ES","ES6","ES61","ES616"
31181858,"ES","ES4","ES42","ES422"
31182080,"ES","ES4","ES41","ES416"
31182116,"ES","ES4","ES41","ES416"
31182138,"ES","ES4","ES41","ES416"
31182188,"ES","ES4","ES41","ES418"
31182218,"ES","ES4","ES41","ES414"
31182242,"ES","ES4","ES41","ES414"
31182246,"ES","ES4","ES41","ES414"
31182272,"ES","ES4","ES41","ES414"
31182380,"ES","ES1","ES12","ES120"
31201668,"ES","ES6","ES61","ES614"
31201708,"ES","ES6","ES61","ES614"
31201772,"ES","ES6","ES61","ES616"
31201866,"ES","ES4","ES42","ES422"
31201884,"ES","ES4","ES42","ES422"
31201952,"ES","ES4","ES42","ES425"
31202126,"ES","ES4","ES41","ES416"
31202150,"ES","ES4","ES41","ES416"
31202186,"ES","ES4","ES41","ES418"
31202190,"ES","ES4","ES41","ES414"
31202252,"ES","ES4","ES41","ES414"
31202262,"ES","ES4","ES41","ES414"
31202276,"ES","ES4","ES41","ES414"
31202288,"ES","ES4","ES41","ES414"
31221710,"ES","ES6","ES61","ES614"
31222070,"ES","ES4","ES41","ES416"
31222080,"ES","ES4","ES41","ES416"
31222092,"ES","ES4","ES41","ES416"
31222146,"ES","ES4","ES41","ES416"
31222178,"ES","ES4","ES41","ES418"
31222260,"ES","ES4","ES41","ES414"
31241716,"ES","ES6","ES61","ES614"
31241766,"ES","ES6","ES61","ES616"
31241770,"ES","ES6","ES61","ES616"
31241860,"ES","ES4","ES42","ES422"
31242022,"ES","ES3","ES30","ES300"
31242076,"ES","ES4","ES41","ES416"
31242102,"ES","ES4","ES41","ES416"
31242162,"ES","ES4","ES41","ES418"
31242216,"ES","ES4","ES41","ES414"
31242288,"ES","ES4","ES41","ES414"
31243506,"IE","IE0","IE04","IE042"
31261692,"ES","ES6","ES61","ES614"
31261732,"ES","ES6","ES61","ES616"
31261756,"ES","ES6","ES61","ES616"
31261792,"ES","ES6","ES61","ES616"
31261846,"ES","ES4","ES42","ES422"
31261876,"ES","ES4","ES42","ES422"
31261890,"ES","ES4","ES42","ES422"
31262106,"ES","ES4","ES41","ES416"
31262164,"ES","ES4","ES41","ES418"
31262268,"ES","ES4","ES41","ES414"
31262344,"ES","ES1","ES13","ES130"
31281644,"ES","ES6","ES61","ES614"
31281680,"ES","ES6","ES61","ES614"
31281708,"ES","ES6","ES61","ES614"
31281744,"ES","ES6","ES61","ES616"
31281834,"ES","ES4","ES42","ES422"
31281842,"ES","ES4","ES42","ES422"
31282014,"ES","ES4","ES42","ES425"
31282184,"ES","ES4","ES41","ES418"
31282198,"ES","ES4","ES41","ES414"
31282212,"ES","ES4","ES41","ES414"
31282230,"ES","ES4","ES41","ES414"
31282256,"ES","ES4","ES41","ES414"
31282278,"ES","ES4","ES41","ES414"
31283382,"IE","IE0","IE05","IE052"
31301718,"ES","ES6","ES61","ES614"
31301736,"ES","ES6","ES61","ES616"
31301740,"ES","ES6","ES61","ES616"
31301844,"ES","ES4","ES42","ES422"
31301866,"ES","ES4","ES42","ES422"
31301872,"ES","ES4","ES42","ES422"
31301938,"ES","ES4","ES42","ES425"
31301956,"ES","ES4","ES42","ES425"
31302034,"ES","ES3","ES30","ES300"
31302114,"ES","ES4","ES41","ES416"
31302190,"ES","ES4","ES41","ES414"
31302196,"ES","ES4","ES41","ES414"
31302214,"ES","ES4","ES41","ES414"
31302240,"ES","ES4","ES41","ES414"
31302244,"ES","ES4","ES41","ES414"
31302250,"ES","ES4","ES41","ES414"
31302340,"ES","ES1","ES13","ES130"
31321630,"ES","ES6","ES61","ES614"
31321706,"ES","ES6","ES61","ES614"
31321720,"ES","ES6","ES61","ES616"
31321756,"ES","ES6","ES61","ES616"
31321796,"ES","ES6","ES61","ES616"
31321864,"ES","ES4","ES42","ES422"
31321886,"ES","ES4","ES42","ES422"
31321900,"ES","ES4","ES42","ES422"
31321922,"ES","ES4","ES42","ES425"
31321930,"ES","ES4","ES42","ES425"
31321954,"ES","ES4","ES42","ES425"
31322030,"ES","ES3","ES30","ES300"
31322102,"ES","ES4","ES41","ES416"
31322144,"ES","ES4","ES41","ES416"
31322156,"ES","ES4","ES41","ES418"
31322182,"ES","ES4","ES41","ES418"
31322216,"ES","ES4","ES41","ES414"
31322218,"ES","ES4","ES41","ES414"
31322300,"ES","ES4","ES41","ES414"
31322314,"ES","ES4","ES41","ES414"
31322332,"ES","ES1","ES13","ES130"
31323424,"IE","IE0","IE05","IE051"
31341700,"ES","ES6","ES61","ES614"
31341710,"ES","ES6","ES61","ES614"
31341718,"ES","ES6","ES61","ES616"
31341722,"ES","ES6","ES61","ES616"
31341764,"ES","ES6","ES61","ES616"
31341830,"ES","ES4","ES42","ES422"
31341872,"ES","ES4","ES42","ES422"
31341952,"ES","ES4","ES42","ES425"
31341974,"ES","ES4","ES42","ES425"
31342178,"ES","ES4","ES41","ES418"
31342232,"ES","ES4","ES41","ES414"
31342268,"ES","ES4","ES41","ES414"
31342280,"ES","ES4","ES41","ES414"
31342286,"ES","ES4","ES41","ES414"
31343410,"IE","IE0","IE05","IE051"
31361778,"ES","ES6","ES61","ES616"
31361832,"ES","ES4","ES42","ES422"
31361850,"ES","ES4","ES42","ES422"
31361882,"ES","ES4","ES42","ES422"
31361918,"ES","ES4","ES42","ES425"
31361940,"ES","ES4","ES42","ES425"
31362116,"ES","ES4","ES41","ES416"
31362128,"ES","ES4","ES41","ES416"
31362146,"ES","ES4","ES41","ES416"
31362156,"ES","ES4","ES41","ES418"
31362170,"ES","ES4","ES41","ES418"
31362174,"ES","ES4","ES41","ES418"
31362210,"ES","ES4","ES41","ES414"
31362264,"ES","ES4","ES41","ES414"
31362272,"ES","ES4","ES41","ES414"
31381690,"ES","ES6","ES61","ES614"
31381772,"ES","ES6","ES61","ES616"
31381934,"ES","ES4","ES42","ES425"
31382064,"ES","ES3","ES30","ES300"
31382090,"ES","ES4","ES41","ES416"
31382100,"ES","ES4","ES41","ES416"
31382126,"ES","ES4","ES41","ES416"
31382158,"ES","ES4","ES41","ES418"
31382208,"ES","ES4","ES41","ES414"
31382252,"ES","ES4","ES41","ES414"
31382306,"ES","ES4","ES41","ES414"
31382312,"ES","ES4","ES41","ES414"
31401756,"ES","ES6","ES61","ES616"
31401864,"ES","ES4","ES42","ES422"
31402008,"ES","ES3","ES30","ES300"
31402026,"ES","ES3","ES30","ES300"
31402080,"ES","ES4","ES41","ES416"
31402116,"ES","ES4","ES41","ES416"
31402124,"ES","ES4","ES41","ES416"
31402214,"ES","ES4","ES41","ES414"
31402242,"ES","ES4","ES41","ES414"
31421676,"ES","ES6","ES61","ES614"
31421694,"ES","ES6","ES61","ES614"
31421712,"ES","ES6","ES61","ES614"
31421770,"ES","ES6","ES61","ES616"
31421788,"ES","ES6","ES61","ES616"
31421824,"ES","ES4","ES42","ES422"
31421842,"ES","ES4","ES42","ES422"
31421950,"ES","ES4","ES42","ES425"
31422058,"ES","ES3","ES30","ES300"
31422138,"ES","ES4","ES41","ES416"
31422166,"ES","ES4","ES41","ES418"
31422198,"ES","ES4","ES41","ES414"
31422234,"ES","ES4","ES41","ES414"
31422252,"ES","ES4","ES41","ES414"
31422274,"ES","ES4","ES41","ES414"
31422310,"ES","ES4","ES41","ES414"
31422336,"ES","ES1","ES13","ES130"
31422360,"ES","ES1","ES12","ES120"
31441638,"ES","ES6","ES61","ES614"
31441666,"ES","ES6","ES61","ES614"
31441702,"ES","ES6","ES61","ES614"
31441710,"ES","ES6","ES61","ES614"
31441732,"ES","ES6","ES61","ES616"
31441750,"ES","ES6","ES61","ES616"
31441768,"ES","ES6","ES61","ES616"
31441828,"ES","ES4","ES42","ES422"
31441840,"ES","ES4","ES42","ES422"
31441882,"ES","ES4","ES42","ES422"
31441936,"ES","ES4","ES42","ES425"
31442088,"ES","ES4","ES41","ES416"
31442110,"ES","ES4","ES41","ES416"
31442196,"ES","ES4","ES41","ES414"
31442214,"ES","ES4","ES41","ES414"
31442268,"ES","ES4","ES41","ES414"
31442278,"ES","ES4","ES41","ES414"
31442296,"ES","ES4","ES41","ES414"
31442322,"ES","ES4","ES41","ES414"
31461690,"ES","ES6","ES61","ES614"
31461702,"ES","ES6","ES61","ES614"
31461716,"ES","ES6","ES61","ES614"
31461834,"ES","ES4","ES42","ES422"
31461924,"ES","ES4","ES42","ES425"
31461986,"ES","ES4","ES42","ES425"
31462112,"ES","ES4","ES41","ES416"
31462148,"ES","ES4","ES41","ES416"
31462152,"ES","ES4","ES41","ES416"
31462170,"ES","ES4","ES41","ES418"
31462184,"ES","ES4","ES41","ES418"
31462188,"ES","ES4","ES41","ES418"
31462212,"ES","ES4","ES41","ES414"
31462234,"ES","ES4","ES41","ES414"
31462238,"ES","ES4","ES41","ES414"
31462252,"ES","ES4","ES41","ES414"
31462256,"ES","ES4","ES41","ES412"
31462270,"ES","ES4","ES41","ES414"
31462274,"ES","ES4","ES41","ES414"
31462302,"ES","ES4","ES41","ES414"
31462364,"ES","ES1","ES12","ES120"
31463472,"IE","IE0","IE06","IE063"
31463508,"IE","IE0","IE06","IE063"
31481710,"ES","ES6","ES61","ES614"
31481844,"ES","ES4","ES42","ES422"
31481998,"ES","ES4","ES42","ES425"
31482042,"ES","ES3","ES30","ES300"
31482142,"ES","ES4","ES41","ES416"
31482178,"ES","ES4","ES41","ES418"
31482240,"ES","ES4","ES41","ES414"
31482262,"ES","ES4","ES41","ES412"
31482294,"ES","ES4","ES41","ES414"
31483396,"IE","IE0","IE05","IE051"
31501642,"ES","ES6","ES61","ES614"
31501706,"ES","ES6","ES61","ES614"
31501742,"ES","ES6","ES61","ES616"
31501756,"ES","ES6","ES61","ES616"
31501858,"ES","ES4","ES42","ES422"
31501868,"ES","ES4","ES42","ES422"
31501886,"ES","ES4","ES42","ES422"
31501930,"ES","ES4","ES42","ES425"
31501966,"ES","ES4","ES42","ES425"
31501972,"ES","ES4","ES42","ES425"
31502084,"ES","ES3","ES30","ES300"
31502156,"ES","ES4","ES41","ES418"
31502300,"ES","ES4","ES41","ES414"
31502332,"ES","ES1","ES13","ES130"
31503370,"IE","IE0","IE05","IE052"
31503550,"IE","IE0","IE04","IE042"
31521826,"ES","ES4","ES42","ES422"
31521848,"ES","ES4","ES42","ES422"
31521898,"ES","ES4","ES42","ES422"
31521920,"ES","ES4","ES42","ES425"
31521980,"ES","ES3","ES30","ES300"
31522082,"ES","ES3","ES30","ES300"
31522114,"ES","ES4","ES41","ES416"
31522142,"ES","ES4","ES41","ES416"
31522178,"ES","ES4","ES41","ES418"
31522244,"ES","ES4","ES41","ES412"
31522294,"ES","ES4","ES41","ES414"
31522358,"ES","ES1","ES13","ES130"
31523384,"IE","IE0","IE05","IE052"
31523392,"IE","IE0","IE05","IE052"
31523402,"IE","IE0","IE05","IE052"
31523558,"IE","IE0","IE04","IE042"
31541648,"ES","ES6","ES61","ES614"
31541666,"ES","ES6","ES61","ES614"
31541832,"ES","ES4","ES42","ES422"
31541840,"ES","ES4","ES42","ES422"
31541858,"ES","ES4","ES42","ES422"
31541994,"ES","ES4","ES42","ES425"
31542110,"ES","ES4","ES41","ES416"
31542128,"ES","ES4","ES41","ES416"
31542174,"ES","ES4","ES41","ES418"
31542218,"ES","ES4","ES41","ES414"
31542236,"ES","ES4","ES41","ES412"
31542242,"ES","ES4","ES41","ES412"
31542278,"ES","ES4","ES41","ES412"
31542332,"ES","ES1","ES13","ES130"
31542354,"ES","ES1","ES13","ES130"
31561686,"ES","ES6","ES61","ES614"
31561826,"ES","ES4","ES42","ES422"
31561848,"ES","ES4","ES42","ES422"
31561880,"ES","ES4","ES42","ES422"
31561934,"ES","ES4","ES42","ES425"
31561952,"ES","ES4","ES42","ES425"
31561970,"ES","ES4","ES42","ES425"
31561974,"ES","ES4","ES42","ES425"
31561978,"ES","ES4","ES42","ES425"
31561992,"ES","ES4","ES42","ES425"
31562104,"ES","ES4","ES41","ES416"
31562114,"ES","ES4","ES41","ES416"
31562158,"ES","ES4","ES41","ES416"
31562162,"ES","ES4","ES41","ES418"
31562258,"ES","ES4","ES41","ES412"
31562356,"ES","ES1","ES13","ES130"
31581774,"ES","ES6","ES61","ES616"
31581972,"ES","ES4","ES42","ES425"
31582088,"ES","ES3","ES30","ES300"
31582170,"ES","ES4","ES41","ES412"
31582214,"ES","ES4","ES41","ES414"
31582236,"ES","ES4","ES41","ES412"
31601742,"ES","ES6","ES61","ES616"
31601820,"ES","ES4","ES42","ES422"
31601892,"ES","ES4","ES42","ES422"
31601928,"ES","ES4","ES42","ES425"
31601946,"ES","ES4","ES42","ES425"
31601976,"ES","ES4","ES42","ES425"
31602000,"ES","ES3","ES30","ES300"
31602090,"ES","ES3","ES30","ES300"
31602102,"ES","ES4","ES41","ES416"
31602108,"ES","ES4","ES41","ES416"
31602144,"ES","ES4","ES41","ES416"
31602148,"ES","ES4","ES41","ES416"
31602166,"ES","ES4","ES41","ES412"
31602180,"ES","ES4","ES41","ES412"
31602252,"ES","ES4","ES41","ES412"
31602256,"ES","ES4","ES41","ES412"
31602282,"ES","ES4","ES41","ES412"
31602300,"ES","ES4","ES41","ES414"
31602310,"ES","ES4","ES41","ES414"
31602360,"ES","ES1","ES13","ES130"
31621666,"ES","ES6","ES61","ES614"
31621678,"ES","ES6","ES61","ES614"
31621696,"ES","ES6","ES61","ES614"
31621746,"ES","ES6","ES61","ES616"
31621756,"ES","ES6","ES61","ES616"
31621768,"ES","ES6","ES61","ES616"
31621846,"ES","ES4","ES42","ES422"
31621858,"ES","ES4","ES42","ES422"
31621872,"ES","ES4","ES42","ES422"
31621954,"ES","ES4","ES42","ES425"
31621980,"ES","ES4","ES42","ES425"
31622088,"ES","ES3","ES30","ES300"
31622092,"ES","ES3","ES30","ES300"
31622098,"ES","ES4","ES41","ES416"
31622124,"ES","ES4","ES41","ES416"
31622196,"ES","ES4","ES41","ES412"
31622200,"ES","ES4","ES41","ES414"
31622206,"ES","ES4","ES41","ES412"
31622314,"ES","ES4","ES41","ES414"
31623442,"IE","IE0","IE05","IE052"
31641672,"ES","ES6","ES61","ES614"
31641680,"ES","ES6","ES61","ES614"
31641698,"ES","ES6","ES61","ES614"
31641838,"ES","ES4","ES42","ES422"
31641870,"ES","ES4","ES42","ES422"
31641874,"ES","ES4","ES42","ES422"
31641924,"ES","ES4","ES42","ES425"
31642018,"ES","ES3","ES30","ES300"
31642054,"ES","ES3","ES30","ES300"
31642090,"ES","ES3","ES30","ES300"
31642104,"ES","ES4","ES41","ES416"
31642112,"ES","ES4","ES41","ES416"
31642144,"ES","ES4","ES41","ES416"
31642180,"ES","ES4","ES41","ES412"
31642270,"ES","ES4","ES41","ES412"
31642320,"ES","ES1","ES13","ES130"
31643418,"IE","IE0","IE05","IE052"
31643458,"IE","IE0","IE06","IE063"
31661638,"ES","ES6","ES61","ES611"
31661668,"ES","ES6","ES61","ES614"
31661692,"ES","ES6","ES61","ES614"
31661740,"ES","ES6","ES61","ES616"
31661818,"ES","ES4","ES42","ES422"
31661854,"ES","ES4","ES42","ES422"
31661880,"ES","ES4","ES42","ES422"
31661902,"ES","ES4","ES42","ES422"
31661908,"ES","ES4","ES42","ES422"
31661988,"ES","ES3","ES30","ES300"
31662136,"ES","ES4","ES41","ES416"
31662172,"ES","ES4","ES41","ES412"
31662226,"ES","ES4","ES41","ES412"
31662244,"ES","ES4","ES41","ES412"
31662250,"ES","ES4","ES41","ES412"
31662268,"ES","ES4","ES41","ES412"
31662352,"ES","ES1","ES13","ES130"
31681666,"ES","ES6","ES61","ES614"
31681696,"ES","ES6","ES61","ES614"
31681822,"ES","ES4","ES42","ES422"
31681858,"ES","ES4","ES42","ES422"
31681918,"ES","ES4","ES42","ES425"
31681930,"ES","ES4","ES42","ES425"
31681958,"ES","ES4","ES42","ES425"
31681972,"ES","ES4","ES42","ES425"
31681990,"ES","ES3","ES30","ES300"
31682116,"ES","ES4","ES41","ES416"
31682146,"ES","ES4","ES41","ES416"
31682152,"ES","ES4","ES41","ES412"
31682200,"ES","ES4","ES41","ES412"
31682218,"ES","ES4","ES41","ES412"
31682260,"ES","ES4","ES41","ES412"
31682272,"ES","ES4","ES41","ES412"
31682350,"ES","ES1","ES13","ES130"
31701674,"ES","ES6","ES61","ES614"
31701692,"ES","ES6","ES61","ES614"
31701818,"ES","ES4","ES42","ES422"
31701848,"ES","ES4","ES42","ES422"
31701854,"ES","ES4","ES42","ES422"
31702172,"ES","ES4","ES41","ES412"
31702240,"ES","ES4","ES41","ES412"
31702250,"ES","ES4","ES41","ES412"
31702280,"ES","ES4","ES41","ES412"
31702312,"ES","ES1","ES13","ES130"
31703420,"IE","IE0","IE05","IE052"
31721688,"ES","ES6","ES61","ES614"
31721768,"ES","ES6","ES61","ES616"
31721774,"ES","ES6","ES61","ES616"
31721792,"ES","ES6","ES61","ES616"
31721930,"ES","ES4","ES42","ES425"
31721958,"ES","ES4","ES42","ES425"
31721966,"ES","ES4","ES42","ES425"
31721984,"ES","ES4","ES42","ES425"
31722110,"ES","ES4","ES41","ES416"
31722120,"ES","ES4","ES41","ES416"
31722128,"ES","ES4","ES41","ES416"
31722134,"ES","ES4","ES41","ES416"
31722156,"ES","ES4","ES41","ES412"
31722206,"ES","ES4","ES41","ES412"
31722218,"ES","ES4","ES41","ES412"
31722228,"ES","ES4","ES41","ES412"
31722260,"ES","ES4","ES41","ES412"
31723460,"IE","IE0","IE06","IE063"
31741664,"ES","ES6","ES61","ES611"
31741694,"ES","ES6","ES61","ES614"
31741740,"ES","ES6","ES61","ES616"
31741758,"ES","ES6","ES61","ES616"
31741884,"ES","ES4","ES42","ES422"
31741938,"ES","ES4","ES42","ES425"
31742060,"ES","ES3","ES30","ES300"
31742078,"ES","ES3","ES30","ES300"
31742100,"ES","ES3","ES30","ES300"
31742108,"ES","ES4","ES41","ES416"
31742118,"ES","ES4","ES41","ES416"
31742132,"ES","ES4","ES41","ES416"
31742158,"ES","ES4","ES41","ES412"
31742198,"ES","ES4","ES41","ES412"
31742208,"ES","ES4","ES41","ES412"
31742212,"ES","ES4","ES41","ES412"
31742234,"ES","ES4","ES41","ES412"
31742280,"ES","ES4","ES41","ES412"
31742294,"ES","ES1","ES13","ES130"
31743540,"IE","IE0","IE06","IE063"
31761666,"ES","ES6","ES61","ES611"
31761828,"ES","ES4","ES42","ES422"
31761882,"ES","ES4","ES42","ES422"
31762110,"ES","ES4","ES41","ES416"
31762134,"ES","ES4","ES41","ES416"
31762214,"ES","ES4","ES41","ES412"
31763412,"IE","IE0","IE05","IE052"
31781658,"ES","ES6","ES61","ES611"
31781976,"ES","ES4","ES42","ES425"
31782036,"ES","ES3","ES30","ES300"
31782094,"ES","ES3","ES30","ES300"
31782102,"ES","ES3","ES30","ES300"
31782120,"ES","ES4","ES41","ES416"
31782138,"ES","ES4","ES41","ES416"
31782238,"ES","ES4","ES41","ES412"
31782246,"ES","ES4","ES41","ES412"
31782252,"ES","ES4","ES41","ES412"
31782292,"ES","ES4","ES41","ES414"
31782306,"ES","ES1","ES13","ES130"
31782310,"ES","ES1","ES13","ES130"
31783422,"IE","IE0","IE05","IE052"
31783462,"IE","IE0","IE06","IE063"
31783686,"IE","IE0","IE04","IE041"
31801666,"ES","ES6","ES61","ES611"
31801728,"ES","ES6","ES61","ES616"
31801746,"ES","ES6","ES61","ES616"
31801750,"ES","ES6","ES61","ES616"
31801764,"ES","ES6","ES61","ES616"
31801846,"ES","ES4","ES42","ES422"
31801858,"ES","ES4","ES42","ES422"
31801864,"ES","ES4","ES42","ES422"
31801876,"ES","ES4","ES42","ES422"
31801900,"ES","ES4","ES42","ES422"
31801908,"ES","ES4","ES42","ES422"
31801998,"ES","ES3","ES30","ES300"
31802062,"ES","ES3","ES30","ES300"
31802070,"ES","ES3","ES30","ES300"
31802196,"ES","ES4","ES41","ES412"
31802232,"ES","ES4","ES41","ES412"
31802236,"ES","ES4","ES41","ES412"
31802268,"ES","ES4","ES41","ES412"
31802326,"ES","ES1","ES13","ES130"
31802332,"ES","ES1","ES13","ES130"
31802344,"ES","ES1","ES13","ES130"
31802362,"ES","ES1","ES13","ES130"
31803412,"IE","IE0","IE05","IE052"
31803664,"IE","IE0","IE04","IE041"
31821654,"ES","ES6","ES61","ES611"
31821784,"ES","ES6","ES61","ES616"
31821942,"ES","ES4","ES42","ES425"
31822072,"ES","ES3","ES30","ES300"
31822144,"ES","ES4","ES41","ES416"
31822148,"ES","ES4","ES41","ES416"
31822180,"ES","ES4","ES41","ES412"
31822198,"ES","ES4","ES41","ES412"
31822252,"ES","ES4","ES41","ES412"
31822266,"ES","ES4","ES41","ES412"
31822284,"ES","ES4","ES41","ES412"
31822288,"ES","ES4","ES41","ES412"
31822338,"ES","ES1","ES13","ES130"
31823436,"IE","IE0","IE05","IE052"
31823598,"UK","UKN","UKN1","UKN16"
31841704,"ES","ES6","ES61","ES614"
31841836,"ES","ES4","ES42","ES422"
31841890,"ES","ES4","ES42","ES422"
31841902,"ES","ES4","ES42","ES422"
31842046,"ES","ES3","ES30","ES300"
31842060,"ES","ES3","ES30","ES300"
31842088,"ES","ES3","ES30","ES300"
31842118,"ES","ES4","ES41","ES416"
31842150,"ES","ES4","ES41","ES416"
31842178,"ES","ES4","ES41","ES412"
31842214,"ES","ES4","ES41","ES412"
31842222,"ES","ES4","ES41","ES412"
31842298,"ES","ES1","ES13","ES130"
31842348,"ES","ES1","ES13","ES130"
31861774,"ES","ES6","ES61","ES616"
31861828,"ES","ES4","ES42","ES422"
31861832,"ES","ES4","ES42","ES422"
31861882,"ES","ES4","ES42","ES422"
31861900,"ES","ES4","ES42","ES422"
31861930,"ES","ES4","ES42","ES425"
31862062,"ES","ES3","ES30","ES300"
31862074,"ES","ES4","ES42","ES424"
31862098,"ES","ES3","ES30","ES300"
31862134,"ES","ES4","ES41","ES416"
31862170,"ES","ES4","ES41","ES412"
31862188,"ES","ES4","ES41","ES412"
31862206,"ES","ES4","ES41","ES412"
31862210,"ES","ES4","ES41","ES412"
31862228,"ES","ES4","ES41","ES412"
31862242,"ES","ES4","ES41","ES412"
31862260,"ES","ES4","ES41","ES412"
31863388,"IE","IE0","IE05","IE052"
31881692,"ES","ES6","ES61","ES614"
31881848,"ES","ES4","ES42","ES422"
31881872,"ES","ES4","ES42","ES422"
31881898,"ES","ES4","ES42","ES422"
31881902,"ES","ES4","ES42","ES422"
31881938,"ES","ES4","ES42","ES425"
31881944,"ES","ES4","ES42","ES425"
31881998,"ES","ES3","ES30","ES300"
31882142,"ES","ES4","ES41","ES416"
31882154,"ES","ES4","ES41","ES416"
31882196,"ES","ES4","ES41","ES412"
31882226,"ES","ES4","ES41","ES412"
31882250,"ES","ES4","ES41","ES412"
31882258,"ES","ES4","ES41","ES412"
31882262,"ES","ES4","ES41","ES412"
31882352,"ES","ES1","ES13","ES130"
31882358,"ES","ES1","ES13","ES130"
31883456,"IE","IE0","IE06","IE062"
31901678,"ES","ES6","ES61","ES614"
31901732,"ES","ES6","ES61","ES614"
31901858,"ES","ES4","ES42","ES422"
31901886,"ES","ES4","ES42","ES422"
31901900,"ES","ES4","ES42","ES422"
31901958,"ES","ES4","ES42","ES425"
31901972,"ES","ES4","ES42","ES425"
31902066,"ES","ES4","ES42","ES424"
31902120,"ES","ES4","ES41","ES416"
31902138,"ES","ES4","ES41","ES416"
31902228,"ES","ES4","ES41","ES412"
31902242,"ES","ES4","ES41","ES412"
31902260,"ES","ES4","ES41","ES412"
31902308,"ES","ES4","ES41","ES412"
31921676,"ES","ES6","ES61","ES614"
31921700,"ES","ES6","ES61","ES614"
31921784,"ES","ES6","ES61","ES616"
31921834,"ES","ES4","ES42","ES422"
31921902,"ES","ES4","ES42","ES422"
31921920,"ES","ES4","ES42","ES425"
31921978,"ES","ES4","ES42","ES425"
31922180,"ES","ES4","ES41","ES412"
31922258,"ES","ES4","ES41","ES412"
31922270,"ES","ES4","ES41","ES412"
31922312,"ES","ES4","ES41","ES412"
31942134,"ES","ES4","ES41","ES416"
31942178,"ES","ES4","ES41","ES412"
31942200,"ES","ES4","ES41","ES412"
31961694,"ES","ES6","ES61","ES614"
31961820,"ES","ES4","ES42","ES422"
31961824,"ES","ES4","ES42","ES422"
31961968,"ES","ES4","ES42","ES425"
31962030,"ES","ES3","ES30","ES300"
31962040,"ES","ES3","ES30","ES300"
31962066,"ES","ES4","ES42","ES424"
31962076,"ES","ES4","ES42","ES424"
31962130,"ES","ES4","ES41","ES416"
31962148,"ES","ES4","ES41","ES416"
31962184,"ES","ES4","ES41","ES412"
31962270,"ES","ES4","ES41","ES412"
31962306,"ES","ES4","ES41","ES412"
31963440,"IE","IE0","IE06","IE062"
31963524,"IE","IE0","IE06","IE063"
31981674,"ES","ES6","ES61","ES611"
31981678,"ES","ES6","ES61","ES611"
31981684,"ES","ES6","ES61","ES614"
31981728,"ES","ES6","ES61","ES614"
31981858,"ES","ES4","ES42","ES422"
31981980,"ES","ES4","ES42","ES423"
31982074,"ES","ES4","ES42","ES424"
31982142,"ES","ES4","ES41","ES416"
31982200,"ES","ES4","ES41","ES412"
31982206,"ES","ES4","ES41","ES412"
31982224,"ES","ES4","ES41","ES412"
31982236,"ES","ES4","ES41","ES412"
31982268,"ES","ES4","ES41","ES412"
31982278,"ES","ES4","ES41","ES412"
31982322,"ES","ES4","ES41","ES412"
31982326,"ES","ES1","ES13","ES130"
31983442,"IE","IE0","IE06","IE062"
31983538,"IE","IE0","IE06","IE062"
31983550,"IE","IE0","IE04","IE041"
32001654,"ES","ES6","ES61","ES611"
32001820,"ES","ES4","ES42","ES422"
32001860,"ES","ES4","ES42","ES422"
32001982,"ES","ES4","ES42","ES423"
32002134,"ES","ES4","ES41","ES416"
32002162,"ES","ES4","ES41","ES412"
32002166,"ES","ES4","ES41","ES412"
32002224,"ES","ES4","ES41","ES412"
32002234,"ES","ES4","ES41","ES412"
32002248,"ES","ES4","ES41","ES412"
32002252,"ES","ES4","ES41","ES412"
32021736,"ES","ES6","ES61","ES614"
32021836,"ES","ES4","ES42","ES422"
32021898,"ES","ES4","ES42","ES422"
32021944,"ES","ES4","ES42","ES425"
32021980,"ES","ES4","ES42","ES423"
32021988,"ES","ES3","ES30","ES300"
32022010,"ES","ES4","ES42","ES424"
32022028,"ES","ES3","ES30","ES300"
32022064,"ES","ES4","ES42","ES424"
32022132,"ES","ES4","ES41","ES416"
32022142,"ES","ES4","ES41","ES416"
32022160,"ES","ES4","ES41","ES412"
32022168,"ES","ES4","ES41","ES412"
32022172,"ES","ES4","ES41","ES412"
32022208,"ES","ES4","ES41","ES412"
32022232,"ES","ES4","ES41","ES412"
32022276,"ES","ES4","ES41","ES412"
32022322,"ES","ES4","ES41","ES412"
32022340,"ES","ES1","ES13","ES130"
32041688,"ES","ES6","ES61","ES614"
32041732,"ES","ES6","ES61","ES614"
32041778,"ES","ES6","ES61","ES616"
32041882,"ES","ES4","ES42","ES422"
32041894,"ES","ES4","ES42","ES422"
32041948,"ES","ES4","ES42","ES425"
32041958,"ES","ES4","ES42","ES423"
32041972,"ES","ES4","ES42","ES423"
32042008,"ES","ES4","ES42","ES424"
32042030,"ES","ES4","ES42","ES424"
32042038,"ES","ES4","ES42","ES424"
32042056,"ES","ES4","ES42","ES424"
32042062,"ES","ES4","ES42","ES424"
32042128,"ES","ES4","ES41","ES416"
32042138,"ES","ES4","ES41","ES416"
32042170,"ES","ES4","ES41","ES412"
32042174,"ES","ES4","ES41","ES412"
32042180,"ES","ES4","ES41","ES412"
32042218,"ES","ES4","ES41","ES412"
32042254,"ES","ES4","ES41","ES412"
32042314,"ES","ES4","ES41","ES412"
32042344,"ES","ES1","ES13","ES130"
32043538,"IE","IE0","IE06","IE062"
32061656,"ES","ES6","ES61","ES611"
32061692,"ES","ES6","ES61","ES614"
32061916,"ES","ES4","ES42","ES425"
32061988,"ES","ES3","ES30","ES300"
32062006,"ES","ES3","ES30","ES300"
32062010,"ES","ES4","ES42","ES424"
32062016,"ES","ES4","ES42","ES424"
32062142,"ES","ES4","ES41","ES417"
32062172,"ES","ES4","ES41","ES412"
32062178,"ES","ES4","ES41","ES412"
32062214,"ES","ES4","ES41","ES412"
32062244,"ES","ES4","ES41","ES412"
32062286,"ES","ES4","ES41","ES412"
32062352,"ES","ES1","ES13","ES130"
32081660,"ES","ES6","ES61","ES611"
32081702,"ES","ES6","ES61","ES614"
32081774,"ES","ES6","ES61","ES616"
32081894,"ES","ES4","ES42","ES422"
32081958,"ES","ES4","ES42","ES423"
32082012,"ES","ES4","ES42","ES424"
32082146,"ES","ES4","ES41","ES417"
32082174,"ES","ES4","ES41","ES412"
32082228,"ES","ES4","ES41","ES412"
32082278,"ES","ES4","ES41","ES412"
32101744,"ES","ES6","ES61","ES614"
32101790,"ES","ES6","ES61","ES616"
32101880,"ES","ES4","ES42","ES422"
32101888,"ES","ES4","ES42","ES422"
32101970,"ES","ES4","ES42","ES423"
32102006,"ES","ES4","ES42","ES424"
32102010,"ES","ES4","ES42","ES424"
32102014,"ES","ES4","ES42","ES424"
32102064,"ES","ES4","ES42","ES424"
32102068,"ES","ES4","ES42","ES424"
32102126,"ES","ES4","ES41","ES416"
32102154,"ES","ES4","ES41","ES417"
32102212,"ES","ES4","ES41","ES412"
32102216,"ES","ES4","ES41","ES412"
32102230,"ES","ES4","ES41","ES412"
32102244,"ES","ES4","ES41","ES412"
32102252,"ES","ES4","ES41","ES412"
32102284,"ES","ES4","ES41","ES412"
32102294,"ES","ES4","ES41","ES412"
32102316,"ES","ES4","ES41","ES412"
32103428,"IE","IE0","IE06","IE062"
32121666,"ES","ES6","ES61","ES611"
32121918,"ES","ES4","ES42","ES423"
32122008,"ES","ES4","ES42","ES424"
32122062,"ES","ES4","ES42","ES424"
32122110,"ES","ES4","ES42","ES424"
32122124,"ES","ES4","ES41","ES416"
32122142,"ES","ES4","ES41","ES417"
32122286,"ES","ES4","ES41","ES412"
32122350,"ES","ES1","ES13","ES130"
32141694,"ES","ES6","ES61","ES614"
32141730,"ES","ES6","ES61","ES614"
32141832,"ES","ES4","ES42","ES422"
32141874,"ES","ES4","ES42","ES421"
32141878,"ES","ES4","ES42","ES421"
32141946,"ES","ES4","ES42","ES423"
32141958,"ES","ES4","ES42","ES423"
32142000,"ES","ES4","ES42","ES424"
32142004,"ES","ES4","ES42","ES424"
32142022,"ES","ES4","ES42","ES424"
32142036,"ES","ES4","ES42","ES424"
32142054,"ES","ES4","ES42","ES424"
32142066,"ES","ES4","ES42","ES424"
32142076,"ES","ES4","ES42","ES424"
32142120,"ES","ES4","ES41","ES416"
32142126,"ES","ES4","ES41","ES417"
32142130,"ES","ES4","ES41","ES417"
32142162,"ES","ES4","ES41","ES417"
32142180,"ES","ES4","ES41","ES412"
32142198,"ES","ES4","ES41","ES412"
32142202,"ES","ES4","ES41","ES412"
32142238,"ES","ES4","ES41","ES412"
32142246,"ES","ES4","ES41","ES412"
32143584,"IE","IE0","IE04","IE041"
32143588,"IE","IE0","IE04","IE041"
32161828,"ES","ES4","ES42","ES422"
32161854,"ES","ES4","ES42","ES421"
32161876,"ES","ES4","ES42","ES421"
32161882,"ES","ES4","ES42","ES421"
32161894,"ES","ES4","ES42","ES422"
32161908,"ES","ES4","ES42","ES423"
32161998,"ES","ES4","ES42","ES424"
32162002,"ES","ES4","ES42","ES424"
32162008,"ES","ES4","ES42","ES424"
32162034,"ES","ES4","ES42","ES424"
32162062,"ES","ES4","ES42","ES424"
32162080,"ES","ES4","ES42","ES424"
32162098,"ES","ES4","ES42","ES424"
32162128,"ES","ES4","ES41","ES417"
32162134,"ES","ES4","ES41","ES417"
32162182,"ES","ES4","ES41","ES412"
32162236,"ES","ES4","ES41","ES412"
32162250,"ES","ES4","ES41","ES412"
32162304,"ES","ES4","ES41","ES412"
32162314,"ES","ES4","ES41","ES412"
32162358,"ES","ES1","ES13","ES130"
32181636,"ES","ES6","ES61","ES611"
32181684,"ES","ES6","ES61","ES611"
32181698,"ES","ES6","ES61","ES614"
32181716,"ES","ES6","ES61","ES614"
32181726,"ES","ES6","ES61","ES614"
32181730,"ES","ES6","ES61","ES614"
32181744,"ES","ES6","ES61","ES614"
32181780,"ES","ES6","ES61","ES616"
32181834,"ES","ES4","ES42","ES422"
32181856,"ES","ES4","ES42","ES421"
32181892,"ES","ES4","ES42","ES422"
32181914,"ES","ES4","ES42","ES423"
32181928,"ES","ES4","ES42","ES423"
32182014,"ES","ES4","ES42","ES424"
32182122,"ES","ES4","ES41","ES417"
32182144,"ES","ES4","ES41","ES417"
32182176,"ES","ES4","ES41","ES412"
32182184,"ES","ES4","ES41","ES412"
32182206,"ES","ES4","ES41","ES412"
32182238,"ES","ES4","ES41","ES412"
32182266,"ES","ES4","ES41","ES412"
32182320,"ES","ES4","ES41","ES412"
32183418,"IE","IE0","IE06","IE062"
32201704,"ES","ES6","ES61","ES614"
32201710,"ES","ES6","ES61","ES614"
32201740,"ES","ES6","ES61","ES614"
32201782,"ES","ES6","ES61","ES616"
32201848,"ES","ES4","ES42","ES421"
32201926,"ES","ES4","ES42","ES423"
32201956,"ES","ES4","ES42","ES423"
32202006,"ES","ES4","ES42","ES424"
32202010,"ES","ES4","ES42","ES424"
32202034,"ES","ES4","ES42","ES424"
32202060,"ES","ES4","ES42","ES424"
32202078,"ES","ES4","ES42","ES424"
32202096,"ES","ES4","ES42","ES424"
32202118,"ES","ES4","ES42","ES424"
32202154,"ES","ES4","ES41","ES417"
32202168,"ES","ES4","ES41","ES417"
32202208,"ES","ES4","ES41","ES412"
32202240,"ES","ES4","ES41","ES412"
32202250,"ES","ES4","ES41","ES412"
32202258,"ES","ES4","ES41","ES412"
32202322,"ES","ES4","ES41","ES412"
32202330,"ES","ES1","ES13","ES130"
32202340,"ES","ES1","ES13","ES130"
32202352,"ES","ES1","ES13","ES130"
32203464,"IE","IE0","IE06","IE062"
32203504,"IE","IE0","IE06","IE062"
32203590,"IE","IE0","IE04","IE041"
32221702,"ES","ES6","ES61","ES614"
32221796,"ES","ES4","ES42","ES421"
32221966,"ES","ES4","ES42","ES423"
32221972,"ES","ES4","ES42","ES423"
32222008,"ES","ES4","ES42","ES424"
32222012,"ES","ES4","ES42","ES424"
32222062,"ES","ES4","ES42","ES424"
32222102,"ES","ES4","ES42","ES424"
32222146,"ES","ES4","ES41","ES417"
32222156,"ES","ES4","ES41","ES417"
32222200,"ES","ES4","ES41","ES412"
32222206,"ES","ES4","ES41","ES412"
32222210,"ES","ES4","ES41","ES412"
32222236,"ES","ES4","ES41","ES412"
32222242,"ES","ES4","ES41","ES412"
32222272,"ES","ES4","ES41","ES412"
32222300,"ES","ES4","ES41","ES412"
32222306,"ES","ES4","ES41","ES412"
32222326,"ES","ES4","ES41","ES412"
32241736,"ES","ES6","ES61","ES614"
32241758,"ES","ES4","ES42","ES421"
32241812,"ES","ES4","ES42","ES421"
32241830,"ES","ES4","ES42","ES421"
32241866,"ES","ES4","ES42","ES421"
32241920,"ES","ES4","ES42","ES423"
32241952,"ES","ES4","ES42","ES423"
32241956,"ES","ES4","ES42","ES423"
32241980,"ES","ES4","ES42","ES423"
32242006,"ES","ES4","ES42","ES424"
32242118,"ES","ES4","ES41","ES417"
32242124,"ES","ES4","ES41","ES417"
32242132,"ES","ES4","ES41","ES417"
32242172,"ES","ES4","ES41","ES417"
32242222,"ES","ES4","ES41","ES412"
32242250,"ES","ES4","ES41","ES412"
32242298,"ES","ES4","ES41","ES412"
32242304,"ES","ES4","ES41","ES412"
32242312,"ES","ES4","ES41","ES412"
32243410,"IE","IE0","IE05","IE052"
32243456,"IE","IE0","IE06","IE062"
32243468,"IE","IE0","IE06","IE062"
32243528,"IE","IE0","IE06","IE062"
32243654,"UK","UKN","UKN1","UKN10"
32261702,"ES","ES6","ES61","ES611"
32261768,"ES","ES6","ES61","ES616"
32261814,"ES","ES4","ES42","ES421"
32261886,"ES","ES4","ES42","ES421"
32261904,"ES","ES4","ES42","ES423"
32261940,"ES","ES4","ES42","ES423"
32261948,"ES","ES4","ES42","ES423"
32262002,"ES","ES4","ES42","ES424"
32262044,"ES","ES4","ES42","ES424"
32262048,"ES","ES4","ES42","ES424"
32262092,"ES","ES4","ES42","ES424"
32262102,"ES","ES4","ES42","ES424"
32262116,"ES","ES4","ES42","ES424"
32262242,"ES","ES4","ES41","ES412"
32262300,"ES","ES4","ES41","ES412"
32262314,"ES","ES4","ES41","ES412"
32281694,"ES","ES6","ES61","ES611"
32281722,"ES","ES6","ES61","ES614"
32281848,"ES","ES4","ES42","ES421"
32281852,"ES","ES4","ES42","ES421"
32281888,"ES","ES4","ES42","ES421"
32281920,"ES","ES4","ES42","ES423"
32281970,"ES","ES4","ES42","ES423"
32282028,"ES","ES4","ES42","ES424"
32282042,"ES","ES4","ES42","ES424"
32282060,"ES","ES4","ES42","ES424"
32282068,"ES","ES4","ES42","ES424"
32282078,"ES","ES4","ES42","ES424"
32282108,"ES","ES4","ES42","ES424"
32282118,"ES","ES4","ES41","ES417"
32282136,"ES","ES4","ES41","ES417"
32282154,"ES","ES4","ES41","ES417"
32282230,"ES","ES4","ES41","ES412"
32282240,"ES","ES4","ES41","ES412"
32282252,"ES","ES4","ES41","ES412"
32282262,"ES","ES4","ES41","ES412"
32282302,"ES","ES4","ES41","ES412"
32282330,"ES","ES1","ES13","ES130"
32283536,"IE","IE0","IE06","IE062"
32283558,"IE","IE0","IE04","IE041"
32283648,"UK","UKN","UKN1","UKN10"
32301768,"ES","ES4","ES42","ES421"
32301818,"ES","ES4","ES42","ES421"
32301854,"ES","ES4","ES42","ES421"
32301864,"ES","ES4","ES42","ES421"
32301972,"ES","ES4","ES42","ES423"
32302008,"ES","ES4","ES42","ES424"
32302088,"ES","ES4","ES42","ES424"
32302092,"ES","ES4","ES42","ES424"
32302116,"ES","ES4","ES41","ES417"
32302124,"ES","ES4","ES41","ES417"
32302160,"ES","ES4","ES41","ES417"
32302254,"ES","ES4","ES41","ES412"
32302268,"ES","ES4","ES41","ES412"
32302272,"ES","ES4","ES41","ES412"
32302286,"ES","ES4","ES41","ES412"
32302308,"ES","ES4","ES41","ES412"
32321640,"ES","ES6","ES61","ES611"
32321694,"ES","ES6","ES61","ES611"
32321698,"ES","ES6","ES61","ES611"
32321760,"ES","ES4","ES42","ES421"
32321820,"ES","ES4","ES42","ES421"
32321850,"ES","ES4","ES42","ES421"
32321874,"ES","ES4","ES42","ES421"
32321928,"ES","ES4","ES42","ES423"
32322030,"ES","ES4","ES42","ES424"
32322036,"ES","ES4","ES42","ES424"
32322112,"ES","ES4","ES42","ES424"
32322252,"ES","ES4","ES41","ES412"
32322300,"ES","ES4","ES41","ES412"
32322306,"ES","ES4","ES41","ES412"
32322346,"ES","ES1","ES13","ES130"
32323602,"IE","IE0","IE04","IE041"
32323650,"UK","UKN","UKN1","UKN10"
32323656,"UK","UKN","UKN1","UKN10"
32341720,"ES","ES6","ES61","ES614"
32341732,"ES","ES6","ES61","ES614"
32341746,"ES","ES6","ES61","ES614"
32341750,"ES","ES4","ES42","ES421"
32341804,"ES","ES4","ES42","ES421"
32341828,"ES","ES4","ES42","ES421"
32341846,"ES","ES4","ES42","ES421"
32341858,"ES","ES4","ES42","ES421"
32341872,"ES","ES4","ES42","ES421"
32341882,"ES","ES4","ES42","ES421"
32341890,"ES","ES4","ES42","ES421"
32341900,"ES","ES4","ES42","ES423"
32341984,"ES","ES4","ES42","ES423"
32341990,"ES","ES4","ES42","ES423"
32342056,"ES","ES4","ES42","ES424"
32342062,"ES","ES4","ES42","ES424"
32342070,"ES","ES4","ES42","ES424"
32342110,"ES","ES4","ES42","ES424"
32342124,"ES","ES4","ES41","ES417"
32342152,"ES","ES4","ES41","ES417"
32342188,"ES","ES4","ES41","ES412"
32342232,"ES","ES4","ES41","ES412"
32342242,"ES","ES4","ES41","ES412"
32342286,"ES","ES4","ES41","ES412"
32342304,"ES","ES4","ES41","ES412"
32342344,"ES","ES1","ES13","ES130"
32361694,"ES","ES6","ES61","ES611"
32361698,"ES","ES6","ES61","ES611"
32361730,"ES","ES6","ES61","ES611"
32361860,"ES","ES4","ES42","ES421"
32361874,"ES","ES4","ES42","ES421"
32361888,"ES","ES4","ES42","ES421"
32361896,"ES","ES4","ES42","ES423"
32361906,"ES","ES4","ES42","ES423"
32361928,"ES","ES4","ES42","ES423"
32361968,"ES","ES4","ES42","ES423"
32361996,"ES","ES4","ES42","ES423"
32362072,"ES","ES4","ES42","ES424"
32362122,"ES","ES4","ES41","ES417"
32362184,"ES","ES4","ES41","ES412"
32362252,"ES","ES4","ES41","ES412"
32362256,"ES","ES4","ES41","ES412"
32362284,"ES","ES4","ES41","ES412"
32362292,"ES","ES4","ES41","ES412"
32362346,"ES","ES1","ES13","ES130"
32363494,"IE","IE0","IE06","IE062"
32363508,"IE","IE0","IE06","IE062"
32381692,"ES","ES6","ES61","ES611"
32381700,"ES","ES6","ES61","ES611"
32381710,"ES","ES6","ES61","ES611"
32381728,"ES","ES6","ES61","ES611"
32381776,"ES","ES4","ES42","ES421"
32381944,"ES","ES4","ES42","ES423"
32382024,"ES","ES4","ES42","ES424"
32382078,"ES","ES4","ES42","ES424"
32382106,"ES","ES4","ES42","ES424"
32382186,"ES","ES4","ES41","ES412"
32382190,"ES","ES4","ES41","ES412"
32382250,"ES","ES4","ES41","ES412"
32382340,"ES","ES1","ES13","ES130"
32383504,"IE","IE0","IE06","IE062"
32383518,"IE","IE0","IE06","IE062"
32401652,"ES","ES6","ES61","ES611"
32401666,"ES","ES6","ES61","ES611"
32401696,"ES","ES6","ES61","ES611"
32401702,"ES","ES6","ES61","ES611"
32401714,"ES","ES6","ES61","ES611"
32401720,"ES","ES6","ES61","ES611"
32401724,"ES","ES6","ES61","ES611"
32401732,"ES","ES6","ES61","ES611"
32401786,"ES","ES4","ES42","ES421"
32401822,"ES","ES4","ES42","ES421"
32401828,"ES","ES4","ES42","ES421"
32401886,"ES","ES4","ES42","ES421"
32401912,"ES","ES4","ES42","ES423"
32401972,"ES","ES4","ES42","ES423"
32401976,"ES","ES4","ES42","ES423"
32401984,"ES","ES4","ES42","ES423"
32402074,"ES","ES4","ES42","ES424"
32402080,"ES","ES4","ES42","ES424"
32402110,"ES","ES4","ES42","ES424"
32402116,"ES","ES4","ES42","ES424"
32402120,"ES","ES4","ES41","ES417"
32402188,"ES","ES4","ES41","ES412"
32402210,"ES","ES4","ES41","ES412"
32402254,"ES","ES4","ES41","ES412"
32402264,"ES","ES4","ES41","ES412"
32402314,"ES","ES4","ES41","ES412"
32402318,"ES","ES4","ES41","ES412"
32402332,"ES","ES2","ES21","ES213"
32402336,"ES","ES2","ES21","ES213"
32402926,"FR","FRH","FRH0","FRH02"
32403658,"UK","UKN","UKN1","UKN12"
32403676,"UK","UKN","UKN1","UKN12"
32421728,"ES","ES6","ES61","ES611"
32421826,"ES","ES4","ES42","ES421"
32421848,"ES","ES4","ES42","ES421"
32421926,"ES","ES4","ES42","ES423"
32421998,"ES","ES4","ES42","ES423"
32422100,"ES","ES4","ES42","ES424"
32422106,"ES","ES4","ES42","ES424"
32422114,"ES","ES4","ES42","ES424"
32422124,"ES","ES4","ES41","ES417"
32422142,"ES","ES4","ES41","ES417"
32422186,"ES","ES4","ES41","ES412"
32422190,"ES","ES4","ES41","ES412"
32422226,"ES","ES4","ES41","ES412"
32422232,"ES","ES4","ES41","ES412"
32422330,"ES","ES2","ES21","ES213"
32423468,"IE","IE0","IE06","IE061"
32441714,"ES","ES6","ES61","ES611"
32441724,"ES","ES6","ES61","ES611"
32441738,"ES","ES6","ES62","ES620"
32441760,"ES","ES6","ES62","ES620"
32441768,"ES","ES4","ES42","ES421"
32441828,"ES","ES4","ES42","ES421"
32441900,"ES","ES4","ES42","ES423"
32441984,"ES","ES4","ES42","ES423"
32442092,"ES","ES4","ES42","ES424"
32442102,"ES","ES4","ES42","ES424"
32442110,"ES","ES4","ES42","ES424"
32442164,"ES","ES4","ES41","ES417"
32442260,"ES","ES4","ES41","ES412"
32461694,"ES","ES6","ES61","ES611"
32461700,"ES","ES6","ES61","ES611"
32461726,"ES","ES6","ES61","ES611"
32461748,"ES","ES6","ES62","ES620"
32461762,"ES","ES6","ES62","ES620"
32461852,"ES","ES4","ES42","ES421"
32461888,"ES","ES4","ES42","ES421"
32461916,"ES","ES4","ES42","ES423"
32461960,"ES","ES4","ES42","ES423"
32461996,"ES","ES4","ES42","ES423"
32462086,"ES","ES4","ES42","ES424"
32462108,"ES","ES4","ES42","ES424"
32462114,"ES","ES4","ES41","ES417"
32462150,"ES","ES4","ES41","ES417"
32462154,"ES","ES4","ES41","ES417"
32462168,"ES","ES4","ES41","ES417"
32462176,"ES","ES4","ES41","ES417"
32462180,"ES","ES4","ES41","ES417"
32462208,"ES","ES2","ES23","ES230"
32462348,"ES","ES1","ES13","ES130"
32463554,"IE","IE0","IE06","IE062"
32463558,"IE","IE0","IE04","IE041"
32463644,"UK","UKN","UKN1","UKN11"
32481692,"ES","ES6","ES61","ES611"
32481738,"ES","ES6","ES62","ES620"
32481746,"ES","ES6","ES62","ES620"
32481818,"ES","ES4","ES42","ES421"
32481828,"ES","ES4","ES42","ES421"
32481836,"ES","ES4","ES42","ES421"
32481900,"ES","ES4","ES42","ES423"
32481972,"ES","ES4","ES42","ES423"
32482146,"ES","ES4","ES41","ES417"
32482160,"ES","ES4","ES41","ES417"
32482188,"ES","ES4","ES41","ES412"
32482232,"ES","ES2","ES23","ES230"
32483682,"UK","UKN","UKN1","UKN12"
32501694,"ES","ES6","ES61","ES611"
32501698,"ES","ES6","ES61","ES611"
32501706,"ES","ES6","ES61","ES611"
32501860,"ES","ES4","ES42","ES421"
32501904,"ES","ES4","ES42","ES423"
32501932,"ES","ES4","ES42","ES423"
32501940,"ES","ES4","ES42","ES423"
32501950,"ES","ES4","ES42","ES423"
32501958,"ES","ES4","ES42","ES423"
32501968,"ES","ES4","ES42","ES423"
32502018,"ES","ES4","ES42","ES424"
32502072,"ES","ES4","ES42","ES424"
32502156,"ES","ES4","ES41","ES417"
32521696,"ES","ES6","ES61","ES611"
32521732,"ES","ES6","ES62","ES620"
32521750,"ES","ES6","ES62","ES620"
32521764,"ES","ES6","ES62","ES620"
32521858,"ES","ES4","ES42","ES421"
32521894,"ES","ES4","ES42","ES423"
32521900,"ES","ES4","ES42","ES423"
32521936,"ES","ES4","ES42","ES423"
32521944,"ES","ES4","ES42","ES423"
32522016,"ES","ES4","ES42","ES423"
32522056,"ES","ES4","ES42","ES424"
32522074,"ES","ES4","ES42","ES424"
32522116,"ES","ES4","ES41","ES417"
32522178,"ES","ES4","ES41","ES417"
32522260,"ES","ES2","ES23","ES230"
32522262,"ES","ES2","ES23","ES230"
32522268,"ES","ES4","ES41","ES412"
32522272,"ES","ES4","ES41","ES412"
32541738,"ES","ES6","ES62","ES620"
32541744,"ES","ES6","ES62","ES620"
32541752,"ES","ES6","ES62","ES620"
32541766,"ES","ES6","ES62","ES620"
32541878,"ES","ES4","ES42","ES421"
32541924,"ES","ES4","ES42","ES423"
32542000,"ES","ES4","ES42","ES423"
32542068,"ES","ES4","ES42","ES424"
32542122,"ES","ES4","ES41","ES417"
32542140,"ES","ES4","ES41","ES417"
32542158,"ES","ES4","ES41","ES417"
32542176,"ES","ES4","ES41","ES417"
32542242,"ES","ES2","ES23","ES230"
32542260,"ES","ES2","ES23","ES230"
32542284,"ES","ES2","ES21","ES211"
32542338,"ES","ES1","ES13","ES130"
32543634,"UK","UKN","UKN1","UKN11"
32561746,"ES","ES6","ES62","ES620"
32561764,"ES","ES6","ES62","ES620"
32561800,"ES","ES4","ES42","ES421"
32561908,"ES","ES4","ES42","ES423"
32561992,"ES","ES4","ES42","ES423"
32562028,"ES","ES4","ES42","ES424"
32562052,"ES","ES4","ES42","ES424"
32562088,"ES","ES4","ES42","ES424"
32562168,"ES","ES4","ES41","ES417"
32562172,"ES","ES4","ES41","ES417"
32562186,"ES","ES4","ES41","ES417"
32562268,"ES","ES4","ES41","ES412"
32562280,"ES","ES2","ES21","ES211"
32562340,"ES","ES1","ES13","ES130"
32562870,"FR","FRH","FRH0","FRH02"
32563536,"IE","IE0","IE06","IE062"
32581696,"ES","ES6","ES61","ES611"
32581742,"ES","ES6","ES62","ES620"
32581768,"ES","ES6","ES62","ES620"
32581810,"ES","ES4","ES42","ES421"
32581850,"ES","ES4","ES42","ES421"
32581868,"ES","ES4","ES42","ES421"
32581918,"ES","ES4","ES42","ES423"
32582012,"ES","ES4","ES42","ES423"
32582066,"ES","ES4","ES42","ES424"
32582074,"ES","ES4","ES42","ES424"
32582102,"ES","ES4","ES42","ES424"
32582128,"ES","ES4","ES41","ES417"
32582164,"ES","ES4","ES41","ES417"
32582174,"ES","ES4","ES41","ES417"
32582246,"ES","ES2","ES23","ES230"
32582252,"ES","ES2","ES23","ES230"
32583496,"IE","IE0","IE06","IE061"
32583640,"UK","UKN","UKN1","UKN11"
32601818,"ES","ES4","ES42","ES421"
32601880,"ES","ES4","ES42","ES421"
32601908,"ES","ES4","ES42","ES423"
32601934,"ES","ES4","ES42","ES423"
32601944,"ES","ES4","ES42","ES423"
32601970,"ES","ES4","ES42","ES423"
32601974,"ES","ES4","ES42","ES423"
32602088,"ES","ES4","ES42","ES424"
32602106,"ES","ES4","ES41","ES417"
32602178,"ES","ES4","ES41","ES417"
32602244,"ES","ES2","ES23","ES230"
32602250,"ES","ES2","ES23","ES230"
32602258,"ES","ES2","ES23","ES230"
32602304,"ES","ES2","ES21","ES213"
32602852,"FR","FRH","FRH0","FRH02"
32602928,"FR","FRH","FRH0","FRH02"
32603626,"UK","UKN","UKN1","UKN11"
32621684,"ES","ES6","ES61","ES611"
32621810,"ES","ES4","ES42","ES421"
32621858,"ES","ES4","ES42","ES421"
32621882,"ES","ES4","ES42","ES423"
32621922,"ES","ES4","ES42","ES423"
32621954,"ES","ES4","ES42","ES423"
32621966,"ES","ES4","ES42","ES423"
32622188,"ES","ES4","ES41","ES417"
32622236,"ES","ES2","ES23","ES230"
32622242,"ES","ES2","ES23","ES230"
32622246,"ES","ES2","ES23","ES230"
32622254,"ES","ES2","ES23","ES230"
32622920,"FR","FRH","FRH0","FRH02"
32641790,"ES","ES4","ES42","ES421"
32641820,"ES","ES4","ES42","ES421"
32641826,"ES","ES4","ES42","ES421"
32641844,"ES","ES4","ES42","ES421"
32641866,"ES","ES4","ES42","ES421"
32641952,"ES","ES4","ES42","ES423"
32641960,"ES","ES4","ES42","ES423"
32642006,"ES","ES4","ES42","ES423"
32642078,"ES","ES4","ES42","ES424"
32642126,"ES","ES4","ES41","ES417"
32642154,"ES","ES4","ES41","ES417"
32642280,"ES","ES2","ES21","ES211"
32642320,"ES","ES2","ES21","ES211"
32642334,"ES","ES2","ES21","ES213"
32642856,"FR","FRH","FRH0","FRH02"
32661818,"ES","ES4","ES42","ES421"
32662124,"ES","ES4","ES41","ES417"
32662242,"ES","ES2","ES23","ES230"
32681814,"ES","ES4","ES42","ES421"
32681868,"ES","ES4","ES42","ES421"
32681896,"ES","ES4","ES42","ES423"
32682054,"ES","ES4","ES42","ES424"
32682102,"ES","ES4","ES41","ES417"
32682108,"ES","ES4","ES41","ES417"
32682112,"ES","ES4","ES41","ES417"
32682126,"ES","ES4","ES41","ES417"
32682144,"ES","ES4","ES41","ES417"
32682156,"ES","ES4","ES41","ES417"
32682264,"ES","ES2","ES21","ES211"
32682270,"ES","ES2","ES21","ES211"
32682930,"FR","FRH","FRH0","FRH02"
32682940,"FR","FRH","FRH0","FRH02"
32701660,"ES","ES6","ES61","ES611"
32701756,"ES","ES6","ES62","ES620"
32701818,"ES","ES4","ES42","ES421"
32701854,"ES","ES4","ES42","ES421"
32701894,"ES","ES4","ES42","ES423"
32701912,"ES","ES4","ES42","ES423"
32701918,"ES","ES4","ES42","ES423"
32701972,"ES","ES4","ES42","ES423"
32702098,"ES","ES4","ES41","ES417"
32702124,"ES","ES4","ES41","ES417"
32702142,"ES","ES4","ES41","ES417"
32702146,"ES","ES4","ES41","ES417"
32702214,"ES","ES2","ES23","ES230"
32702242,"ES","ES2","ES23","ES230"
32702304,"ES","ES2","ES21","ES211"
32702890,"FR","FRH","FRH0","FRH02"
32703676,"UK","UKN","UKN1","UKN12"
32721676,"ES","ES6","ES61","ES611"
32721780,"ES","ES4","ES42","ES421"
32721856,"ES","ES4","ES42","ES421"
32721860,"ES","ES4","ES42","ES421"
32721874,"ES","ES4","ES42","ES421"
32721928,"ES","ES4","ES42","ES423"
32721942,"ES","ES4","ES42","ES423"
32721968,"ES","ES4","ES42","ES423"
32721996,"ES","ES4","ES42","ES423"
32722058,"ES","ES4","ES42","ES424"
32722080,"ES","ES4","ES42","ES424"
32722098,"ES","ES4","ES41","ES417"
32722104,"ES","ES4","ES41","ES417"
32722108,"ES","ES4","ES41","ES417"
32722180,"ES","ES4","ES41","ES417"
32722274,"ES","ES4","ES41","ES412"
32722342,"ES","ES2","ES21","ES213"
32741830,"ES","ES4","ES42","ES421"
32741848,"ES","ES4","ES42","ES421"
32741970,"ES","ES4","ES42","ES423"
32742006,"ES","ES4","ES42","ES423"
32742010,"ES","ES4","ES42","ES423"
32742034,"ES","ES4","ES42","ES424"
32742100,"ES","ES4","ES41","ES417"
32742124,"ES","ES4","ES41","ES417"
32742168,"ES","ES4","ES41","ES417"
32742312,"ES","ES2","ES21","ES213"
32742870,"FR","FRH","FRH0","FRH02"
32742874,"FR","FRH","FRH0","FRH02"
32743594,"UK","UKN","UKN0","UKN07"
32761828,"ES","ES4","ES42","ES421"
32761912,"ES","ES4","ES42","ES423"
32761930,"ES","ES4","ES42","ES423"
32761948,"ES","ES4","ES42","ES423"
32761954,"ES","ES4","ES42","ES423"
32761976,"ES","ES4","ES42","ES423"
32761984,"ES","ES4","ES42","ES423"
32761990,"ES","ES4","ES42","ES423"
32762098,"ES","ES4","ES41","ES417"
32762120,"ES","ES4","ES41","ES417"
32762128,"ES","ES4","ES41","ES417"
32762138,"ES","ES4","ES41","ES417"
32762170,"ES","ES4","ES41","ES417"
32762234,"ES","ES2","ES23","ES230"
32762242,"ES","ES2","ES23","ES230"
32762332,"ES","ES2","ES21","ES213"
32762344,"ES","ES2","ES21","ES213"
32781844,"ES","ES4","ES42","ES421"
32781920,"ES","ES4","ES42","ES423"
32781992,"ES","ES4","ES42","ES423"
32782060,"ES","ES4","ES42","ES424"
32782118,"ES","ES4","ES41","ES417"
32782132,"ES","ES4","ES41","ES417"
32782150,"ES","ES4","ES41","ES417"
32782154,"ES","ES4","ES41","ES417"
32782222,"ES","ES2","ES23","ES230"
32782240,"ES","ES2","ES23","ES230"
32782888,"FR","FRH","FRH0","FRH02"
32782906,"FR","FRH","FRH0","FRH02"
32783608,"UK","UKN","UKN1","UKN14"
32801814,"ES","ES4","ES42","ES421"
32801840,"ES","ES4","ES42","ES421"
32802056,"ES","ES4","ES42","ES424"
32802074,"ES","ES4","ES42","ES424"
32802092,"ES","ES4","ES41","ES417"
32802128,"ES","ES4","ES41","ES417"
32802134,"ES","ES4","ES41","ES417"
32802138,"ES","ES4","ES41","ES417"
32802152,"ES","ES4","ES41","ES417"
32802170,"ES","ES4","ES41","ES417"
32802264,"ES","ES4","ES41","ES412"
32802920,"FR","FRH","FRH0","FRH02"
32821762,"ES","ES6","ES62","ES620"
32821848,"ES","ES4","ES42","ES421"
32821866,"ES","ES4","ES42","ES421"
32821870,"ES","ES4","ES42","ES421"
32821942,"ES","ES4","ES42","ES423"
32821946,"ES","ES4","ES42","ES423"
32822060,"ES","ES4","ES42","ES424"
32822086,"ES","ES4","ES41","ES417"
32822154,"ES","ES4","ES41","ES417"
32822198,"ES","ES2","ES23","ES230"
32822262,"ES","ES2","ES21","ES211"
32822294,"ES","ES2","ES21","ES211"
32822932,"FR","FRH","FRH0","FRH02"
32841864,"ES","ES4","ES42","ES421"
32842038,"ES","ES4","ES42","ES424"
32842088,"ES","ES4","ES41","ES417"
32842142,"ES","ES4","ES41","ES417"
32842152,"ES","ES4","ES41","ES417"
32842164,"ES","ES4","ES41","ES417"
32842178,"ES","ES4","ES41","ES417"
32842232,"ES","ES2","ES23","ES230"
32842278,"ES","ES2","ES21","ES211"
32842296,"ES","ES2","ES21","ES211"
32842890,"FR","FRH","FRH0","FRH02"
32861814,"ES","ES4","ES42","ES421"
32861824,"ES","ES4","ES42","ES421"
32861850,"ES","ES4","ES42","ES421"
32861886,"ES","ES4","ES42","ES423"
32861892,"ES","ES4","ES42","ES423"
32861932,"ES","ES4","ES42","ES423"
32862036,"ES","ES4","ES42","ES424"
32862048,"ES","ES4","ES42","ES424"
32862126,"ES","ES4","ES41","ES417"
32862138,"ES","ES4","ES41","ES417"
32862162,"ES","ES4","ES41","ES417"
32862166,"ES","ES4","ES41","ES417"
32862174,"ES","ES4","ES41","ES417"
32862886,"FR","FRH","FRH0","FRH02"
32862918,"FR","FRH","FRH0","FRH02"
32881840,"ES","ES4","ES42","ES421"
32881872,"ES","ES4","ES42","ES421"
32882088,"ES","ES4","ES41","ES417"
32882106,"ES","ES4","ES41","ES417"
32882142,"ES","ES4","ES41","ES417"
32882170,"ES","ES4","ES41","ES417"
32882178,"ES","ES4","ES41","ES417"
32882182,"ES","ES4","ES41","ES417"
32882332,"ES","ES2","ES21","ES213"
32882884,"FR","FRH","FRH0","FRH02"
32882938,"FR","FRH","FRH0","FRH02"
32901694,"ES","ES6","ES62","ES620"
32901744,"ES","ES6","ES62","ES620"
32901870,"ES","ES4","ES42","ES421"
32901878,"ES","ES4","ES42","ES421"
32901888,"ES","ES4","ES42","ES423"
32901910,"ES","ES4","ES42","ES423"
32901936,"ES","ES4","ES42","ES423"
32901942,"ES","ES4","ES42","ES423"
32901950,"ES","ES4","ES42","ES423"
32901968,"ES","ES4","ES42","ES423"
32902000,"ES","ES4","ES42","ES423"
32902014,"ES","ES4","ES42","ES423"
32902062,"ES","ES4","ES42","ES424"
32902068,"ES","ES4","ES42","ES424"
32902080,"ES","ES4","ES42","ES424"
32902090,"ES","ES4","ES41","ES417"
32902094,"ES","ES4","ES41","ES417"
32902116,"ES","ES4","ES41","ES417"
32902122,"ES","ES4","ES41","ES417"
32902130,"ES","ES4","ES41","ES417"
32902134,"ES","ES4","ES41","ES417"
32902148,"ES","ES4","ES41","ES417"
32902162,"ES","ES4","ES41","ES417"
32902166,"ES","ES4","ES41","ES417"
32902170,"ES","ES4","ES41","ES417"
32902176,"ES","ES4","ES41","ES417"
32902202,"ES","ES2","ES23","ES230"
32902230,"ES","ES2","ES23","ES230"
32902234,"ES","ES2","ES23","ES230"
32902270,"ES","ES4","ES41","ES412"
32902338,"ES","ES2","ES21","ES213"
32902900,"FR","FRH","FRH0","FRH02"
32903296,"UK","UKL","UKL1","UKL14"
32921902,"ES","ES4","ES42","ES423"
32921970,"ES","ES4","ES42","ES423"
32922082,"ES","ES4","ES41","ES417"
32922088,"ES","ES4","ES41","ES417"
32922100,"ES","ES4","ES41","ES417"
32922142,"ES","ES4","ES41","ES417"
32922214,"ES","ES2","ES23","ES230"
32922298,"ES","ES2","ES21","ES211"
32941850,"ES","ES4","ES42","ES421"
32941918,"ES","ES4","ES42","ES423"
32941940,"ES","ES4","ES42","ES423"
32942044,"ES","ES4","ES42","ES424"
32942092,"ES","ES4","ES41","ES417"
32942138,"ES","ES4","ES41","ES417"
32942164,"ES","ES4","ES41","ES417"
32942170,"ES","ES4","ES41","ES417"
32942188,"ES","ES4","ES41","ES417"
32942242,"ES","ES2","ES21","ES211"
32942884,"FR","FRH","FRH0","FRH02"
32942926,"FR","FRH","FRH0","FRH02"
32961790,"ES","ES4","ES42","ES421"
32961808,"ES","ES4","ES42","ES421"
32961880,"ES","ES4","ES42","ES421"
32962078,"ES","ES4","ES42","ES424"
32962096,"ES","ES4","ES41","ES417"
32962114,"ES","ES4","ES41","ES417"
32962124,"ES","ES4","ES41","ES417"
32962142,"ES","ES4","ES41","ES417"
32962154,"ES","ES4","ES41","ES417"
32962168,"ES","ES4","ES41","ES417"
32962208,"ES","ES2","ES23","ES230"
32962280,"ES","ES2","ES21","ES211"
32962304,"ES","ES2","ES21","ES211"
32981822,"ES","ES4","ES42","ES421"
32981850,"ES","ES4","ES42","ES421"
32981868,"ES","ES4","ES42","ES421"
32981912,"ES","ES4","ES42","ES423"
32982084,"ES","ES4","ES41","ES417"
32982146,"ES","ES4","ES41","ES417"
32982206,"ES","ES2","ES23","ES230"
33001754,"ES","ES6","ES62","ES620"
33001794,"ES","ES4","ES42","ES421"
33001834,"ES","ES4","ES42","ES421"
33001852,"ES","ES4","ES42","ES421"
33001862,"ES","ES4","ES42","ES421"
33001938,"ES","ES4","ES42","ES423"
33001952,"ES","ES4","ES42","ES423"
33001960,"ES","ES4","ES42","ES423"
33002010,"ES","ES4","ES42","ES423"
33002014,"ES","ES4","ES42","ES423"
33002072,"ES","ES4","ES42","ES424"
33002132,"ES","ES4","ES41","ES417"
33002136,"ES","ES4","ES41","ES417"
33002144,"ES","ES4","ES41","ES417"
33002172,"ES","ES4","ES41","ES417"
33002186,"ES","ES4","ES41","ES417"
33002856,"FR","FRH","FRH0","FRH02"
33002892,"FR","FRH","FRH0","FRH02"
33003590,"UK","UKN","UKN0","UKN08"
33021720,"ES","ES6","ES62","ES620"
33021926,"ES","ES4","ES42","ES423"
33021954,"ES","ES4","ES42","ES423"
33021990,"ES","ES4","ES42","ES423"
33021998,"ES","ES4","ES42","ES423"
33022016,"ES","ES4","ES42","ES423"
33022026,"ES","ES4","ES42","ES424"
33022074,"ES","ES4","ES42","ES424"
33022080,"ES","ES4","ES42","ES424"
33022092,"ES","ES4","ES41","ES417"
33022098,"ES","ES4","ES41","ES417"
33022128,"ES","ES4","ES41","ES417"
33022134,"ES","ES4","ES41","ES417"
33022142,"ES","ES4","ES41","ES417"
33022146,"ES","ES4","ES41","ES417"
33022170,"ES","ES4","ES41","ES417"
33022188,"ES","ES4","ES41","ES417"
33022200,"ES","ES2","ES23","ES230"
33022206,"ES","ES2","ES23","ES230"
33022242,"ES","ES2","ES21","ES211"
33022872,"FR","FRH","FRH0","FRH02"
33023682,"UK","UKN","UKN1","UKN12"
33041796,"ES","ES4","ES42","ES421"
33041814,"ES","ES4","ES42","ES421"
33041850,"ES","ES4","ES42","ES421"
33041856,"ES","ES4","ES42","ES421"
33041958,"ES","ES4","ES42","ES423"
33041986,"ES","ES4","ES42","ES423"
33041994,"ES","ES4","ES42","ES423"
33042072,"ES","ES4","ES42","ES424"
33042102,"ES","ES2","ES24","ES243"
33042120,"ES","ES4","ES41","ES417"
33042138,"ES","ES4","ES41","ES417"
33042156,"ES","ES4","ES41","ES417"
33042166,"ES","ES4","ES41","ES417"
33042198,"ES","ES4","ES41","ES417"
33042228,"ES","ES2","ES23","ES230"
33042318,"ES","ES2","ES21","ES213"
33042922,"FR","FRH","FRH0","FRH02"
33061854,"ES","ES4","ES42","ES421"
33061972,"ES","ES4","ES42","ES423"
33062008,"ES","ES4","ES42","ES423"
33062038,"ES","ES4","ES42","ES424"
33062044,"ES","ES4","ES42","ES424"
33062062,"ES","ES4","ES42","ES424"
33062080,"ES","ES4","ES42","ES424"
33062092,"ES","ES2","ES24","ES243"
33062106,"ES","ES2","ES24","ES243"
33062146,"ES","ES4","ES41","ES417"
33062206,"ES","ES2","ES23","ES230"
33062268,"ES","ES2","ES21","ES211"
33062278,"ES","ES2","ES21","ES211"
33062848,"FR","FRH","FRH0","FRH02"
33081708,"ES","ES6","ES62","ES620"
33081802,"ES","ES4","ES42","ES421"
33081856,"ES","ES4","ES42","ES421"
33081874,"ES","ES4","ES42","ES421"
33081892,"ES","ES4","ES42","ES423"
33081982,"ES","ES4","ES42","ES423"
33082068,"ES","ES4","ES42","ES424"
33082116,"ES","ES4","ES41","ES417"
33082140,"ES","ES4","ES41","ES417"
33082144,"ES","ES4","ES41","ES417"
33082148,"ES","ES4","ES41","ES417"
33082152,"ES","ES4","ES41","ES417"
33082252,"ES","ES2","ES22","ES220"
33082864,"FR","FRH","FRH0","FRH04"
33101854,"ES","ES4","ES42","ES421"
33102006,"ES","ES4","ES42","ES423"
33102046,"ES","ES4","ES42","ES424"
33102114,"ES","ES2","ES24","ES243"
33102118,"ES","ES2","ES24","ES243"
33102142,"ES","ES4","ES41","ES417"
33102208,"ES","ES2","ES23","ES230"
33102276,"ES","ES2","ES21","ES211"
33102888,"FR","FRH","FRH0","FRH02"
33102928,"FR","FRH","FRH0","FRH02"
33121976,"ES","ES4","ES42","ES423"
33122048,"ES","ES4","ES42","ES424"
33122056,"ES","ES4","ES42","ES424"
33122092,"ES","ES2","ES24","ES243"
33122098,"ES","ES2","ES24","ES243"
33122120,"ES","ES4","ES41","ES417"
33122146,"ES","ES4","ES41","ES417"
33122156,"ES","ES4","ES41","ES417"
33122210,"ES","ES2","ES23","ES230"
33122224,"ES","ES2","ES23","ES230"
33122236,"ES","ES2","ES22","ES220"
33122854,"FR","FRH","FRH0","FRH02"
33122902,"FR","FRH","FRH0","FRH02"
33122920,"FR","FRH","FRH0","FRH02"
33141710,"ES","ES6","ES62","ES620"
33141740,"ES","ES6","ES62","ES620"
33141808,"ES","ES4","ES42","ES421"
33141880,"ES","ES4","ES42","ES421"
33141890,"ES","ES4","ES42","ES423"
33142046,"ES","ES4","ES42","ES424"
33142100,"ES","ES2","ES24","ES243"
33142106,"ES","ES2","ES24","ES243"
33142114,"ES","ES2","ES24","ES243"
33142118,"ES","ES2","ES24","ES243"
33142142,"ES","ES4","ES41","ES417"
33142160,"ES","ES4","ES41","ES417"
33142268,"ES","ES2","ES21","ES211"
33142276,"ES","ES2","ES21","ES211"
33142852,"FR","FRH","FRH0","FRH02"
33142888,"FR","FRH","FRH0","FRH02"
33142924,"FR","FRH","FRH0","FRH02"
33161724,"ES","ES6","ES62","ES620"
33161742,"ES","ES6","ES62","ES620"
33161828,"ES","ES4","ES42","ES421"
33161904,"ES","ES4","ES42","ES423"
33162048,"ES","ES4","ES42","ES424"
33162080,"ES","ES4","ES42","ES424"
33162102,"ES","ES2","ES24","ES243"
33162156,"ES","ES4","ES41","ES417"
33162174,"ES","ES4","ES41","ES417"
33162228,"ES","ES2","ES23","ES230"
33162242,"ES","ES2","ES22","ES220"
33162272,"ES","ES2","ES21","ES211"
33162848,"FR","FRH","FRH0","FRH02"
33181700,"ES","ES6","ES62","ES620"
33181812,"ES","ES4","ES42","ES421"
33182010,"ES","ES4","ES42","ES424"
33182050,"ES","ES4","ES42","ES424"
33182064,"ES","ES4","ES42","ES424"
33182082,"ES","ES4","ES42","ES424"
33182122,"ES","ES4","ES41","ES417"
33182126,"ES","ES4","ES41","ES417"
33182158,"ES","ES4","ES41","ES417"
33182168,"ES","ES4","ES41","ES417"
33182222,"ES","ES2","ES23","ES230"
33182230,"ES","ES2","ES22","ES220"
33201980,"ES","ES4","ES42","ES423"
33202038,"ES","ES4","ES42","ES424"
33202056,"ES","ES4","ES42","ES424"
33202088,"ES","ES2","ES24","ES243"
33203610,"UK","UKN","UKN0","UKN09"
33221806,"ES","ES4","ES42","ES421"
33221838,"ES","ES4","ES42","ES421"
33221886,"ES","ES4","ES42","ES421"
33221968,"ES","ES4","ES42","ES423"
33222040,"ES","ES4","ES42","ES424"
33222054,"ES","ES4","ES42","ES424"
33222058,"ES","ES4","ES42","ES424"
33222066,"ES","ES4","ES42","ES424"
33222072,"ES","ES4","ES42","ES424"
33222076,"ES","ES4","ES42","ES424"
33222102,"ES","ES2","ES24","ES243"
33222130,"ES","ES4","ES41","ES417"
33222144,"ES","ES4","ES41","ES417"
33222156,"ES","ES4","ES41","ES417"
33222166,"ES","ES4","ES41","ES417"
33222206,"ES","ES2","ES23","ES230"
33222252,"ES","ES2","ES22","ES220"
33222318,"ES","ES2","ES21","ES212"
33222864,"FR","FRH","FRH0","FRH04"
33241804,"ES","ES6","ES62","ES620"
33241828,"ES","ES4","ES42","ES421"
33241858,"ES","ES4","ES42","ES421"
33242080,"ES","ES4","ES42","ES424"
33242254,"ES","ES2","ES22","ES220"
33242296,"ES","ES2","ES21","ES212"
33261816,"ES","ES4","ES42","ES421"
33261874,"ES","ES4","ES42","ES421"
33261978,"ES","ES4","ES42","ES423"
33262018,"ES","ES4","ES42","ES424"
33262036,"ES","ES4","ES42","ES424"
33262054,"ES","ES4","ES42","ES424"
33262086,"ES","ES2","ES24","ES243"
33262130,"ES","ES2","ES24","ES243"
33262144,"ES","ES4","ES41","ES417"
33262202,"ES","ES2","ES23","ES230"
33262230,"ES","ES2","ES22","ES220"
33262270,"ES","ES2","ES22","ES220"
33262896,"FR","FRH","FRH0","FRH01"
33281826,"ES","ES4","ES42","ES421"
33281952,"ES","ES4","ES42","ES423"
33281970,"ES","ES4","ES42","ES423"
33282024,"ES","ES4","ES42","ES424"
33282060,"ES","ES4","ES42","ES424"
33282078,"ES","ES2","ES24","ES243"
33282150,"ES","ES4","ES41","ES417"
33282222,"ES","ES2","ES22","ES220"
33282856,"FR","FRH","FRH0","FRH04"
33283288,"UK","UKL","UKL1","UKL14"
33283306,"UK","UKL","UKL1","UKL14"
33301706,"ES","ES6","ES62","ES620"
33301858,"ES","ES4","ES42","ES421"
33301954,"ES","ES4","ES42","ES423"
33302056,"ES","ES4","ES42","ES424"
33302062,"ES","ES4","ES42","ES424"
33302074,"ES","ES4","ES42","ES424"
33302218,"ES","ES2","ES23","ES230"
33302242,"ES","ES2","ES22","ES220"
33302890,"FR","FRH","FRH0","FRH01"
33321782,"ES","ES6","ES62","ES620"
33321866,"ES","ES4","ES42","ES421"
33321944,"ES","ES4","ES42","ES423"
33321992,"ES","ES2","ES24","ES242"
33322024,"ES","ES4","ES42","ES424"
33322034,"ES","ES4","ES42","ES424"
33322042,"ES","ES4","ES42","ES424"
33322052,"ES","ES4","ES42","ES424"
33322114,"ES","ES2","ES24","ES243"
33322186,"ES","ES2","ES23","ES230"
33322268,"ES","ES2","ES22","ES220"
33322280,"ES","ES2","ES22","ES220"
33322870,"FR","FRH","FRH0","FRH04"
33322888,"FR","FRH","FRH0","FRH01"
33323140,"UK","UKK","UKK4","UKK43"
33341696,"ES","ES6","ES62","ES620"
33341814,"ES","ES4","ES42","ES421"
33341832,"ES","ES4","ES42","ES421"
33341912,"ES","ES4","ES42","ES423"
33341918,"ES","ES4","ES42","ES423"
33341990,"ES","ES2","ES24","ES242"
33342026,"ES","ES4","ES42","ES424"
33342038,"ES","ES4","ES42","ES424"
33342044,"ES","ES4","ES42","ES424"
33342056,"ES","ES4","ES42","ES424"
33342062,"ES","ES4","ES42","ES424"
33342146,"ES","ES4","ES41","ES417"
33342152,"ES","ES4","ES41","ES417"
33342164,"ES","ES4","ES41","ES417"
33342290,"ES","ES2","ES21","ES212"
33342848,"FR","FRH","FRH0","FRH04"
33342884,"FR","FRH","FRH0","FRH01"
33343208,"UK","UKK","UKK4","UKK43"
33361816,"ES","ES4","ES42","ES421"
33361956,"ES","ES4","ES42","ES423"
33361974,"ES","ES4","ES42","ES423"
33362014,"ES","ES2","ES24","ES242"
33362024,"ES","ES4","ES42","ES424"
33362046,"ES","ES4","ES42","ES424"
33362050,"ES","ES4","ES42","ES424"
33362060,"ES","ES4","ES42","ES424"
33362096,"ES","ES2","ES24","ES243"
33362132,"ES","ES2","ES24","ES243"
33362216,"ES","ES2","ES23","ES230"
33362270,"ES","ES2","ES22","ES220"
33362924,"FR","FRH","FRH0","FRH01"
33363162,"UK","UKK","UKK4","UKK43"
33382002,"ES","ES2","ES24","ES242"
33382016,"ES","ES2","ES24","ES242"
33382062,"ES","ES4","ES42","ES424"
33382080,"ES","ES2","ES24","ES243"
33382110,"ES","ES2","ES24","ES243"
33382188,"ES","ES2","ES23","ES230"
33382196,"ES","ES2","ES23","ES230"
33382200,"ES","ES2","ES23","ES230"
33382214,"ES","ES2","ES23","ES230"
33383286,"UK","UKL","UKL1","UKL14"
33401850,"ES","ES4","ES42","ES421"
33401964,"ES","ES4","ES42","ES423"
33401994,"ES","ES2","ES24","ES242"
33402018,"ES","ES4","ES42","ES424"
33402048,"ES","ES4","ES42","ES424"
33402058,"ES","ES4","ES42","ES424"
33402066,"ES","ES2","ES24","ES243"
33402202,"ES","ES2","ES23","ES230"
33402246,"ES","ES2","ES22","ES220"
33402256,"ES","ES2","ES22","ES220"
33402822,"FR","FRH","FRH0","FRH04"
33421876,"ES","ES4","ES42","ES421"
33421936,"ES","ES4","ES42","ES423"
33421980,"ES","ES2","ES24","ES242"
33421984,"ES","ES2","ES24","ES242"
33421990,"ES","ES2","ES24","ES242"
33422016,"ES","ES2","ES24","ES242"
33422034,"ES","ES4","ES42","ES424"
33422232,"ES","ES2","ES22","ES220"
33422250,"ES","ES2","ES22","ES220"
33422268,"ES","ES2","ES22","ES220"
33422866,"FR","FRH","FRH0","FRH04"
33422880,"FR","FRH","FRH0","FRH01"
33422902,"FR","FRH","FRH0","FRH01"
33441690,"ES","ES6","ES62","ES620"
33441708,"ES","ES6","ES62","ES620"
33441780,"ES","ES6","ES62","ES620"
33441856,"ES","ES4","ES42","ES421"
33441968,"ES","ES5","ES52","ES523"
33442014,"ES","ES2","ES24","ES242"
33442040,"ES","ES4","ES42","ES424"
33442050,"ES","ES2","ES24","ES242"
33442076,"ES","ES2","ES24","ES243"
33442166,"ES","ES2","ES24","ES243"
33442180,"ES","ES2","ES22","ES220"
33442216,"ES","ES2","ES22","ES220"
33442270,"ES","ES2","ES22","ES220"
33442828,"FR","FRH","FRH0","FRH04"
33442882,"FR","FRH","FRH0","FRH01"
33442932,"FR","FRH","FRH0","FRH01"
33442936,"FR","FRH","FRH0","FRH01"
33443148,"UK","UKK","UKK4","UKK43"
33443404,"UK","UKL","UKL1","UKL12"
33461826,"ES","ES4","ES42","ES421"
33461926,"ES","ES4","ES42","ES423"
33462046,"ES","ES2","ES24","ES242"
33462052,"ES","ES2","ES24","ES242"
33462168,"ES","ES2","ES24","ES243"
33462172,"ES","ES2","ES24","ES243"
33462186,"ES","ES2","ES22","ES220"
33462196,"ES","ES2","ES23","ES230"
33481792,"ES","ES6","ES62","ES620"
33481840,"ES","ES5","ES52","ES523"
33481868,"ES","ES4","ES42","ES421"
33481922,"ES","ES4","ES42","ES423"
33482012,"ES","ES2","ES24","ES242"
33482044,"ES","ES2","ES24","ES242"
33482116,"ES","ES2","ES24","ES243"
33482200,"ES","ES2","ES23","ES230"
33501944,"ES","ES4","ES42","ES423"
33502028,"ES","ES2","ES24","ES242"
33502070,"ES","ES2","ES24","ES243"
33502132,"ES","ES2","ES24","ES243"
33502262,"ES","ES2","ES22","ES220"
33502280,"ES","ES2","ES22","ES220"
33502294,"ES","ES2","ES22","ES220"
33502852,"FR","FRH","FRH0","FRH04"
33503288,"UK","UKL","UKL1","UKL14"
33503744,"UK","UKM","UKM6","UKM63"
33521706,"ES","ES6","ES62","ES620"
33521792,"ES","ES6","ES62","ES620"
33521972,"ES","ES2","ES24","ES242"
33522030,"ES","ES2","ES24","ES242"
33522038,"ES","ES2","ES24","ES242"
33522120,"ES","ES2","ES24","ES243"
33522152,"ES","ES2","ES24","ES243"
33522164,"ES","ES2","ES24","ES243"
33522170,"ES","ES2","ES24","ES243"
33522174,"ES","ES2","ES22","ES220"
33522182,"ES","ES2","ES22","ES220"
33523262,"UK","UKL","UKL1","UKL18"
33541816,"ES","ES4","ES42","ES421"
33541942,"ES","ES4","ES42","ES423"
33541946,"ES","ES4","ES42","ES423"
33541964,"ES","ES5","ES52","ES523"
33542032,"ES","ES2","ES24","ES242"
33542036,"ES","ES2","ES24","ES242"
33542042,"ES","ES2","ES24","ES242"
33542114,"ES","ES2","ES24","ES243"
33542154,"ES","ES2","ES24","ES243"
33542230,"ES","ES2","ES22","ES220"
33542240,"ES","ES2","ES22","ES220"
33542244,"ES","ES2","ES22","ES220"
33542896,"FR","FRH","FRH0","FRH01"
33543148,"UK","UKK","UKK4","UKK43"
33543720,"UK","UKM","UKM6","UKM63"
33561702,"ES","ES6","ES62","ES620"
33561872,"ES","ES5","ES52","ES523"
33561954,"ES","ES5","ES52","ES523"
33562026,"ES","ES2","ES24","ES242"
33562152,"ES","ES2","ES24","ES243"
33562164,"ES","ES2","ES24","ES243"
33562196,"ES","ES2","ES23","ES230"
33562242,"ES","ES2","ES22","ES220"
33562836,"FR","FRH","FRH0","FRH04"
33562926,"FR","FRH","FRH0","FRH01"
33581694,"ES","ES6","ES62","ES620"
33581802,"ES","ES4","ES42","ES421"
33581994,"ES","ES2","ES24","ES242"
33582000,"ES","ES2","ES24","ES242"
33582004,"ES","ES2","ES24","ES242"
33582012,"ES","ES2","ES24","ES242"
33582030,"ES","ES2","ES24","ES242"
33582102,"ES","ES2","ES24","ES243"
33582148,"ES","ES2","ES24","ES243"
33582174,"ES","ES2","ES22","ES220"
33582234,"ES","ES2","ES22","ES220"
33582292,"ES","ES2","ES22","ES220"
33582796,"FR","FRH","FRH0","FRH04"
33582814,"FR","FRH","FRH0","FRH04"
33582822,"FR","FRH","FRH0","FRH04"
33601746,"ES","ES5","ES52","ES521"
33601804,"ES","ES4","ES42","ES421"
33601972,"ES","ES2","ES24","ES242"
33601984,"ES","ES2","ES24","ES242"
33601998,"ES","ES2","ES24","ES242"
33602008,"ES","ES2","ES24","ES242"
33602016,"ES","ES2","ES24","ES242"
33602034,"ES","ES2","ES24","ES242"
33602044,"ES","ES2","ES24","ES242"
33602062,"ES","ES2","ES24","ES242"
33602136,"ES","ES2","ES24","ES243"
33602170,"ES","ES2","ES22","ES220"
33602178,"ES","ES2","ES22","ES220"
33602196,"ES","ES2","ES22","ES220"
33602218,"ES","ES2","ES22","ES220"
33602224,"ES","ES2","ES22","ES220"
33602232,"ES","ES2","ES22","ES220"
33602260,"ES","ES2","ES22","ES220"
33602290,"ES","ES2","ES22","ES220"
33602938,"FR","FRH","FRH0","FRH01"
33602944,"FR","FRH","FRH0","FRH01"
33621766,"ES","ES5","ES52","ES521"
33621954,"ES","ES5","ES52","ES523"
33621986,"ES","ES2","ES24","ES242"
33622004,"ES","ES2","ES24","ES242"
33622018,"ES","ES2","ES24","ES242"
33622104,"ES","ES2","ES24","ES243"
33622176,"ES","ES2","ES22","ES220"
33622266,"ES","ES2","ES22","ES220"
33622846,"FR","FRH","FRH0","FRH04"
33622860,"FR","FRH","FRH0","FRH04"
33622878,"FR","FRH","FRH0","FRH01"
33641826,"ES","ES4","ES42","ES421"
33641952,"ES","ES5","ES52","ES523"
33641956,"ES","ES5","ES52","ES523"
33641988,"ES","ES2","ES24","ES242"
33642006,"ES","ES2","ES24","ES242"
33642010,"ES","ES2","ES24","ES242"
33642016,"ES","ES2","ES24","ES242"
33642028,"ES","ES2","ES24","ES242"
33642042,"ES","ES2","ES24","ES242"
33642046,"ES","ES2","ES24","ES242"
33642060,"ES","ES2","ES24","ES242"
33642142,"ES","ES2","ES24","ES243"
33642168,"ES","ES2","ES22","ES220"
33642280,"ES","ES2","ES22","ES220"
33642286,"ES","ES2","ES22","ES220"
33642298,"ES","ES2","ES22","ES220"
33642852,"FR","FRH","FRH0","FRH04"
33661822,"ES","ES4","ES42","ES421"
33661990,"ES","ES2","ES24","ES242"
33662002,"ES","ES2","ES24","ES242"
33662020,"ES","ES2","ES24","ES242"
33662026,"ES","ES2","ES24","ES242"
33662110,"ES","ES2","ES24","ES243"
33662144,"ES","ES2","ES24","ES243"
33662182,"ES","ES2","ES22","ES220"
33662236,"ES","ES2","ES22","ES220"
33662254,"ES","ES2","ES22","ES220"
33662272,"ES","ES2","ES22","ES220"
33663268,"UK","UKL","UKL1","UKL18"
33681974,"ES","ES2","ES24","ES242"
33681980,"ES","ES2","ES24","ES242"
33681992,"ES","ES2","ES24","ES242"
33682010,"ES","ES2","ES24","ES242"
33682016,"ES","ES2","ES24","ES242"
33682024,"ES","ES2","ES24","ES242"
33682052,"ES","ES2","ES24","ES242"
33682096,"ES","ES2","ES24","ES243"
33682232,"ES","ES2","ES22","ES220"
33682820,"FR","FRH","FRH0","FRH04"
33682898,"FR","FRH","FRH0","FRH01"
33701958,"ES","ES5","ES52","ES523"
33702020,"ES","ES2","ES24","ES242"
33702092,"ES","ES2","ES24","ES243"
33702110,"ES","ES2","ES24","ES243"
33702120,"ES","ES2","ES24","ES243"
33702164,"ES","ES2","ES24","ES243"
33702206,"ES","ES2","ES22","ES220"
33721992,"ES","ES2","ES24","ES242"
33722042,"ES","ES2","ES24","ES242"
33722064,"ES","ES2","ES24","ES242"
33722078,"ES","ES2","ES24","ES243"
33722082,"ES","ES2","ES24","ES243"
33722122,"ES","ES2","ES24","ES243"
33722150,"ES","ES2","ES24","ES243"
33722162,"ES","ES2","ES24","ES243"
33722168,"ES","ES2","ES22","ES220"
33722280,"ES","ES2","ES22","ES220"
33722284,"ES","ES2","ES22","ES220"
33722298,"ES","ES2","ES22","ES220"
33722838,"FR","FRH","FRH0","FRH04"
33722870,"FR","FRH","FRH0","FRH01"
33722874,"FR","FRH","FRH0","FRH01"
33722896,"FR","FRH","FRH0","FRH01"
33722906,"FR","FRH","FRH0","FRH01"
33741972,"ES","ES2","ES24","ES242"
33741998,"ES","ES2","ES24","ES242"
33742056,"ES","ES2","ES24","ES242"
33742070,"ES","ES2","ES24","ES243"
33742074,"ES","ES2","ES24","ES243"
33742110,"ES","ES2","ES24","ES243"
33742128,"ES","ES2","ES24","ES243"
33742142,"ES","ES2","ES24","ES243"
33742170,"ES","ES2","ES22","ES220"
33742314,"ES","ES2","ES22","ES220"
33742854,"FR","FRH","FRH0","FRH04"
33742908,"FR","FRH","FRH0","FRH01"
33761994,"ES","ES2","ES24","ES242"
33762000,"ES","ES2","ES24","ES242"
33762004,"ES","ES2","ES24","ES242"
33762022,"ES","ES2","ES24","ES242"
33762054,"ES","ES2","ES24","ES242"
33762084,"ES","ES2","ES24","ES243"
33762090,"ES","ES2","ES24","ES243"
33762094,"ES","ES2","ES24","ES243"
33762144,"ES","ES2","ES24","ES243"
33762162,"ES","ES2","ES24","ES243"
33762184,"ES","ES2","ES22","ES220"
33762252,"ES","ES2","ES22","ES220"
33762288,"ES","ES2","ES22","ES220"
33762832,"FR","FRH","FRH0","FRH04"
33781764,"ES","ES5","ES52","ES521"
33781786,"ES","ES5","ES52","ES521"
33781948,"ES","ES2","ES24","ES242"
33781984,"ES","ES2","ES24","ES242"
33782052,"ES","ES2","ES24","ES242"
33782056,"ES","ES2","ES24","ES242"
33782062,"ES","ES2","ES24","ES242"
33782070,"ES","ES2","ES24","ES242"
33782074,"ES","ES2","ES24","ES242"
33782092,"ES","ES2","ES24","ES243"
33782182,"ES","ES2","ES22","ES220"
33782272,"ES","ES2","ES22","ES220"
33782800,"FR","FRH","FRH0","FRH04"
33782872,"FR","FRH","FRH0","FRH01"
33783304,"UK","UKL","UKL1","UKL14"
33783424,"UK","UKL","UKL1","UKL12"
33801798,"ES","ES5","ES52","ES521"
33801942,"ES","ES5","ES52","ES523"
33801978,"ES","ES2","ES24","ES242"
33801996,"ES","ES2","ES24","ES242"
33802018,"ES","ES2","ES24","ES242"
33802032,"ES","ES2","ES24","ES242"
33802036,"ES","ES2","ES24","ES242"
33802040,"ES","ES2","ES24","ES242"
33802058,"ES","ES2","ES24","ES242"
33802094,"ES","ES2","ES24","ES243"
33802252,"ES","ES2","ES22","ES220"
33802284,"ES","ES2","ES22","ES220"
33802810,"FR","FRH","FRH0","FRH04"
33803256,"UK","UKL","UKL1","UKL17"
33821988,"ES","ES2","ES24","ES242"
33822024,"ES","ES2","ES24","ES242"
33822042,"ES","ES2","ES24","ES242"
33822046,"ES","ES2","ES24","ES242"
33822088,"ES","ES2","ES24","ES243"
33822186,"ES","ES2","ES24","ES243"
33822298,"ES","ES2","ES22","ES220"
33822802,"FR","FRH","FRH0","FRH04"
33822874,"FR","FRH","FRH0","FRH01"
33823392,"UK","UKL","UKL1","UKL12"
33842008,"ES","ES2","ES24","ES242"
33842012,"ES","ES2","ES24","ES242"
33842048,"ES","ES2","ES24","ES242"
33842164,"ES","ES2","ES24","ES243"
33842170,"ES","ES2","ES24","ES243"
33842206,"ES","ES2","ES24","ES243"
33842210,"ES","ES2","ES22","ES220"
33842218,"ES","ES2","ES22","ES220"
33842866,"FR","FRH","FRH0","FRH01"
33861962,"ES","ES2","ES24","ES242"
33861992,"ES","ES2","ES24","ES242"
33862010,"ES","ES2","ES24","ES242"
33862028,"ES","ES2","ES24","ES242"
33862060,"ES","ES2","ES24","ES242"
33862160,"ES","ES2","ES24","ES243"
33862190,"ES","ES2","ES24","ES243"
33862232,"ES","ES2","ES22","ES220"
33862240,"ES","ES2","ES22","ES220"
33863294,"UK","UKL","UKL2","UKL24"
33863630,"UK","UKM","UKM9","UKM92"
33881958,"ES","ES2","ES24","ES242"
33881972,"ES","ES2","ES24","ES242"
33881990,"ES","ES2","ES24","ES242"
33882026,"ES","ES2","ES24","ES242"
33882048,"ES","ES2","ES24","ES242"
33882074,"ES","ES2","ES24","ES242"
33882098,"ES","ES2","ES24","ES243"
33882116,"ES","ES2","ES24","ES243"
33882128,"ES","ES2","ES24","ES243"
33882200,"ES","ES2","ES24","ES243"
33882218,"ES","ES2","ES22","ES220"
33882296,"ES","ES2","ES22","ES220"
33883766,"UK","UKM","UKM6","UKM63"
33901812,"ES","ES5","ES52","ES523"
33901934,"ES","ES2","ES24","ES242"
33901970,"ES","ES2","ES24","ES242"
33901978,"ES","ES2","ES24","ES242"
33902036,"ES","ES2","ES24","ES242"
33902100,"ES","ES2","ES24","ES243"
33902114,"ES","ES2","ES24","ES243"
33902140,"ES","ES2","ES24","ES243"
33902172,"ES","ES2","ES24","ES243"
33902190,"ES","ES2","ES24","ES243"
33902276,"ES","ES2","ES22","ES220"
33902280,"ES","ES2","ES22","ES220"
33902770,"FR","FRG","FRG0","FRG01"
33902834,"FR","FRH","FRH0","FRH04"
33903184,"UK","UKK","UKK2","UKK23"
33903630,"UK","UKM","UKM9","UKM92"
33903662,"UK","UKM","UKM9","UKM94"
33903796,"UK","UKM","UKM6","UKM63"
33921954,"ES","ES2","ES24","ES242"
33921966,"ES","ES2","ES24","ES242"
33921980,"ES","ES2","ES24","ES242"
33922016,"ES","ES2","ES24","ES242"
33922020,"ES","ES2","ES24","ES242"
33922034,"ES","ES2","ES24","ES242"
33922038,"ES","ES2","ES24","ES242"
33922196,"ES","ES2","ES24","ES243"
33922200,"ES","ES2","ES24","ES243"
33922242,"ES","ES2","ES22","ES220"
33922836,"FR","FRH","FRH0","FRH04"
33923286,"UK","UKL","UKL2","UKL24"
33923340,"UK","UKL","UKL1","UKL14"
33923916,"UK","UKM","UKM6","UKM61"
33941874,"ES","ES5","ES52","ES523"
33941950,"ES","ES2","ES24","ES242"
33941964,"ES","ES2","ES24","ES242"
33941968,"ES","ES2","ES24","ES242"
33941982,"ES","ES2","ES24","ES242"
33942018,"ES","ES2","ES24","ES242"
33942022,"ES","ES2","ES24","ES242"
33942048,"ES","ES2","ES24","ES242"
33942054,"ES","ES2","ES24","ES242"
33942180,"ES","ES2","ES24","ES243"
33942216,"ES","ES2","ES24","ES243"
33942840,"FR","FRH","FRH0","FRH04"
33942904,"FR","FRH","FRH0","FRH01"
33943296,"UK","UKL","UKL2","UKL24"
33961764,"ES","ES5","ES52","ES521"
33961792,"ES","ES5","ES52","ES521"
33961828,"ES","ES5","ES52","ES523"
33961954,"ES","ES2","ES24","ES242"
33961962,"ES","ES2","ES24","ES242"
33961984,"ES","ES2","ES24","ES242"
33961990,"ES","ES2","ES24","ES242"
33962080,"ES","ES2","ES24","ES243"
33962088,"ES","ES2","ES24","ES243"
33962116,"ES","ES2","ES24","ES243"
33962128,"ES","ES2","ES24","ES243"
33962134,"ES","ES2","ES24","ES243"
33962170,"ES","ES2","ES24","ES243"
33962182,"ES","ES2","ES24","ES243"
33962206,"ES","ES2","ES24","ES243"
33962884,"FR","FRH","FRH0","FRH01"
33962890,"FR","FRH","FRH0","FRH01"
33981964,"ES","ES2","ES24","ES242"
33981990,"ES","ES2","ES24","ES242"
33981996,"ES","ES2","ES24","ES242"
33982022,"ES","ES2","ES24","ES242"
33982054,"ES","ES2","ES24","ES242"
33982068,"ES","ES2","ES24","ES243"
33982076,"ES","ES2","ES24","ES243"
33982144,"ES","ES2","ES24","ES243"
33982158,"ES","ES2","ES24","ES243"
33982230,"ES","ES2","ES22","ES220"
33982792,"FR","FRH","FRH0","FRH04"
33982864,"FR","FRH","FRH0","FRH01"
33983238,"UK","UKL","UKL2","UKL22"
33983292,"UK","UKL","UKL2","UKL24"
33983296,"UK","UKL","UKL2","UKL24"
33983652,"UK","UKM","UKM9","UKM92"
34001902,"ES","ES5","ES52","ES523"
34001970,"ES","ES2","ES24","ES242"
34001998,"ES","ES2","ES24","ES242"
34002034,"ES","ES2","ES24","ES242"
34002124,"ES","ES2","ES24","ES243"
34002136,"ES","ES2","ES24","ES243"
34002280,"ES","ES2","ES22","ES220"
34002802,"FR","FRH","FRH0","FRH04"
34002820,"FR","FRH","FRH0","FRH04"
34003176,"UK","UKK","UKK4","UKK43"
34003734,"UK","UKM","UKM9","UKM93"
34021832,"ES","ES5","ES52","ES523"
34021894,"ES","ES5","ES52","ES523"
34021972,"ES","ES2","ES24","ES242"
34021994,"ES","ES2","ES24","ES242"
34022002,"ES","ES2","ES24","ES242"
34022030,"ES","ES2","ES24","ES242"
34022044,"ES","ES2","ES24","ES242"
34022170,"ES","ES2","ES24","ES243"
34022174,"ES","ES2","ES24","ES243"
34022278,"ES","ES2","ES22","ES220"
34022794,"FR","FRH","FRH0","FRH04"
34041866,"ES","ES5","ES52","ES523"
34041890,"ES","ES5","ES52","ES523"
34041970,"ES","ES2","ES24","ES242"
34041988,"ES","ES2","ES24","ES242"
34041998,"ES","ES2","ES24","ES242"
34042006,"ES","ES2","ES24","ES242"
34042016,"ES","ES2","ES24","ES242"
34042024,"ES","ES2","ES24","ES242"
34042042,"ES","ES2","ES24","ES242"
34042160,"ES","ES2","ES24","ES243"
34042168,"ES","ES2","ES24","ES243"
34042790,"FR","FRH","FRH0","FRH04"
34043428,"UK","UKL","UKL1","UKL13"
34061976,"ES","ES2","ES24","ES242"
34062008,"ES","ES2","ES24","ES242"
34062012,"ES","ES2","ES24","ES242"
34062020,"ES","ES2","ES24","ES242"
34062038,"ES","ES2","ES24","ES242"
34062044,"ES","ES2","ES24","ES242"
34062794,"FR","FRH","FRH0","FRH04"
34081816,"ES","ES5","ES52","ES523"
34082010,"ES","ES2","ES24","ES242"
34082014,"ES","ES2","ES24","ES242"
34082032,"ES","ES2","ES24","ES242"
34082060,"ES","ES2","ES24","ES242"
34082176,"ES","ES2","ES24","ES243"
34082226,"ES","ES2","ES24","ES243"
34082276,"ES","ES2","ES22","ES220"
34082784,"FR","FRG","FRG0","FRG01"
34083428,"UK","UKL","UKL1","UKL13"
34083778,"UK","UKM","UKM6","UKM63"
34101936,"ES","ES5","ES52","ES522"
34101954,"ES","ES2","ES24","ES242"
34102002,"ES","ES2","ES24","ES242"
34102020,"ES","ES2","ES24","ES242"
34102056,"ES","ES2","ES24","ES242"
34102088,"ES","ES2","ES24","ES243"
34102106,"ES","ES2","ES24","ES243"
34102134,"ES","ES2","ES24","ES243"
34102178,"ES","ES2","ES24","ES243"
34102872,"FR","FRH","FRH0","FRH01"
34102908,"FR","FRH","FRH0","FRH01"
34103754,"UK","UKM","UKM8","UKM81"
34121814,"ES","ES5","ES52","ES523"
34121838,"ES","ES5","ES52","ES523"
34121850,"ES","ES5","ES52","ES523"
34121886,"ES","ES5","ES52","ES523"
34121896,"ES","ES5","ES52","ES523"
34122012,"ES","ES2","ES24","ES242"
34122058,"ES","ES2","ES24","ES242"
34122094,"ES","ES2","ES24","ES243"
34122804,"FR","FRH","FRH0","FRH04"
34122822,"FR","FRH","FRH0","FRH04"
34122850,"FR","FRH","FRH0","FRH03"
34122882,"FR","FRH","FRH0","FRH01"
34123260,"UK","UKL","UKL1","UKL16"
34123300,"UK","UKL","UKL2","UKL24"
34123728,"UK","UKM","UKM8","UKM83"
34141774,"ES","ES5","ES52","ES521"
34141818,"ES","ES5","ES52","ES523"
34141840,"ES","ES5","ES52","ES523"
34142074,"ES","ES2","ES24","ES243"
34142080,"ES","ES2","ES24","ES243"
34142092,"ES","ES2","ES24","ES243"
34143312,"UK","UKL","UKL2","UKL24"
34143322,"UK","UKL","UKL2","UKL24"
34161996,"ES","ES2","ES24","ES242"
34162018,"ES","ES2","ES24","ES242"
34162032,"ES","ES2","ES24","ES242"
34162184,"ES","ES2","ES24","ES243"
34162756,"FR","FRG","FRG0","FRG01"
34163274,"UK","UKL","UKL2","UKL24"
34181898,"ES","ES5","ES52","ES523"
34182010,"ES","ES2","ES24","ES242"
34182024,"ES","ES2","ES24","ES242"
34182132,"ES","ES2","ES24","ES243"
34182178,"ES","ES2","ES24","ES243"
34182744,"FR","FRG","FRG0","FRG01"
34201858,"ES","ES5","ES52","ES523"
34201876,"ES","ES5","ES52","ES523"
34201972,"ES","ES2","ES24","ES242"
34202062,"ES","ES2","ES24","ES242"
34202074,"ES","ES2","ES24","ES243"
34202146,"ES","ES2","ES24","ES243"
34202282,"FR","FRI","FRI1","FRI15"
34202782,"FR","FRG","FRG0","FRG01"
34202794,"FR","FRG","FRG0","FRG01"
34202854,"FR","FRH","FRH0","FRH03"
34202866,"FR","FRH","FRH0","FRH03"
34203250,"UK","UKL","UKL1","UKL16"
34203268,"UK","UKL","UKL1","UKL16"
34203340,"UK","UKL","UKL2","UKL24"
34221826,"ES","ES5","ES52","ES523"
34221974,"ES","ES2","ES24","ES242"
34222010,"ES","ES2","ES24","ES242"
34222016,"ES","ES2","ES24","ES242"
34222096,"ES","ES2","ES24","ES243"
34222150,"ES","ES2","ES24","ES243"
34222172,"ES","ES2","ES24","ES243"
34222730,"FR","FRG","FRG0","FRG01"
34223366,"UK","UKL","UKL2","UKL24"
34223734,"UK","UKM","UKM8","UKM83"
34241792,"ES","ES5","ES52","ES521"
34242002,"ES","ES2","ES24","ES242"
34242026,"ES","ES2","ES24","ES242"
34242074,"ES","ES2","ES24","ES243"
34242102,"ES","ES2","ES24","ES243"
34242156,"ES","ES2","ES24","ES243"
34242210,"ES","ES2","ES24","ES243"
34242264,"ES","ES2","ES22","ES220"
34242272,"ES","ES2","ES22","ES220"
34261794,"ES","ES5","ES52","ES521"
34261924,"ES","ES5","ES52","ES522"
34262024,"ES","ES2","ES24","ES242"
34262028,"ES","ES2","ES24","ES242"
34262082,"ES","ES2","ES24","ES243"
34262126,"ES","ES2","ES24","ES243"
34262140,"ES","ES2","ES24","ES243"
34262154,"ES","ES2","ES24","ES243"
34262266,"ES","ES2","ES22","ES220"
34262712,"FR","FRG","FRG0","FRG05"
34262726,"FR","FRG","FRG0","FRG01"
34262824,"FR","FRH","FRH0","FRH03"
34263274,"UK","UKL","UKL2","UKL21"
34281900,"ES","ES5","ES52","ES523"
34282128,"ES","ES2","ES24","ES243"
34282146,"ES","ES2","ES24","ES243"
34282152,"ES","ES2","ES24","ES243"
34282782,"FR","FRG","FRG0","FRG01"
34282836,"FR","FRH","FRH0","FRH03"
34283790,"UK","UKM","UKM7","UKM77"
34301976,"ES","ES2","ES24","ES242"
34302022,"ES","ES2","ES24","ES242"
34302166,"ES","ES2","ES24","ES241"
34302282,"FR","FRI","FRI1","FRI15"
34302328,"FR","FRI","FRI1","FRI15"
34302346,"FR","FRI","FRI1","FRI13"
34302720,"FR","FRG","FRG0","FRG01"
34302768,"FR","FRG","FRG0","FRG01"
34303224,"UK","UKK","UKK1","UKK12"
34303314,"UK","UKL","UKL2","UKL24"
34303740,"UK","UKM","UKM8","UKM81"
34303750,"UK","UKM","UKM7","UKM77"
34322026,"ES","ES2","ES24","ES242"
34322080,"ES","ES2","ES24","ES242"
34322110,"ES","ES2","ES24","ES243"
34322350,"FR","FRI","FRI1","FRI13"
34322722,"FR","FRG","FRG0","FRG01"
34322776,"FR","FRG","FRG0","FRG01"
34342040,"ES","ES2","ES24","ES242"
34342302,"FR","FRI","FRI1","FRI15"
34342702,"FR","FRG","FRG0","FRG05"
34342720,"FR","FRG","FRG0","FRG01"
34342792,"FR","FRG","FRG0","FRG01"
34362082,"ES","ES2","ES24","ES243"
34362088,"ES","ES2","ES24","ES242"
34362150,"ES","ES2","ES24","ES243"
34362154,"ES","ES2","ES24","ES243"
34362178,"ES","ES2","ES24","ES241"
34362190,"ES","ES2","ES24","ES241"
34362226,"ES","ES2","ES24","ES241"
34362268,"ES","ES2","ES22","ES220"
34381810,"ES","ES5","ES52","ES521"
34381904,"ES","ES5","ES52","ES523"
34382002,"ES","ES2","ES24","ES242"
34382008,"ES","ES2","ES24","ES242"
34382080,"ES","ES2","ES24","ES243"
34382102,"ES","ES2","ES24","ES243"
34382138,"ES","ES2","ES24","ES243"
34382156,"ES","ES2","ES24","ES241"
34382344,"FR","FRI","FRI1","FRI13"
34382782,"FR","FRG","FRG0","FRG01"
34382818,"FR","FRH","FRH0","FRH03"
34383700,"UK","UKM","UKM9","UKM95"
34401934,"ES","ES5","ES52","ES522"
34402006,"ES","ES2","ES24","ES242"
34402118,"ES","ES2","ES24","ES243"
34402168,"ES","ES2","ES24","ES241"
34402172,"ES","ES2","ES24","ES241"
34402178,"ES","ES2","ES24","ES241"
34402298,"FR","FRI","FRI1","FRI15"
34402352,"FR","FRI","FRI1","FRI13"
34402672,"FR","FRG","FRG0","FRG05"
34402694,"FR","FRG","FRG0","FRG05"
34402712,"FR","FRG","FRG0","FRG01"
34402852,"FR","FRH","FRH0","FRH03"
34403276,"UK","UKL","UKL2","UKL21"
34403672,"UK","UKM","UKM9","UKM92"
34403708,"UK","UKM","UKM9","UKM95"
34403792,"UK","UKM","UKM7","UKM77"
34403798,"UK","UKM","UKM7","UKM77"
34421810,"ES","ES5","ES52","ES521"
34422080,"ES","ES2","ES24","ES242"
34422282,"FR","FRI","FRI1","FRI15"
34422344,"FR","FRI","FRI1","FRI13"
34422704,"FR","FRG","FRG0","FRG05"
34442050,"ES","ES2","ES24","ES242"
34442054,"ES","ES2","ES24","ES242"
34442086,"ES","ES2","ES24","ES243"
34442090,"ES","ES2","ES24","ES243"
34442096,"ES","ES2","ES24","ES243"
34442320,"FR","FRI","FRI1","FRI15"
34442708,"FR","FRG","FRG0","FRG05"
34442770,"FR","FRG","FRG0","FRG01"
34442834,"FR","FRH","FRH0","FRH03"
34442870,"FR","FRH","FRH0","FRH03"
34443266,"UK","UKL","UKL2","UKL21"
34443626,"UK","UKM","UKM9","UKM92"
34443796,"UK","UKM","UKM7","UKM77"
34461918,"ES","ES5","ES52","ES522"
34461998,"ES","ES2","ES24","ES242"
34462070,"ES","ES2","ES24","ES242"
34462116,"ES","ES2","ES24","ES243"
34462160,"ES","ES2","ES24","ES241"
34462296,"FR","FRI","FRI1","FRI15"
34462836,"FR","FRH","FRH0","FRH03"
34462890,"FR","FRH","FRH0","FRH03"
34463934,"UK","UKM","UKM6","UKM61"
34482058,"ES","ES2","ES24","ES242"
34482108,"ES","ES2","ES24","ES243"
34482120,"ES","ES2","ES24","ES243"
34482148,"ES","ES2","ES24","ES241"
34482166,"ES","ES2","ES24","ES241"
34482180,"ES","ES2","ES24","ES241"
34482192,"ES","ES2","ES24","ES241"
34482360,"FR","FRI","FRI1","FRI13"
34482660,"FR","FRG","FRG0","FRG05"
34482804,"FR","FRH","FRH0","FRH03"
34482814,"FR","FRH","FRH0","FRH03"
34483296,"UK","UKG","UKG1","UKG11"
34483786,"UK","UKM","UKM7","UKM77"
34501930,"ES","ES5","ES52","ES522"
34502026,"ES","ES2","ES24","ES242"
34502098,"ES","ES2","ES24","ES243"
34502178,"ES","ES2","ES24","ES241"
34502224,"ES","ES2","ES24","ES241"
34502794,"FR","FRG","FRG0","FRG01"
34503420,"UK","UKL","UKL2","UKL23"
34503646,"UK","UKM","UKM9","UKM92"
34503730,"UK","UKM","UKM8","UKM84"
34503808,"UK","UKM","UKM7","UKM77"
34522014,"ES","ES2","ES24","ES242"
34522050,"ES","ES2","ES24","ES242"
34522054,"ES","ES2","ES24","ES242"
34522072,"ES","ES2","ES24","ES242"
34522098,"ES","ES2","ES24","ES243"
34522152,"ES","ES2","ES24","ES241"
34522176,"ES","ES2","ES24","ES241"
34522324,"FR","FRI","FRI1","FRI15"
34522662,"FR","FRG","FRG0","FRG05"
34522698,"FR","FRG","FRG0","FRG05"
34523404,"UK","UKL","UKL2","UKL23"
34523724,"UK","UKM","UKM8","UKM84"
34541938,"ES","ES5","ES52","ES522"
34541988,"ES","ES5","ES52","ES522"
34542034,"ES","ES2","ES24","ES242"
34542106,"ES","ES2","ES24","ES243"
34542118,"ES","ES2","ES24","ES243"
34542132,"ES","ES2","ES24","ES241"
34542186,"ES","ES2","ES24","ES241"
34542348,"FR","FRI","FRI1","FRI13"
34542712,"FR","FRG","FRG0","FRG05"
34542784,"FR","FRG","FRG0","FRG01"
34543374,"UK","UKG","UKG2","UKG22"
34543662,"UK","UKM","UKM9","UKM92"
34561990,"ES","ES5","ES52","ES522"
34562002,"ES","ES5","ES52","ES522"
34562080,"ES","ES2","ES24","ES243"
34562084,"ES","ES2","ES24","ES243"
34562164,"ES","ES2","ES24","ES241"
34562650,"FR","FRG","FRG0","FRG05"
34562704,"FR","FRG","FRG0","FRG05"
34562812,"FR","FRH","FRH0","FRH03"
34562818,"FR","FRH","FRH0","FRH03"
34562872,"FR","FRH","FRH0","FRH03"
34563142,"UK","UKK","UKK2","UKK22"
34563412,"UK","UKL","UKL2","UKL23"
34581988,"ES","ES5","ES52","ES522"
34582042,"ES","ES2","ES24","ES242"
34582064,"ES","ES2","ES24","ES242"
34582172,"ES","ES2","ES24","ES241"
34582178,"ES","ES2","ES24","ES241"
34582186,"ES","ES2","ES24","ES241"
34582304,"FR","FRI","FRI1","FRI15"
34582330,"FR","FRI","FRI1","FRI15"
34582334,"FR","FRI","FRI1","FRI15"
34582352,"FR","FRI","FRI1","FRI13"
34582358,"FR","FRI","FRI1","FRI13"
34582676,"FR","FRG","FRG0","FRG05"
34582682,"FR","FRG","FRG0","FRG05"
34582834,"FR","FRH","FRH0","FRH03"
34583698,"UK","UKM","UKM9","UKM95"
34602092,"ES","ES2","ES24","ES243"
34602152,"ES","ES2","ES24","ES241"
34602156,"ES","ES2","ES24","ES241"
34602236,"ES","ES2","ES24","ES241"
34602380,"FR","FRI","FRI1","FRI13"
34602776,"FR","FRG","FRG0","FRG01"
34603244,"UK","UKK","UKK1","UKK12"
34621956,"ES","ES5","ES52","ES522"
34622108,"ES","ES2","ES24","ES243"
34622132,"ES","ES2","ES24","ES241"
34622162,"ES","ES2","ES24","ES241"
34622302,"FR","FRI","FRI1","FRI15"
34622806,"FR","FRG","FRG0","FRG01"
34622842,"FR","FRH","FRH0","FRH03"
34622852,"FR","FRH","FRH0","FRH03"
34623626,"UK","UKM","UKM9","UKM92"
34623756,"UK","UKM","UKM7","UKM77"
34623778,"UK","UKM","UKM7","UKM77"
34642044,"ES","ES2","ES24","ES242"
34642088,"ES","ES2","ES24","ES243"
34642142,"ES","ES2","ES24","ES241"
34642160,"ES","ES2","ES24","ES241"
34642170,"ES","ES2","ES24","ES241"
34642178,"ES","ES2","ES24","ES241"
34661958,"ES","ES5","ES52","ES522"
34661982,"ES","ES5","ES52","ES522"
34662094,"ES","ES2","ES24","ES243"
34662126,"ES","ES2","ES24","ES241"
34662130,"ES","ES2","ES24","ES241"
34662148,"ES","ES2","ES24","ES241"
34662306,"FR","FRI","FRI1","FRI15"
34662634,"FR","FRI","FRI3","FRI32"
34662840,"FR","FRH","FRH0","FRH03"
34662858,"FR","FRH","FRH0","FRH03"
34663314,"UK","UKG","UKG1","UKG12"
34663624,"UK","UKM","UKM9","UKM92"
34663776,"UK","UKM","UKM7","UKM77"
34681980,"ES","ES5","ES52","ES522"
34682106,"ES","ES2","ES24","ES243"
34682152,"ES","ES2","ES24","ES241"
34682160,"ES","ES2","ES24","ES241"
34682340,"FR","FRI","FRI1","FRI13"
34682394,"FR","FRI","FRI1","FRI13"
34682560,"FR","FRI","FRI3","FRI32"
34682574,"FR","FRI","FRI3","FRI32"
34682668,"FR","FRG","FRG0","FRG05"
34682710,"FR","FRG","FRG0","FRG05"
34682848,"FR","FRH","FRH0","FRH03"
34682866,"FR","FRH","FRH0","FRH03"
34683322,"UK","UKG","UKG2","UKG22"
34702086,"ES","ES2","ES24","ES243"
34702098,"ES","ES2","ES24","ES243"
34702134,"ES","ES2","ES24","ES241"
34702166,"ES","ES2","ES24","ES241"
34702446,"FR","FRI","FRI1","FRI12"
34702666,"FR","FRG","FRG0","FRG05"
34702878,"FR","FRH","FRH0","FRH03"
34703724,"UK","UKM","UKM7","UKM78"
34703728,"UK","UKM","UKM7","UKM78"
34703742,"UK","UKM","UKM7","UKM76"
34722226,"ES","ES2","ES24","ES241"
34722586,"FR","FRI","FRI3","FRI32"
34722690,"FR","FRG","FRG0","FRG05"
34722748,"FR","FRG","FRG0","FRG02"
34722780,"FR","FRG","FRG0","FRG01"
34722816,"FR","FRH","FRH0","FRH03"
34723000,"FR","FRD","FRD1","FRD12"
34723194,"UK","UKK","UKK1","UKK15"
34723198,"UK","UKK","UKK1","UKK15"
34723392,"UK","UKG","UKG2","UKG22"
34742080,"ES","ES2","ES24","ES243"
34742116,"ES","ES2","ES24","ES241"
34742170,"ES","ES2","ES24","ES241"
34742344,"FR","FRI","FRI1","FRI13"
34742632,"FR","FRI","FRI3","FRI32"
34742674,"FR","FRG","FRG0","FRG05"
34742710,"FR","FRG","FRG0","FRG05"
34742884,"FR","FRH","FRH0","FRH03"
34743334,"UK","UKG","UKG2","UKG22"
34743694,"UK","UKM","UKM9","UKM95"
34762064,"ES","ES2","ES24","ES243"
34762078,"ES","ES2","ES24","ES243"
34762082,"ES","ES2","ES24","ES243"
34762096,"ES","ES2","ES24","ES243"
34762142,"ES","ES2","ES24","ES241"
34762150,"ES","ES2","ES24","ES241"
34762168,"ES","ES2","ES24","ES241"
34762196,"ES","ES2","ES24","ES241"
34762502,"FR","FRI","FRI1","FRI12"
34762564,"FR","FRI","FRI3","FRI32"
34762586,"FR","FRI","FRI3","FRI32"
34762730,"FR","FRG","FRG0","FRG02"
34762780,"FR","FRG","FRG0","FRG01"
34762826,"FR","FRH","FRH0","FRH03"
34762834,"FR","FRH","FRH0","FRH03"
34762852,"FR","FRH","FRH0","FRH03"
34762898,"FR","FRD","FRD1","FRD12"
34763198,"UK","UKK","UKK1","UKK15"
34763312,"UK","UKG","UKG1","UKG12"
34763716,"UK","UKM","UKM7","UKM78"
34763726,"UK","UKM","UKM7","UKM78"
34763752,"UK","UKM","UKM7","UKM72"
34763770,"UK","UKM","UKM7","UKM77"
34782098,"ES","ES2","ES24","ES241"
34782138,"ES","ES2","ES24","ES241"
34782146,"ES","ES2","ES24","ES241"
34782164,"ES","ES2","ES24","ES241"
34782170,"ES","ES2","ES24","ES241"
34782578,"FR","FRI","FRI3","FRI32"
34782740,"FR","FRG","FRG0","FRG02"
34783172,"UK","UKK","UKK1","UKK15"
34783388,"UK","UKG","UKG2","UKG22"
34783712,"UK","UKM","UKM7","UKM78"
34783974,"UK","UKM","UKM6","UKM61"
34802006,"ES","ES5","ES52","ES522"
34802042,"ES","ES2","ES24","ES242"
34802162,"ES","ES2","ES24","ES241"
34802280,"FR","FRI","FRI1","FRI15"
34802320,"FR","FRI","FRI1","FRI15"
34802388,"FR","FRI","FRI1","FRI13"
34802554,"FR","FRI","FRI3","FRI32"
34802604,"FR","FRI","FRI3","FRI32"
34802690,"FR","FRG","FRG0","FRG05"
34802752,"FR","FRG","FRG0","FRG02"
34802820,"FR","FRH","FRH0","FRH03"
34803004,"FR","FRD","FRD1","FRD12"
34803774,"UK","UKM","UKM7","UKM77"
34803882,"UK","UKM","UKM6","UKM62"
34822134,"ES","ES2","ES24","ES241"
34822142,"ES","ES2","ES24","ES241"
34822164,"ES","ES2","ES24","ES241"
34822350,"FR","FRI","FRI1","FRI13"
34822386,"FR","FRI","FRI1","FRI13"
34823214,"UK","UKK","UKK1","UKK15"
34842090,"ES","ES2","ES24","ES241"
34842108,"ES","ES2","ES24","ES241"
34842126,"ES","ES2","ES24","ES241"
34842418,"FR","FRI","FRI1","FRI12"
34842570,"FR","FRI","FRI3","FRI32"
34842616,"FR","FRI","FRI3","FRI32"
34842706,"FR","FRG","FRG0","FRG05"
34842720,"FR","FRG","FRG0","FRG02"
34842768,"FR","FRG","FRG0","FRG01"
34842846,"FR","FRH","FRH0","FRH03"
34842886,"FR","FRD","FRD1","FRD12"
34842922,"FR","FRD","FRD1","FRD12"
34842976,"FR","FRD","FRD1","FRD12"
34843422,"UK","UKD","UKD6","UKD63"
34843470,"UK","UKD","UKD4","UKD47"
34843674,"UK","UKM","UKM9","UKM91"
34843782,"UK","UKM","UKM7","UKM77"
34862008,"ES","ES5","ES52","ES522"
34862128,"ES","ES2","ES24","ES241"
34862308,"FR","FRI","FRI1","FRI15"
34862332,"FR","FRI","FRI1","FRI13"
34862656,"FR","FRG","FRG0","FRG05"
34862890,"FR","FRD","FRD1","FRD12"
34862944,"FR","FRD","FRD1","FRD12"
34863322,"UK","UKG","UKG1","UKG12"
34863646,"UK","UKM","UKM9","UKM92"
34863726,"UK","UKM","UKM7","UKM78"
34882040,"ES","ES2","ES24","ES242"
34882068,"ES","ES2","ES24","ES243"
34882144,"ES","ES2","ES24","ES241"
34882166,"ES","ES2","ES24","ES241"
34882266,"FR","FRJ","FRJ2","FRJ26"
34882324,"FR","FRI","FRI1","FRI15"
34882360,"FR","FRI","FRI1","FRI13"
34882536,"FR","FRI","FRI3","FRI32"
34882608,"FR","FRI","FRI3","FRI32"
34882720,"FR","FRG","FRG0","FRG02"
34882738,"FR","FRG","FRG0","FRG02"
34883350,"UK","UKG","UKG2","UKG22"
34883746,"UK","UKM","UKM7","UKM72"
34883760,"UK","UKM","UKM7","UKM77"
34883940,"UK","UKM","UKM6","UKM61"
34902136,"ES","ES2","ES24","ES241"
34902366,"FR","FRI","FRI1","FRI13"
34902510,"FR","FRI","FRI1","FRI12"
34902532,"FR","FRI","FRI3","FRI32"
34902604,"FR","FRI","FRI3","FRI32"
34902762,"FR","FRG","FRG0","FRG01"
34902924,"FR","FRD","FRD1","FRD12"
34902946,"FR","FRD","FRD1","FRD12"
34902982,"FR","FRD","FRD1","FRD12"
34903356,"UK","UKG","UKG2","UKG22"
34903644,"UK","UKM","UKM9","UKM92"
34903806,"UK","UKM","UKM7","UKM77"
34922054,"ES","ES2","ES24","ES243"
34922116,"ES","ES2","ES24","ES241"
34922156,"ES","ES2","ES24","ES241"
34922386,"FR","FRI","FRI1","FRI13"
34922452,"FR","FRI","FRI1","FRI12"
34922668,"FR","FRG","FRG0","FRG05"
34922674,"FR","FRG","FRG0","FRG05"
34922776,"FR","FRG","FRG0","FRG02"
34922866,"FR","FRH","FRH0","FRH03"
34922890,"FR","FRD","FRD1","FRD12"
34922938,"FR","FRD","FRD1","FRD12"
34922974,"FR","FRD","FRD1","FRD12"
34923766,"UK","UKM","UKM7","UKM77"
34923790,"UK","UKM","UKM7","UKM77"
34942070,"ES","ES2","ES24","ES243"
34942100,"ES","ES2","ES24","ES241"
34942160,"ES","ES2","ES24","ES241"
34942546,"FR","FRI","FRI3","FRI32"
34942744,"FR","FRG","FRG0","FRG02"
34942784,"FR","FRG","FRG0","FRG02"
34942852,"FR","FRH","FRH0","FRH03"
34942996,"FR","FRD","FRD1","FRD12"
34943222,"UK","UKK","UKK1","UKK15"
34943770,"UK","UKM","UKM7","UKM77"
34962128,"ES","ES2","ES24","ES241"
34962146,"ES","ES2","ES24","ES241"
34962264,"FR","FRJ","FRJ2","FRJ26"
34962278,"FR","FRJ","FRJ2","FRJ26"
34962650,"FR","FRG","FRG0","FRG05"
34962776,"FR","FRG","FRG0","FRG02"
34962848,"FR","FRH","FRH0","FRH03"
34963784,"UK","UKM","UKM7","UKM77"
34982100,"ES","ES2","ES24","ES241"
34982108,"ES","ES2","ES24","ES241"
34982150,"ES","ES2","ES24","ES241"
34982298,"FR","FRI","FRI1","FRI15"
34982356,"FR","FRI","FRI1","FRI13"
34982564,"FR","FRI","FRI3","FRI32"
34982568,"FR","FRI","FRI3","FRI32"
34982618,"FR","FRI","FRI3","FRI32"
34982708,"FR","FRI","FRI3","FRI33"
34982730,"FR","FRG","FRG0","FRG02"
34982748,"FR","FRG","FRG0","FRG02"
34982766,"FR","FRG","FRG0","FRG02"
34982780,"FR","FRG","FRG0","FRG02"
34982816,"FR","FRG","FRG0","FRG03"
34982842,"FR","FRH","FRH0","FRH03"
34982910,"FR","FRD","FRD1","FRD12"
34983216,"UK","UKK","UKK1","UKK15"
34983220,"UK","UKK","UKK1","UKK15"
34983634,"UK","UKM","UKM9","UKM92"
34983670,"UK","UKM","UKM9","UKM91"
34983770,"UK","UKM","UKM7","UKM77"
34983796,"UK","UKM","UKM7","UKM77"
34983814,"UK","UKM","UKM7","UKM77"
35002106,"ES","ES2","ES24","ES241"
35002110,"ES","ES2","ES24","ES241"
35002134,"ES","ES2","ES24","ES241"
35002146,"ES","ES2","ES24","ES241"
35002164,"ES","ES2","ES24","ES241"
35002236,"FR","FRJ","FRJ2","FRJ26"
35002314,"FR","FRI","FRI1","FRI15"
35002386,"FR","FRI","FRI1","FRI13"
35002602,"FR","FRI","FRI3","FRI32"
35002620,"FR","FRI","FRI3","FRI32"
35002800,"FR","FRG","FRG0","FRG02"
35021982,"ES","ES5","ES52","ES522"
35021986,"ES","ES5","ES52","ES522"
35022040,"ES","ES2","ES24","ES242"
35022090,"ES","ES2","ES24","ES241"
35022094,"ES","ES2","ES24","ES241"
35022120,"ES","ES2","ES24","ES241"
35022162,"ES","ES2","ES24","ES241"
35022270,"FR","FRJ","FRJ2","FRJ26"
35022306,"FR","FRI","FRI1","FRI15"
35022328,"FR","FRI","FRI1","FRI15"
35022336,"FR","FRJ","FRJ2","FRJ24"
35022552,"FR","FRI","FRI3","FRI32"
35022670,"FR","FRG","FRG0","FRG05"
35023008,"FR","FRD","FRD1","FRD12"
35023494,"UK","UKD","UKD4","UKD45"
35023710,"UK","UKM","UKM7","UKM73"
35023768,"UK","UKM","UKM7","UKM77"
35023794,"UK","UKM","UKM7","UKM77"
35042052,"ES","ES5","ES51","ES514"
35042124,"ES","ES2","ES24","ES241"
35042146,"ES","ES2","ES24","ES241"
35042242,"FR","FRJ","FRJ2","FRJ26"
35042362,"FR","FRJ","FRJ2","FRJ24"
35042530,"FR","FRI","FRI3","FRI32"
35042650,"FR","FRG","FRG0","FRG05"
35042686,"FR","FRG","FRG0","FRG05"
35042884,"FR","FRD","FRD1","FRD12"
35042938,"FR","FRD","FRD1","FRD12"
35043636,"UK","UKM","UKM9","UKM91"
35043748,"UK","UKM","UKM7","UKM72"
35062076,"ES","ES2","ES24","ES243"
35062104,"ES","ES2","ES24","ES241"
35062126,"ES","ES2","ES24","ES241"
35062482,"FR","FRI","FRI1","FRI12"
35062540,"FR","FRI","FRI3","FRI32"
35062630,"FR","FRI","FRI3","FRI33"
35062752,"FR","FRG","FRG0","FRG02"
35062882,"FR","FRG","FRG0","FRG03"
35062918,"FR","FRD","FRD1","FRD12"
35062950,"FR","FRD","FRD1","FRD12"
35062968,"FR","FRD","FRD1","FRD12"
35063818,"UK","UKM","UKM7","UKM77"
35082276,"FR","FRJ","FRJ2","FRJ26"
35082294,"FR","FRJ","FRJ2","FRJ26"
35082528,"FR","FRI","FRI3","FRI32"
35082550,"FR","FRI","FRI3","FRI32"
35082586,"FR","FRI","FRI3","FRI32"
35082748,"FR","FRG","FRG0","FRG02"
35082780,"FR","FRG","FRG0","FRG02"
35082784,"FR","FRG","FRG0","FRG02"
35082924,"FR","FRD","FRD1","FRD12"
35083522,"UK","UKE","UKE2","UKE22"
35083828,"UK","UKM","UKM7","UKM77"
35102290,"FR","FRJ","FRJ2","FRJ26"
35102566,"FR","FRI","FRI3","FRI32"
35102740,"FR","FRG","FRG0","FRG02"
35102926,"FR","FRD","FRD1","FRD12"
35103484,"UK","UKD","UKD4","UKD45"
35103682,"UK","UKM","UKM9","UKM91"
35103844,"UK","UKM","UKM5","UKM50"
35122286,"FR","FRJ","FRJ2","FRJ26"
35122538,"FR","FRI","FRI3","FRI32"
35122550,"FR","FRI","FRI3","FRI32"
35122618,"FR","FRI","FRI3","FRI33"
35122646,"FR","FRI","FRI3","FRI33"
35122772,"FR","FRG","FRG0","FRG02"
35122838,"FR","FRG","FRG0","FRG03"
35122928,"FR","FRD","FRD1","FRD12"
35122964,"FR","FRD","FRD1","FRD12"
35123644,"UK","UKM","UKM9","UKM91"
35142092,"ES","ES2","ES24","ES241"
35142128,"ES","ES2","ES24","ES241"
35142218,"ES","ES2","ES24","ES241"
35142278,"FR","FRJ","FRJ2","FRJ26"
35142542,"FR","FRI","FRI3","FRI32"
35142578,"FR","FRI","FRI3","FRI32"
35162140,"ES","ES2","ES24","ES241"
35162334,"FR","FRJ","FRJ2","FRJ24"
35162352,"FR","FRJ","FRJ2","FRJ24"
35162446,"FR","FRI","FRI1","FRI12"
35162460,"FR","FRI","FRI1","FRI12"
35162510,"FR","FRI","FRI3","FRI32"
35162532,"FR","FRI","FRI3","FRI32"
35162564,"FR","FRI","FRI3","FRI31"
35162590,"FR","FRI","FRI3","FRI32"
35162604,"FR","FRI","FRI3","FRI32"
35162680,"FR","FRI","FRI3","FRI33"
35162766,"FR","FRG","FRG0","FRG02"
35162802,"FR","FRG","FRG0","FRG03"
35163184,"UK","UKJ","UKJ3","UKJ36"
35163202,"UK","UKK","UKK1","UKK15"
35163414,"UK","UKD","UKD6","UKD62"
35163680,"UK","UKM","UKM9","UKM91"
35163706,"UK","UKM","UKM9","UKM91"
35163756,"UK","UKM","UKM7","UKM72"
35163810,"UK","UKM","UKM7","UKM71"
35163814,"UK","UKM","UKM7","UKM71"
35182124,"ES","ES2","ES24","ES241"
35182142,"ES","ES2","ES24","ES241"
35182620,"FR","FRI","FRI3","FRI33"
35182674,"FR","FRI","FRI3","FRI33"
35183304,"UK","UKG","UKG1","UKG13"
35183700,"UK","UKM","UKM9","UKM91"
35202144,"ES","ES2","ES24","ES241"
35202306,"FR","FRJ","FRJ2","FRJ26"
35202310,"FR","FRJ","FRJ2","FRJ26"
35202360,"FR","FRJ","FRJ2","FRJ24"
35202472,"FR","FRI","FRI1","FRI12"
35202508,"FR","FRI","FRI3","FRI32"
35202576,"FR","FRI","FRI3","FRI32"
35202624,"FR","FRI","FRI3","FRI33"
35202804,"FR","FRG","FRG0","FRG03"
35202828,"FR","FRG","FRG0","FRG03"
35202882,"FR","FRD","FRD1","FRD12"
35202886,"FR","FRD","FRD1","FRD12"
35202904,"FR","FRD","FRD1","FRD12"
35202922,"FR","FRD","FRD1","FRD11"
35203908,"UK","UKM","UKM6","UKM62"
35222098,"ES","ES5","ES51","ES513"
35222116,"ES","ES5","ES51","ES513"
35222602,"FR","FRI","FRI3","FRI32"
35222638,"FR","FRI","FRI3","FRI33"
35222782,"FR","FRG","FRG0","FRG02"
35222790,"FR","FRG","FRG0","FRG02"
35222848,"FR","FRG","FRG0","FRG03"
35222880,"FR","FRD","FRD1","FRD13"
35222956,"FR","FRD","FRD1","FRD12"
35223528,"UK","UKE","UKE2","UKE22"
35223718,"UK","UKM","UKM7","UKM73"
35242112,"ES","ES5","ES51","ES513"
35242270,"FR","FRJ","FRJ2","FRJ26"
35242302,"FR","FRJ","FRJ2","FRJ26"
35242486,"FR","FRI","FRI1","FRI12"
35242554,"FR","FRI","FRI3","FRI31"
35242684,"FR","FRI","FRI3","FRI33"
35242882,"FR","FRD","FRD1","FRD13"
35242914,"FR","FRD","FRD1","FRD11"
35243800,"UK","UKM","UKM7","UKM71"
35243890,"UK","UKM","UKM6","UKM62"
35262010,"ES","ES5","ES51","ES514"
35262100,"ES","ES5","ES51","ES513"
35262316,"FR","FRJ","FRJ2","FRJ24"
35262388,"FR","FRI","FRI1","FRI13"
35262456,"FR","FRI","FRI1","FRI12"
35262640,"FR","FRI","FRI3","FRI33"
35262906,"FR","FRD","FRD1","FRD13"
35263176,"UK","UKJ","UKJ3","UKJ36"
35263590,"UK","UKD","UKD1","UKD12"
35263752,"UK","UKM","UKM7","UKM72"
35263792,"UK","UKM","UKM7","UKM71"
35263882,"UK","UKM","UKM6","UKM62"
35282080,"ES","ES5","ES51","ES513"
35282092,"ES","ES5","ES51","ES513"
35282120,"ES","ES5","ES51","ES513"
35282242,"FR","FRJ","FRJ2","FRJ26"
35282296,"FR","FRJ","FRJ2","FRJ26"
35282326,"FR","FRJ","FRJ2","FRJ24"
35282704,"FR","FRI","FRI3","FRI33"
35282818,"FR","FRG","FRG0","FRG03"
35302114,"ES","ES5","ES51","ES513"
35302214,"ES","ES2","ES24","ES241"
35302442,"FR","FRI","FRI1","FRI12"
35302546,"FR","FRI","FRI3","FRI31"
35302628,"FR","FRI","FRI3","FRI33"
35302672,"FR","FRI","FRI3","FRI33"
35302784,"FR","FRG","FRG0","FRG02"
35302888,"FR","FRD","FRD1","FRD13"
35302916,"FR","FRD","FRD1","FRD11"
35302960,"FR","FRD","FRD1","FRD11"
35303270,"UK","UKJ","UKJ1","UKJ14"
35303284,"UK","UKG","UKG1","UKG13"
35303378,"UK","UKF","UKF1","UKF13"
35303396,"UK","UKG","UKG2","UKG24"
35303666,"UK","UKM","UKM9","UKM91"
35303690,"UK","UKM","UKM9","UKM91"
35303698,"UK","UKM","UKM9","UKM91"
35303726,"UK","UKM","UKM7","UKM73"
35303770,"UK","UKM","UKM7","UKM72"
35322128,"ES","ES5","ES51","ES513"
35322282,"FR","FRJ","FRJ2","FRJ26"
35322542,"FR","FRI","FRI3","FRI31"
35322614,"FR","FRI","FRI3","FRI33"
35322812,"FR","FRG","FRG0","FRG03"
35323658,"UK","UKM","UKM9","UKM91"
35323808,"UK","UKM","UKM7","UKM71"
35323916,"UK","UKM","UKM6","UKM62"
35342068,"ES","ES5","ES51","ES514"
35342162,"ES","ES2","ES24","ES241"
35342172,"ES","ES2","ES24","ES241"
35342334,"FR","FRJ","FRJ2","FRJ24"
35342348,"FR","FRJ","FRJ2","FRJ24"
35342564,"FR","FRI","FRI3","FRI31"
35342626,"FR","FRI","FRI3","FRI33"
35342676,"FR","FRI","FRI3","FRI33"
35342752,"FR","FRG","FRG0","FRG02"
35342766,"FR","FRG","FRG0","FRG02"
35342860,"FR","FRG","FRG0","FRG03"
35342896,"FR","FRD","FRD1","FRD13"
35342964,"FR","FRD","FRD1","FRD11"
35343680,"UK","UKM","UKM9","UKM91"
35343806,"UK","UKM","UKM7","UKM71"
35362314,"FR","FRJ","FRJ2","FRJ24"
35362512,"FR","FRI","FRI3","FRI31"
35362530,"FR","FRI","FRI3","FRI31"
35362710,"FR","FRI","FRI3","FRI33"
35363754,"UK","UKM","UKM7","UKM72"
35363916,"UK","UKM","UKM6","UKM62"
35382120,"ES","ES5","ES51","ES513"
35382192,"ES","ES2","ES24","ES241"
35382238,"FR","FRJ","FRJ2","FRJ26"
35382252,"FR","FRJ","FRJ2","FRJ26"
35382288,"FR","FRJ","FRJ2","FRJ26"
35382324,"FR","FRJ","FRJ2","FRJ24"
35382360,"FR","FRJ","FRJ2","FRJ24"
35382378,"FR","FRI","FRI1","FRI14"
35382454,"FR","FRI","FRI1","FRI12"
35382516,"FR","FRI","FRI3","FRI31"
35382588,"FR","FRI","FRI3","FRI31"
35382688,"FR","FRI","FRI3","FRI33"
35382858,"FR","FRG","FRG0","FRG03"
35382886,"FR","FRD","FRD1","FRD13"
35382904,"FR","FRD","FRD1","FRD13"
35382936,"FR","FRD","FRD1","FRD11"
35383278,"UK","UKJ","UKJ1","UKJ14"
35383678,"UK","UKM","UKM9","UKM91"
35383866,"UK","UKM","UKM5","UKM50"
35402092,"ES","ES5","ES51","ES513"
35402098,"ES","ES5","ES51","ES513"
35402214,"ES","ES2","ES24","ES241"
35402314,"FR","FRJ","FRJ2","FRJ24"
35402322,"FR","FRJ","FRJ2","FRJ24"
35402344,"FR","FRJ","FRJ2","FRJ24"
35402488,"FR","FRI","FRI1","FRI11"
35402614,"FR","FRI","FRI3","FRI33"
35402632,"FR","FRI","FRI3","FRI33"
35402664,"FR","FRI","FRI3","FRI33"
35402926,"FR","FRD","FRD1","FRD11"
35402938,"FR","FRD","FRD1","FRD11"
35403496,"UK","UKE","UKE2","UKE22"
35403654,"UK","UKM","UKM9","UKM91"
35403664,"UK","UKM","UKM9","UKM91"
35403718,"UK","UKM","UKM7","UKM73"
35422050,"ES","ES5","ES51","ES514"
35422176,"ES","ES2","ES24","ES241"
35422288,"FR","FRJ","FRJ2","FRJ26"
35422396,"FR","FRI","FRI1","FRI14"
35422410,"FR","FRI","FRI1","FRI14"
35422446,"FR","FRI","FRI1","FRI12"
35422716,"FR","FRI","FRI3","FRI33"
35422738,"FR","FRG","FRG0","FRG02"
35422752,"FR","FRG","FRG0","FRG02"
35422756,"FR","FRG","FRG0","FRG02"
35423508,"UK","UKE","UKE2","UKE22"
35423908,"UK","UKM","UKM6","UKM62"
35442118,"ES","ES5","ES51","ES513"
35442124,"ES","ES5","ES51","ES513"
35442424,"FR","FRI","FRI1","FRI14"
35442438,"FR","FRI","FRI1","FRI14"
35442582,"FR","FRI","FRI3","FRI31"
35442600,"FR","FRI","FRI3","FRI33"
35442636,"FR","FRI","FRI3","FRI33"
35442676,"FR","FRI","FRI3","FRI33"
35442694,"FR","FRI","FRI3","FRI33"
35443698,"UK","UKM","UKM9","UKM91"
35443846,"UK","UKM","UKM5","UKM50"
35462080,"ES","ES5","ES51","ES513"
35462116,"ES","ES5","ES51","ES513"
35462170,"ES","ES2","ES24","ES241"
35462218,"ES","ES2","ES24","ES241"
35462290,"FR","FRJ","FRJ2","FRJ26"
35462350,"FR","FRJ","FRJ2","FRJ24"
35462542,"FR","FRI","FRI3","FRI31"
35462962,"FR","FRD","FRD1","FRD11"
35482124,"ES","ES5","ES51","ES513"
35482240,"FR","FRJ","FRJ2","FRJ23"
35482312,"FR","FRJ","FRJ2","FRJ24"
35482352,"FR","FRJ","FRJ2","FRJ24"
35482460,"FR","FRI","FRI1","FRI12"
35482492,"FR","FRI","FRI1","FRI11"
35482708,"FR","FRI","FRI3","FRI33"
35482748,"FR","FRG","FRG0","FRG02"
35482790,"FR","FRG","FRG0","FRG04"
35482964,"FR","FRD","FRD1","FRD11"
35483636,"UK","UKC","UKC2","UKC21"
35483702,"UK","UKM","UKM9","UKM91"
35502098,"ES","ES5","ES51","ES513"
35502308,"FR","FRJ","FRJ2","FRJ24"
35502398,"FR","FRI","FRI1","FRI14"
35502596,"FR","FRI","FRI3","FRI31"
35502722,"FR","FRG","FRG0","FRG02"
35503478,"UK","UKE","UKE4","UKE41"
35503514,"UK","UKE","UKE2","UKE22"
35503892,"UK","UKM","UKM6","UKM62"
35522294,"FR","FRJ","FRJ2","FRJ26"
35522406,"FR","FRI","FRI1","FRI14"
35522420,"FR","FRI","FRI1","FRI14"
35522518,"FR","FRI","FRI3","FRI31"
35522590,"FR","FRI","FRI3","FRI31"
35522626,"FR","FRI","FRI3","FRI33"
35522672,"FR","FRI","FRI3","FRI33"
35522766,"FR","FRG","FRG0","FRG02"
35522780,"FR","FRG","FRG0","FRG02"
35522802,"FR","FRG","FRG0","FRG04"
35522856,"FR","FRG","FRG0","FRG03"
35522964,"FR","FRD","FRD1","FRD11"
35523148,"UK","UKJ","UKJ3","UKJ36"
35523504,"UK","UKE","UKE2","UKE22"
35523608,"UK","UKC","UKC2","UKC21"
35523634,"UK","UKC","UKC2","UKC21"
35523846,"UK","UKM","UKM5","UKM50"
35523886,"UK","UKM","UKM5","UKM50"
35524004,"UK","UKM","UKM6","UKM61"
35542260,"FR","FRJ","FRJ2","FRJ26"
35542332,"FR","FRJ","FRJ2","FRJ24"
35542404,"FR","FRI","FRI1","FRI14"
35542512,"FR","FRI","FRI1","FRI11"
35542602,"FR","FRI","FRI3","FRI31"
35542908,"FR","FRD","FRD1","FRD13"
35543358,"UK","UKF","UKF2","UKF22"
35562112,"ES","ES5","ES51","ES513"
35562198,"ES","ES2","ES24","ES241"
35562300,"FR","FRJ","FRJ2","FRJ24"
35562342,"FR","FRJ","FRJ2","FRJ24"
35562378,"FR","FRI","FRI1","FRI14"
35562570,"FR","FRI","FRI3","FRI31"
35562612,"FR","FRI","FRI3","FRI33"
35562688,"FR","FRI","FRI3","FRI33"
35562696,"FR","FRI","FRI3","FRI33"
35562756,"FR","FRG","FRG0","FRG02"
35562814,"FR","FRG","FRG0","FRG04"
35563488,"UK","UKE","UKE2","UKE22"
35563840,"UK","UKM","UKM5","UKM50"
35563854,"UK","UKM","UKM5","UKM50"
35563894,"UK","UKM","UKM5","UKM50"
35563912,"UK","UKM","UKM6","UKM62"
35582116,"ES","ES5","ES51","ES513"
35582164,"ES","ES5","ES51","ES513"
35582196,"ES","ES5","ES51","ES513"
35582326,"FR","FRJ","FRJ2","FRJ24"
35582398,"FR","FRI","FRI1","FRI14"
35582524,"FR","FRI","FRI3","FRI31"
35582566,"FR","FRI","FRI3","FRI31"
35582584,"FR","FRI","FRI3","FRI31"
35582728,"FR","FRG","FRG0","FRG02"
35582934,"FR","FRD","FRD1","FRD11"
35583190,"UK","UKJ","UKJ3","UKJ37"
35583622,"UK","UKC","UKC2","UKC21"
35583996,"UK","UKM","UKM6","UKM61"
35602122,"ES","ES5","ES51","ES513"
35602224,"ES","ES5","ES51","ES513"
35602536,"FR","FRI","FRI3","FRI31"
35602558,"FR","FRI","FRI3","FRI31"
35602594,"FR","FRI","FRI3","FRI31"
35602698,"FR","FRI","FRI3","FRI34"
35602810,"FR","FRG","FRG0","FRG04"
35602950,"FR","FRD","FRD1","FRD11"
35602968,"FR","FRD","FRD1","FRD11"
35603400,"UK","UKF","UKF1","UKF12"
35603814,"UK","UKM","UKM5","UKM50"
35622096,"ES","ES5","ES51","ES513"
35622352,"FR","FRJ","FRJ2","FRJ24"
35622370,"FR","FRJ","FRJ2","FRJ24"
35622640,"FR","FRI","FRI3","FRI34"
35622658,"FR","FRI","FRI3","FRI34"
35622928,"FR","FRD","FRD1","FRD11"
35623450,"UK","UKE","UKE4","UKE45"
35642110,"ES","ES5","ES51","ES513"
35642116,"ES","ES5","ES51","ES513"
35642332,"FR","FRJ","FRJ2","FRJ24"
35642344,"FR","FRJ","FRJ2","FRJ24"
35642368,"FR","FRJ","FRJ2","FRJ24"
35642674,"FR","FRI","FRI3","FRI34"
35642746,"FR","FRG","FRG0","FRG02"
35642962,"FR","FRD","FRD1","FRD11"
35643196,"UK","UKJ","UKJ3","UKJ37"
35662046,"ES","ES5","ES51","ES514"
35662070,"ES","ES5","ES51","ES514"
35662100,"ES","ES5","ES51","ES513"
35662118,"ES","ES5","ES51","ES513"
35662186,"ES","ES5","ES51","ES513"
35662348,"FR","FRJ","FRJ2","FRJ24"
35662412,"FR","FRI","FRI1","FRI14"
35662424,"FR","FRI","FRI1","FRI14"
35662430,"FR","FRI","FRI1","FRI14"
35662438,"FR","FRI","FRI1","FRI14"
35662510,"FR","FRI","FRI1","FRI11"
35662582,"FR","FRI","FRI3","FRI31"
35662600,"FR","FRI","FRI3","FRI31"
35662604,"FR","FRI","FRI3","FRI34"
35662682,"FR","FRI","FRI3","FRI34"
35662694,"FR","FRI","FRI3","FRI34"
35662708,"FR","FRI","FRI3","FRI34"
35662844,"FR","FRG","FRG0","FRG03"
35662888,"FR","FRD","FRD1","FRD13"
35662910,"FR","FRD","FRD1","FRD13"
35663294,"UK","UKF","UKF2","UKF24"
35663410,"UK","UKF","UKF1","UKF12"
35663500,"UK","UKE","UKE2","UKE22"
35663630,"UK","UKC","UKC2","UKC21"
35682398,"FR","FRI","FRI1","FRI14"
35682434,"FR","FRI","FRI1","FRI14"
35682506,"FR","FRI","FRI1","FRI11"
35682740,"FR","FRG","FRG0","FRG02"
35684018,"UK","UKM","UKM6","UKM61"
35702140,"ES","ES5","ES51","ES513"
35702144,"ES","ES5","ES51","ES513"
35702180,"ES","ES5","ES51","ES513"
35702222,"ES","ES5","ES51","ES513"
35702280,"FR","FRJ","FRJ2","FRJ23"
35702320,"FR","FRJ","FRJ2","FRJ24"
35702420,"FR","FRI","FRI1","FRI14"
35702456,"FR","FRI","FRI1","FRI11"
35702518,"FR","FRI","FRI1","FRI11"
35702590,"FR","FRI","FRI3","FRI31"
35702806,"FR","FRG","FRG0","FRG04"
35702824,"FR","FRG","FRG0","FRG04"
35703144,"UK","UKJ","UKJ2","UKJ27"
35703180,"UK","UKJ","UKJ2","UKJ25"
35722404,"FR","FRI","FRI1","FRI14"
35722638,"FR","FRI","FRI3","FRI34"
35722746,"FR","FRG","FRG0","FRG02"
35742112,"ES","ES5","ES51","ES513"
35742120,"ES","ES5","ES51","ES513"
35742130,"ES","ES5","ES51","ES513"
35742144,"ES","ES5","ES51","ES513"
35742184,"ES","ES5","ES51","ES513"
35742426,"FR","FRI","FRI1","FRI14"
35742526,"FR","FRI","FRI1","FRI11"
35742580,"FR","FRI","FRI3","FRI31"
35742714,"FR","FRI","FRI3","FRI34"
35742760,"FR","FRG","FRG0","FRG02"
35742904,"FR","FRD","FRD1","FRD13"
35743146,"UK","UKJ","UKJ2","UKJ27"
35743236,"UK","UKJ","UKJ1","UKJ13"
35743470,"UK","UKE","UKE4","UKE42"
35762124,"ES","ES5","ES51","ES513"
35762332,"FR","FRJ","FRJ2","FRJ24"
35762368,"FR","FRJ","FRJ2","FRJ24"
35762728,"FR","FRB","FRB0","FRB04"
35762800,"FR","FRG","FRG0","FRG04"
35762812,"FR","FRG","FRG0","FRG04"
35762908,"FR","FRD","FRD1","FRD13"
35762926,"FR","FRD","FRD1","FRD11"
35762938,"FR","FRD","FRD1","FRD11"
35762944,"FR","FRD","FRD1","FRD11"
35763334,"UK","UKF","UKF2","UKF22"
35782180,"ES","ES5","ES51","ES513"
35782284,"FR","FRJ","FRJ2","FRJ23"
35782360,"FR","FRJ","FRJ2","FRJ24"
35782374,"FR","FRI","FRI1","FRI14"
35782450,"FR","FRI","FRI1","FRI11"
35782882,"FR","FRD","FRD1","FRD13"
35783656,"UK","UKC","UKC2","UKC21"
35783904,"UK","UKM","UKM5","UKM50"
35802082,"ES","ES5","ES51","ES514"
35802100,"ES","ES5","ES51","ES513"
35802196,"ES","ES5","ES51","ES513"
35802352,"FR","FRJ","FRJ2","FRJ24"
35802690,"FR","FRI","FRI3","FRI34"
35803608,"UK","UKC","UKC2","UKC22"
35822116,"ES","ES5","ES51","ES513"
35822156,"ES","ES5","ES51","ES513"
35822308,"FR","FRJ","FRJ2","FRJ24"
35822512,"FR","FRI","FRI1","FRI11"
35822566,"FR","FRI","FRI3","FRI31"
35822704,"FR","FRI","FRI3","FRI34"
35822836,"FR","FRG","FRG0","FRG04"
35823214,"UK","UKJ","UKJ1","UKJ13"
35823892,"UK","UKM","UKM5","UKM50"
35842082,"ES","ES5","ES51","ES514"
35842124,"ES","ES5","ES51","ES513"
35842172,"ES","ES5","ES51","ES513"
35842330,"FR","FRJ","FRJ2","FRJ24"
35842448,"FR","FRI","FRI1","FRI11"
35842502,"FR","FRI","FRI1","FRI11"
35842694,"FR","FRI","FRI3","FRI34"
35842712,"FR","FRB","FRB0","FRB04"
35842892,"FR","FRD","FRD1","FRD13"
35842898,"FR","FRD","FRD1","FRD13"
35843162,"UK","UKJ","UKJ2","UKJ27"
35843492,"UK","UKE","UKE2","UKE22"
35843846,"UK","UKM","UKM5","UKM50"
35862102,"ES","ES5","ES51","ES513"
35862110,"ES","ES5","ES51","ES513"
35862116,"ES","ES5","ES51","ES513"
35862368,"FR","FRJ","FRJ2","FRJ28"
35862884,"FR","FRD","FRD1","FRD13"
35862920,"FR","FRD","FRD1","FRD11"
35863892,"UK","UKM","UKM5","UKM50"
35882060,"ES","ES5","ES51","ES514"
35882176,"ES","ES5","ES51","ES513"
35882194,"ES","ES5","ES51","ES513"
35882356,"FR","FRJ","FRJ2","FRJ24"
35882366,"FR","FRJ","FRJ2","FRJ28"
35882514,"FR","FRI","FRI1","FRI11"
35882622,"FR","FRI","FRI3","FRI34"
35882698,"FR","FRB","FRB0","FRB04"
35882802,"FR","FRG","FRG0","FRG04"
35883220,"UK","UKJ","UKJ1","UKJ13"
35883324,"UK","UKF","UKF2","UKF22"
35883612,"UK","UKC","UKC2","UKC21"
35883900,"UK","UKM","UKM5","UKM50"
35902178,"ES","ES5","ES51","ES513"
35902368,"FR","FRJ","FRJ2","FRJ28"
35902440,"FR","FRI","FRI1","FRI14"
35902512,"FR","FRI","FRI1","FRI11"
35902584,"FR","FRI","FRI3","FRI31"
35903214,"UK","UKJ","UKJ1","UKJ13"
35903250,"UK","UKJ","UKJ1","UKJ13"
35903466,"UK","UKE","UKE2","UKE22"
35922084,"ES","ES5","ES51","ES514"
35922102,"ES","ES5","ES51","ES513"
35922130,"ES","ES5","ES51","ES513"
35922162,"ES","ES5","ES51","ES513"
35922174,"ES","ES5","ES51","ES513"
35922202,"ES","ES5","ES51","ES513"
35922210,"ES","ES5","ES51","ES513"
35922220,"ES","ES5","ES51","ES513"
35922382,"FR","FRI","FRI1","FRI14"
35922426,"FR","FRI","FRI1","FRI14"
35922486,"FR","FRI","FRI1","FRI11"
35922558,"FR","FRI","FRI3","FRI31"
35922588,"FR","FRI","FRI3","FRI31"
35922706,"FR","FRB","FRB0","FRB04"
35922750,"FR","FRB","FRB0","FRB04"
35922760,"FR","FRB","FRB0","FRB04"
35922918,"FR","FRD","FRD1","FRD11"
35922922,"FR","FRD","FRD1","FRD11"
35923246,"UK","UKJ","UKJ1","UKJ13"
35923300,"UK","UKF","UKF2","UKF25"
35923318,"UK","UKF","UKF2","UKF25"
35923894,"UK","UKM","UKM5","UKM50"
35942062,"ES","ES5","ES51","ES514"
35942278,"FR","FRJ","FRJ2","FRJ23"
35942308,"FR","FRJ","FRJ2","FRJ24"
35942314,"FR","FRJ","FRJ2","FRJ24"
35942416,"FR","FRI","FRI1","FRI14"
35942470,"FR","FRI","FRI1","FRI11"
35942488,"FR","FRI","FRI1","FRI11"
35942542,"FR","FRI","FRI1","FRI11"
35942566,"FR","FRI","FRI3","FRI31"
35942686,"FR","FRI","FRI3","FRI34"
35942692,"FR","FRI","FRI3","FRI34"
35942848,"FR","FRG","FRG0","FRG04"
35942898,"FR","FRD","FRD1","FRD13"
35942934,"FR","FRD","FRD1","FRD11"
35943240,"UK","UKH","UKH2","UKH23"
35943316,"UK","UKF","UKF2","UKF25"
35943406,"UK","UKF","UKF1","UKF15"
35962500,"FR","FRI","FRI1","FRI11"
35962540,"FR","FRI","FRI1","FRI11"
35962590,"FR","FRI","FRI3","FRI31"
35962680,"FR","FRI","FRI3","FRI34"
35962684,"FR","FRI","FRI3","FRI34"
35962788,"FR","FRG","FRG0","FRG04"
35962878,"FR","FRD","FRD1","FRD13"
35963184,"UK","UKJ","UKJ2","UKJ25"
35963314,"UK","UKF","UKF2","UKF25"
35982096,"ES","ES5","ES51","ES513"
35982118,"ES","ES5","ES51","ES513"
35982132,"ES","ES5","ES51","ES513"
35982366,"FR","FRJ","FRJ2","FRJ28"
35982384,"FR","FRJ","FRJ2","FRJ28"
35982532,"FR","FRI","FRI1","FRI11"
35982694,"FR","FRI","FRI3","FRI34"
35982712,"FR","FRB","FRB0","FRB04"
36002116,"ES","ES5","ES51","ES513"
36002120,"ES","ES5","ES51","ES513"
36002326,"FR","FRJ","FRJ2","FRJ24"
36002386,"FR","FRJ","FRJ2","FRJ28"
36002398,"FR","FRJ","FRJ2","FRJ28"
36002422,"FR","FRI","FRI1","FRI14"
36002584,"FR","FRI","FRI3","FRI31"
36002938,"FR","FRD","FRD1","FRD11"
36022114,"ES","ES5","ES51","ES513"
36022204,"ES","ES5","ES51","ES513"
36022240,"FR","FRJ","FRJ2","FRJ21"
36022316,"FR","FRJ","FRJ2","FRJ24"
36022744,"FR","FRB","FRB0","FRB04"
36022766,"FR","FRB","FRB0","FRB04"
36022838,"FR","FRG","FRG0","FRG04"
36023158,"UK","UKJ","UKJ2","UKJ28"
36042102,"ES","ES5","ES51","ES513"
36042956,"FR","FRD","FRD1","FRD11"
36043154,"UK","UKJ","UKJ2","UKJ28"
36043352,"UK","UKF","UKF3","UKF30"
36043406,"UK","UKF","UKF1","UKF15"
36062060,"ES","ES5","ES51","ES514"
36062114,"ES","ES5","ES51","ES511"
36062122,"ES","ES5","ES51","ES513"
36062262,"FR","FRJ","FRJ2","FRJ21"
36062492,"FR","FRI","FRI1","FRI11"
36062644,"FR","FRI","FRI3","FRI34"
36062762,"FR","FRB","FRB0","FRB04"
36062860,"FR","FRG","FRG0","FRG04"
36062928,"FR","FRD","FRD1","FRD11"
36063302,"UK","UKF","UKF2","UKF25"
36063410,"UK","UKF","UKF1","UKF15"
36082152,"ES","ES5","ES51","ES513"
36082602,"FR","FRI","FRI3","FRI31"
36083178,"UK","UKJ","UKJ2","UKJ26"
36083448,"UK","UKE","UKE1","UKE12"
36102360,"FR","FRJ","FRJ2","FRJ28"
36102390,"FR","FRJ","FRJ2","FRJ28"
36102486,"FR","FRI","FRI1","FRI11"
36102580,"FR","FRI","FRI3","FRI31"
36102588,"FR","FRI","FRI3","FRI31"
36102732,"FR","FRB","FRB0","FRB04"
36102936,"FR","FRD","FRD1","FRD11"
36103326,"UK","UKF","UKF2","UKF25"
36122170,"ES","ES5","ES51","ES513"
36122332,"FR","FRJ","FRJ2","FRJ23"
36122898,"FR","FRD","FRD1","FRD13"
36122956,"FR","FRD","FRD1","FRD11"
36122992,"FR","FRD","FRD2","FRD22"
36123358,"UK","UKF","UKF3","UKF30"
36123538,"UK","UKE","UKE2","UKE22"
36142108,"ES","ES5","ES51","ES511"
36142378,"FR","FRJ","FRJ2","FRJ28"
36142410,"FR","FRJ","FRJ2","FRJ25"
36142702,"FR","FRB","FRB0","FRB04"
36142752,"FR","FRB","FRB0","FRB04"
36142788,"FR","FRG","FRG0","FRG04"
36142792,"FR","FRG","FRG0","FRG04"
36142824,"FR","FRG","FRG0","FRG04"
36142842,"FR","FRG","FRG0","FRG04"
36142896,"FR","FRD","FRD1","FRD13"
36143134,"UK","UKJ","UKJ2","UKJ22"
36143346,"UK","UKF","UKF3","UKF30"
36143494,"UK","UKE","UKE2","UKE22"
36162060,"ES","ES5","ES51","ES514"
36162114,"ES","ES5","ES51","ES513"
36162240,"FR","FRJ","FRJ2","FRJ21"
36162564,"FR","FRI","FRI2","FRI23"
36162762,"FR","FRB","FRB0","FRB04"
36162838,"FR","FRG","FRG0","FRG04"
36162924,"FR","FRD","FRD1","FRD11"
36163144,"UK","UKJ","UKJ2","UKJ22"
36182164,"ES","ES5","ES51","ES513"
36182182,"ES","ES5","ES51","ES513"
36182272,"FR","FRJ","FRJ2","FRJ21"
36182386,"FR","FRJ","FRJ2","FRJ28"
36182452,"FR","FRI","FRI1","FRI11"
36182542,"FR","FRI","FRI1","FRI11"
36182728,"FR","FRB","FRB0","FRB04"
36182776,"FR","FRG","FRG0","FRG04"
36183136,"UK","UKJ","UKJ2","UKJ22"
36183172,"UK","UKJ","UKJ2","UKJ26"
36202064,"ES","ES5","ES51","ES511"
36202438,"FR","FRJ","FRJ2","FRJ25"
36202514,"FR","FRI","FRI1","FRI11"
36202564,"FR","FRI","FRI2","FRI23"
36202690,"FR","FRB","FRB0","FRB04"
36202718,"FR","FRB","FRB0","FRB04"
36202856,"FR","FRD","FRD1","FRD13"
36202906,"FR","FRD","FRD1","FRD13"
36202996,"FR","FRD","FRD2","FRD22"
36203144,"UK","UKJ","UKJ2","UKJ22"
36203366,"UK","UKF","UKF3","UKF30"
36203504,"UK","UKE","UKE2","UKE22"
36203536,"UK","UKE","UKE2","UKE22"
36222164,"ES","ES5","ES51","ES513"
36222326,"FR","FRJ","FRJ2","FRJ23"
36222344,"FR","FRJ","FRJ2","FRJ28"
36222614,"FR","FRI","FRI2","FRI23"
36222722,"FR","FRB","FRB0","FRB04"
36222866,"FR","FRD","FRD1","FRD13"
36242366,"FR","FRJ","FRJ2","FRJ28"
36242392,"FR","FRJ","FRJ2","FRJ28"
36242402,"FR","FRJ","FRJ2","FRJ25"
36242474,"FR","FRI","FRI1","FRI11"
36242478,"FR","FRI","FRI1","FRI11"
36242492,"FR","FRI","FRI1","FRI11"
36242546,"FR","FRI","FRI2","FRI23"
36242590,"FR","FRI","FRI2","FRI23"
36242708,"FR","FRB","FRB0","FRB04"
36242802,"FR","FRG","FRG0","FRG04"
36242932,"FR","FRD","FRD2","FRD21"
36242982,"FR","FRD","FRD2","FRD22"
36243004,"FR","FRD","FRD2","FRD22"
36243140,"UK","UKJ","UKJ2","UKJ22"
36243238,"UK","UKH","UKH2","UKH23"
36243486,"UK","UKE","UKE1","UKE12"
36262350,"FR","FRJ","FRJ2","FRJ28"
36262710,"FR","FRB","FRB0","FRB04"
36262836,"FR","FRG","FRG0","FRG04"
36282144,"ES","ES5","ES51","ES513"
36282174,"ES","ES5","ES51","ES513"
36282306,"FR","FRJ","FRJ2","FRJ23"
36282378,"FR","FRJ","FRJ2","FRJ28"
36282472,"FR","FRI","FRI1","FRI11"
36282504,"FR","FRI","FRI1","FRI11"
36282598,"FR","FRI","FRI2","FRI23"
36282804,"FR","FRG","FRG0","FRG04"
36282864,"FR","FRD","FRD1","FRD13"
36282894,"FR","FRD","FRD1","FRD13"
36282930,"FR","FRD","FRD2","FRD21"
36282966,"FR","FRD","FRD2","FRD21"
36283380,"UK","UKF","UKF3","UKF30"
36283440,"UK","UKE","UKE1","UKE13"
36302074,"ES","ES5","ES51","ES511"
36302290,"FR","FRJ","FRJ2","FRJ23"
36302512,"FR","FRI","FRI1","FRI11"
36302530,"FR","FRI","FRI2","FRI23"
36302560,"FR","FRI","FRI2","FRI23"
36302566,"FR","FRI","FRI2","FRI23"
36302578,"FR","FRI","FRI2","FRI23"
36302704,"FR","FRB","FRB0","FRB04"
36302830,"FR","FRG","FRG0","FRG04"
36302848,"FR","FRD","FRD1","FRD13"
36302890,"FR","FRD","FRD1","FRD13"
36302902,"FR","FRD","FRD1","FRD13"
36302956,"FR","FRD","FRD2","FRD21"
36303142,"UK","UKJ","UKJ2","UKJ22"
36303160,"UK","UKJ","UKJ2","UKJ22"
36303178,"UK","UKJ","UKJ4","UKJ46"
36322180,"ES","ES5","ES51","ES513"
36322428,"FR","FRJ","FRJ2","FRJ25"
36322504,"FR","FRI","FRI1","FRI11"
36322720,"FR","FRB","FRB0","FRB04"
36322774,"FR","FRB","FRB0","FRB05"
36323188,"UK","UKI","UKI6","UKI61"
36323400,"UK","UKF","UKF3","UKF30"
36323440,"UK","UKE","UKE1","UKE13"
36342154,"ES","ES5","ES51","ES513"
36342600,"FR","FRI","FRI2","FRI23"
36342604,"FR","FRI","FRI2","FRI23"
36342672,"FR","FRB","FRB0","FRB04"
36342694,"FR","FRB","FRB0","FRB04"
36342712,"FR","FRB","FRB0","FRB04"
36342748,"FR","FRB","FRB0","FRB04"
36342780,"FR","FRB","FRB0","FRB05"
36342964,"FR","FRD","FRD2","FRD21"
36362146,"ES","ES5","ES51","ES511"
36362152,"ES","ES5","ES51","ES511"
36362380,"FR","FRJ","FRJ2","FRJ28"
36362452,"FR","FRI","FRI1","FRI11"
36362512,"FR","FRI","FRI1","FRI11"
36362650,"FR","FRB","FRB0","FRB03"
36362692,"FR","FRB","FRB0","FRB04"
36362866,"FR","FRD","FRD1","FRD13"
36363232,"UK","UKH","UKH3","UKH35"
36363484,"UK","UKE","UKE1","UKE12"
36382078,"ES","ES5","ES51","ES511"
36382312,"FR","FRJ","FRJ2","FRJ23"
36382330,"FR","FRJ","FRJ2","FRJ23"
36382424,"FR","FRJ","FRJ2","FRJ25"
36382514,"FR","FRI","FRI1","FRI11"
36382568,"FR","FRI","FRI2","FRI23"
36382586,"FR","FRI","FRI2","FRI23"
36382636,"FR","FRI","FRI3","FRI34"
36382712,"FR","FRB","FRB0","FRB04"
36382928,"FR","FRD","FRD2","FRD21"
36383162,"UK","UKJ","UKJ4","UKJ46"
36383240,"UK","UKH","UKH2","UKH23"
36383402,"UK","UKF","UKF3","UKF30"
36383486,"UK","UKE","UKE1","UKE12"
36402146,"ES","ES5","ES51","ES511"
36402440,"FR","FRJ","FRJ2","FRJ25"
36402614,"FR","FRI","FRI2","FRI23"
36402884,"FR","FRD","FRD1","FRD13"
36422162,"ES","ES5","ES51","ES511"
36422180,"ES","ES5","ES51","ES513"
36422330,"FR","FRJ","FRJ2","FRJ23"
36422392,"FR","FRJ","FRJ2","FRJ25"
36422532,"FR","FRI","FRI2","FRI23"
36422590,"FR","FRI","FRI2","FRI23"
36422726,"FR","FRB","FRB0","FRB04"
36423396,"UK","UKF","UKF3","UKF30"
36442160,"ES","ES5","ES51","ES511"
36442236,"FR","FRJ","FRJ2","FRJ21"
36442800,"FR","FRB","FRB0","FRB05"
36462156,"ES","ES5","ES51","ES511"
36462238,"FR","FRJ","FRJ2","FRJ21"
36462594,"FR","FRI","FRI2","FRI23"
36462652,"FR","FRB","FRB0","FRB03"
36462760,"FR","FRB","FRB0","FRB04"
36462778,"FR","FRB","FRB0","FRB05"
36462840,"FR","FRB","FRB0","FRB02"
36462948,"FR","FRD","FRD2","FRD21"
36462984,"FR","FRD","FRD2","FRD22"
36462990,"FR","FRD","FRD2","FRD22"
36462994,"FR","FRD","FRD2","FRD22"
36463156,"UK","UKJ","UKJ2","UKJ22"
36463188,"UK","UKJ","UKJ4","UKJ46"
36463404,"UK","UKF","UKF3","UKF30"
36463488,"UK","UKE","UKE1","UKE12"
36482182,"ES","ES5","ES51","ES512"
36482268,"FR","FRJ","FRJ2","FRJ21"
36482286,"FR","FRJ","FRJ2","FRJ23"
36482398,"FR","FRJ","FRJ2","FRJ25"
36482614,"FR","FRI","FRI2","FRI23"
36482692,"FR","FRB","FRB0","FRB03"
36482736,"FR","FRB","FRB0","FRB04"
36482794,"FR","FRB","FRB0","FRB05"
36483340,"UK","UKF","UKF3","UKF30"
36483460,"UK","UKE","UKE1","UKE12"
36502284,"FR","FRJ","FRJ2","FRJ23"
36502504,"FR","FRI","FRI2","FRI21"
36502698,"FR","FRB","FRB0","FRB03"
36502824,"FR","FRB","FRB0","FRB02"
36502878,"FR","FRB","FRB0","FRB02"
36502900,"FR","FRD","FRD2","FRD21"
36502932,"FR","FRD","FRD2","FRD21"
36502954,"FR","FRD","FRD2","FRD21"
36503184,"UK","UKJ","UKJ4","UKJ46"
36522178,"ES","ES5","ES51","ES512"
36522208,"FR","FRJ","FRJ2","FRJ21"
36522280,"FR","FRJ","FRJ1","FRJ11"
36522982,"FR","FRD","FRD2","FRD22"
36523014,"FR","FRD","FRD2","FRD22"
36523374,"UK","UKF","UKF3","UKF30"
36523392,"UK","UKF","UKF3","UKF30"
36523464,"UK","UKE","UKE1","UKE12"
36542372,"FR","FRJ","FRJ2","FRJ28"
36542452,"FR","FRJ","FRJ2","FRJ25"
36542458,"FR","FRJ","FRJ2","FRJ25"
36542470,"FR","FRJ","FRJ2","FRJ25"
36542764,"FR","FRB","FRB0","FRB05"
36542974,"FR","FRD","FRD2","FRD22"
36543136,"UK","UKJ","UKJ2","UKJ22"
36562280,"FR","FRJ","FRJ1","FRJ11"
36562298,"FR","FRJ","FRJ2","FRJ23"
36562352,"FR","FRJ","FRJ2","FRJ27"
36562582,"FR","FRI","FRI2","FRI23"
36562708,"FR","FRB","FRB0","FRB04"
36562754,"FR","FRB","FRB0","FRB05"
36562924,"FR","FRD","FRD2","FRD21"
36562934,"FR","FRD","FRD2","FRD21"
36562982,"FR","FRD","FRD2","FRD22"
36563144,"UK","UKJ","UKJ2","UKJ22"
36563158,"UK","UKJ","UKJ4","UKJ46"
36582164,"ES","ES5","ES51","ES511"
36582404,"FR","FRJ","FRJ2","FRJ25"
36582596,"FR","FRI","FRI2","FRI23"
36582614,"FR","FRI","FRI2","FRI23"
36582776,"FR","FRB","FRB0","FRB05"
36583442,"UK","UKE","UKE1","UKE12"
36602158,"ES","ES5","ES51","ES511"
36602258,"FR","FRJ","FRJ2","FRJ21"
36602384,"FR","FRJ","FRJ2","FRJ28"
36602428,"FR","FRJ","FRJ2","FRJ25"
36602464,"FR","FRJ","FRJ2","FRJ25"
36602546,"FR","FRI","FRI2","FRI23"
36602568,"FR","FRI","FRI2","FRI23"
36602618,"FR","FRI","FRI2","FRI23"
36602712,"FR","FRB","FRB0","FRB04"
36602752,"FR","FRB","FRB0","FRB05"
36602780,"FR","FRB","FRB0","FRB05"
36602806,"FR","FRB","FRB0","FRB05"
36602860,"FR","FRB","FRB0","FRB02"
36602888,"FR","FRD","FRD2","FRD21"
36602982,"FR","FRD","FRD2","FRD22"
36603000,"FR","FRD","FRD2","FRD22"
36603014,"FR","FRD","FRD2","FRD22"
36603158,"UK","UKJ","UKJ4","UKJ45"
36622674,"FR","FRB","FRB0","FRB03"
36622782,"FR","FRB","FRB0","FRB05"
36642156,"ES","ES5","ES51","ES511"
36642166,"ES","ES5","ES51","ES511"
36642378,"FR","FRJ","FRJ2","FRJ28"
36642598,"FR","FRI","FRI2","FRI22"
36642706,"FR","FRB","FRB0","FRB04"
36642796,"FR","FRB","FRB0","FRB05"
36642840,"FR","FRB","FRB0","FRB02"
36642912,"FR","FRD","FRD2","FRD21"
36642922,"FR","FRD","FRD2","FRD21"
36642976,"FR","FRD","FRD2","FRD22"
36643002,"FR","FRD","FRD2","FRD22"
36643156,"UK","UKJ","UKJ4","UKJ46"
36662416,"FR","FRJ","FRJ2","FRJ25"
36662704,"FR","FRB","FRB0","FRB03"
36662812,"FR","FRB","FRB0","FRB02"
36662830,"FR","FRB","FRB0","FRB02"
36662880,"FR","FRB","FRB0","FRB02"
36662884,"FR","FRB","FRB0","FRB02"
36662908,"FR","FRD","FRD2","FRD21"
36663142,"UK","UKJ","UKJ2","UKJ22"
36682302,"FR","FRJ","FRJ2","FRJ27"
36682522,"FR","FRI","FRI2","FRI21"
36682846,"FR","FRB","FRB0","FRB02"
36682864,"FR","FRB","FRB0","FRB02"
36702280,"FR","FRJ","FRJ1","FRJ11"
36702298,"FR","FRJ","FRJ2","FRJ23"
36702348,"FR","FRJ","FRJ2","FRJ27"
36702402,"FR","FRJ","FRJ2","FRJ25"
36702442,"FR","FRJ","FRJ2","FRJ25"
36702474,"FR","FRI","FRI2","FRI21"
36702532,"FR","FRI","FRI2","FRI21"
36702658,"FR","FRB","FRB0","FRB03"
36702712,"FR","FRB","FRB0","FRB03"
36703150,"UK","UKJ","UKJ4","UKJ45"
36703270,"UK","UKH","UKH1","UKH14"
36703392,"UK","UKF","UKF3","UKF30"
36722152,"ES","ES5","ES51","ES512"
36722164,"ES","ES5","ES51","ES512"
36722386,"FR","FRJ","FRJ2","FRJ28"
36722782,"FR","FRB","FRB0","FRB05"
36722926,"FR","FRD","FRD2","FRD21"
36722938,"FR","FRD","FRD2","FRD21"
36723010,"FR","FRD","FRD2","FRD22"
36723172,"UK","UKJ","UKJ4","UKJ45"
36723244,"UK","UKH","UKH3","UKH34"
36742088,"ES","ES5","ES51","ES511"
36742172,"ES","ES5","ES51","ES512"
36742448,"FR","FRJ","FRJ2","FRJ25"
36742474,"FR","FRI","FRI2","FRI21"
36742492,"FR","FRI","FRI2","FRI21"
36742604,"FR","FRI","FRI2","FRI22"
36742748,"FR","FRB","FRB0","FRB05"
36742852,"FR","FRB","FRB0","FRB02"
36742906,"FR","FRD","FRD2","FRD21"
36742982,"FR","FRD","FRD2","FRD22"
36743000,"FR","FRD","FRD2","FRD22"
36762164,"ES","ES5","ES51","ES512"
36762740,"FR","FRB","FRB0","FRB05"
36763172,"UK","UKJ","UKJ4","UKJ45"
36763388,"UK","UKF","UKF3","UKF30"
36782374,"FR","FRJ","FRJ2","FRJ28"
36782572,"FR","FRI","FRI2","FRI22"
36782654,"FR","FRB","FRB0","FRB03"
36782716,"FR","FRB","FRB0","FRB03"
36782730,"FR","FRB","FRB0","FRB05"
36782982,"FR","FRD","FRD2","FRD22"
36783148,"UK","UKJ","UKJ4","UKJ45"
36802106,"ES","ES5","ES51","ES511"
36802602,"FR","FRI","FRI2","FRI22"
36802854,"FR","FRB","FRB0","FRB02"
36802926,"FR","FRD","FRD2","FRD21"
36802962,"FR","FRD","FRD2","FRD22"
36803232,"UK","UKH","UKH3","UKH34"
36803250,"UK","UKH","UKH3","UKH34"
36822342,"FR","FRJ","FRJ2","FRJ27"
36822426,"FR","FRJ","FRJ2","FRJ25"
36822540,"FR","FRI","FRI2","FRI21"
36822720,"FR","FRB","FRB0","FRB05"
36822742,"FR","FRB","FRB0","FRB05"
36822768,"FR","FRB","FRB0","FRB05"
36822792,"FR","FRB","FRB0","FRB05"
36822804,"FR","FRB","FRB0","FRB02"
36822814,"FR","FRB","FRB0","FRB02"
36822858,"FR","FRB","FRB0","FRB02"
36822868,"FR","FRB","FRB0","FRB02"
36822900,"FR","FRD","FRD2","FRD21"
36823152,"UK","UKJ","UKJ4","UKJ45"
36842110,"ES","ES5","ES51","ES511"
36842134,"ES","ES5","ES51","ES511"
36842170,"ES","ES5","ES51","ES512"
36842308,"FR","FRJ","FRJ2","FRJ27"
36842488,"FR","FRI","FRI2","FRI21"
36842646,"FR","FRB","FRB0","FRB03"
36842746,"FR","FRB","FRB0","FRB05"
36842826,"FR","FRB","FRB0","FRB02"
36843280,"UK","UKH","UKH1","UKH14"
36862148,"ES","ES5","ES51","ES512"
36862176,"ES","ES5","ES51","ES512"
36862270,"FR","FRJ","FRJ1","FRJ11"
36862396,"FR","FRJ","FRJ2","FRJ22"
36862590,"FR","FRI","FRI2","FRI22"
36862662,"FR","FRB","FRB0","FRB03"
36862788,"FR","FRB","FRB0","FRB05"
36882150,"ES","ES5","ES51","ES512"
36882334,"FR","FRJ","FRJ2","FRJ27"
36882370,"FR","FRJ","FRJ2","FRJ27"
36882384,"FR","FRJ","FRJ2","FRJ22"
36882622,"FR","FRI","FRI2","FRI22"
36882640,"FR","FRB","FRB0","FRB03"
36882708,"FR","FRB","FRB0","FRB03"
36882964,"FR","FRD","FRD2","FRD22"
36883144,"UK","UKJ","UKJ4","UKJ44"
36883306,"UK","UKH","UKH1","UKH17"
36902560,"FR","FRI","FRI2","FRI22"
36902692,"FR","FRB","FRB0","FRB03"
36903154,"UK","UKJ","UKJ4","UKJ45"
36922168,"ES","ES5","ES51","ES512"
36922448,"FR","FRJ","FRJ2","FRJ25"
36922798,"FR","FRB","FRB0","FRB05"
36922820,"FR","FRB","FRB0","FRB02"
36922844,"FR","FRB","FRB0","FRB02"
36922946,"FR","FRD","FRD2","FRD21"
36922952,"FR","FRD","FRD2","FRD21"
36922960,"FR","FRD","FRD2","FRD22"
36942152,"ES","ES5","ES51","ES512"
36942362,"FR","FRJ","FRJ2","FRJ27"
36942632,"FR","FRB","FRB0","FRB03"
36942704,"FR","FRB","FRB0","FRB03"
36942938,"FR","FRD","FRD2","FRD21"
36962122,"ES","ES5","ES51","ES511"
36962384,"FR","FRJ","FRJ2","FRJ22"
36962690,"FR","FRB","FRB0","FRB03"
36962716,"FR","FRB","FRB0","FRB03"
36962780,"FR","FRB","FRB0","FRB06"
36962806,"FR","FRB","FRB0","FRB06"
36962824,"FR","FRB","FRB0","FRB02"
36962856,"FR","FRB","FRB0","FRB02"
36962888,"FR","FRB","FRB0","FRB02"
36962914,"FR","FRD","FRD2","FRD21"
36962928,"FR","FRD","FRD2","FRD21"
36962982,"FR","FRD","FRD2","FRD22"
36963004,"FR","FRD","FRD2","FRD22"
36963018,"FR","FRD","FRD2","FRD22"
36963230,"UK","UKH","UKH3","UKH34"
36982170,"ES","ES5","ES51","ES512"
36982404,"FR","FRJ","FRJ2","FRJ22"
36982782,"FR","FRB","FRB0","FRB06"
36983250,"UK","UKH","UKH1","UKH14"
37002426,"FR","FRJ","FRJ2","FRJ25"
37002606,"FR","FRI","FRI2","FRI22"
37002670,"FR","FRB","FRB0","FRB03"
37002724,"FR","FRB","FRB0","FRB05"
37002984,"FR","FRD","FRD2","FRD22"
37003278,"UK","UKH","UKH1","UKH14"
37022386,"FR","FRJ","FRJ2","FRJ22"
37022614,"FR","FRI","FRI2","FRI22"
37022664,"FR","FRB","FRB0","FRB03"
37022674,"FR","FRB","FRB0","FRB03"
37022848,"FR","FRB","FRB0","FRB02"
37022862,"FR","FRB","FRB0","FRB02"
37022872,"FR","FRB","FRB0","FRB02"
37022884,"FR","FRB","FRB0","FRB02"
37022938,"FR","FRD","FRD2","FRD21"
37022988,"FR","FRD","FRD2","FRD22"
37023010,"FR","FRD","FRD2","FRD22"
37023016,"FR","FRD","FRD2","FRD22"
37023172,"UK","UKJ","UKJ4","UKJ44"
37042554,"FR","FRI","FRI2","FRI22"
37042680,"FR","FRB","FRB0","FRB03"
37042806,"FR","FRB","FRB0","FRB06"
37042828,"FR","FRB","FRB0","FRB02"
37042846,"FR","FRB","FRB0","FRB02"
37042860,"FR","FRB","FRB0","FRB02"
37042900,"FR","FRB","FRB0","FRB02"
37062384,"FR","FRJ","FRJ2","FRJ22"
37062618,"FR","FRI","FRI2","FRI22"
37062654,"FR","FRB","FRB0","FRB03"
37062672,"FR","FRB","FRB0","FRB03"
37062820,"FR","FRB","FRB0","FRB02"
37062834,"FR","FRB","FRB0","FRB02"
37062856,"FR","FRB","FRB0","FRB02"
37062870,"FR","FRB","FRB0","FRB02"
37062892,"FR","FR1","FR10","FR103"
37062928,"FR","FRD","FRD2","FRD21"
37062996,"FR","FRD","FRD2","FRD22"
37063284,"UK","UKH","UKH1","UKH14"
37082290,"FR","FRJ","FRJ2","FRJ27"
37082368,"FR","FRJ","FRJ2","FRJ22"
37082380,"FR","FRJ","FRJ2","FRJ22"
37082560,"FR","FRI","FRI2","FRI22"
37082800,"FR","FRB","FRB0","FRB06"
37082818,"FR","FRB","FRB0","FRB02"
37082920,"FR","FR1","FR10","FR103"
37082974,"FR","FRD","FRD2","FRD22"
37083262,"UK","UKH","UKH1","UKH14"
37102304,"FR","FRJ","FRJ2","FRJ27"
37102358,"FR","FRJ","FRJ2","FRJ27"
37102474,"FR","FRK","FRK1","FRK12"
37102564,"FR","FRI","FRI2","FRI22"
37102780,"FR","FRB","FRB0","FRB06"
37102798,"FR","FRB","FRB0","FRB06"
37103014,"FR","FRD","FRD2","FRD22"
37122956,"FR","FRD","FRD2","FRD21"
37122992,"FR","FRD","FRD2","FRD22"
37142348,"FR","FRJ","FRJ2","FRJ27"
37142388,"FR","FRJ","FRJ2","FRJ22"
37142694,"FR","FRB","FRB0","FRB03"
37142906,"FR","FR1","FR10","FR103"
37142964,"FR","FRD","FRD2","FRD22"
37143022,"FR","FRD","FRD2","FRD22"
37143234,"UK","UKH","UKH3","UKH34"
37162116,"ES","ES5","ES51","ES512"
37162872,"FR","FR1","FR10","FR103"
37162926,"FR","FR1","FR10","FR108"
37182360,"FR","FRJ","FRJ2","FRJ22"
37182570,"FR","FRI","FRI2","FRI22"
37182612,"FR","FRI","FRI2","FRI22"
37182868,"FR","FR1","FR10","FR103"
37182912,"FR","FR1","FR10","FR103"
37182930,"FR","FR1","FR10","FR108"
37182940,"FR","FRD","FRD2","FRD21"
37182990,"FR","FRD","FRD2","FRD22"
37183012,"FR","FRD","FRD2","FRD22"
37183026,"FR","FRE","FRE2","FRE23"
37202358,"FR","FRJ","FRJ2","FRJ22"
37202494,"FR","FRK","FRK1","FRK12"
37202566,"FR","FRI","FRI2","FRI22"
37202596,"FR","FRI","FRI2","FRI22"
37202638,"FR","FRB","FRB0","FRB03"
37202844,"FR","FRB","FRB0","FRB02"
37202908,"FR","FR1","FR10","FR103"
37222482,"FR","FRK","FRK1","FRK12"
37222540,"FR","FRI","FRI2","FRI22"
37222666,"FR","FRB","FRB0","FRB01"
37222806,"FR","FRB","FRB0","FRB06"
37223008,"FR","FRD","FRD2","FRD22"
37223256,"UK","UKH","UKH1","UKH14"
37223310,"UK","UKH","UKH1","UKH17"
37242118,"ES","ES5","ES51","ES512"
37242276,"FR","FRJ","FRJ1","FRJ13"
37242384,"FR","FRJ","FRJ2","FRJ22"
37242430,"FR","FRK","FRK1","FRK12"
37242460,"FR","FRK","FRK1","FRK12"
37242510,"FR","FRI","FRI2","FRI21"
37242582,"FR","FRI","FRI2","FRI22"
37242618,"FR","FRI","FRI2","FRI22"
37242640,"FR","FRB","FRB0","FRB01"
37242654,"FR","FRB","FRB0","FRB01"
37242694,"FR","FRB","FRB0","FRB01"
37242838,"FR","FRB","FRB0","FRB02"
37242856,"FR","FR1","FR10","FR103"
37243036,"FR","FRE","FRE2","FRE23"
37243050,"FR","FRE","FRE2","FRE23"
37262116,"ES","ES5","ES51","ES512"
37262440,"FR","FRK","FRK1","FRK12"
37262444,"FR","FRK","FRK1","FRK12"
37262452,"FR","FRK","FRK1","FRK12"
37262560,"FR","FRI","FRI2","FRI22"
37262656,"FR","FRB","FRB0","FRB01"
37262830,"FR","FRB","FRB0","FRB02"
37282370,"FR","FRJ","FRJ2","FRJ22"
37282430,"FR","FRK","FRK1","FRK12"
37282438,"FR","FRK","FRK1","FRK12"
37282474,"FR","FRK","FRK1","FRK12"
37282492,"FR","FRK","FRK1","FRK12"
37282610,"FR","FRI","FRI2","FRI22"
37282676,"FR","FRB","FRB0","FRB01"
37282682,"FR","FRB","FRB0","FRB01"
37282790,"FR","FRB","FRB0","FRB06"
37282834,"FR","FR1","FR10","FR104"
37282844,"FR","FR1","FR10","FR104"
37282892,"FR","FR1","FR10","FR103"
37282898,"FR","FR1","FR10","FR103"
37282916,"FR","FR1","FR10","FR108"
37302368,"FR","FRJ","FRJ2","FRJ22"
37302404,"FR","FRJ","FRJ2","FRJ22"
37302458,"FR","FRK","FRK1","FRK12"
37302488,"FR","FRK","FRK1","FRK12"
37302542,"FR","FRI","FRI2","FRI22"
37302812,"FR","FRB","FRB0","FRB06"
37303046,"FR","FRE","FRE2","FRE23"
37303262,"UK","UKH","UKH1","UKH14"
37322140,"ES","ES5","ES51","ES512"
37322306,"FR","FRJ","FRJ1","FRJ13"
37322374,"FR","FRJ","FRJ2","FRJ22"
37322384,"FR","FRJ","FRJ2","FRJ22"
37322662,"FR","FRB","FRB0","FRB01"
37322694,"FR","FRB","FRB0","FRB01"
37322788,"FR","FRB","FRB0","FRB06"
37322932,"FR","FRE","FRE2","FRE22"
37322942,"FR","FRE","FRE2","FRE22"
37322986,"FR","FRE","FRE2","FRE22"
37323018,"FR","FRE","FRE2","FRE23"
37323090,"FR","FRE","FRE1","FRE12"
37323104,"FR","FRE","FRE1","FRE12"
37323248,"UK","UKH","UKH1","UKH14"
37342314,"FR","FRJ","FRJ2","FRJ27"
37342350,"FR","FRJ","FRJ2","FRJ22"
37342800,"FR","FRB","FRB0","FRB06"
37343052,"FR","FRE","FRE2","FRE23"
37343088,"FR","FRE","FRE1","FRE12"
37362444,"FR","FRK","FRK1","FRK12"
37362462,"FR","FRK","FRK1","FRK12"
37362472,"FR","FRK","FRK1","FRK12"
37362486,"FR","FRK","FRK1","FRK12"
37362504,"FR","FRK","FRK1","FRK12"
37362534,"FR","FRI","FRI2","FRI21"
37362544,"FR","FRI","FRI2","FRI22"
37362588,"FR","FRI","FRI2","FRI22"
37362642,"FR","FRB","FRB0","FRB01"
37362822,"FR","FRB","FRB0","FRB06"
37362858,"FR","FR1","FR10","FR104"
37362918,"FR","FR1","FR10","FR108"
37362994,"FR","FRE","FRE2","FRE23"
37363038,"FR","FRE","FRE2","FRE23"
37363062,"FR","FRE","FRE1","FRE12"
37363066,"FR","FRE","FRE1","FRE12"
37382260,"FR","FRJ","FRJ1","FRJ11"
37382484,"FR","FRK","FRK1","FRK12"
37382502,"FR","FRK","FRK1","FRK12"
37382566,"FR","FRI","FRI2","FRI22"
37382578,"FR","FRI","FRI2","FRI22"
37382596,"FR","FRI","FRI2","FRI22"
37382614,"FR","FRK","FRK1","FRK11"
37382632,"FR","FRB","FRB0","FRB01"
37382682,"FR","FRB","FRB0","FRB01"
37383082,"FR","FRE","FRE1","FRE12"
37402266,"FR","FRJ","FRJ1","FRJ11"
37402320,"FR","FRJ","FRJ2","FRJ27"
37402464,"FR","FRK","FRK1","FRK12"
37402630,"FR","FRK","FRK1","FRK11"
37402684,"FR","FRB","FRB0","FRB01"
37403062,"FR","FRE","FRE1","FRE12"
37422160,"ES","ES5","ES51","ES512"
37422262,"FR","FRJ","FRJ1","FRJ11"
37422276,"FR","FRJ","FRJ1","FRJ13"
37422586,"FR","FRI","FRI2","FRI22"
37422816,"FR","FRB","FRB0","FRB06"
37422820,"FR","FRB","FRB0","FRB06"
37422928,"FR","FR1","FR10","FR108"
37423086,"FR","FRE","FRE1","FRE12"
37423104,"FR","FRE","FRE1","FRE12"
37423108,"FR","FRE","FRE1","FRE12"
37442368,"FR","FRJ","FRJ2","FRJ22"
37442606,"FR","FRK","FRK1","FRK11"
37442620,"FR","FRK","FRK1","FRK11"
37442764,"FR","FRB","FRB0","FRB06"
37442830,"FR","FRB","FRB0","FRB06"
37442848,"FR","FR1","FR10","FR104"
37442962,"FR","FRE","FRE2","FRE22"
37442974,"FR","FRE","FRE2","FRE22"
37443100,"FR","FRE","FRE1","FRE12"
37443118,"FR","FRE","FRE1","FRE12"
37443334,"UK","UKH","UKH1","UKH16"
37462124,"ES","ES5","ES51","ES512"
37462312,"FR","FRJ","FRJ2","FRJ27"
37462370,"FR","FRJ","FRJ2","FRJ22"
37462420,"FR","FRJ","FRJ2","FRJ22"
37462438,"FR","FRJ","FRJ2","FRJ22"
37462484,"FR","FRK","FRK1","FRK12"
37462568,"FR","FRI","FRI2","FRI22"
37462928,"FR","FR1","FR10","FR108"
37463042,"FR","FRE","FRE2","FRE23"
37463072,"FR","FRE","FRE1","FRE12"
37482138,"ES","ES5","ES51","ES512"
37482156,"ES","ES5","ES51","ES512"
37482560,"FR","FRK","FRK1","FRK14"
37482588,"FR","FRK","FRK1","FRK14"
37482668,"FR","FRB","FRB0","FRB01"
37482812,"FR","FRB","FRB0","FRB06"
37482830,"FR","FR1","FR10","FR104"
37482938,"FR","FRE","FRE2","FRE22"
37502154,"ES","ES5","ES51","ES512"
37502424,"FR","FRJ","FRJ2","FRJ22"
37502442,"FR","FRJ","FRJ2","FRJ22"
37502482,"FR","FRK","FRK1","FRK12"
37502492,"FR","FRK","FRK1","FRK12"
37502514,"FR","FRK","FRK1","FRK14"
37502546,"FR","FRK","FRK1","FRK14"
37502622,"FR","FRK","FRK1","FRK11"
37502726,"FR","FRB","FRB0","FRB01"
37502748,"FR","FRB","FRB0","FRB01"
37503000,"FR","FRE","FRE2","FRE23"
37503040,"FR","FRE","FRE2","FRE23"
37503072,"FR","FRE","FRE1","FRE12"
37503086,"FR","FRE","FRE1","FRE12"
37522458,"FR","FRK","FRK1","FRK12"
37522476,"FR","FRK","FRK1","FRK12"
37522488,"FR","FRK","FRK1","FRK12"
37522944,"FR","FRE","FRE2","FRE22"
37522962,"FR","FRE","FRE2","FRE22"
37542264,"FR","FRJ","FRJ1","FRJ11"
37542450,"FR","FRK","FRK1","FRK12"
37542498,"FR","FRK","FRK1","FRK12"
37542526,"FR","FRK","FRK1","FRK14"
37542570,"FR","FRK","FRK1","FRK14"
37542810,"FR","FRB","FRB0","FRB06"
37542814,"FR","FRB","FRB0","FRB06"
37542840,"FR","FR1","FR10","FR104"
37542850,"FR","FR1","FR10","FR104"
37542940,"FR","FRE","FRE2","FRE22"
37542954,"FR","FRE","FRE2","FRE22"
37542990,"FR","FRE","FRE2","FRE23"
37543026,"FR","FRE","FRE2","FRE23"
37543110,"FR","FRE","FRE1","FRE12"
37543326,"UK","UKH","UKH1","UKH16"
37562340,"FR","FRJ","FRJ2","FRJ22"
37562412,"FR","FRJ","FRJ2","FRJ22"
37562422,"FR","FRJ","FRJ2","FRJ22"
37562430,"FR","FRJ","FRJ2","FRJ22"
37562458,"FR","FRK","FRK1","FRK12"
37562466,"FR","FRK","FRK1","FRK12"
37562476,"FR","FRK","FRK1","FRK12"
37562524,"FR","FRK","FRK1","FRK14"
37562542,"FR","FRK","FRK1","FRK14"
37562584,"FR","FRK","FRK1","FRK14"
37562596,"FR","FRK","FRK1","FRK11"
37562704,"FR","FRB","FRB0","FRB01"
37562728,"FR","FRB","FRB0","FRB01"
37562776,"FR","FRB","FRB0","FRB06"
37562812,"FR","FRB","FRB0","FRB06"
37562974,"FR","FRE","FRE2","FRE22"
37582396,"FR","FRJ","FRJ2","FRJ22"
37582414,"FR","FRJ","FRJ2","FRJ22"
37582662,"FR","FRB","FRB0","FRB01"
37582698,"FR","FRB","FRB0","FRB01"
37582792,"FR","FRB","FRB0","FRB06"
37582828,"FR","FRB","FRB0","FRB06"
37582918,"FR","FR1","FR10","FR108"
37583008,"FR","FRE","FRE2","FRE23"
37583076,"FR","FRE","FRE1","FRE12"
37583080,"FR","FRE","FRE1","FRE12"
37602280,"FR","FRJ","FRJ1","FRJ13"
37602304,"FR","FRJ","FRJ1","FRJ13"
37602384,"FR","FRJ","FRJ2","FRJ22"
37602402,"FR","FRJ","FRJ2","FRJ22"
37602420,"FR","FRJ","FRJ2","FRJ22"
37602424,"FR","FRJ","FRJ2","FRJ22"
37602502,"FR","FRK","FRK1","FRK12"
37602538,"FR","FRK","FRK1","FRK14"
37602640,"FR","FRK","FRK1","FRK11"
37602672,"FR","FRB","FRB0","FRB01"
37602708,"FR","FRB","FRB0","FRB01"
37602726,"FR","FRB","FRB0","FRB01"
37602744,"FR","FRB","FRB0","FRB01"
37602834,"FR","FR1","FR10","FR104"
37622444,"FR","FRK","FRK1","FRK12"
37622476,"FR","FRK","FRK1","FRK12"
37622530,"FR","FRK","FRK1","FRK14"
37622620,"FR","FRK","FRK1","FRK11"
37622692,"FR","FRB","FRB0","FRB01"
37622758,"FR","FRB","FRB0","FRB06"
37622764,"FR","FRB","FRB0","FRB06"
37622980,"FR","FRE","FRE2","FRE22"
37623064,"FR","FRE","FRE1","FRE12"
37623100,"FR","FRE","FRE1","FRE12"
37623106,"FR","FRE","FRE1","FRE12"
37642442,"FR","FRK","FRK1","FRK12"
37642478,"FR","FRK","FRK1","FRK12"
37642496,"FR","FRK","FRK1","FRK12"
37642574,"FR","FRK","FRK1","FRK14"
37642784,"FR","FRB","FRB0","FRB06"
37642790,"FR","FRB","FRB0","FRB06"
37642952,"FR","FRE","FRE2","FRE22"
37642970,"FR","FRE","FRE2","FRE22"
37642978,"FR","FRE","FRE2","FRE22"
37643018,"FR","FRE","FRE2","FRE23"
37643054,"FR","FRE","FRE1","FRE12"
37643108,"FR","FRE","FRE1","FRE12"
37662452,"FR","FRK","FRK1","FRK12"
37662458,"FR","FRK","FRK1","FRK12"
37662506,"FR","FRK","FRK1","FRK14"
37662516,"FR","FRK","FRK1","FRK14"
37662530,"FR","FRK","FRK1","FRK14"
37662638,"FR","FRK","FRK1","FRK11"
37682276,"FR","FRJ","FRJ1","FRJ13"
37682420,"FR","FRJ","FRJ1","FRJ14"
37682492,"FR","FRK","FRK1","FRK12"
37682496,"FR","FRK","FRK1","FRK14"
37682532,"FR","FRK","FRK1","FRK14"
37682550,"FR","FRK","FRK1","FRK14"
37682582,"FR","FRK","FRK1","FRK14"
37682694,"FR","FRB","FRB0","FRB01"
37682698,"FR","FRB","FRB0","FRB01"
37682906,"FR","FR1","FR10","FR108"
37682964,"FR","FRE","FRE2","FRE22"
37682968,"FR","FRE","FRE2","FRE22"
37682986,"FR","FRE","FRE2","FRE23"
37683112,"FR","FRE","FRE1","FRE12"
37702434,"FR","FRK","FRK1","FRK12"
37702440,"FR","FRK","FRK1","FRK12"
37702494,"FR","FRK","FRK1","FRK14"
37702506,"FR","FRK","FRK1","FRK14"
37702692,"FR","FRB","FRB0","FRB01"
37702818,"FR","FR1","FR10","FR102"
37702836,"FR","FR1","FR10","FR102"
37703016,"FR","FRE","FRE2","FRE23"
37703070,"FR","FRE","FRE1","FRE12"
37703124,"FR","FRE","FRE1","FRE11"
37722270,"FR","FRJ","FRJ1","FRJ13"
37722426,"FR","FRJ","FRJ1","FRJ14"
37722444,"FR","FRK","FRK1","FRK12"
37722454,"FR","FRK","FRK1","FRK12"
37722468,"FR","FRK","FRK1","FRK12"
37722504,"FR","FRK","FRK1","FRK14"
37722508,"FR","FRK","FRK1","FRK14"
37722516,"FR","FRK","FRK1","FRK14"
37722594,"FR","FRK","FRK1","FRK14"
37722612,"FR","FRK","FRK1","FRK11"
37722648,"FR","FRK","FRK1","FRK11"
37722688,"FR","FRB","FRB0","FRB01"
37722804,"FR","FRB","FRB0","FRB06"
37722822,"FR","FR1","FR10","FR102"
37722832,"FR","FR1","FR10","FR102"
37722850,"FR","FR1","FR10","FR102"
37742290,"FR","FRJ","FRJ1","FRJ13"
37742340,"FR","FRJ","FRJ2","FRJ22"
37742430,"FR","FRJ","FRJ1","FRJ14"
37742434,"FR","FRJ","FRJ1","FRJ14"
37742466,"FR","FRK","FRK1","FRK12"
37742488,"FR","FRK","FRK1","FRK12"
37742584,"FR","FRK","FRK1","FRK14"
37742592,"FR","FRK","FRK1","FRK14"
37742656,"FR","FRB","FRB0","FRB01"
37742710,"FR","FRB","FRB0","FRB01"
37742800,"FR","FRB","FRB0","FRB06"
37742812,"FR","FR1","FR10","FR102"
37743100,"FR","FRE","FRE1","FRE12"
37762386,"FR","FRJ","FRJ1","FRJ14"
37762468,"FR","FRK","FRK1","FRK12"
37762806,"FR","FRB","FRB0","FRB06"
37762968,"FR","FRE","FRE2","FRE22"
37763022,"FR","FRE","FRE2","FRE23"
37763062,"FR","FRE","FRE1","FRE12"
37782280,"FR","FRJ","FRJ1","FRJ13"
37782406,"FR","FRJ","FRJ1","FRJ14"
37782424,"FR","FRJ","FRJ1","FRJ14"
37782442,"FR","FRJ","FRJ1","FRJ14"
37782456,"FR","FRK","FRK1","FRK12"
37782460,"FR","FRK","FRK1","FRK12"
37782484,"FR","FRK","FRK1","FRK12"
37782538,"FR","FRK","FRK1","FRK14"
37782556,"FR","FRK","FRK1","FRK14"
37782618,"FR","FRK","FRK1","FRK11"
37782658,"FR","FRB","FRB0","FRB01"
37782784,"FR","FRB","FRB0","FRB06"
37782982,"FR","FRE","FRE2","FRE23"
37783050,"FR","FRE","FRE1","FRE12"
37783054,"FR","FRE","FRE1","FRE12"
37783068,"FR","FRE","FRE1","FRE12"
37783108,"FR","FRE","FRE1","FRE11"
37802272,"FR","FRJ","FRJ1","FRJ13"
37802332,"FR","FRJ","FRJ1","FRJ13"
37802422,"FR","FRJ","FRJ1","FRJ14"
37802434,"FR","FRJ","FRJ1","FRJ14"
37802440,"FR","FRJ","FRJ1","FRJ14"
37802452,"FR","FRK","FRK1","FRK12"
37802632,"FR","FRK","FRK1","FRK11"
37802674,"FR","FRB","FRB0","FRB01"
37802686,"FR","FRB","FRB0","FRB01"
37803070,"FR","FRE","FRE1","FRE12"
37822294,"FR","FRJ","FRJ1","FRJ13"
37822406,"FR","FRJ","FRJ1","FRJ14"
37822412,"FR","FRJ","FRJ1","FRJ14"
37822460,"FR","FRK","FRK1","FRK12"
37822466,"FR","FRK","FRK1","FRK12"
37822478,"FR","FRK","FRK1","FRK12"
37822520,"FR","FRK","FRK1","FRK14"
37822690,"FR","FRB","FRB0","FRB01"
37822754,"FR","FRB","FRB0","FRB06"
37822766,"FR","FRB","FRB0","FRB06"
37822906,"FR","FR1","FR10","FR102"
37822910,"FR","FR1","FR10","FR102"
37822928,"FR","FRE","FRE2","FRE22"
37822978,"FR","FRE","FRE2","FRE23"
37823006,"FR","FRE","FRE2","FRE23"
37823096,"FR","FRE","FRE1","FRE12"
37842408,"FR","FRJ","FRJ1","FRJ14"
37842498,"FR","FRK","FRK1","FRK14"
37842596,"FR","FRK","FRK1","FRK11"
37843100,"FR","FRE","FRE1","FRE11"
37862388,"FR","FRJ","FRJ1","FRJ14"
37862420,"FR","FRJ","FRJ1","FRJ14"
37862460,"FR","FRK","FRK1","FRK12"
37862474,"FR","FRK","FRK1","FRK12"
37862536,"FR","FRK","FRK1","FRK14"
37862654,"FR","FRK","FRK1","FRK11"
37862658,"FR","FRK","FRK1","FRK11"
37862852,"FR","FR1","FR10","FR102"
37862928,"FR","FRE","FRE2","FRE22"
37862960,"FR","FRE","FRE2","FRE22"
37862978,"FR","FRE","FRE2","FRE23"
37863004,"FR","FRE","FRE2","FRE23"
37863018,"FR","FRE","FRE2","FRE23"
37863032,"FR","FRE","FRE1","FRE12"
37863050,"FR","FRE","FRE1","FRE12"
37882332,"FR","FRJ","FRJ1","FRJ13"
37882398,"FR","FRJ","FRJ1","FRJ14"
37882440,"FR","FRJ","FRJ1","FRJ14"
37882494,"FR","FRK","FRK1","FRK13"
37882530,"FR","FRK","FRK1","FRK14"
37882584,"FR","FRK","FRK1","FRK11"
37882620,"FR","FRK","FRK1","FRK11"
37882782,"FR","FRB","FRB0","FRB06"
37882836,"FR","FR1","FR10","FR102"
37882980,"FR","FRE","FRE2","FRE23"
37902328,"FR","FRJ","FRJ1","FRJ13"
37902378,"FR","FRJ","FRJ1","FRJ14"
37902390,"FR","FRJ","FRJ1","FRJ14"
37902414,"FR","FRJ","FRJ1","FRJ14"
37902480,"FR","FRK","FRK1","FRK12"
37902504,"FR","FRK","FRK1","FRK14"
37902540,"FR","FRK","FRK1","FRK14"
37902552,"FR","FRK","FRK1","FRK14"
37902562,"FR","FRK","FRK1","FRK14"
37902580,"FR","FRK","FRK1","FRK11"
37902588,"FR","FRK","FRK1","FRK11"
37902630,"FR","FRK","FRK1","FRK11"
37902696,"FR","FRB","FRB0","FRB01"
37902900,"FR","FR1","FR10","FR102"
37902904,"FR","FR1","FR10","FR102"
37902930,"FR","FRE","FRE2","FRE22"
37902958,"FR","FRE","FRE2","FRE22"
37902976,"FR","FRE","FRE2","FRE23"
37902990,"FR","FRE","FRE2","FRE23"
37903026,"FR","FRE","FRE2","FRE23"
37903116,"FR","FRE","FRE1","FRE11"
37922278,"FR","FRJ","FRJ1","FRJ13"
37922296,"FR","FRJ","FRJ1","FRJ13"
37922340,"FR","FRJ","FRJ1","FRJ12"
37922362,"FR","FRJ","FRJ1","FRJ12"
37922448,"FR","FRJ","FRJ1","FRJ14"
37922466,"FR","FRK","FRK1","FRK12"
37922502,"FR","FRK","FRK1","FRK14"
37922566,"FR","FRK","FRK1","FRK14"
37922710,"FR","FRC","FRC1","FRC12"
37922722,"FR","FRC","FRC1","FRC12"
37922728,"FR","FRC","FRC1","FRC12"
37922790,"FR","FRB","FRB0","FRB06"
37922808,"FR","FRB","FRB0","FRB06"
37922920,"FR","FRE","FRE2","FRE22"
37922988,"FR","FRE","FRE2","FRE23"
37922998,"FR","FRE","FRE2","FRE23"
37923016,"FR","FRE","FRE2","FRE23"
37923064,"FR","FRE","FRE1","FRE12"
37923070,"FR","FRE","FRE1","FRE12"
37923106,"FR","FRE","FRE1","FRE11"
37942396,"FR","FRJ","FRJ1","FRJ14"
37942418,"FR","FRJ","FRJ1","FRJ14"
37942454,"FR","FRK","FRK1","FRK12"
37942486,"FR","FRK","FRK1","FRK13"
37942526,"FR","FRK","FRK1","FRK14"
37942720,"FR","FRC","FRC1","FRC12"
37942774,"FR","FRB","FRB0","FRB06"
37942824,"FR","FR1","FR10","FR102"
37942846,"FR","FR1","FR10","FR102"
37942860,"FR","FR1","FR10","FR102"
37942882,"FR","FR1","FR10","FR102"
37943040,"FR","FRE","FRE1","FRE12"
37943058,"FR","FRE","FRE1","FRE12"
37962280,"FR","FRJ","FRJ1","FRJ13"
37962550,"FR","FRK","FRK1","FRK14"
37962654,"FR","FRC","FRC1","FRC12"
37962708,"FR","FRC","FRC1","FRC12"
37962780,"FR","FRB","FRB0","FRB06"
37962978,"FR","FRE","FRE2","FRE23"
37963036,"FR","FRE","FRE1","FRE12"
37963072,"FR","FRE","FRE1","FRE12"
37982336,"FR","FRJ","FRJ1","FRJ12"
37982422,"FR","FRJ","FRJ1","FRJ14"
37982444,"FR","FRJ","FRJ1","FRJ14"
37982494,"FR","FRK","FRK1","FRK13"
37982642,"FR","FRK","FRK1","FRK11"
37982764,"FR","FRC","FRC1","FRC14"
37982956,"FR","FRE","FRE2","FRE22"
37983124,"FR","FRE","FRE1","FRE11"
38002370,"FR","FRJ","FRJ1","FRJ14"
38002438,"FR","FRJ","FRJ1","FRJ14"
38002456,"FR","FRK","FRK1","FRK13"
38002460,"FR","FRK","FRK1","FRK13"
38002484,"FR","FRK","FRK1","FRK13"
38002496,"FR","FRK","FRK1","FRK13"
38002514,"FR","FRK","FRK1","FRK14"
38002538,"FR","FRK","FRK1","FRK14"
38002574,"FR","FRK","FRK1","FRK14"
38002772,"FR","FRB","FRB0","FRB06"
38002820,"FR","FR1","FR10","FR102"
38002826,"FR","FR1","FR10","FR102"
38002892,"FR","FR1","FR10","FR102"
38002996,"FR","FRE","FRE2","FRE23"
38003036,"FR","FRE","FRE1","FRE12"
38003050,"FR","FRE","FRE1","FRE12"
38003068,"FR","FRE","FRE1","FRE12"
38022368,"FR","FRJ","FRJ1","FRJ14"
38022398,"FR","FRJ","FRJ1","FRJ14"
38022408,"FR","FRJ","FRJ1","FRJ14"
38022434,"FR","FRJ","FRJ1","FRJ14"
38022458,"FR","FRK","FRK1","FRK13"
38022524,"FR","FRK","FRK1","FRK14"
38022606,"FR","FRK","FRK1","FRK11"
38022776,"FR","FRC","FRC1","FRC14"
38022812,"FR","FRC","FRC1","FRC14"
38023064,"FR","FRE","FRE1","FRE12"
38023082,"FR","FRE","FRE1","FRE12"
38042406,"FR","FRJ","FRJ1","FRJ14"
38042428,"FR","FRJ","FRJ1","FRJ14"
38042550,"FR","FRK","FRK1","FRK14"
38042838,"FR","FR1","FR10","FR102"
38042978,"FR","FRE","FRE2","FRE23"
38042982,"FR","FRE","FRE2","FRE23"
38043050,"FR","FRE","FRE1","FRE12"
38043068,"FR","FRE","FRE1","FRE12"
38043086,"FR","FRE","FRE1","FRE11"
38043130,"BE","BE2","BE25","BE258"
38062416,"FR","FRJ","FRJ1","FRJ14"
38062440,"FR","FRK","FRK1","FRK13"
38062710,"FR","FRC","FRC1","FRC12"
38062800,"FR","FRC","FRC1","FRC14"
38062872,"FR","FR1","FR10","FR102"
38082372,"FR","FRJ","FRJ1","FRJ14"
38082408,"FR","FRJ","FRJ1","FRJ14"
38082616,"FR","FRK","FRK1","FRK11"
38082624,"FR","FRK","FRK1","FRK11"
38082706,"FR","FRC","FRC1","FRC12"
38082858,"FR","FR1","FR10","FR102"
38082912,"FR","FRE","FRE2","FRE22"
38082954,"FR","FRE","FRE2","FRE22"
38083008,"FR","FRE","FRE2","FRE23"
38083012,"FR","FRE","FRE2","FRE23"
38083026,"FR","FRE","FRE1","FRE12"
38083038,"FR","FRE","FRE1","FRE12"
38083092,"FR","FRE","FRE1","FRE11"
38083120,"BE","BE2","BE25","BE258"
38083128,"BE","BE2","BE25","BE258"
38102308,"FR","FRJ","FRJ1","FRJ13"
38102416,"FR","FRJ","FRJ1","FRJ14"
38102440,"FR","FRK","FRK1","FRK13"
38102458,"FR","FRK","FRK1","FRK13"
38102502,"FR","FRK","FRK1","FRK14"
38102512,"FR","FRK","FRK1","FRK14"
38102520,"FR","FRK","FRK1","FRK14"
38102566,"FR","FRK","FRK1","FRK14"
38102638,"FR","FRK","FRK1","FRK11"
38102758,"FR","FRC","FRC1","FRC14"
38102812,"FR","FRC","FRC1","FRC14"
38102866,"FR","FR1","FR10","FR102"
38102884,"FR","FR1","FR10","FR102"
38102908,"FR","FR1","FR10","FR102"
38103106,"BE","BE2","BE25","BE253"
38122410,"FR","FRJ","FRJ1","FRJ14"
38122428,"FR","FRJ","FRJ1","FRJ14"
38122788,"FR","FRC","FRC1","FRC14"
38122792,"FR","FRC","FRC1","FRC14"
38122810,"FR","FRC","FRC1","FRC14"
38122896,"FR","FR1","FR10","FR102"
38142406,"FR","FRJ","FRJ1","FRJ14"
38142430,"FR","FRJ","FRJ1","FRJ14"
38142442,"FR","FRK","FRK1","FRK13"
38142550,"FR","FRK","FRK1","FRK14"
38142574,"FR","FRK","FRK1","FRK11"
38142586,"FR","FRK","FRK1","FRK11"
38142600,"FR","FRK","FRK1","FRK11"
38142672,"FR","FRC","FRC1","FRC12"
38143014,"FR","FRE","FRE2","FRE23"
38143032,"FR","FRE","FRE1","FRE12"
38143104,"BE","BE2","BE25","BE253"
38162290,"FR","FRJ","FRJ1","FRJ13"
38162408,"FR","FRJ","FRJ1","FRJ14"
38162422,"FR","FRJ","FRJ1","FRJ14"
38162444,"FR","FRK","FRK1","FRK13"
38162462,"FR","FRK","FRK1","FRK13"
38162524,"FR","FRK","FRK1","FRK14"
38162602,"FR","FRK","FRK1","FRK11"
38162710,"FR","FRC","FRC1","FRC12"
38162740,"FR","FRC","FRC1","FRC14"
38162794,"FR","FRC","FRC1","FRC14"
38162848,"FR","FR1","FR10","FR102"
38162866,"FR","FR1","FR10","FR102"
38162902,"FR","FR1","FR10","FR102"
38162926,"FR","FRE","FRE2","FRE21"
38163028,"FR","FRE","FRE1","FRE12"
38163034,"FR","FRE","FRE1","FRE12"
38182394,"FR","FRJ","FRJ1","FRJ14"
38182406,"FR","FRJ","FRJ1","FRJ14"
38182424,"FR","FRJ","FRJ1","FRJ14"
38182438,"FR","FRJ","FRJ1","FRJ14"
38182564,"FR","FRK","FRK1","FRK14"
38182646,"FR","FRC","FRC1","FRC12"
38182952,"FR","FRE","FRE2","FRE22"
38182982,"FR","FRE","FRE2","FRE23"
38183132,"BE","BE2","BE25","BE252"
38202336,"FR","FRJ","FRJ1","FRJ13"
38202380,"FR","FRJ","FRJ1","FRJ14"
38202398,"FR","FRJ","FRJ1","FRJ14"
38202422,"FR","FRJ","FRJ1","FRJ14"
38202434,"FR","FRJ","FRJ1","FRJ14"
38202488,"FR","FRK","FRK1","FRK13"
38202512,"FR","FRK","FRK1","FRK14"
38202830,"FR","FR1","FR10","FR102"
38202974,"FR","FRE","FRE2","FRE22"
38202992,"FR","FRE","FRE2","FRE23"
38203100,"BE","BE2","BE25","BE253"
38203142,"BE","BE2","BE25","BE255"
38222384,"FR","FRJ","FRJ1","FRJ14"
38222464,"FR","FRK","FRK1","FRK13"
38222586,"FR","FRK","FRK1","FRK11"
38222618,"FR","FRK","FRK1","FRK11"
38222752,"FR","FRC","FRC1","FRC14"
38222762,"FR","FRC","FRC1","FRC14"
38222806,"FR","FRC","FRC1","FRC14"
38223004,"FR","FRE","FRE2","FRE23"
38223018,"FR","FRE","FRE1","FRE12"
38223050,"FR","FRE","FRE1","FRE12"
38223144,"BE","BE2","BE25","BE255"
38242404,"FR","FRJ","FRJ1","FRJ14"
38242416,"FR","FRJ","FRJ1","FRJ14"
38242440,"FR","FRK","FRK1","FRK13"
38242470,"FR","FRK","FRK1","FRK13"
38242692,"FR","FRC","FRC1","FRC12"
38242818,"FR","FRC","FRC1","FRC14"
38243088,"FR","FRE","FRE1","FRE11"
38262408,"FR","FRJ","FRJ1","FRJ14"
38262468,"FR","FRK","FRK1","FRK13"
38262486,"FR","FRK","FRK1","FRK13"
38262534,"FR","FRK","FRK1","FRK14"
38262570,"FR","FRK","FRK1","FRK11"
38262594,"FR","FRK","FRK1","FRK11"
38262598,"FR","FRK","FRK1","FRK11"
38262652,"FR","FRC","FRC1","FRC12"
38262778,"FR","FRC","FRC1","FRC14"
38262810,"FR","FRC","FRC1","FRC14"
38262828,"FR","FRC","FRC1","FRC14"
38262832,"FR","FR1","FR10","FR102"
38263030,"FR","FRE","FRE1","FRE12"
38263044,"FR","FRE","FRE1","FRE12"
38263134,"BE","BE2","BE25","BE252"
38282398,"FR","FRJ","FRJ1","FRJ14"
38282434,"FR","FRK","FRK1","FRK13"
38282488,"FR","FRK","FRK1","FRK13"
38282502,"FR","FRK","FRK1","FRK14"
38282776,"FR","FRC","FRC1","FRC14"
38282854,"FR","FR1","FR10","FR102"
38282956,"FR","FRE","FRE2","FRE21"
38282962,"FR","FRE","FRE2","FRE21"
38283100,"BE","BE3","BE32","BE324"
38302418,"FR","FRJ","FRJ1","FRJ14"
38302518,"FR","FRK","FRK1","FRK14"
38302626,"FR","FRK","FRK1","FRK11"
38302644,"FR","FRK","FRK1","FRK11"
38302756,"FR","FRC","FRC1","FRC14"
38302950,"FR","FRE","FRE2","FRE21"
38302972,"FR","FRE","FRE2","FRE21"
38303004,"FR","FRE","FRE2","FRE23"
38322430,"FR","FRK","FRK1","FRK13"
38322442,"FR","FRK","FRK1","FRK13"
38322618,"FR","FRK","FRK1","FRK11"
38322708,"FR","FRC","FRC1","FRC12"
38322712,"FR","FRC","FRC1","FRC12"
38322816,"FR","FRC","FRC1","FRC14"
38322856,"FR","FR1","FR10","FR102"
38322924,"FR","FRE","FRE2","FRE21"
38322964,"FR","FRE","FRE2","FRE21"
38323000,"FR","FRE","FRE2","FRE21"
38342398,"FR","FRJ","FRJ1","FRJ14"
38342416,"FR","FRJ","FRJ1","FRJ14"
38342434,"FR","FRK","FRK1","FRK13"
38342452,"FR","FRK","FRK1","FRK13"
38342494,"FR","FRK","FRK1","FRK14"
38342506,"FR","FRK","FRK1","FRK14"
38342524,"FR","FRK","FRK1","FRK14"
38342614,"FR","FRK","FRK1","FRK11"
38342686,"FR","FRC","FRC1","FRC12"
38342728,"FR","FRC","FRC1","FRC12"
38343016,"FR","FRE","FRE1","FRE11"
38362312,"FR","FRJ","FRJ1","FRJ13"
38362424,"FR","FRJ","FRJ1","FRJ14"
38362438,"FR","FRK","FRK1","FRK13"
38362456,"FR","FRK","FRK1","FRK13"
38362496,"FR","FRK","FRK1","FRK14"
38362502,"FR","FRK","FRK1","FRK14"
38362528,"FR","FRK","FRK1","FRK14"
38362592,"FR","FRK","FRK1","FRK11"
38362762,"FR","FRC","FRC1","FRC14"
38362766,"FR","FRC","FRC1","FRC14"
38362852,"FR","FR1","FR10","FR102"
38362906,"FR","FRE","FRE2","FRE21"
38362916,"FR","FRE","FRE2","FRE21"
38362928,"FR","FRE","FRE2","FRE21"
38362960,"FR","FRE","FRE2","FRE21"
38362988,"FR","FRE","FRE2","FRE21"
38363014,"FR","FRE","FRE1","FRE11"
38363036,"FR","FRE","FRE1","FRE11"
38382362,"FR","FRJ","FRJ1","FRJ12"
38382372,"FR","FRJ","FRJ1","FRJ12"
38382422,"FR","FRK","FRK2","FRK22"
38382440,"FR","FRK","FRK1","FRK13"
38382542,"FR","FRK","FRK2","FRK25"
38382548,"FR","FRK","FRK2","FRK25"
38382614,"FR","FRK","FRK1","FRK11"
38382794,"FR","FRC","FRC1","FRC14"
38382866,"FR","FR1","FR10","FR102"
38383064,"FR","FRE","FRE1","FRE11"
38383124,"BE","BE2","BE25","BE256"
38402424,"FR","FRK","FRK2","FRK22"
38402492,"FR","FRK","FRK1","FRK14"
38402982,"FR","FRE","FRE2","FRE21"
38403054,"FR","FRE","FRE1","FRE11"
38403112,"BE","BE2","BE25","BE256"
38422434,"FR","FRK","FRK1","FRK13"
38422440,"FR","FRK","FRK1","FRK13"
38422548,"FR","FRK","FRK2","FRK25"
38422560,"FR","FRK","FRK2","FRK25"
38422584,"FR","FRK","FRK1","FRK11"
38422782,"FR","FRC","FRC1","FRC14"
38422890,"FR","FRE","FRE2","FRE21"
38442342,"FR","FRJ","FRJ1","FRJ12"
38442378,"FR","FRJ","FRJ1","FRJ12"
38442396,"FR","FRK","FRK2","FRK22"
38442450,"FR","FRK","FRK1","FRK13"
38442486,"FR","FRK","FRK1","FRK13"
38442522,"FR","FRK","FRK2","FRK25"
38442534,"FR","FRK","FRK2","FRK25"
38442850,"FR","FRF","FRF2","FRF22"
38442994,"FR","FRE","FRE2","FRE21"
38443098,"BE","BE2","BE25","BE254"
38462430,"FR","FRK","FRK2","FRK22"
38462488,"FR","FRK","FRK1","FRK13"
38462556,"FR","FRK","FRK2","FRK25"
38462610,"FR","FRK","FRK1","FRK11"
38462664,"FR","FRC","FRC1","FRC12"
38462746,"FR","FRC","FRC1","FRC14"
38462830,"FR","FRF","FRF2","FRF22"
38462898,"FR","FRE","FRE2","FRE21"
38462956,"FR","FRE","FRE2","FRE21"
38462974,"FR","FRE","FRE2","FRE21"
38463052,"FR","FRE","FRE1","FRE11"
38463096,"BE","BE2","BE25","BE254"
38463106,"BE","BE2","BE25","BE254"
38482324,"FR","FRJ","FRJ1","FRJ12"
38482454,"FR","FRK","FRK1","FRK13"
38482508,"FR","FRK","FRK1","FRK14"
38482522,"FR","FRK","FRK2","FRK25"
38482526,"FR","FRK","FRK2","FRK25"
38482896,"FR","FRE","FRE2","FRE21"
38482918,"FR","FRE","FRE2","FRE21"
38483026,"FR","FRE","FRE1","FRE11"
38483116,"BE","BE2","BE25","BE257"
38483134,"BE","BE2","BE25","BE251"
38502352,"FR","FRJ","FRJ1","FRJ12"
38502676,"FR","FRC","FRC1","FRC12"
38502784,"FR","FRC","FRC1","FRC14"
38502928,"FR","FRE","FRE2","FRE21"
38522308,"FR","FRJ","FRJ1","FRJ12"
38522344,"FR","FRJ","FRJ1","FRJ12"
38522458,"FR","FRK","FRK1","FRK13"
38522470,"FR","FRK","FRK1","FRK13"
38522512,"FR","FRK","FRK2","FRK25"
38522602,"FR","FRK","FRK1","FRK11"
38522650,"FR","FRC","FRC1","FRC12"
38522782,"FR","FRC","FRC1","FRC14"
38522812,"FR","FRF","FRF2","FRF22"
38522836,"FR","FRF","FRF2","FRF22"
38522848,"FR","FRF","FRF2","FRF23"
38522974,"FR","FRE","FRE2","FRE21"
38523118,"BE","BE2","BE25","BE257"
38523136,"BE","BE2","BE25","BE251"
38542438,"FR","FRK","FRK1","FRK13"
38542564,"FR","FRK","FRK2","FRK25"
38542640,"FR","FRC","FRC1","FRC13"
38542808,"FR","FRF","FRF2","FRF22"
38542960,"FR","FRE","FRE2","FRE21"
38542982,"FR","FRE","FRE2","FRE21"
38543000,"FR","FRE","FRE2","FRE21"
38543006,"FR","FRE","FRE2","FRE21"
38543096,"BE","BE2","BE25","BE254"
38543122,"BE","BE2","BE25","BE257"
38562344,"FR","FRJ","FRJ1","FRJ12"
38562512,"FR","FRK","FRK2","FRK25"
38562650,"FR","FRC","FRC1","FRC12"
38562884,"FR","FRF","FRF2","FRF23"
38563082,"BE","BE3","BE32","BE327"
38582330,"FR","FRJ","FRJ1","FRJ12"
38582334,"FR","FRJ","FRJ1","FRJ12"
38582456,"FR","FRK","FRK1","FRK13"
38582504,"FR","FRK","FRK2","FRK25"
38582838,"FR","FRF","FRF2","FRF22"
38582928,"FR","FRE","FRE2","FRE21"
38582942,"FR","FRE","FRE2","FRE21"
38583000,"FR","FRE","FRE2","FRE21"
38583072,"BE","BE3","BE32","BE327"
38583090,"BE","BE3","BE32","BE327"
38583130,"BE","BE2","BE23","BE234"
38602440,"FR","FRK","FRK1","FRK13"
38602530,"FR","FRK","FRK2","FRK25"
38602818,"FR","FRF","FRF2","FRF22"
38603088,"BE","BE3","BE32","BE327"
38622382,"FR","FRK","FRK2","FRK22"
38622396,"FR","FRK","FRK2","FRK22"
38622408,"FR","FRK","FRK2","FRK22"
38622468,"FR","FRK","FRK1","FRK13"
38622490,"FR","FRK","FRK1","FRK13"
38622498,"FR","FRK","FRK2","FRK25"
38622598,"FR","FRC","FRC1","FRC13"
38622624,"FR","FRC","FRC1","FRC13"
38622634,"FR","FRC","FRC1","FRC13"
38622774,"FR","FRC","FRC1","FRC14"
38622990,"FR","FRE","FRE2","FRE21"
38642470,"FR","FRK","FRK1","FRK13"
38642854,"FR","FRF","FRF2","FRF23"
38643010,"FR","FRE","FRE2","FRE21"
38662548,"FR","FRK","FRK2","FRK25"
38662572,"FR","FRK","FRK2","FRK25"
38662770,"FR","FRC","FRC1","FRC14"
38662914,"FR","FRF","FRF2","FRF23"
38662968,"FR","FRE","FRE2","FRE21"
38663004,"FR","FRE","FRE2","FRE21"
38663098,"BE","BE2","BE23","BE235"
38682370,"FR","FRJ","FRJ1","FRJ12"
38682376,"FR","FRK","FRK2","FRK22"
38682466,"FR","FRK","FRK1","FRK13"
38682502,"FR","FRK","FRK2","FRK25"
38682528,"FR","FRK","FRK2","FRK25"
38682654,"FR","FRC","FRC1","FRC13"
38682960,"FR","FRE","FRE2","FRE21"
38683122,"BE","BE2","BE23","BE234"
38702362,"FR","FRJ","FRJ1","FRJ12"
38702372,"FR","FRJ","FRJ1","FRJ12"
38702462,"FR","FRK","FRK1","FRK13"
38702476,"FR","FRK","FRK1","FRK13"
38702480,"FR","FRK","FRK1","FRK13"
38702758,"FR","FRC","FRC1","FRC14"
38702980,"FR","FRE","FRE2","FRE21"
38703124,"BE","BE2","BE23","BE234"
38722460,"FR","FRK","FRK1","FRK13"
38722484,"FR","FRK","FRK1","FRK13"
38722618,"FR","FRC","FRC1","FRC13"
38722676,"FR","FRC","FRC1","FRC13"
38722690,"FR","FRC","FRC1","FRC12"
38722694,"FR","FRC","FRC1","FRC12"
38722726,"FR","FRC","FRC1","FRC14"
38722802,"FR","FRF","FRF2","FRF22"
38723036,"FR","FRE","FRE1","FRE11"
38723078,"BE","BE3","BE32","BE327"
38742440,"FR","FRK","FRK2","FRK22"
38742938,"FR","FRE","FRE2","FRE21"
38743106,"BE","BE2","BE23","BE235"
38743146,"BE","BE2","BE23","BE233"
38762464,"FR","FRK","FRK1","FRK13"
38762486,"FR","FRK","FRK1","FRK13"
38762586,"FR","FRC","FRC1","FRC13"
38762644,"FR","FRC","FRC1","FRC13"
38762662,"FR","FRC","FRC1","FRC13"
38762680,"FR","FRC","FRC1","FRC13"
38762770,"FR","FRC","FRC1","FRC14"
38762780,"FR","FRF","FRF2","FRF22"
38762978,"FR","FRE","FRE2","FRE21"
38763094,"BE","BE2","BE23","BE235"
38782458,"FR","FRK","FRK2","FRK22"
38782548,"FR","FRK","FRK2","FRK25"
38782566,"FR","FRK","FRK2","FRK26"
38782602,"FR","FRC","FRC1","FRC13"
38782764,"FR","FRC","FRC1","FRC14"
38782872,"FR","FRF","FRF2","FRF23"
38782944,"FR","FRE","FRE2","FRE21"
38802318,"FR","FRJ","FRJ1","FRJ12"
38802354,"FR","FRJ","FRJ1","FRJ12"
38802850,"FR","FRF","FRF2","FRF22"
38803038,"FR","FRE","FRE1","FRE11"
38803102,"BE","BE2","BE23","BE235"
38803134,"BE","BE2","BE23","BE234"
38822434,"FR","FRK","FRK2","FRK22"
38822448,"FR","FRK","FRK2","FRK22"
38822466,"FR","FRK","FRK1","FRK13"
38822512,"FR","FRK","FRK2","FRK25"
38822538,"FR","FRK","FRK2","FRK25"
38822584,"FR","FRC","FRC1","FRC13"
38822718,"FR","FRC","FRC1","FRC11"
38822830,"FR","FRF","FRF2","FRF22"
38822848,"FR","FRF","FRF2","FRF22"
38842342,"FR","FRJ","FRJ1","FRJ12"
38842414,"FR","FRK","FRK2","FRK22"
38842454,"FR","FRK","FRK2","FRK22"
38842486,"FR","FRK","FRK2","FRK25"
38842590,"FR","FRC","FRC1","FRC13"
38842810,"FR","FRF","FRF2","FRF22"
38842864,"FR","FRF","FRF2","FRF23"
38842882,"FR","FRF","FRF2","FRF23"
38843040,"FR","FRE","FRE1","FRE11"
38843066,"BE","BE3","BE32","BE323"
38862312,"FR","FRJ","FRJ1","FRJ12"
38862322,"FR","FRJ","FRJ1","FRJ12"
38862442,"FR","FRK","FRK2","FRK22"
38862448,"FR","FRK","FRK2","FRK22"
38862478,"FR","FRK","FRK2","FRK25"
38862658,"FR","FRC","FRC1","FRC13"
38862780,"FR","FRF","FRF2","FRF22"
38863036,"FR","FRE","FRE1","FRE11"
38863068,"BE","BE3","BE32","BE323"
38882368,"FR","FRJ","FRJ1","FRJ12"
38882416,"FR","FRK","FRK2","FRK22"
38882480,"FR","FRK","FRK2","FRK25"
38882488,"FR","FRK","FRK2","FRK25"
38882512,"FR","FRK","FRK2","FRK25"
38882614,"FR","FRC","FRC1","FRC13"
38882650,"FR","FRC","FRC1","FRC13"
38882776,"FR","FRC","FRC1","FRC14"
38882938,"FR","FRE","FRE2","FRE21"
38882962,"FR","FRE","FRE2","FRE21"
38883110,"BE","BE2","BE23","BE231"
38883118,"BE","BE2","BE23","BE234"
38902586,"FR","FRK","FRK2","FRK26"
38902676,"FR","FRC","FRC1","FRC13"
38902780,"FR","FRF","FRF2","FRF22"
38902826,"FR","FRF","FRF2","FRF22"
38902838,"FR","FRF","FRF2","FRF22"
38903014,"FR","FRE","FRE1","FRE11"
38903114,"BE","BE2","BE23","BE232"
38922344,"FR","FRJ","FRJ1","FRJ12"
38922362,"FR","FRJ","FRJ1","FRJ12"
38922452,"FR","FRK","FRK2","FRK22"
38922584,"FR","FRK","FRK2","FRK26"
38922722,"FR","FRC","FRC1","FRC11"
38922812,"FR","FRF","FRF2","FRF22"
38922830,"FR","FRF","FRF2","FRF22"
38922992,"FR","FRE","FRE2","FRE21"
38923172,"NL","NL3","NL34","NL342"
38942352,"FR","FRJ","FRJ1","FRJ12"
38942522,"FR","FRK","FRK2","FRK26"
38942568,"FR","FRK","FRK2","FRK26"
38942636,"FR","FRC","FRC1","FRC13"
38942726,"FR","FRC","FRC1","FRC11"
38942748,"FR","FRC","FRC1","FRC11"
38942924,"FR","FRF","FRF2","FRF23"
38943000,"FR","FRE","FRE2","FRE21"
38943054,"BE","BE3","BE32","BE323"
38943130,"BE","BE2","BE23","BE234"
38943176,"NL","NL3","NL34","NL342"
38962434,"FR","FRK","FRK2","FRK22"
38962440,"FR","FRK","FRK2","FRK22"
38962578,"FR","FRK","FRK2","FRK26"
38962836,"FR","FRF","FRF2","FRF22"
38962962,"FR","FRF","FRF2","FRF21"
38982480,"FR","FRK","FRK2","FRK22"
38982516,"FR","FRK","FRK2","FRK26"
38982598,"FR","FRC","FRC1","FRC13"
38982634,"FR","FRC","FRC1","FRC13"
38982756,"FR","FRC","FRC1","FRC11"
38982792,"FR","FRF","FRF2","FRF22"
38982814,"FR","FRF","FRF2","FRF22"
38982868,"FR","FRF","FRF2","FRF23"
38982940,"FR","FRF","FRF2","FRF21"
38983092,"BE","BE2","BE23","BE231"
38983116,"BE","BE2","BE23","BE232"
39002340,"FR","FRJ","FRJ1","FRJ12"
39002440,"FR","FRK","FRK2","FRK22"
39002614,"FR","FRC","FRC1","FRC13"
39002836,"FR","FRF","FRF2","FRF22"
39002872,"FR","FRF","FRF2","FRF23"
39002926,"FR","FRF","FRF2","FRF23"
39002952,"FR","FRF","FRF2","FRF21"
39002980,"FR","FRE","FRE2","FRE21"
39002992,"FR","FRE","FRE2","FRE21"
39003046,"BE","BE3","BE32","BE326"
39003172,"NL","NL3","NL34","NL342"
39022476,"FR","FRK","FRK2","FRK22"
39022590,"FR","FRK","FRK2","FRK26"
39022918,"FR","FRF","FRF2","FRF23"
39023026,"FR","FRE","FRE1","FRE11"
39023088,"BE","BE2","BE24","BE241"
39042744,"FR","FRC","FRC1","FRC11"
39042784,"FR","FRF","FRF2","FRF22"
39042888,"FR","FRF","FRF2","FRF23"
39062614,"FR","FRC","FRC1","FRC13"
39062638,"FR","FRC","FRC1","FRC13"
39062668,"FR","FRC","FRC1","FRC13"
39062686,"FR","FRC","FRC1","FRC11"
39062704,"FR","FRC","FRC1","FRC11"
39062920,"FR","FRF","FRF2","FRF23"
39062944,"FR","FRF","FRF2","FRF21"
39063046,"BE","BE3","BE32","BE326"
39063124,"BE","BE2","BE23","BE232"
39082546,"FR","FRK","FRK2","FRK26"
39082556,"FR","FRK","FRK2","FRK26"
39082600,"FR","FRC","FRC1","FRC13"
39082636,"FR","FRC","FRC1","FRC13"
39082654,"FR","FRC","FRC1","FRC13"
39082708,"FR","FRC","FRC1","FRC11"
39082754,"FR","FRC","FRC1","FRC11"
39082798,"FR","FRF","FRF2","FRF22"
39082838,"FR","FRF","FRF2","FRF22"
39082862,"FR","FRF","FRF2","FRF23"
39082946,"FR","FRF","FRF2","FRF21"
39082982,"FR","FRF","FRF2","FRF21"
39083042,"BE","BE3","BE32","BE326"
39083090,"BE","BE2","BE24","BE241"
39102398,"FR","FRK","FRK2","FRK23"
39102512,"FR","FRK","FRK2","FRK26"
39103154,"NL","NL3","NL34","NL341"
39122316,"FR","FRL","FRL0","FRL04"
39122320,"FR","FRL","FRL0","FRL04"
39122568,"FR","FRK","FRK2","FRK26"
39122644,"FR","FRC","FRC1","FRC13"
39122658,"FR","FRC","FRC1","FRC13"
39122694,"FR","FRC","FRC1","FRC11"
39122716,"FR","FRC","FRC1","FRC11"
39122744,"FR","FRC","FRC1","FRC11"
39122860,"FR","FRF","FRF2","FRF23"
39122928,"FR","FRF","FRF2","FRF21"
39122942,"FR","FRF","FRF2","FRF21"
39122950,"FR","FRF","FRF2","FRF21"
39122978,"FR","FRF","FRF2","FRF21"
39123076,"BE","BE3","BE31","BE310"
39123108,"BE","BE2","BE24","BE241"
39123144,"BE","BE2","BE23","BE236"
39142368,"FR","FRK","FRK2","FRK23"
39142674,"FR","FRC","FRC1","FRC11"
39162358,"FR","FRL","FRL0","FRL06"
39162360,"FR","FRL","FRL0","FRL06"
39162426,"FR","FRK","FRK2","FRK23"
39162444,"FR","FRK","FRK2","FRK23"
39162498,"FR","FRK","FRK2","FRK24"
39162544,"FR","FRK","FRK2","FRK26"
39162612,"FR","FRC","FRC1","FRC13"
39162624,"FR","FRC","FRC1","FRC13"
39162670,"FR","FRC","FRC1","FRC11"
39162684,"FR","FRC","FRC1","FRC11"
39162828,"FR","FRF","FRF2","FRF22"
39162868,"FR","FRF","FRF2","FRF23"
39162930,"FR","FRF","FRF2","FRF21"
39182332,"FR","FRL","FRL0","FRL06"
39182350,"FR","FRL","FRL0","FRL06"
39182412,"FR","FRK","FRK2","FRK23"
39182560,"FR","FRK","FRK2","FRK21"
39182614,"FR","FRC","FRC1","FRC13"
39182722,"FR","FRC","FRC1","FRC11"
39182728,"FR","FRC","FRC1","FRC11"
39183118,"BE","BE2","BE24","BE241"
39202282,"FR","FRL","FRL0","FRL04"
39202414,"FR","FRK","FRK2","FRK23"
39202464,"FR","FRK","FRK2","FRK23"
39202482,"FR","FRK","FRK2","FRK24"
39202554,"FR","FRK","FRK2","FRK21"
39202572,"FR","FRK","FRK2","FRK21"
39202918,"FR","FRF","FRF2","FRF23"
39202950,"FR","FRF","FRF2","FRF21"
39203112,"BE","BE2","BE24","BE241"
39222334,"FR","FRL","FRL0","FRL06"
39222348,"FR","FRL","FRL0","FRL06"
39222514,"FR","FRK","FRK2","FRK26"
39222708,"FR","FRC","FRC1","FRC11"
39222802,"FR","FRF","FRF2","FRF22"
39222852,"FR","FRF","FRF2","FRF23"
39222870,"FR","FRF","FRF2","FRF23"
39222928,"FR","FRF","FRF2","FRF21"
39222982,"FR","FRF","FRF2","FRF21"
39223078,"BE","BE3","BE31","BE310"
39242462,"FR","FRK","FRK2","FRK23"
39242476,"FR","FRK","FRK2","FRK23"
39242728,"FR","FRC","FRC1","FRC11"
39242836,"FR","FRF","FRF2","FRF22"
39242938,"FR","FRF","FRF2","FRF21"
39242962,"FR","FRF","FRF2","FRF21"
39262352,"FR","FRL","FRL0","FRL06"
39262370,"FR","FRK","FRK2","FRK23"
39262484,"FR","FRK","FRK2","FRK24"
39262496,"FR","FRK","FRK2","FRK24"
39262586,"FR","FRK","FRK2","FRK21"
39262718,"FR","FRC","FRC1","FRC11"
39262766,"FR","FRC","FRC1","FRC11"
39262942,"FR","FRF","FRF2","FRF21"
39262964,"FR","FRF","FRF2","FRF21"
39262982,"FR","FRF","FRF2","FRF21"
39263060,"BE","BE3","BE32","BE322"
39263086,"BE","BE2","BE24","BE241"
39282308,"FR","FRL","FRL0","FRL04"
39283056,"BE","BE3","BE32","BE322"
39302410,"FR","FRK","FRK2","FRK23"
39302496,"FR","FRK","FRK2","FRK24"
39302608,"FR","FRC","FRC1","FRC13"
39302654,"FR","FRC","FRC1","FRC13"
39302712,"FR","FRC","FRC1","FRC11"
39302730,"FR","FRC","FRC1","FRC11"
39302766,"FR","FRC","FRC1","FRC11"
39302924,"FR","FRF","FRF2","FRF21"
39302986,"FR","FRF","FRF2","FRF21"
39303032,"BE","BE3","BE35","BE353"
39303054,"BE","BE3","BE32","BE322"
39303086,"BE","BE2","BE24","BE241"
39303122,"BE","BE2","BE21","BE212"
39322344,"FR","FRL","FRL0","FRL06"
39322368,"FR","FRK","FRK2","FRK23"
39322458,"FR","FRK","FRK2","FRK23"
39322674,"FR","FRC","FRC1","FRC11"
39322890,"FR","FRF","FRF2","FRF23"
39342306,"FR","FRL","FRL0","FRL06"
39342486,"FR","FRK","FRK2","FRK24"
39342594,"FR","FRK","FRK2","FRK21"
39342598,"FR","FRK","FRK2","FRK21"
39342616,"FR","FRC","FRC1","FRC13"
39342660,"FR","FRC","FRC1","FRC13"
39342792,"FR","FRF","FRF2","FRF22"
39342876,"FR","FRF","FRF2","FRF23"
39342922,"FR","FRF","FRF2","FRF21"
39342958,"FR","FRF","FRF2","FRF21"
39362394,"FR","FRK","FRK2","FRK23"
39362524,"FR","FRK","FRK2","FRK26"
39362530,"FR","FRK","FRK2","FRK26"
39362548,"FR","FRK","FRK2","FRK21"
39362596,"FR","FRK","FRK2","FRK21"
39362740,"FR","FRC","FRC1","FRC11"
39362952,"FR","FRF","FRF2","FRF21"
39363034,"BE","BE3","BE35","BE353"
39382342,"FR","FRL","FRL0","FRL06"
39382432,"FR","FRK","FRK2","FRK23"
39382558,"FR","FRK","FRK2","FRK21"
39382738,"FR","FRC","FRC1","FRC11"
39382774,"FR","FRF","FRF2","FRF24"
39382810,"FR","FRF","FRF2","FRF22"
39382972,"FR","FRF","FRF2","FRF21"
39383058,"BE","BE3","BE35","BE352"
39402376,"FR","FRK","FRK2","FRK23"
39402406,"FR","FRK","FRK2","FRK23"
39402502,"FR","FRK","FRK2","FRK24"
39402712,"FR","FRC","FRC1","FRC11"
39402906,"FR","FRF","FRF2","FRF23"
39402960,"FR","FRF","FRF2","FRF21"
39422408,"FR","FRK","FRK2","FRK23"
39422452,"FR","FRK","FRK2","FRK23"
39422470,"FR","FRK","FRK2","FRK23"
39422614,"FR","FRC","FRC1","FRC13"
39422638,"FR","FRC","FRC1","FRC13"
39422650,"FR","FRC","FRC1","FRC13"
39423106,"BE","BE2","BE24","BE242"
39442388,"FR","FRK","FRK2","FRK23"
39442442,"FR","FRK","FRK2","FRK23"
39442582,"FR","FRK","FRK2","FRK21"
39442604,"FR","FRK","FRK2","FRK21"
39442694,"FR","FRC","FRC1","FRC11"
39442712,"FR","FRC","FRC1","FRC11"
39442726,"FR","FRC","FRC1","FRC11"
39442798,"FR","FRF","FRF2","FRF24"
39442970,"FR","FRF","FRF2","FRF21"
39443068,"BE","BE3","BE35","BE352"
39443132,"BE","BE2","BE21","BE211"
39443158,"BE","BE2","BE21","BE211"
39462354,"FR","FRL","FRL0","FRL06"
39462542,"FR","FRK","FRK2","FRK21"
39462584,"FR","FRK","FRK2","FRK21"
39462794,"FR","FRF","FRF2","FRF24"
39462812,"FR","FRF","FRF2","FRF24"
39482460,"FR","FRK","FRK2","FRK24"
39482550,"FR","FRK","FRK2","FRK21"
39482622,"FR","FRC","FRC1","FRC13"
39482690,"FR","FRC","FRC1","FRC11"
39482816,"FR","FRF","FRF2","FRF24"
39482820,"FR","FRF","FRF2","FRF24"
39482946,"FR","FRF","FRF2","FRF21"
39483000,"FR","FRF","FRF2","FRF21"
39483040,"BE","BE3","BE35","BE352"
39483050,"BE","BE3","BE35","BE352"
39502512,"FR","FRK","FRK2","FRK24"
39502746,"FR","FRF","FRF2","FRF24"
39502980,"FR","FRF","FRF2","FRF21"
39522304,"FR","FRL","FRL0","FRL06"
39522426,"FR","FRK","FRK2","FRK23"
39522486,"FR","FRK","FRK2","FRK24"
39522634,"FR","FRC","FRC1","FRC13"
39522706,"FR","FRC","FRC1","FRC11"
39522778,"FR","FRF","FRF2","FRF24"
39522936,"FR","FRF","FRF2","FRF21"
39523026,"BE","BE3","BE35","BE351"
39523056,"BE","BE3","BE35","BE352"
39542368,"FR","FRK","FRK2","FRK23"
39542638,"FR","FRC","FRC1","FRC13"
39542656,"FR","FRC","FRC1","FRC13"
39542722,"FR","FRC","FRC1","FRC11"
39542764,"FR","FRF","FRF2","FRF24"
39543124,"BE","BE2","BE21","BE212"
39543150,"BE","BE2","BE21","BE211"
39562320,"FR","FRL","FRL0","FRL06"
39562360,"FR","FRK","FRK2","FRK23"
39562490,"FR","FRK","FRK2","FRK24"
39562918,"FR","FRF","FRF2","FRF21"
39562954,"FR","FRF","FRF2","FRF21"
39563098,"BE","BE2","BE24","BE242"
39563112,"BE","BE2","BE24","BE242"
39582456,"FR","FRK","FRK2","FRK24"
39582636,"FR","FRC","FRC1","FRC13"
39582726,"FR","FRC","FRC1","FRC11"
39582766,"FR","FRF","FRF2","FRF24"
39582964,"FR","FRF","FRF2","FRF21"
39583032,"BE","BE3","BE35","BE351"
39583078,"BE","BE3","BE31","BE310"
39583216,"NL","NL3","NL33","NL33B"
39602314,"FR","FRL","FRL0","FRL06"
39602470,"FR","FRK","FRK2","FRK24"
39602668,"FR","FRC","FRC1","FRC11"
39602674,"FR","FRC","FRC1","FRC11"
39602980,"BE","BE3","BE35","BE351"
39603074,"BE","BE3","BE31","BE310"
39622348,"FR","FRK","FRK2","FRK23"
39622352,"FR","FRK","FRK2","FRK23"
39622376,"FR","FRL","FRL0","FRL02"
39622388,"FR","FRK","FRK2","FRK23"
39622438,"FR","FRK","FRK2","FRK23"
39622460,"FR","FRK","FRK2","FRK24"
39622492,"FR","FRK","FRK2","FRK24"
39622514,"FR","FRK","FRK2","FRK24"
39622528,"FR","FRK","FRK2","FRK24"
39622640,"FR","FRC","FRC1","FRC13"
39622664,"FR","FRC","FRC2","FRC22"
39622718,"FR","FRC","FRC1","FRC11"
39622726,"FR","FRC","FRC1","FRC11"
39622978,"BE","BE3","BE34","BE344"
39623104,"BE","BE2","BE24","BE242"
39623132,"BE","BE2","BE21","BE213"
39642362,"FR","FRK","FRK2","FRK23"
39642470,"FR","FRK","FRK2","FRK24"
39642578,"FR","FRK","FRK2","FRK21"
39642830,"FR","FRF","FRF2","FRF24"
39642902,"FR","FRF","FRF3","FRF32"
39642992,"BE","BE3","BE35","BE351"
39662306,"FR","FRL","FRL0","FRL06"
39662330,"FR","FRL","FRL0","FRL01"
39662496,"FR","FRK","FRK2","FRK24"
39662644,"FR","FRC","FRC2","FRC22"
39662780,"FR","FRF","FRF2","FRF24"
39662870,"FR","FRF","FRF3","FRF32"
39662878,"FR","FRF","FRF3","FRF32"
39662924,"FR","FRF","FRF3","FRF32"
39662932,"FR","FRF","FRF2","FRF21"
39662942,"FR","FRF","FRF3","FRF32"
39662968,"FR","FRF","FRF2","FRF21"
39663000,"BE","BE3","BE34","BE344"
39663018,"BE","BE3","BE35","BE351"
39682380,"FR","FRL","FRL0","FRL02"
39682512,"FR","FRK","FRK2","FRK24"
39683136,"BE","BE2","BE21","BE213"
39702454,"FR","FRK","FRK2","FRK24"
39702634,"FR","FRC","FRC2","FRC22"
39702750,"FR","FRF","FRF2","FRF24"
39702760,"FR","FRF","FRF2","FRF24"
39702792,"FR","FRF","FRF2","FRF24"
39702966,"FR","FRF","FRF2","FRF21"
39702984,"BE","BE3","BE34","BE344"
39703092,"BE","BE2","BE24","BE242"
39722304,"FR","FRL","FRL0","FRL06"
39722416,"FR","FRK","FRK2","FRK23"
39722530,"FR","FRK","FRK2","FRK21"
39722556,"FR","FRK","FRK2","FRK21"
39722592,"FR","FRC","FRC2","FRC22"
39722602,"FR","FRC","FRC2","FRC22"
39722722,"FR","FRC","FRC1","FRC11"
39722736,"FR","FRF","FRF2","FRF24"
39722740,"FR","FRF","FRF2","FRF24"
39722776,"FR","FRF","FRF2","FRF24"
39722908,"FR","FRF","FRF3","FRF32"
39723232,"NL","NL3","NL31","NL310"
39742324,"FR","FRL","FRL0","FRL01"
39742392,"FR","FRL","FRL0","FRL02"
39742418,"FR","FRK","FRK2","FRK24"
39742490,"FR","FRK","FRK2","FRK24"
39742536,"FR","FRK","FRK2","FRK21"
39742788,"FR","FRF","FRF2","FRF24"
39742824,"FR","FRF","FRF2","FRF24"
39742828,"FR","FRF","FRF2","FRF24"
39743098,"BE","BE2","BE24","BE242"
39743134,"BE","BE2","BE21","BE213"
39743148,"BE","BE2","BE21","BE213"
39762280,"FR","FRL","FRL0","FRL05"
39762394,"FR","FRL","FRL0","FRL02"
39762420,"FR","FRK","FRK2","FRK24"
39762600,"FR","FRC","FRC2","FRC22"
39762708,"FR","FRC","FRC1","FRC11"
39762892,"FR","FRF","FRF3","FRF32"
39762964,"FR","FRF","FRF2","FRF21"
39763078,"BE","BE3","BE33","BE334"
39763194,"NL","NL4","NL41","NL412"
39782354,"FR","FRL","FRL0","FRL02"
39782386,"FR","FRL","FRL0","FRL02"
39782422,"FR","FRK","FRK2","FRK24"
39782470,"FR","FRK","FRK2","FRK24"
39782516,"FR","FRK","FRK2","FRK21"
39782614,"FR","FRC","FRC2","FRC22"
39782812,"FR","FRF","FRF2","FRF24"
39782818,"FR","FRF","FRF2","FRF24"
39782872,"FR","FRF","FRF3","FRF32"
39782890,"FR","FRF","FRF3","FRF32"
39782920,"FR","FRF","FRF3","FRF32"
39783064,"BE","BE3","BE33","BE331"
39783128,"BE","BE2","BE21","BE213"
39783196,"NL","NL4","NL41","NL412"
39802262,"FR","FRL","FRL0","FRL05"
39802484,"FR","FRK","FRK2","FRK24"
39802538,"FR","FRK","FRK2","FRK21"
39802646,"FR","FRC","FRC2","FRC22"
39802682,"FR","FRC","FRC2","FRC22"
39802730,"FR","FRC","FRC1","FRC11"
39802862,"FR","FRF","FRF3","FRF32"
39802874,"FR","FRF","FRF3","FRF32"
39802946,"FR","FRF","FRF3","FRF32"
39803036,"BE","BE3","BE35","BE351"
39803096,"BE","BE2","BE24","BE242"
39803126,"BE","BE2","BE21","BE213"
39803204,"NL","NL2","NL22","NL224"
39822308,"FR","FRL","FRL0","FRL01"
39822408,"FR","FRK","FRK2","FRK23"
39822452,"FR","FRK","FRK2","FRK24"
39822552,"FR","FRK","FRK2","FRK21"
39822588,"FR","FRC","FRC2","FRC22"
39822848,"FR","FRF","FRF3","FRF32"
39822866,"FR","FRF","FRF3","FRF32"
39822956,"FR","FRF","FRF2","FRF21"
39823034,"BE","BE3","BE35","BE351"
39842378,"FR","FRL","FRL0","FRL02"
39842492,"FR","FRK","FRK2","FRK24"
39842528,"FR","FRK","FRK2","FRK21"
39842644,"FR","FRC","FRC2","FRC22"
39842734,"FR","FRC","FRC2","FRC23"
39842784,"FR","FRF","FRF2","FRF24"
39842798,"FR","FRF","FRF2","FRF24"
39842870,"FR","FRF","FRF3","FRF32"
39843144,"BE","BE2","BE21","BE213"
39862512,"FR","FRK","FRK2","FRK27"
39862992,"BE","BE3","BE34","BE344"
39882450,"FR","FRK","FRK2","FRK24"
39882486,"FR","FRK","FRK2","FRK24"
39882558,"FR","FRK","FRK2","FRK21"
39882750,"FR","FRF","FRF2","FRF24"
39882756,"FR","FRF","FRF2","FRF24"
39882832,"FR","FRF","FRF3","FRF32"
39882940,"FR","FRF","FRF3","FRF32"
39883048,"BE","BE3","BE33","BE331"
39883092,"BE","BE2","BE22","BE221"
39883120,"BE","BE2","BE22","BE221"
39902512,"FR","FRK","FRK2","FRK27"
39902596,"FR","FRC","FRC2","FRC22"
39902632,"FR","FRC","FRC2","FRC22"
39903096,"BE","BE2","BE22","BE223"
39903190,"NL","NL4","NL41","NL413"
39922702,"FR","FRC","FRC2","FRC23"
39922720,"FR","FRC","FRC2","FRC23"
39922770,"FR","FRF","FRF2","FRF24"
39922842,"FR","FRF","FRF3","FRF32"
39922932,"FR","FRF","FRF3","FRF31"
39942370,"FR","FRL","FRL0","FRL02"
39942574,"FR","FRK","FRK2","FRK21"
39942654,"FR","FRC","FRC2","FRC22"
39942730,"FR","FRC","FRC2","FRC23"
39942766,"FR","FRF","FRF2","FRF24"
39943050,"BE","BE3","BE33","BE331"
39943252,"NL","NL3","NL32","NL327"
39962440,"FR","FRK","FRK2","FRK24"
39962570,"FR","FRK","FRK2","FRK21"
39962830,"FR","FRF","FRF3","FRF32"
39963136,"BE","BE2","BE22","BE222"
39982520,"FR","FRK","FRK2","FRK27"
39982582,"FR","FRK","FRK2","FRK21"
39982592,"FR","FRC","FRC2","FRC22"
39982712,"FR","FRC","FRC2","FRC23"
39982762,"FR","FRF","FRF2","FRF24"
39982790,"FR","FRF","FRF2","FRF24"
39982844,"FR","FRF","FRF3","FRF32"
39982874,"FR","FRF","FRF3","FRF32"
39982906,"FR","FRF","FRF3","FRF32"
39982916,"FR","FRF","FRF3","FRF32"
40002480,"FR","FRK","FRK2","FRK24"
40002512,"FR","FRK","FRK2","FRK27"
40002632,"FR","FRC","FRC2","FRC22"
40002704,"FR","FRC","FRC2","FRC23"
40002884,"FR","FRF","FRF3","FRF32"
40002938,"FR","FRF","FRF3","FRF31"
40003082,"BE","BE2","BE22","BE223"
40003262,"NL","NL2","NL23","NL230"
40022234,"FR","FRL","FRL0","FRL05"
40022388,"FR","FRL","FRL0","FRL02"
40022432,"FR","FRK","FRK2","FRK24"
40022438,"FR","FRK","FRK2","FRK24"
40022644,"FR","FRC","FRC2","FRC22"
40022690,"FR","FRC","FRC2","FRC21"
40022834,"FR","FRF","FRF3","FRF32"
40022914,"FR","FRF","FRF3","FRF32"
40023184,"NL","NL4","NL41","NL413"
40023260,"NL","NL2","NL23","NL230"
40042416,"FR","FRL","FRL0","FRL02"
40042506,"FR","FRK","FRK2","FRK27"
40042656,"FR","FRC","FRC2","FRC22"
40042710,"FR","FRC","FRC2","FRC23"
40043010,"BE","BE3","BE34","BE343"
40062390,"FR","FRL","FRL0","FRL02"
40062684,"FR","FRC","FRC2","FRC21"
40062702,"FR","FRC","FRC2","FRC23"
40062714,"FR","FRC","FRC2","FRC23"
40062742,"FR","FRC","FRC2","FRC23"
40062822,"FR","FRF","FRF3","FRF34"
40062876,"FR","FRF","FRF3","FRF32"
40062886,"FR","FRF","FRF3","FRF32"
40062904,"FR","FRF","FRF3","FRF32"
40062984,"BE","BE3","BE34","BE344"
40063210,"NL","NL2","NL22","NL224"
40063260,"NL","NL2","NL23","NL230"
40082242,"FR","FRL","FRL0","FRL05"
40082398,"FR","FRL","FRL0","FRL02"
40082404,"FR","FRL","FRL0","FRL02"
40082416,"FR","FRL","FRL0","FRL02"
40082610,"FR","FRC","FRC2","FRC22"
40082614,"FR","FRC","FRC2","FRC22"
40082620,"FR","FRC","FRC2","FRC22"
40082758,"FR","FRF","FRF2","FRF24"
40082782,"FR","FRF","FRF3","FRF34"
40082884,"FR","FRF","FRF3","FRF32"
40082938,"FR","FRF","FRF3","FRF31"
40082970,"BE","BE3","BE34","BE345"
40083088,"BE","BE2","BE22","BE223"
40102270,"FR","FRL","FRL0","FRL05"
40102378,"FR","FRL","FRL0","FRL01"
40102396,"FR","FRL","FRL0","FRL02"
40102530,"FR","FRK","FRK2","FRK28"
40102612,"FR","FRC","FRC2","FRC22"
40102644,"FR","FRC","FRC2","FRC22"
40102648,"FR","FRC","FRC2","FRC22"
40102680,"FR","FRC","FRC2","FRC21"
40102752,"FR","FRC","FRC2","FRC23"
40102842,"FR","FRF","FRF3","FRF32"
40102878,"FR","FRF","FRF3","FRF32"
40103044,"BE","BE3","BE33","BE331"
40103256,"NL","NL2","NL23","NL230"
40122406,"FR","FRL","FRL0","FRL02"
40122564,"FR","FRK","FRK2","FRK28"
40122798,"FR","FRF","FRF3","FRF34"
40123234,"NL","NL3","NL31","NL310"
40123252,"NL","NL2","NL23","NL230"
40142552,"FR","FRK","FRK2","FRK28"
40142776,"FR","FRF","FRF3","FRF34"
40142800,"FR","FRF","FRF3","FRF34"
40143278,"NL","NL2","NL23","NL230"
40143344,"NL","NL1","NL12","NL125"
40162496,"FR","FRK","FRK2","FRK27"
40162610,"FR","FRC","FRC2","FRC22"
40162618,"FR","FRC","FRC2","FRC22"
40162700,"FR","FRC","FRC2","FRC21"
40162726,"FR","FRC","FRC2","FRC23"
40162748,"FR","FRC","FRC2","FRC23"
40162772,"FR","FRF","FRF3","FRF34"
40162784,"FR","FRF","FRF3","FRF34"
40163006,"BE","BE3","BE34","BE342"
40163108,"BE","BE2","BE22","BE222"
40163114,"BE","BE2","BE22","BE222"
40163140,"NL","NL4","NL41","NL414"
40182380,"FR","FRL","FRL0","FRL02"
40182638,"FR","FRC","FRC2","FRC22"
40182704,"FR","FRC","FRC2","FRC23"
40183316,"NL","NL1","NL12","NL125"
40202234,"FR","FRL","FRL0","FRL05"
40202392,"FR","FRL","FRL0","FRL02"
40202492,"FR","FRK","FRK2","FRK27"
40202532,"FR","FRK","FRK2","FRK28"
40202554,"FR","FRK","FRK2","FRK28"
40202856,"FR","FRF","FRF3","FRF31"
40202910,"FR","FRF","FRF3","FRF31"
40203018,"BE","BE3","BE34","BE342"
40203238,"NL","NL2","NL22","NL221"
40222524,"FR","FRK","FRK2","FRK27"
40222800,"FR","FRF","FRF3","FRF34"
40223276,"NL","NL2","NL23","NL230"
40223358,"NL","NL1","NL12","NL124"
40242526,"FR","FRK","FRK2","FRK28"
40242832,"FR","FRF","FRF3","FRF31"
40242846,"FR","FRF","FRF3","FRF31"
40242868,"FR","FRF","FRF3","FRF31"
40242886,"FR","FRF","FRF3","FRF31"
40242900,"FR","FRF","FRF3","FRF31"
40242930,"FR","FRF","FRF3","FRF31"
40243026,"BE","BE3","BE33","BE335"
40243138,"NL","NL4","NL42","NL422"
40243170,"NL","NL4","NL41","NL414"
40243210,"NL","NL2","NL22","NL224"
40243246,"NL","NL2","NL22","NL221"
40243254,"NL","NL2","NL22","NL221"
40243278,"NL","NL2","NL23","NL230"
40243296,"NL","NL2","NL23","NL230"
40262560,"FR","FRK","FRK2","FRK28"
40262632,"FR","FRC","FRC2","FRC22"
40262650,"FR","FRC","FRC2","FRC21"
40262704,"FR","FRC","FRC2","FRC21"
40262884,"FR","FRF","FRF3","FRF31"
40263286,"NL","NL2","NL23","NL230"
40263298,"NL","NL2","NL23","NL230"
40263330,"NL","NL1","NL12","NL125"
40282490,"FR","FRK","FRK2","FRK27"
40282720,"FR","FRC","FRC2","FRC23"
40282972,"LU","LU0","LU00","LU000"
40283004,"LU","LU0","LU00","LU000"
40302366,"FR","FRL","FRL0","FRL01"
40302370,"FR","FRL","FRL0","FRL01"
40302406,"FR","FRL","FRL0","FRL02"
40302636,"FR","FRC","FRC2","FRC22"
40302672,"FR","FRC","FRC2","FRC21"
40302942,"LU","LU0","LU00","LU000"
40303258,"NL","NL2","NL22","NL221"
40303288,"NL","NL2","NL23","NL230"
40303302,"NL","NL2","NL23","NL230"
40322462,"FR","FRK","FRK2","FRK27"
40322632,"FR","FRC","FRC2","FRC21"
40322650,"FR","FRC","FRC2","FRC21"
40322728,"FR","FRC","FRC2","FRC23"
40322818,"FR","FRF","FRF3","FRF31"
40322848,"FR","FRF","FRF3","FRF31"
40322908,"FR","FRF","FRF3","FRF33"
40322962,"LU","LU0","LU00","LU000"
40323280,"NL","NL2","NL23","NL230"
40323304,"NL","NL2","NL23","NL230"
40342298,"FR","FRL","FRL0","FRL05"
40342388,"FR","FRL","FRL0","FRL02"
40342466,"FR","FRK","FRK2","FRK27"
40342510,"FR","FRK","FRK2","FRK27"
40342546,"FR","FRK","FRK2","FRK28"
40342820,"FR","FRF","FRF3","FRF31"
40342916,"FR","FRF","FRF3","FRF33"
40342928,"FR","FRF","FRF3","FRF33"
40342942,"LU","LU0","LU00","LU000"
40343288,"NL","NL2","NL23","NL230"
40343302,"NL","NL2","NL23","NL230"
40362386,"FR","FRL","FRL0","FRL02"
40362476,"FR","FRK","FRK2","FRK27"
40362506,"FR","FRK","FRK2","FRK27"
40362566,"FR","FRK","FRK2","FRK28"
40362794,"FR","FRF","FRF3","FRF34"
40363052,"BE","BE3","BE33","BE335"
40363272,"NL","NL2","NL23","NL230"
40363308,"NL","NL2","NL23","NL230"
40382762,"FR","FRC","FRC2","FRC23"
40382968,"LU","LU0","LU00","LU000"
40382982,"LU","LU0","LU00","LU000"
40382996,"LU","LU0","LU00","LU000"
40383036,"BE","BE3","BE33","BE335"
40383202,"NL","NL2","NL22","NL226"
40383310,"NL","NL1","NL12","NL125"
40383360,"NL","NL1","NL12","NL124"
40402458,"FR","FRK","FRK2","FRK27"
40402524,"FR","FRK","FRK2","FRK27"
40402632,"FR","FRC","FRC2","FRC21"
40402692,"FR","FRC","FRC2","FRC21"
40402890,"FR","FRF","FRF3","FRF33"
40403298,"NL","NL2","NL23","NL230"
40422544,"FR","FRK","FRK2","FRK28"
40422576,"FR","FRK","FRK2","FRK28"
40422580,"FR","FRK","FRK2","FRK28"
40422750,"FR","FRC","FRC2","FRC23"
40422976,"LU","LU0","LU00","LU000"
40423056,"BE","BE3","BE33","BE335"
40423294,"NL","NL2","NL23","NL230"
40442268,"FR","FRL","FRL0","FRL05"
40442394,"FR","FRL","FRL0","FRL02"
40442560,"FR","FRK","FRK2","FRK28"
40442574,"FR","FRK","FRK2","FRK28"
40442638,"FR","FRC","FRC2","FRC21"
40442740,"FR","FRC","FRC2","FRC23"
40442848,"FR","FRF","FRF3","FRF31"
40442866,"FR","FRF","FRF3","FRF31"
40442880,"FR","FRF","FRF3","FRF33"
40442956,"LU","LU0","LU00","LU000"
40443286,"NL","NL2","NL21","NL211"
40443366,"NL","NL1","NL12","NL124"
40462302,"FR","FRL","FRL0","FRL05"
40462418,"FR","FRL","FRL0","FRL02"
40462544,"FR","FRK","FRK2","FRK28"
40462580,"FR","FRK","FRK2","FRK28"
40462680,"FR","FRC","FRC2","FRC21"
40462774,"FR","FRF","FRF3","FRF34"
40462792,"FR","FRF","FRF3","FRF34"
40462878,"FR","FRF","FRF3","FRF33"
40463138,"NL","NL4","NL42","NL421"
40482334,"FR","FRL","FRL0","FRL01"
40482568,"FR","FRK","FRK2","FRK28"
40482646,"FR","FRC","FRC2","FRC21"
40482780,"FR","FRF","FRF3","FRF34"
40482946,"LU","LU0","LU00","LU000"
40483234,"NL","NL2","NL22","NL221"
40502560,"FR","FRK","FRK2","FRK28"
40502692,"FR","FRC","FRC2","FRC21"
40502908,"FR","FRF","FRF3","FRF33"
40503298,"NL","NL2","NL21","NL211"
40503370,"NL","NL1","NL12","NL124"
40522330,"FR","FRL","FRL0","FRL01"
40522348,"FR","FRL","FRL0","FRL01"
40522430,"FR","FRL","FRL0","FRL02"
40522484,"FR","FRK","FRK2","FRK27"
40522492,"FR","FRK","FRK2","FRK27"
40522658,"FR","FRC","FRC2","FRC21"
40522754,"FR","FRC","FRC2","FRC23"
40522844,"FR","FRF","FRF3","FRF31"
40522874,"FR","FRF","FRF3","FRF33"
40522906,"FR","FRF","FRF3","FRF33"
40523090,"DE","DEA","DEA2","DEA2D"
40523276,"NL","NL2","NL21","NL211"
40542300,"FR","FRL","FRL0","FRL05"
40542404,"FR","FRL","FRL0","FRL02"
40542494,"FR","FRK","FRK2","FRK27"
40542512,"FR","FRK","FRK2","FRK27"
40562266,"FR","FRL","FRL0","FRL05"
40562298,"FR","FRL","FRL0","FRL05"
40562312,"FR","FRL","FRL0","FRL03"
40562500,"FR","FRK","FRK2","FRK27"
40562532,"FR","FRK","FRK2","FRK28"
40562558,"FR","FRK","FRK2","FRK28"
40562852,"FR","FRF","FRF3","FRF31"
40562870,"FR","FRF","FRF3","FRF33"
40563068,"DE","DE","DEA","DEA2"
40563266,"NL","NL2","NL22","NL221"
40563284,"NL","NL2","NL21","NL211"
40582782,"FR","FRF","FRF3","FRF34"
40602576,"FR","FRK","FRK2","FRK28"
40602678,"FR","FRC","FRC2","FRC21"
40602702,"FR","FRC","FRC2","FRC21"
40602750,"FR","FRC","FRC2","FRC23"
40602864,"FR","FRF","FRF3","FRF33"
40602894,"FR","FRF","FRF3","FRF33"
40602930,"FR","FRF","FRF3","FRF33"
40603038,"BE","BE3","BE33","BE336"
40622592,"FR","FRK","FRK2","FRK28"
40622664,"FR","FRC","FRC2","FRC21"
40622800,"FR","FRF","FRF3","FRF34"
40622812,"FR","FRF","FRF3","FRF34"
40622890,"FR","FRF","FRF3","FRF33"
40622908,"FR","FRF","FRF3","FRF33"
40623226,"NL","NL2","NL22","NL225"
40623316,"NL","NL1","NL12","NL126"
40642274,"FR","FRL","FRL0","FRL05"
40642292,"FR","FRL","FRL0","FRL03"
40642558,"FR","FRK","FRK2","FRK28"
40642846,"FR","FRF","FRF3","FRF31"
40642918,"FR","FRF","FRF3","FRF33"
40643300,"NL","NL1","NL13","NL133"
40662694,"FR","FRC","FRC2","FRC21"
40662730,"FR","FRC","FRC2","FRC23"
40662820,"FR","FRF","FRF3","FRF31"
40662852,"FR","FRF","FRF3","FRF31"
40663302,"NL","NL1","NL13","NL133"
40682674,"FR","FRC","FRC2","FRC21"
40682902,"FR","FRF","FRF3","FRF33"
40682920,"FR","FRF","FRF3","FRF33"
40702358,"FR","FRL","FRL0","FRL03"
40702592,"FR","FRK","FRK2","FRK28"
40702664,"FR","FRC","FRC2","FRC21"
40702748,"FR","FRC","FRC2","FRC23"
40702780,"FR","FRF","FRF3","FRF34"
40702802,"FR","FRF","FRF3","FRF34"
40702880,"FR","FRF","FRF3","FRF33"
40703150,"DE","DEA","DEA1","DEA1E"
40722296,"FR","FRL","FRL0","FRL03"
40722884,"FR","FRF","FRF3","FRF33"
40723226,"NL","NL2","NL22","NL225"
40742298,"FR","FRL","FRL0","FRL03"
40742708,"FR","FRC","FRC2","FRC21"
40743266,"NL","NL2","NL21","NL211"
40743284,"NL","NL2","NL21","NL211"
40743364,"NL","NL1","NL11","NL113"
40762854,"FR","FRF","FRF3","FRF33"
40782318,"FR","FRL","FRL0","FRL03"
40782846,"FR","FRF","FRF3","FRF31"
40782882,"FR","FRF","FRF3","FRF33"
40783020,"DE","DEB","DEB2","DEB24"
40783066,"DE","DEA","DEA2","DEA26"
40783218,"NL","NL2","NL22","NL225"
40783272,"NL","NL2","NL21","NL211"
40783372,"NL","NL1","NL11","NL113"
40803258,"NL","NL2","NL21","NL213"
40803286,"NL","NL2","NL21","NL211"
40822300,"FR","FRL","FRL0","FRL03"
40822302,"FR","FRL","FRL0","FRL03"
40822860,"FR","FRF","FRF3","FRF33"
40822936,"DE","DEC","Dec-00","Dec-02"
40823260,"NL","NL2","NL21","NL213"
40842690,"FR","FRC","FRC2","FRC21"
40842744,"FR","FRC","FRC2","FRC24"
40843122,"DE","DEA","DEA1","DEA1D"
40843320,"NL","NL1","NL13","NL131"
40862692,"FR","FRC","FRC2","FRC21"
40862704,"FR","FRC","FRC2","FRC21"
40862974,"DE","DEB","DEB2","DEB25"
40882330,"FR","FRL","FRL0","FRL03"
40882880,"FR","FRF","FRF3","FRF33"
40882942,"DE","DEC","Dec-00","Dec-02"
40882988,"DE","DEB","DEB2","DEB22"
40883024,"DE","DEB","DEB2","DEB24"
40883258,"NL","NL2","NL21","NL213"
40902794,"FR","FRF","FRF3","FRF34"
40902848,"FR","FRF","FRF3","FRF33"
40902992,"DE","DEB","DEB2","DEB22"
40903100,"DE","DEA","DEA2","DEA27"
40922518,"IT","ITC","ITC2","ITC20"
40922698,"FR","FRC","FRC2","FRC21"
40922712,"FR","FRC","FRC2","FRC24"
40923018,"DE","DEB","DEB2","DEB24"
40942332,"FR","FRL","FRL0","FRL03"
40942518,"IT","ITC","ITC2","ITC20"
40942854,"FR","FRF","FRF3","FRF33"
40942872,"FR","FRF","FRF3","FRF33"
40943358,"NL","NL1","NL11","NL113"
40962378,"IT","ITC","ITC1","ITC16"
40962390,"IT","ITC","ITC1","ITC16"
40962738,"FR","FRC","FRC2","FRC24"
40962778,"FR","FRF","FRF3","FRF34"
40963188,"DE","DEA","DEA1","DEA1F"
40963282,"NL","NL2","NL21","NL211"
40963290,"NL","NL1","NL13","NL132"
40982448,"IT","ITC","ITC1","ITC11"
40982506,"IT","ITC","ITC2","ITC20"
40982722,"FR","FRC","FRC2","FRC24"
40982812,"FR","FRF","FRF3","FRF34"
40982890,"FR","FRF","FRF3","FRF33"
40983280,"NL","NL2","NL21","NL211"
41002860,"FR","FRF","FRF3","FRF33"
41002896,"FR","FRF","FRF3","FRF33"
41003008,"DE","DEB","DEB2","DEB24"
41003224,"DE","DEA","DEA3","DEA34"
41022358,"IT","ITC","ITC1","ITC16"
41022528,"IT","ITC","ITC2","ITC20"
41022838,"FR","FRF","FRF3","FRF33"
41042398,"IT","ITC","ITC1","ITC16"
41043298,"NL","NL1","NL13","NL132"
41043334,"NL","NL1","NL13","NL131"
41062402,"IT","ITC","ITC1","ITC16"
41062406,"IT","ITC","ITC1","ITC16"
41062772,"FR","FRF","FRF1","FRF12"
41062784,"FR","FRF","FRF1","FRF12"
41062870,"FR","FRF","FRF1","FRF11"
41063212,"DE","DEA","DEA3","DEA34"
41082390,"IT","ITC","ITC1","ITC16"
41082416,"IT","ITC","ITC1","ITC11"
41082462,"IT","ITC","ITC1","ITC11"
41082902,"DE","DEC","Dec-00","Dec-01"
41083172,"DE","DEA","DEA3","DEA31"
41083226,"DE","DEA","DEA3","DEA34"
41083280,"DE","DE9","DE94","DE94B"
41102384,"IT","ITC","ITC1","ITC16"
41102438,"IT","ITC","ITC1","ITC11"
41102442,"IT","ITC","ITC1","ITC11"
41102514,"IT","ITC","ITC2","ITC20"
41122308,"FR","FRL","FRL0","FRL03"
41122362,"IT","ITC","ITC1","ITC16"
41122412,"IT","ITC","ITC1","ITC11"
41122710,"FR","FRF","FRF1","FRF12"
41122890,"FR","FRF","FRF3","FRF33"
41122926,"DE","DEC","Dec-00","Dec-03"
41122980,"DE","DEB","DEB2","DEB22"
41123106,"DE","DEA","DEA2","DEA24"
41142432,"IT","ITC","ITC1","ITC11"
41142882,"FR","FRF","FRF3","FRF33"
41143228,"DE","DEA","DEA3","DEA34"
41162380,"IT","ITC","ITC1","ITC16"
41162386,"IT","ITC","ITC1","ITC16"
41162718,"FR","FRF","FRF1","FRF12"
41182396,"IT","ITC","ITC1","ITC16"
41182814,"FR","FRF","FRF1","FRF11"
41183292,"NL","NL1","NL13","NL132"
41183328,"NL","NL1","NL11","NL111"
41202370,"IT","ITC","ITC1","ITC16"
41202376,"IT","ITC","ITC1","ITC16"
41202762,"FR","FRF","FRF1","FRF12"
41222390,"IT","ITC","ITC1","ITC16"
41222398,"IT","ITC","ITC1","ITC16"
41222408,"IT","ITC","ITC1","ITC16"
41222516,"IT","ITC","ITC2","ITC20"
41222728,"FR","FRF","FRF1","FRF12"
41222794,"FR","FRF","FRF1","FRF12"
41242352,"IT","ITC","ITC1","ITC16"
41242442,"IT","ITC","ITC1","ITC11"
41242460,"IT","ITC","ITC1","ITC11"
41242466,"IT","ITC","ITC1","ITC11"
41242726,"FR","FRF","FRF1","FRF12"
41242856,"FR","FRF","FRF1","FRF11"
41242892,"FR","FRF","FRF3","FRF33"
41243258,"DE","DE9","DE94","DE94B"
41243306,"NL","NL1","NL13","NL132"
41262332,"FR","FRL","FRL0","FRL03"
41262404,"IT","ITC","ITC1","ITC16"
41262440,"IT","ITC","ITC1","ITC11"
41262474,"IT","ITC","ITC1","ITC11"
41262512,"IT","ITC","ITC2","ITC20"
41263244,"DE","DE9","DE94","DE94B"
41283342,"NL","NL1","NL11","NL111"
41302362,"IT","ITC","ITC1","ITC16"
41302368,"IT","ITC","ITC1","ITC16"
41302380,"IT","ITC","ITC1","ITC16"
41302764,"FR","FRF","FRF1","FRF12"
41303214,"DE","DEA","DEA3","DEA35"
41303268,"DE","DE9","DE94","DE94B"
41322378,"IT","ITC","ITC1","ITC16"
41322462,"IT","ITC","ITC1","ITC11"
41322480,"IT","ITC","ITC1","ITC11"
41322778,"FR","FRF","FRF1","FRF12"
41323026,"DE","DEB","DEB1","DEB17"
41323278,"DE","DE9","DE94","DE949"
41342376,"IT","ITC","ITC1","ITC16"
41342398,"IT","ITC","ITC1","ITC16"
41342404,"IT","ITC","ITC1","ITC16"
41342434,"IT","ITC","ITC1","ITC11"
41342524,"IT","ITC","ITC2","ITC20"
41342740,"FR","FRF","FRF1","FRF12"
41342746,"FR","FRF","FRF1","FRF12"
41342782,"FR","FRF","FRF1","FRF12"
41342812,"FR","FRF","FRF1","FRF11"
41342836,"FR","FRF","FRF1","FRF11"
41343142,"DE","DEA","DEA5","DEA56"
41362364,"IT","ITC","ITC1","ITC16"
41362374,"IT","ITC","ITC1","ITC16"
41362410,"IT","ITC","ITC1","ITC16"
41362526,"IT","ITC","ITC2","ITC20"
41362774,"FR","FRF","FRF1","FRF12"
41363184,"DE","DEA","DEA3","DEA35"
41382388,"IT","ITC","ITC1","ITC16"
41382456,"IT","ITC","ITC1","ITC11"
41382474,"IT","ITC","ITC1","ITC11"
41382484,"IT","ITC","ITC1","ITC11"
41382762,"FR","FRF","FRF1","FRF12"
41382784,"FR","FRF","FRF1","FRF11"
41382834,"FR","FRF","FRF1","FRF11"
41382856,"FR","FRF","FRF1","FRF11"
41383140,"DE","DEA","DEA5","DEA56"
41383234,"DE","DEA","DEA3","DEA37"
41383284,"DE","DE9","DE94","DE949"
41402524,"IT","ITC","ITC2","ITC20"
41402848,"FR","FRF","FRF1","FRF11"
41402854,"FR","FRF","FRF1","FRF11"
41403088,"DE","DEA","DEA2","DEA2C"
41403316,"DE","DE9","DE94","DE949"
41403376,"DE","DE9","DE94","DE947"
41422376,"IT","ITC","ITC1","ITC16"
41422802,"FR","FRF","FRF1","FRF11"
41422880,"FR","FRF","FRF3","FRF33"
41423356,"DE","DE9","DE94","DE94C"
41442372,"IT","ITC","ITC1","ITC16"
41442404,"IT","ITC","ITC1","ITC16"
41442422,"IT","ITC","ITC1","ITC11"
41442444,"IT","ITC","ITC1","ITC11"
41442462,"IT","ITC","ITC1","ITC11"
41442800,"FR","FRF","FRF1","FRF11"
41462334,"IT","ITC","ITC3","ITC31"
41462518,"IT","ITC","ITC2","ITC20"
41462942,"DE","DEB","DEB3","DEB3G"
41462950,"DE","DEB","DEB3","DEB3G"
41463292,"DE","DE9","DE94","DE949"
41482350,"IT","ITC","ITC1","ITC16"
41482416,"IT","ITC","ITC1","ITC16"
41483196,"DE","DEA","DEA3","DEA35"
41502390,"IT","ITC","ITC1","ITC16"
41502436,"IT","ITC","ITC1","ITC11"
41502450,"IT","ITC","ITC1","ITC11"
41502948,"DE","DEB","DEB3","DEB3G"
41522376,"IT","ITC","ITC1","ITC16"
41522386,"IT","ITC","ITC1","ITC16"
41522412,"IT","ITC","ITC1","ITC16"
41522416,"IT","ITC","ITC1","ITC16"
41522430,"IT","ITC","ITC1","ITC11"
41522502,"IT","ITC","ITC2","ITC20"
41522818,"FR","FRF","FRF1","FRF11"
41523334,"DE","DE9","DE94","DE949"
41542428,"IT","ITC","ITC1","ITC11"
41542842,"FR","FRF","FRF1","FRF11"
41543076,"DE","DEB","DEB1","DEB13"
41562402,"IT","ITC","ITC1","ITC16"
41562438,"IT","ITC","ITC1","ITC11"
41562852,"FR","FRF","FRF1","FRF11"
41582314,"IT","ITC","ITC3","ITC31"
41582462,"IT","ITC","ITC1","ITC11"
41582848,"FR","FRF","FRF1","FRF11"
41583286,"DE","DE9","DE94","DE949"
41602424,"IT","ITC","ITC1","ITC17"
41602484,"IT","ITC","ITC1","ITC11"
41602856,"FR","FRF","FRF1","FRF11"
41602942,"DE","DEB","DEB3","DEB3F"
41603078,"DE","DEB","DEB1","DEB13"
41603104,"DE","DEA","DEA2","DEA2A"
41603320,"DE","DE9","DE94","DE949"
41603342,"DE","DE9","DE94","DE94C"
41622458,"IT","ITC","ITC1","ITC11"
41622476,"IT","ITC","ITC1","ITC11"
41622488,"IT","ITC","ITC1","ITC11"
41623298,"DE","DE9","DE94","DE949"
41642752,"DE","DE1","DE13","DE139"
41642978,"DE","DEB","DEB1","DEB14"
41643072,"DE","DEB","DEB1","DEB13"
41643342,"DE","DE9","DE94","DE948"
41643360,"DE","DE9","DE94","DE94C"
41643396,"DE","DE9","DE94","DE94H"
41663232,"DE","DEA","DEA3","DEA37"
41681964,"IT","ITG","ITG2","ITG25"
41682400,"IT","ITC","ITC1","ITC16"
41682724,"DE","DE1","DE13","DE13A"
41682750,"DE","DE1","DE13","DE139"
41683290,"DE","DE9","DE94","DE948"
41702430,"IT","ITC","ITC1","ITC17"
41702440,"IT","ITC","ITC1","ITC17"
41702722,"DE","DE1","DE13","DE13A"
41722320,"IT","ITC","ITC3","ITC32"
41722428,"IT","ITC","ITC1","ITC17"
41722446,"IT","ITC","ITC1","ITC17"
41722486,"IT","ITC","ITC1","ITC13"
41722504,"IT","ITC","ITC1","ITC13"
41722878,"FR","FRF","FRF1","FRF11"
41723044,"DE","DEB","DEB1","DEB1B"
41741970,"IT","ITG","ITG2","ITG25"
41742420,"IT","ITC","ITC1","ITC17"
41742978,"DE","DEB","DEB3","DEB3J"
41743032,"DE","DEB","DEB1","DEB1A"
41743072,"DE","DEB","DEB1","DEB13"
41743302,"DE","DE9","DE94","DE948"
41743306,"DE","DE9","DE94","DE948"
41762422,"IT","ITC","ITC1","ITC17"
41762476,"IT","ITC","ITC1","ITC12"
41763118,"DE","DEA","DEA5","DEA59"
41763142,"DE","DEA","DEA5","DEA57"
41763268,"DE","DE9","DE94","DE94E"
41763334,"DE","DE9","DE94","DE948"
41782388,"IT","ITC","ITC1","ITC16"
41782412,"IT","ITC","ITC1","ITC17"
41782532,"IT","ITC","ITC1","ITC12"
41782754,"DE","DE1","DE13","DE132"
41782772,"DE","DE1","DE13","DE132"
41782888,"DE","DEB","DEB3","DEB3H"
41783032,"DE","DEB","DEB1","DEB1A"
41783068,"DE","DEB","DEB1","DEB13"
41783204,"DE","DEA","DEA3","DEA38"
41783288,"DE","DE9","DE94","DE94E"
41783342,"DE","DE9","DE94","DE946"
41783356,"DE","DE9","DE94","DE946"
41783392,"DE","DE9","DE94","DE94H"
41802354,"IT","ITC","ITC3","ITC32"
41802462,"IT","ITC","ITC1","ITC12"
41802494,"IT","ITC","ITC1","ITC13"
41802956,"DE","DEB","DEB3","DEB3D"
41821790,"IT","ITG","ITG2","ITG2C"
41821812,"IT","ITG","ITG2","ITG2C"
41821960,"IT","ITG","ITG2","ITG25"
41822360,"IT","ITC","ITC3","ITC32"
41822374,"IT","ITC","ITC3","ITC32"
41822402,"IT","ITC","ITC1","ITC16"
41822414,"IT","ITC","ITC1","ITC17"
41822870,"FR","FRF","FRF1","FRF11"
41823036,"DE","DE7","DE72","DE723"
41823058,"DE","DEB","DEB1","DEB1B"
41823112,"DE","DEA","DEA5","DEA59"
41823184,"DE","DEA","DEA3","DEA38"
41823284,"DE","DE9","DE94","DE94E"
41823346,"DE","DE9","DE94","DE946"
41842350,"IT","ITC","ITC3","ITC32"
41861958,"IT","ITG","ITG2","ITG25"
41862408,"IT","ITC","ITC1","ITC17"
41862472,"IT","ITC","ITC1","ITC12"
41863092,"DE","DEA","DEA5","DEA5A"
41881876,"IT","ITG","ITG2","ITG28"
41881930,"IT","ITG","ITG2","ITG25"
41882358,"IT","ITC","ITC3","ITC32"
41882386,"IT","ITC","ITC1","ITC17"
41882776,"DE","DE1","DE13","DE136"
41883064,"DE","DEB","DEB1","DEB1B"
41883154,"DE","DEA","DEA5","DEA5B"
41883208,"DE","DEA","DEA3","DEA38"
41902382,"IT","ITC","ITC1","ITC18"
41902400,"IT","ITC","ITC1","ITC18"
41902446,"IT","ITC","ITC1","ITC18"
41902558,"IT","ITC","ITC1","ITC14"
41902738,"DE","DE1","DE13","DE13A"
41902954,"DE","DEB","DEB3","DEB3B"
41903314,"DE","DE9","DE94","DE948"
41903350,"DE","DE9","DE94","DE946"
41921944,"IT","ITG","ITG2","ITG25"
41922402,"IT","ITC","ITC1","ITC17"
41922420,"IT","ITC","ITC1","ITC17"
41922438,"IT","ITC","ITC1","ITC18"
41923186,"DE","DEA","DEA3","DEA38"
41941786,"IT","ITG","ITG2","ITG2C"
41941882,"IT","ITG","ITG2","ITG28"
41942498,"IT","ITC","ITC1","ITC12"
41942506,"IT","ITC","ITC1","ITC15"
41961776,"IT","ITG","ITG2","ITG2C"
41962754,"DE","DE1","DE13","DE132"
41962892,"DE","DEB","DEB3","DEB3E"
41962952,"DE","DEB","DEB3","DEB3B"
41963126,"DE","DEA","DEA5","DEA57"
41963222,"DE","DE9","DE94","DE94E"
41963360,"DE","DE9","DE94","DE946"
41981900,"IT","ITG","ITG2","ITG28"
41981944,"IT","ITG","ITG2","ITG25"
41982368,"IT","ITC","ITC3","ITC32"
41982386,"IT","ITC","ITC1","ITC18"
41982398,"IT","ITC","ITC1","ITC18"
41982542,"IT","ITC","ITC1","ITC14"
41982722,"DE","DE1","DE13","DE13A"
41983298,"DE","DE9","DE94","DE948"
42001852,"IT","ITG","ITG2","ITG28"
42001906,"IT","ITG","ITG2","ITG28"
42002438,"IT","ITC","ITC1","ITC18"
42002460,"IT","ITC","ITC1","ITC12"
42002492,"IT","ITC","ITC1","ITC15"
42002504,"IT","ITC","ITC1","ITC15"
42003148,"DE","DEA","DEA5","DEA5B"
42003184,"DE","DEA","DEA3","DEA38"
42003238,"DE","DE9","DE94","DE94E"
42003608,"DK","DK0","DK03","DK032"
42022404,"IT","ITC","ITC1","ITC18"
42022416,"IT","ITC","ITC1","ITC18"
42022524,"IT","ITC","ITC1","ITC15"
42023304,"DE","DE9","DE94","DE948"
42061858,"IT","ITG","ITG2","ITG28"
42061926,"IT","ITG","ITG2","ITG25"
42061972,"IT","ITG","ITG2","ITG25"
42062512,"IT","ITC","ITC1","ITC15"
42063100,"DE","DEA","DEA5","DEA5A"
42081806,"IT","ITG","ITG2","ITG2C"
42081910,"IT","ITG","ITG2","ITG26"
42081954,"IT","ITG","ITG2","ITG25"
42081964,"IT","ITG","ITG2","ITG25"
42082400,"IT","ITC","ITC1","ITC18"
42082918,"DE","DEB","DEB3","DEB3I"
42083076,"DE","DE7","DE72","DE722"
42083224,"DE","DEA","DEA4","DEA42"
42083332,"DE","DE9","DE94","DE94D"
42083350,"DE","DE9","DE94","DE94G"
42083674,"DK","DK0","DK04","DK041"
42101830,"IT","ITG","ITG2","ITG2B"
42101866,"IT","ITG","ITG2","ITG28"
42101916,"IT","ITG","ITG2","ITG26"
42101926,"IT","ITG","ITG2","ITG25"
42102376,"IT","ITC","ITC3","ITC32"
42103248,"DE","DE9","DE94","DE94E"
42121948,"IT","ITG","ITG2","ITG25"
42123178,"DE","DEA","DEA5","DEA5B"
42123628,"DK","DK0","DK03","DK032"
42141800,"IT","ITG","ITG2","ITG27"
42141848,"IT","ITG","ITG2","ITG28"
42142394,"IT","ITC","ITC1","ITC18"
42142406,"IT","ITC","ITC1","ITC18"
42142970,"DE","DE7","DE71","DE717"
42143366,"DE","DE9","DE94","DE94G"
42161822,"IT","ITG","ITG2","ITG2B"
42162524,"IT","ITC","ITC4","ITC41"
42163298,"DE","DE9","DE94","DE94F"
42181938,"IT","ITG","ITG2","ITG25"
42181942,"IT","ITG","ITG2","ITG25"
42181952,"IT","ITG","ITG2","ITG25"
42181956,"IT","ITG","ITG2","ITG25"
42181974,"IT","ITG","ITG2","ITG25"
42182100,"FR","FRM","FRM0","FRM01"
42182410,"IT","ITC","ITC1","ITC18"
42182424,"IT","ITC","ITC1","ITC18"
42182510,"IT","ITC","ITC4","ITC41"
42182536,"IT","ITC","ITC4","ITC41"
42182748,"DE","DE1","DE13","DE136"
42183148,"DE","DEA","DEA5","DEA57"
42183342,"DE","DE9","DE94","DE94G"
42221832,"IT","ITG","ITG2","ITG2B"
42221866,"IT","ITG","ITG2","ITG28"
42222534,"IT","ITC","ITC4","ITC41"
42222540,"IT","ITC","ITC4","ITC41"
42222936,"DE","DE1","DE12","DE128"
42223056,"DE","DE7","DE72","DE721"
42223066,"DE","DE7","DE72","DE724"
42223650,"DK","DK0","DK04","DK041"
42223656,"DK","DK0","DK04","DK041"
42241864,"IT","ITG","ITG2","ITG28"
42241882,"IT","ITG","ITG2","ITG28"
42241966,"IT","ITG","ITG2","ITG25"
42242404,"IT","ITC","ITC1","ITC18"
42242422,"IT","ITC","ITC1","ITC18"
42242484,"IT","ITC","ITC1","ITC15"
42242502,"IT","ITC","ITC4","ITC41"
42243136,"DE","DEA","DEA5","DEA57"
42243402,"DE","DE9","DE93","DE932"
42243676,"DK","DK0","DK04","DK041"
42261946,"IT","ITG","ITG2","ITG25"
42261960,"IT","ITG","ITG2","ITG25"
42262432,"IT","ITC","ITC1","ITC18"
42262490,"IT","ITC","ITC4","ITC4C"
42262512,"IT","ITC","ITC4","ITC41"
42263008,"DE","DE7","DE71","DE712"
42263076,"DE","DE7","DE72","DE724"
42263094,"DE","DE7","DE72","DE724"
42263098,"DE","DE7","DE73","DE736"
42263760,"DK","DK0","DK05","DK050"
42281988,"IT","ITG","ITG2","ITG29"
42282538,"IT","ITC","ITC4","ITC41"
42283108,"DE","DE7","DE73","DE736"
42283198,"DE","DEA","DEA4","DEA42"
42283356,"DE","DE9","DE93","DE932"
42302452,"IT","ITC","ITC4","ITC48"
42303034,"DE","DE7","DE71","DE71E"
42303596,"DK","DK0","DK03","DK032"
42303622,"DK","DK0","DK03","DK032"
42303712,"DK","DK0","DK04","DK041"
42321800,"IT","ITG","ITG2","ITG27"
42321952,"IT","ITG","ITG2","ITG25"
42322388,"IT","ITC","ITC1","ITC18"
42322402,"IT","ITC","ITC1","ITC18"
42322510,"IT","ITC","ITC4","ITC41"
42322970,"DE","DE7","DE71","DE716"
42323042,"DE","DE7","DE72","DE721"
42323068,"DE","DE7","DE72","DE724"
42323086,"DE","DE7","DE72","DE724"
42323104,"DE","DE7","DE73","DE736"
42323114,"DE","DE7","DE73","DE736"
42323144,"DE","DEA","DEA5","DEA57"
42323666,"DK","DK0","DK04","DK041"
42342404,"IT","ITC","ITC1","ITC18"
42342480,"IT","ITC","ITC4","ITC4C"
42343028,"DE","DE7","DE71","DE71E"
42343226,"DE","DEA","DEA4","DEA43"
42343658,"DK","DK0","DK04","DK041"
42361906,"IT","ITG","ITG2","ITG26"
42361916,"IT","ITG","ITG2","ITG25"
42361920,"IT","ITG","ITG2","ITG25"
42362424,"IT","ITC","ITC1","ITC18"
42362442,"IT","ITC","ITC4","ITC48"
42362456,"IT","ITC","ITC4","ITC48"
42362906,"DE","DE1","DE12","DE128"
42362968,"DE","DE7","DE71","DE716"
42363036,"DE","DE7","DE71","DE71E"
42363076,"DE","DE7","DE72","DE724"
42363108,"DE","DE7","DE73","DE736"
42363374,"DE","DE9","DE93","DE932"
42363576,"DK","DK0","DK03","DK032"
42363680,"DK","DK0","DK04","DK041"
42363742,"DK","DK0","DK05","DK050"
42381944,"IT","ITG","ITG2","ITG25"
42382412,"IT","ITC","ITC1","ITC18"
42383304,"DE","DE9","DE92","DE922"
42401860,"IT","ITG","ITG2","ITG28"
42401958,"IT","ITG","ITG2","ITG29"
42402468,"IT","ITC","ITC4","ITC4C"
42402504,"IT","ITC","ITC4","ITC41"
42403002,"DE","DE7","DE71","DE71C"
42403026,"DE","DE7","DE71","DE71E"
42403110,"DE","DE7","DE73","DE736"
42403344,"DE","DE9","DE93","DE936"
42403354,"DE","DE9","DE93","DE936"
42403530,"DE","DEF","DEF0","DEF07"
42403584,"DK","DK0","DK03","DK032"
42403614,"DK","DK0","DK03","DK032"
42403638,"DK","DK0","DK03","DK032"
42403692,"DK","DK0","DK04","DK041"
42421810,"IT","ITG","ITG2","ITG27"
42422416,"IT","ITC","ITC1","ITC18"
42422520,"IT","ITC","ITC4","ITC42"
42423010,"DE","DE7","DE71","DE719"
42423082,"DE","DE7","DE72","DE724"
42423100,"DE","DE7","DE73","DE736"
42423538,"DK","DK0","DK03","DK032"
42423564,"DK","DK0","DK03","DK032"
42423766,"DK","DK0","DK05","DK050"
42442000,"IT","ITG","ITG2","ITG29"
42442386,"IT","ITC","ITC3","ITC33"
42442428,"IT","ITC","ITC4","ITC48"
42443112,"DE","DE7","DE73","DE736"
42443310,"DE","DE9","DE92","DE922"
42443656,"DK","DK0","DK04","DK041"
42443692,"DK","DK0","DK04","DK041"
42462478,"IT","ITC","ITC4","ITC4C"
42462780,"DE","DE1","DE14","DE149"
42462906,"DE","DE1","DE12","DE128"
42463122,"DE","DE7","DE73","DE736"
42463162,"DE","DEA","DEA4","DEA47"
42463294,"DE","DE9","DE92","DE922"
42463356,"DE","DE9","DE93","DE936"
42463558,"DK","DK0","DK03","DK032"
42463648,"DK","DK0","DK04","DK041"
42481804,"IT","ITG","ITG2","ITG27"
42482476,"IT","ITC","ITC4","ITC4C"
42482812,"DE","DE1","DE14","DE142"
42483154,"DE","DE7","DE73","DE736"
42483226,"DE","DEA","DEA4","DEA45"
42483322,"DE","DE9","DE92","DE922"
42483466,"DE","DEF","DEF0","DEF07"
42483628,"DK","DK0","DK03","DK032"
42501808,"IT","ITG","ITG2","ITG27"
42502430,"IT","ITC","ITC4","ITC48"
42502538,"IT","ITC","ITC4","ITC42"
42502766,"DE","DE1","DE14","DE149"
42502820,"DE","DE1","DE14","DE142"
42503014,"DE","DE7","DE71","DE719"
42503180,"DE","DEA","DEA4","DEA47"
42503186,"DE","DE","DEA","DEA4"
42503342,"DE","DE9","DE93","DE936"
42503366,"DE","DE9","DE93","DE937"
42503572,"DK","DK0","DK03","DK032"
42522422,"IT","ITC","ITC4","ITC48"
42522534,"IT","ITC","ITC4","ITC42"
42522552,"IT","ITC","ITC4","ITC42"
42522920,"DE","DE1","DE12","DE127"
42543054,"DE","DE7","DE72","DE721"
42543086,"DE","DE7","DE72","DE724"
42543090,"DE","DE7","DE72","DE724"
42543140,"DE","DE7","DE73","DE736"
42543248,"DE","DE9","DE92","DE928"
42543270,"DE","DE9","DE92","DE927"
42543680,"DK","DK0","DK04","DK041"
42543720,"DK","DK0","DK04","DK041"
42561800,"IT","ITG","ITG2","ITG27"
42562962,"DE","DE7","DE71","DE71B"
42563034,"DE","DE7","DE71","DE71E"
42563304,"DE","DE9","DE92","DE922"
42581922,"IT","ITG","ITG2","ITG26"
42582378,"IT","ITC","ITC3","ITC33"
42582432,"IT","ITC","ITC4","ITC48"
42582462,"IT","ITC","ITC4","ITC48"
42582994,"DE","DE2","DE26","DE264"
42583038,"DE","DE7","DE72","DE725"
42583062,"DE","DE7","DE72","DE725"
42583080,"DE","DE7","DE72","DE724"
42583182,"DE","DEA","DEA4","DEA44"
42583236,"DE","DEA","DEA4","DEA46"
42583542,"DK","DK0","DK03","DK032"
42583678,"DK","DK0","DK04","DK041"
42583722,"DK","DK0","DK04","DK041"
42583776,"DK","DK0","DK05","DK050"
42602746,"DE","DE1","DE14","DE147"
42602758,"DE","DE1","DE14","DE149"
42602992,"DE","DE2","DE26","DE264"
42603070,"DE","DE7","DE72","DE725"
42603100,"DE","DE7","DE73","DE735"
42603190,"DE","DEA","DEA4","DEA44"
42603492,"DE","DEF","DEF0","DEF07"
42603550,"DK","DK0","DK03","DK032"
42603574,"DK","DK0","DK03","DK032"
42603610,"DK","DK0","DK03","DK032"
42603628,"DK","DK0","DK03","DK032"
42621864,"IT","ITG","ITG2","ITG2A"
42621978,"IT","ITG","ITG2","ITG29"
42622382,"IT","ITC","ITC3","ITC33"
42622490,"IT","ITC","ITC4","ITC4C"
42622896,"DE","DE1","DE11","DE117"
42623080,"DE","DE7","DE72","DE725"
42623116,"DE","DE7","DE73","DE736"
42623368,"DE","DE9","DE93","DE937"
42623652,"DK","DK0","DK04","DK041"
42641970,"IT","ITG","ITG2","ITG29"
42642402,"IT","ITC","ITC4","ITC48"
42643126,"DE","DE7","DE73","DE734"
42643222,"DE","DE9","DE92","DE928"
42662386,"IT","ITC","ITC3","ITC33"
42662462,"IT","ITC","ITC4","ITC48"
42663262,"DE","DE9","DE92","DE927"
42663640,"DK","DK0","DK03","DK032"
42663700,"DK","DK0","DK04","DK041"
42663712,"DK","DK0","DK04","DK041"
42682424,"IT","ITH","ITH5","ITH51"
42682790,"DE","DE1","DE14","DE149"
42682952,"DE","DE2","DE26","DE269"
42683042,"DE","DE7","DE72","DE725"
42683078,"DE","DE7","DE72","DE725"
42683096,"DE","DE7","DE73","DE735"
42683204,"DE","DEA","DEA4","DEA45"
42683212,"DE","DE9","DE92","DE923"
42683482,"DE","DEF","DEF0","DEF07"
42683662,"DK","DK0","DK04","DK041"
42702102,"FR","FRM","FRM0","FRM02"
42702434,"IT","ITC","ITC4","ITC48"
42703082,"DE","DE7","DE73","DE735"
42703532,"DK","DK0","DK03","DK032"
42703568,"DK","DK0","DK03","DK032"
42703640,"DK","DK0","DK03","DK032"
42721934,"IT","ITG","ITG2","ITG26"
42722438,"IT","ITC","ITC4","ITC48"
42722500,"IT","ITC","ITC4","ITC4D"
42722532,"IT","ITC","ITC4","ITC43"
42722546,"IT","ITC","ITC4","ITC43"
42722554,"IT","ITC","ITC4","ITC43"
42722806,"DE","DE1","DE14","DE141"
42723058,"DE","DE7","DE72","DE725"
42723126,"DE","DE7","DE73","DE735"
42723238,"DE","DE9","DE92","DE928"
42723338,"DE","DE9","DE93","DE937"
42723522,"DE","DEF","DEF0","DEF0C"
42723644,"DK","DK0","DK03","DK032"
42723670,"DK","DK0","DK04","DK041"
42723778,"DK","DK0","DK05","DK050"
42742164,"FR","FRM","FRM0","FRM02"
42743070,"DE","DE7","DE72","DE725"
42762108,"FR","FRM","FRM0","FRM02"
42762490,"IT","ITC","ITC4","ITC4C"
42762760,"DE","DE1","DE14","DE149"
42763074,"DE","DE7","DE72","DE725"
42763084,"DE","DE7","DE73","DE735"
42763102,"DE","DE7","DE73","DE735"
42763282,"DE","DE9","DE92","DE927"
42763318,"DE","DE9","DE93","DE93B"
42763458,"DE","DEF","DEF0","DEF05"
42763462,"DE","DEF","DEF0","DEF05"
42763476,"DE","DEF","DEF0","DEF0C"
42763506,"DE","DEF","DEF0","DEF0C"
42763534,"DK","DK0","DK03","DK032"
42763548,"DK","DK0","DK03","DK032"
42763714,"DK","DK0","DK04","DK041"
42782380,"IT","ITC","ITC3","ITC33"
42782484,"IT","ITC","ITC4","ITC49"
42782502,"IT","ITC","ITC4","ITC4D"
42782830,"DE","DE1","DE11","DE113"
42783106,"DE","DE7","DE73","DE735"
42783118,"DE","DE7","DE73","DE735"
42783592,"DK","DK0","DK03","DK032"
42802392,"IT","ITH","ITH5","ITH51"
42802396,"IT","ITH","ITH5","ITH51"
42802824,"DE","DE1","DE14","DE141"
42803098,"DE","DE7","DE73","DE735"
42822448,"IT","ITC","ITC4","ITC48"
42822906,"DE","DE1","DE11","DE119"
42822960,"DE","DE1","DE11","DE11B"
42823644,"DK","DK0","DK03","DK032"
42842416,"IT","ITH","ITH5","ITH51"
42843100,"DE","DE7","DE73","DE735"
42843218,"DE","DE9","DE92","DE923"
42843466,"DE","DEF","DEF0","DEF0B"
42843682,"DK","DK0","DK04","DK042"
42862532,"IT","ITC","ITC4","ITC46"
42862808,"DE","DE1","DE14","DE141"
42862834,"DE","DE1","DE11","DE113"
42863078,"DE","DE7","DE73","DE733"
42863176,"DE","DE9","DE91","DE918"
42863186,"DE","DE9","DE92","DE926"
42863234,"DE","DE9","DE92","DE923"
42863320,"DE","DE9","DE93","DE937"
42863378,"DE","DE9","DE93","DE939"
42863486,"DE","DEF","DEF0","DEF0C"
42863582,"DK","DK0","DK03","DK032"
42863648,"DK","DK0","DK04","DK041"
42863654,"DK","DK0","DK04","DK041"
42882534,"IT","ITC","ITC4","ITC46"
42882542,"IT","ITC","ITC4","ITC46"
42882682,"AT","AT3","AT34","AT342"
42883028,"DE","DE7","DE71","DE719"
42883694,"DK","DK0","DK04","DK042"
42883748,"DK","DK0","DK05","DK050"
42902492,"IT","ITC","ITC4","ITC46"
42902496,"IT","ITC","ITC4","ITC46"
42902510,"IT","ITC","ITC4","ITC46"
42903112,"DE","DE7","DE73","DE735"
42903252,"DE","DE9","DE92","DE929"
42903450,"DE","DEF","DEF0","DEF0B"
42903482,"DE","DEF","DEF0","DEF0C"
42903508,"DE","DEF","DEF0","DEF0C"
42903702,"DK","DK0","DK04","DK041"
42903756,"DK","DK0","DK05","DK050"
42903774,"DK","DK0","DK05","DK050"
42922458,"IT","ITC","ITC4","ITC49"
42923574,"DK","DK0","DK03","DK032"
42923736,"DK","DK0","DK05","DK050"
42923790,"DK","DK0","DK05","DK050"
42942490,"IT","ITC","ITC4","ITC46"
42942690,"AT","AT3","AT34","AT342"
42942810,"DE","DE1","DE14","DE145"
42942840,"DE","DE1","DE11","DE114"
42943084,"DE","DE7","DE73","DE733"
42943146,"DE","DE7","DE73","DE734"
42943458,"DE","DEF","DEF0","DEF0B"
42943686,"DK","DK0","DK04","DK042"
42943696,"DK","DK0","DK04","DK041"
42962764,"DE","DE1","DE14","DE146"
42962776,"DE","DE1","DE14","DE146"
42963078,"DE","DE7","DE73","DE733"
42963124,"DE","DE7","DE73","DE734"
42963748,"DK","DK0","DK05","DK050"
42982432,"IT","ITH","ITH5","ITH51"
42982530,"IT","ITC","ITC4","ITC46"
42982676,"AT","AT3","AT34","AT341"
42982824,"DE","DE1","DE14","DE145"
42983458,"DE","DEF","DEF0","DEF0B"
42983494,"DE","DEF","DEF0","DEF0C"
42983652,"DK","DK0","DK04","DK042"
43002394,"IT","ITH","ITH5","ITH52"
43002406,"IT","ITH","ITH5","ITH51"
43002704,"AT","AT3","AT34","AT342"
43002766,"DE","DE1","DE14","DE146"
43003518,"DE","DEF","DEF0","DEF0C"
43003536,"DK","DK0","DK03","DK032"
43022470,"IT","ITC","ITC4","ITC4A"
43022488,"IT","ITC","ITC4","ITC46"
43022698,"AT","AT3","AT34","AT342"
43022722,"DE","DE2","DE27","DE27A"
43022740,"DE","DE1","DE14","DE148"
43022764,"DE","DE1","DE14","DE146"
43022782,"DE","DE1","DE14","DE146"
43022872,"DE","DE1","DE11","DE11D"
43023088,"DE","DE7","DE73","DE733"
43023106,"DE","DE7","DE73","DE733"
43023196,"DE","DE9","DE91","DE918"
43023200,"DE","DE9","DE92","DE926"
43023370,"DE","DE9","DE93","DE939"
43023484,"DE","DEF","DEF0","DEF0B"
43042466,"IT","ITC","ITC4","ITC4A"
43042484,"IT","ITC","ITC4","ITC46"
43042496,"IT","ITC","ITC4","ITC46"
43042502,"IT","ITC","ITC4","ITC46"
43042730,"DE","DE1","DE14","DE148"
43042898,"DE","DE1","DE11","DE11A"
43043060,"DE","DE7","DE73","DE732"
43043086,"DE","DE7","DE73","DE733"
43043230,"DE","DE9","DE92","DE925"
43043486,"DE","DEF","DEF0","DEF0B"
43043690,"DK","DK0","DK04","DK042"
43043726,"DK","DK0","DK05","DK050"
43043744,"DK","DK0","DK05","DK050"
43062380,"IT","ITH","ITH5","ITH52"
43062434,"IT","ITH","ITH5","ITH51"
43062462,"IT","ITC","ITC4","ITC4A"
43062470,"IT","ITC","ITC4","ITC4A"
43063622,"DK","DK0","DK04","DK042"
43063640,"DK","DK0","DK04","DK042"
43083104,"DE","DE7","DE73","DE733"
43083184,"DE","DE9","DE91","DE918"
43083270,"DE","DE9","DE92","DE929"
43083338,"DE","DE9","DE93","DE938"
43083518,"DE","DEF","DEF0","DEF0C"
43083598,"DK","DK0","DK03","DK031"
43083770,"DK","DK0","DK05","DK050"
43103214,"DE","DE9","DE92","DE925"
43103646,"DK","DK0","DK04","DK042"
43122426,"IT","ITH","ITH5","ITH51"
43122702,"AT","AT3","AT34","AT341"
43122714,"AT","AT3","AT34","AT342"
43123092,"DE","DE7","DE73","DE733"
43123120,"DE","DE7","DE73","DE737"
43123128,"DE","DE7","DE73","DE737"
43123480,"DE","DEF","DEF0","DEF0B"
43123588,"DK","DK0","DK03","DK031"
43123686,"DK","DK0","DK04","DK042"
43123692,"DK","DK0","DK04","DK042"
43143096,"DE","DE7","DE73","DE733"
43143676,"DK","DK0","DK04","DK042"
43143802,"DK","DK0","DK05","DK050"
43162536,"IT","ITC","ITC4","ITC46"
43162706,"AT","AT3","AT34","AT341"
43162914,"DE","DE1","DE11","DE11A"
43162972,"DE","DE2","DE26","DE26C"
43163044,"DE","DE7","DE73","DE732"
43163098,"DE","DE7","DE73","DE733"
43163458,"DE","DEF","DEF0","DEF0B"
43163598,"DK","DK0","DK03","DK031"
43163688,"DK","DK0","DK04","DK042"
43163742,"DK","DK0","DK05","DK050"
43163800,"DK","DK0","DK05","DK050"
43163818,"DK","DK0","DK05","DK050"
43182456,"IT","ITC","ITC4","ITC4A"
43182478,"IT","ITC","ITC4","ITC47"
43182496,"IT","ITC","ITC4","ITC47"
43182690,"AT","AT3","AT34","AT341"
43182730,"DE","DE1","DE14","DE148"
43182744,"DE","DE1","DE14","DE148"
43182784,"DE","DE1","DE14","DE146"
43182798,"DE","DE1","DE14","DE145"
43182820,"DE","DE1","DE14","DE145"
43183122,"DE","DE7","DE73","DE737"
43183716,"DK","DK0","DK04","DK042"
43183738,"DK","DK0","DK05","DK050"
43183752,"DK","DK0","DK05","DK050"
43202452,"IT","ITC","ITC4","ITC4A"
43202710,"AT","AT3","AT34","AT342"
43202722,"DE","DE2","DE27","DE27A"
43202746,"DE","DE1","DE14","DE148"
43203016,"DE","DE2","DE26","DE265"
43203034,"DE","DE2","DE26","DE266"
43203502,"DE","DEF","DEF0","DEF0B"
43203586,"DK","DK0","DK03","DK031"
43203700,"DK","DK0","DK04","DK042"
43222370,"IT","ITH","ITH5","ITH52"
43222420,"IT","ITH","ITH5","ITH51"
43222466,"IT","ITC","ITC4","ITC47"
43222514,"IT","ITC","ITC4","ITC46"
43222546,"IT","ITC","ITC4","ITC46"
43222730,"DE","DE2","DE27","DE27A"
43222748,"DE","DE1","DE14","DE148"
43223108,"DE","DE7","DE73","DE737"
43223216,"DE","DE9","DE92","DE925"
43223266,"DE","DE9","DE92","DE929"
43223636,"DK","DK0","DK04","DK042"
43223654,"DK","DK0","DK04","DK042"
43223702,"DK","DK0","DK04","DK042"
43223738,"DK","DK0","DK05","DK050"
43223788,"DK","DK0","DK05","DK050"
43242350,"IT","ITI","ITI1","ITI11"
43242524,"IT","ITC","ITC4","ITC46"
43262402,"IT","ITH","ITH5","ITH52"
43262410,"IT","ITH","ITH5","ITH52"
43262564,"IT","ITC","ITC4","ITC44"
43262834,"DE","DE1","DE11","DE11C"
43263126,"DE","DE7","DE73","DE737"
43263184,"DE","DE9","DE91","DE918"
43263454,"DE","DEF","DEF0","DEF0B"
43263580,"DK","DK0","DK03","DK031"
43263648,"DK","DK0","DK04","DK042"
43283052,"DE","DEG","DEG0","DEG0B"
43283124,"DE","DE7","DE73","DE737"
43283592,"DK","DK0","DK03","DK031"
43283790,"DK","DK0","DK05","DK050"
43283808,"DK","DK0","DK05","DK050"
43302778,"DE","DE1","DE14","DE146"
43303228,"DE","DE9","DE92","DE925"
43303296,"DE","DE9","DE93","DE931"
43303570,"DK","DK0","DK03","DK031"
43303584,"DK","DK0","DK03","DK031"
43303710,"DK","DK0","DK04","DK042"
43303740,"DK","DK0","DK05","DK050"
43303764,"DK","DK0","DK05","DK050"
43303776,"DK","DK0","DK05","DK050"
43322476,"IT","ITC","ITC4","ITC47"
43322692,"AT","AT3","AT34","AT341"
43322934,"DE","DE2","DE25","DE25A"
43323106,"DE","DEG","DEG0","DEG0P"
43323456,"DE","DEF","DEF0","DEF0A"
43323646,"DK","DK0","DK04","DK042"
43342446,"IT","ITC","ITC4","ITC4A"
43342454,"IT","ITC","ITC4","ITC4A"
43342544,"IT","ITC","ITC4","ITC46"
43342562,"IT","ITC","ITC4","ITC44"
43342756,"DE","DE2","DE27","DE27C"
43343040,"DE","DE2","DE26","DE266"
43343458,"DE","DEF","DEF0","DEF0A"
43343566,"DK","DK0","DK03","DK031"
43343724,"DK","DK0","DK04","DK042"
43343760,"DK","DK0","DK05","DK050"
43343818,"DK","DK0","DK05","DK050"
43362402,"IT","ITH","ITH5","ITH52"
43362478,"IT","ITC","ITC4","ITC47"
43362694,"AT","AT3","AT34","AT341"
43362748,"DE","DE2","DE27","DE27E"
43362802,"DE","DE2","DE27","DE279"
43363252,"DE","DE9","DE91","DE91A"
43363356,"DE","DE9","DE93","DE933"
43382354,"IT","ITI","ITI1","ITI11"
43382422,"IT","ITH","ITH5","ITH52"
43382746,"DE","DE2","DE27","DE27E"
43382794,"DE","DE2","DE27","DE279"
43383214,"DE","DE9","DE91","DE91B"
43383316,"DE","DE9","DE93","DE93A"
43383736,"DK","DK0","DK05","DK050"
43402370,"IT","ITH","ITH5","ITH52"
43402460,"IT","ITC","ITC4","ITC47"
43402550,"IT","ITC","ITC4","ITC47"
43402682,"AT","AT3","AT33","AT331"
43403168,"DE","DE9","DE91","DE91C"
43403554,"DK","DK0","DK03","DK031"
43403558,"DK","DK0","DK03","DK031"
43403600,"DK","DK0","DK03","DK031"
43422344,"IT","ITI","ITI1","ITI12"
43423190,"DE","DE9","DE91","DE916"
43423280,"DE","DE9","DE93","DE931"
43423808,"DK","DK0","DK05","DK050"
43442370,"IT","ITH","ITH5","ITH53"
43442450,"IT","ITC","ITC4","ITC4A"
43442464,"IT","ITC","ITC4","ITC47"
43442986,"DE","DE2","DE26","DE26B"
43443018,"DE","DE2","DE26","DE265"
43443126,"DE","DEG","DEG0","DEG09"
43443202,"DE","DE9","DE91","DE916"
43443464,"DE","DEF","DEF0","DEF0A"
43443572,"DK","DK0","DK03","DK031"
43462782,"DE","DE2","DE27","DE27C"
43463466,"DE","DEF","DEF0","DEF0A"
43482400,"IT","ITH","ITH5","ITH52"
43483260,"DE","DE9","DE91","DE914"
43483308,"DE","DE9","DE93","DE93A"
43483566,"DK","DK0","DK03","DK031"
43483606,"DK","DK0","DK03","DK031"
43483794,"DK","DK0","DK05","DK050"
43502416,"IT","ITH","ITH5","ITH52"
43502746,"DE","DE2","DE27","DE27B"
43502764,"DE","DE2","DE27","DE27C"
43503136,"DE","DEG","DEG0","DEG09"
43503258,"DE","DE9","DE91","DE914"
43503456,"DE","DEF","DEF0","DEF0A"
43523256,"DE","DE9","DE91","DE914"
43542330,"IT","ITI","ITI1","ITI12"
43542384,"IT","ITH","ITH5","ITH53"
43542484,"IT","ITC","ITC4","ITC47"
43542718,"DE","DE2","DE27","DE27E"
43542748,"DE","DE2","DE27","DE27B"
43543126,"DE","DEG","DEG0","DEG09"
43543590,"DK","DK0","DK03","DK031"
43562354,"IT","ITH","ITH5","ITH53"
43562362,"IT","ITH","ITH5","ITH53"
43562470,"IT","ITC","ITC4","ITC47"
43562476,"IT","ITC","ITC4","ITC47"
43562480,"IT","ITC","ITC4","ITC47"
43562570,"IT","ITC","ITC4","ITC47"
43562686,"AT","AT3","AT33","AT331"
43562776,"DE","DE2","DE27","DE27C"
43562920,"DE","DE2","DE25","DE256"
43582384,"IT","ITH","ITH5","ITH53"
43582456,"IT","ITC","ITC4","ITC4B"
43583104,"DE","DEG","DEG0","DEG0P"
43583108,"DE","DEG","DEG0","DEG09"
43583284,"DE","DE","DE9","DE91"
43583302,"DE","DE9","DE91","DE914"
43583564,"DK","DK0","DK03","DK031"
43583708,"DK","DK0","DK04","DK042"
43602314,"IT","ITI","ITI1","ITI12"
43602380,"IT","ITH","ITH5","ITH53"
43602512,"IT","ITC","ITC4","ITC47"
43622262,"IT","ITI","ITI1","ITI17"
43622348,"IT","ITH","ITH5","ITH54"
43622366,"IT","ITH","ITH5","ITH53"
43622446,"IT","ITC","ITC4","ITC4B"
43622524,"IT","ITC","ITC4","ITC47"
43622622,"IT","ITH","ITH1","ITH10"
43622690,"AT","AT3","AT33","AT331"
43622788,"DE","DE2","DE27","DE27C"
43622798,"DE","DE2","DE27","DE278"
43622816,"DE","DE2","DE27","DE276"
43622824,"DE","DE2","DE27","DE277"
43622838,"DE","DE2","DE27","DE277"
43623216,"DE","DE9","DE91","DE91B"
43623554,"DK","DK0","DK03","DK031"
43623562,"DK","DK0","DK03","DK031"
43623598,"DK","DK0","DK03","DK031"
43623698,"DK","DK0","DK04","DK042"
43642800,"DE","DE2","DE27","DE278"
43643304,"DE","DE9","DE93","DE93A"
43662282,"IT","ITI","ITI1","ITI17"
43662306,"IT","ITI","ITI1","ITI12"
43662342,"IT","ITH","ITH5","ITH54"
43662364,"IT","ITH","ITH5","ITH53"
43662400,"IT","ITH","ITH5","ITH53"
43662688,"AT","AT3","AT33","AT331"
43662756,"DE","DE2","DE27","DE27B"
43662760,"DE","DE2","DE27","DE27B"
43663170,"DE","DE9","DE91","DE91C"
43663228,"DE","DE9","DE91","DE91B"
43663254,"DE","DE9","DE91","DE914"
43663264,"DE","DE9","DE91","DE914"
43663296,"DE","DE9","DE93","DE93A"
43663318,"DE","DE9","DE93","DE93A"
43682430,"IT","ITC","ITC4","ITC4B"
43682776,"DE","DE2","DE27","DE27C"
43682854,"DE","DE2","DE27","DE27D"
43702248,"IT","ITI","ITI1","ITI17"
43702414,"IT","ITH","ITH5","ITH53"
43702536,"IT","ITH","ITH2","ITH20"
43702704,"AT","AT3","AT33","AT331"
43703224,"DE","DE9","DE91","DE91B"
43722276,"IT","ITI","ITI1","ITI17"
43722430,"IT","ITC","ITC4","ITC4B"
43722442,"IT","ITC","ITC4","ITC4B"
43723014,"DE","DEG","DEG0","DEG0E"
43723032,"DE","DEG","DEG0","DEG0E"
43723306,"DE","DE9","DE93","DE93A"
43723446,"DE","DEF","DEF0","DEF08"
43742218,"IT","ITI","ITI1","ITI16"
43742350,"IT","ITH","ITH5","ITH54"
43742362,"IT","ITH","ITH5","ITH54"
43742782,"DE","DE2","DE27","DE276"
43742902,"DE","DE2","DE25","DE256"
43743118,"DE","DEG","DEG0","DEG09"
43743244,"DE","DE9","DE91","DE917"
43743280,"DE","DE9","DE91","DE914"
43743460,"DE","DEF","DEF0","DEF08"
43762208,"IT","ITI","ITI1","ITI16"
43762394,"IT","ITH","ITH5","ITH53"
43762406,"IT","ITH","ITH5","ITH53"
43762448,"IT","ITC","ITC4","ITC4B"
43762610,"IT","ITH","ITH1","ITH10"
43762910,"DE","DE2","DE25","DE256"
43763252,"DE","DE9","DE91","DE913"
43763306,"DE","DE9","DE93","DE93A"
43782452,"IT","ITC","ITC4","ITC4B"
43782552,"IT","ITH","ITH2","ITH20"
43782612,"IT","ITH","ITH1","ITH10"
43782660,"AT","AT3","AT33","AT334"
43782700,"AT","AT3","AT33","AT331"
43783136,"DE","DEG","DEG0","DEG0A"
43783280,"DE","DE9","DE91","DE914"
43802266,"IT","ITI","ITI1","ITI17"
43802352,"IT","ITH","ITH5","ITH54"
43802410,"IT","ITH","ITH5","ITH53"
43802474,"IT","ITH","ITH3","ITH31"
43802576,"IT","ITH","ITH2","ITH20"
43802684,"AT","AT3","AT33","AT334"
43802702,"AT","AT3","AT33","AT331"
43802766,"DE","DE2","DE27","DE27B"
43802888,"DE","DE2","DE25","DE25C"
43803090,"DE","DEG","DEG0","DEG0C"
43803230,"DE","DE9","DE91","DE91B"
43803270,"DE","DE9","DE91","DE914"
43822404,"IT","ITH","ITH5","ITH53"
43822458,"IT","ITC","ITC4","ITC4B"
43822560,"IT","ITH","ITH2","ITH20"
43822800,"DE","DE2","DE27","DE271"
43842504,"IT","ITH","ITH3","ITH31"
43842966,"DE","DE2","DE24","DE245"
43843278,"DE","DE9","DE91","DE914"
43843308,"DE","DE9","DE93","DE934"
43843470,"DE","DEF","DEF0","DEF08"
43862296,"IT","ITI","ITI1","ITI14"
43862362,"IT","ITH","ITH5","ITH54"
43862700,"AT","AT3","AT33","AT331"
43862872,"DE","DE2","DE25","DE25C"
43863456,"DE","DEF","DEF0","DEF08"
43882346,"IT","ITH","ITH5","ITH54"
43882468,"IT","ITH","ITH3","ITH31"
43882738,"DE","DE2","DE21","DE21N"
43882828,"DE","DE2","DE27","DE276"
43882878,"DE","DE2","DE25","DE25C"
43883134,"DE","DEG","DEG0","DEG0A"
43883278,"DE","DEE","DEE0","DEE04"
43883310,"DE","DEE","DEE0","DEE04"
43902514,"IT","ITH","ITH2","ITH20"
43902582,"IT","ITH","ITH2","ITH20"
43902682,"AT","AT3","AT33","AT334"
43903000,"DE","DE2","DE24","DE24C"
43903090,"DE","DEG","DEG0","DEG01"
43903522,"DK","DK0","DK02","DK022"
43922326,"IT","ITI","ITI1","ITI13"
43922404,"IT","ITH","ITH5","ITH54"
43922494,"IT","ITH","ITH3","ITH31"
43923244,"DE","DEE","DEE0","DEE07"
43923988,"SE","SE2","SE23","SE232"
43942340,"IT","ITH","ITH5","ITH55"
43942550,"IT","ITH","ITH2","ITH20"
43942616,"IT","ITH","ITH1","ITH10"
43942820,"DE","DE2","DE27","DE275"
43942996,"DE","DE2","DE24","DE24C"
43943180,"DE","DEE","DEE0","DEE09"
43943284,"DE","DEE","DEE0","DEE04"
43943536,"DK","DK0","DK02","DK022"
43962218,"IT","ITI","ITI1","ITI1A"
43962380,"IT","ITH","ITH5","ITH54"
43962444,"IT","ITC","ITC4","ITC4B"
43962488,"IT","ITH","ITH3","ITH31"
43962526,"IT","ITH","ITH2","ITH20"
43962530,"IT","ITH","ITH2","ITH20"
43962560,"IT","ITH","ITH2","ITH20"
43962614,"IT","ITH","ITH1","ITH10"
43963964,"SE","SE2","SE23","SE232"
43982338,"IT","ITH","ITH5","ITH55"
43982388,"IT","ITH","ITH5","ITH54"
43982406,"IT","ITH","ITH5","ITH54"
43982428,"IT","ITC","ITC4","ITC4B"
43982510,"IT","ITH","ITH2","ITH20"
43982594,"IT","ITH","ITH2","ITH20"
43982888,"DE","DE2","DE25","DE25C"
43983288,"DE","DEE","DEE0","DEE04"
43983994,"SE","SE2","SE23","SE232"
44002494,"IT","ITH","ITH3","ITH31"
44002532,"IT","ITH","ITH2","ITH20"
44002614,"IT","ITH","ITH1","ITH10"
44003970,"SE","SE2","SE23","SE232"
44022364,"IT","ITH","ITH5","ITH54"
44022536,"IT","ITH","ITH2","ITH20"
44022576,"IT","ITH","ITH2","ITH20"
44023246,"DE","DEE","DEE0","DEE07"
44023336,"DE","DE9","DE93","DE934"
44023516,"DK","DK0","DK02","DK022"
44023602,"DK","DK0","DK02","DK022"
44042268,"IT","ITI","ITI1","ITI19"
44042394,"IT","ITH","ITH5","ITH54"
44042412,"IT","ITH","ITH5","ITH54"
44042578,"IT","ITH","ITH2","ITH20"
44042690,"AT","AT3","AT33","AT332"
44042800,"DE","DE2","DE27","DE275"
44042830,"DE","DE2","DE27","DE275"
44042890,"DE","DE2","DE25","DE25B"
44042974,"DE","DE2","DE24","DE245"
44043276,"DE","DEE","DEE0","DEE04"
44043924,"SE","SE2","SE23","SE232"
44043946,"SE","SE2","SE23","SE232"
44062288,"IT","ITI","ITI1","ITI14"
44062468,"IT","ITH","ITH3","ITH31"
44062500,"IT","ITH","ITH3","ITH31"
44062504,"IT","ITH","ITH3","ITH31"
44062508,"IT","ITH","ITH3","ITH31"
44062554,"IT","ITH","ITH2","ITH20"
44062558,"IT","ITH","ITH2","ITH20"
44062594,"IT","ITH","ITH2","ITH20"
44062810,"DE","DE2","DE27","DE275"
44062954,"DE","DE2","DE24","DE248"
44063202,"DE","DEE","DEE0","DEE07"
44063526,"DK","DK0","DK02","DK022"
44063962,"SE","SE2","SE23","SE232"
44082366,"IT","ITH","ITH5","ITH55"
44082370,"IT","ITH","ITH5","ITH55"
44082566,"IT","ITH","ITH2","ITH20"
44082612,"IT","ITH","ITH1","ITH10"
44082690,"AT","AT3","AT33","AT332"
44083162,"DE","DEE","DEE0","DEE0A"
44083356,"DE","DE8","DE80","DE80O"
44083626,"DK","DK0","DK02","DK022"
44083936,"SE","SE2","SE23","SE232"
44102254,"IT","ITI","ITI1","ITI19"
44102326,"IT","ITI","ITI1","ITI15"
44102336,"IT","ITH","ITH5","ITH55"
44102458,"IT","ITH","ITH3","ITH31"
44102480,"IT","ITH","ITH3","ITH31"
44102696,"AT","AT3","AT33","AT332"
44103118,"DE","DEG","DEG0","DEG0D"
44103280,"DE","DEE","DEE0","DEE04"
44103574,"DK","DK0","DK02","DK022"
44103586,"DK","DK0","DK02","DK022"
44122294,"IT","ITI","ITI1","ITI14"
44122502,"IT","ITH","ITH3","ITH31"
44122556,"IT","ITH","ITH2","ITH20"
44122572,"IT","ITH","ITH2","ITH20"
44122636,"IT","ITH","ITH1","ITH10"
44123180,"DE","DEE","DEE0","DEE09"
44123522,"DK","DK0","DK02","DK022"
44123932,"SE","SE2","SE23","SE232"
44142272,"IT","ITI","ITI1","ITI14"
44142458,"IT","ITH","ITH3","ITH31"
44142562,"IT","ITH","ITH2","ITH20"
44142686,"AT","AT3","AT33","AT332"
44143154,"DE","DEE","DEE0","DEE0A"
44143298,"DE","DEE","DEE0","DEE04"
44143514,"DK","DK0","DK02","DK022"
44143586,"DK","DK0","DK02","DK022"
44143898,"SE","SE2","SE23","SE232"
44162474,"IT","ITH","ITH3","ITH31"
44162580,"IT","ITH","ITH1","ITH10"
44162588,"IT","ITH","ITH1","ITH10"
44162604,"IT","ITH","ITH1","ITH10"
44162612,"IT","ITH","ITH1","ITH10"
44163086,"DE","DEG","DEG0","DEG0G"
44163248,"DE","DEE","DEE0","DEE07"
44163288,"DE","DEE","DEE0","DEE04"
44163400,"DE","DE8","DE80","DE80M"
44163598,"DK","DK0","DK02","DK022"
44163626,"DK","DK0","DK02","DK022"
44163950,"SE","SE2","SE23","SE232"
44163954,"SE","SE2","SE23","SE232"
44182314,"IT","ITI","ITI1","ITI14"
44182422,"IT","ITH","ITH5","ITH54"
44182430,"IT","ITC","ITC4","ITC4B"
44182520,"IT","ITH","ITH3","ITH32"
44182560,"IT","ITH","ITH2","ITH20"
44182596,"IT","ITH","ITH1","ITH10"
44182610,"IT","ITH","ITH1","ITH10"
44202166,"IT","ITI","ITI1","ITI1A"
44202432,"IT","ITC","ITC4","ITC4B"
44202498,"IT","ITH","ITH3","ITH32"
44202504,"IT","ITH","ITH3","ITH32"
44202554,"IT","ITH","ITH2","ITH20"
44202580,"IT","ITH","ITH1","ITH10"
44202858,"DE","DE2","DE21","DE219"
44203092,"DE","DEG","DEG0","DEG0G"
44203246,"DE","DEE","DEE0","DEE07"
44203300,"DE","DEE","DEE0","DEE04"
44203642,"DK","DK0","DK02","DK022"
44203930,"SE","SE2","SE23","SE232"
44204052,"SE","SE3","SE31","SE311"
44222322,"IT","ITI","ITI1","ITI14"
44222394,"IT","ITH","ITH5","ITH55"
44222476,"IT","ITH","ITH3","ITH31"
44222484,"IT","ITH","ITH3","ITH31"
44222668,"AT","AT3","AT33","AT332"
44222902,"DE","DE2","DE23","DE236"
44223106,"DE","DEG","DEG0","DEG0G"
44223258,"DE","DEE","DEE0","DEE04"
44223286,"DE","DEE","DEE0","DEE0D"
44242194,"IT","ITI","ITI1","ITI1A"
44242414,"IT","ITH","ITH5","ITH54"
44242446,"IT","ITH","ITH3","ITH31"
44242450,"IT","ITH","ITH3","ITH31"
44242536,"IT","ITH","ITH3","ITH32"
44242544,"IT","ITH","ITH2","ITH20"
44242554,"IT","ITH","ITH2","ITH20"
44242558,"IT","ITH","ITH2","ITH20"
44242606,"IT","ITH","ITH1","ITH10"
44243098,"DE","DEG","DEG0","DEG0G"
44243278,"DE","DEE","DEE0","DEE04"
44243526,"DK","DK0","DK02","DK022"
44244052,"SE","SE3","SE31","SE311"
44262222,"IT","ITI","ITI1","ITI19"
44262312,"IT","ITI","ITI1","ITI14"
44262334,"IT","ITI","ITI1","ITI14"
44262496,"IT","ITH","ITH3","ITH32"
44262538,"IT","ITH","ITH2","ITH20"
44262574,"IT","ITH","ITH1","ITH10"
44262618,"IT","ITH","ITH1","ITH10"
44262982,"DE","DE2","DE24","DE246"
44263126,"DE","DEE","DEE0","DEE08"
44263288,"DE","DEE","DEE0","DEE0D"
44264058,"SE","SE3","SE31","SE311"
44282288,"IT","ITI","ITI1","ITI14"
44282488,"IT","ITH","ITH3","ITH32"
44282494,"IT","ITH","ITH3","ITH32"
44282614,"IT","ITH","ITH1","ITH10"
44282656,"AT","AT3","AT33","AT332"
44283232,"DE","DEE","DEE0","DEE07"
44283316,"DE","DEE","DEE0","DEE0D"
44283610,"DK","DK0","DK02","DK022"
44283628,"DK","DK0","DK02","DK022"
44284018,"SE","SE3","SE31","SE311"
44284042,"SE","SE3","SE31","SE311"
44302484,"IT","ITH","ITH3","ITH32"
44302532,"IT","ITH","ITH3","ITH32"
44302538,"IT","ITH","ITH3","ITH32"
44302680,"AT","AT3","AT33","AT332"
44302682,"AT","AT3","AT33","AT332"
44303234,"DE","DEE","DEE0","DEE07"
44303918,"SE","SE2","SE23","SE232"
44303972,"SE","SE2","SE23","SE232"
44304076,"SE","SE3","SE31","SE311"
44322588,"IT","ITH","ITH1","ITH10"
44322650,"IT","ITH","ITH1","ITH10"
44322920,"DE","DE2","DE23","DE236"
44342162,"IT","ITI","ITI1","ITI1A"
44342190,"IT","ITI","ITI1","ITI1A"
44342284,"IT","ITI","ITI1","ITI14"
44342324,"IT","ITI","ITI1","ITI14"
44342402,"IT","ITH","ITH5","ITH55"
44342424,"IT","ITH","ITH5","ITH56"
44342460,"IT","ITH","ITH3","ITH36"
44342474,"IT","ITH","ITH3","ITH32"
44342510,"IT","ITH","ITH3","ITH32"
44342532,"IT","ITH","ITH3","ITH32"
44342548,"IT","ITH","ITH2","ITH20"
44342594,"IT","ITH","ITH1","ITH10"
44342600,"IT","ITH","ITH1","ITH10"
44342838,"DE","DE2","DE21","DE21J"
44342874,"DE","DE2","DE21","DE219"
44343058,"DE","DEG","DEG0","DEG0K"
44343140,"DE","DEE","DEE0","DEE0B"
44343518,"DK","DK0","DK02","DK022"
44343882,"SE","SE2","SE23","SE232"
44343932,"SE","SE2","SE23","SE232"
44362440,"IT","ITH","ITH3","ITH37"
44362656,"IT","ITH","ITH1","ITH10"
44363574,"DK","DK0","DK02","DK022"
44382228,"IT","ITI","ITI1","ITI19"
44382300,"IT","ITI","ITI1","ITI14"
44382364,"IT","ITH","ITH5","ITH55"
44382382,"IT","ITH","ITH5","ITH55"
44382516,"IT","ITH","ITH3","ITH32"
44382616,"IT","ITH","ITH1","ITH10"
44382648,"IT","ITH","ITH1","ITH10"
44382670,"AT","AT3","AT33","AT332"
44382684,"AT","AT3","AT33","AT332"
44382686,"AT","AT3","AT33","AT332"
44383080,"DE","DEG","DEG0","DEG0J"
44383152,"DE","DEE","DEE0","DEE0A"
44383218,"DE","DEE","DEE0","DEE03"
44383858,"SE","SE2","SE23","SE232"
44383866,"SE","SE2","SE23","SE232"
44383872,"SE","SE2","SE23","SE232"
44384020,"SE","SE3","SE31","SE311"
44384466,"SE","SE3","SE32","SE322"
44402394,"IT","ITH","ITH5","ITH55"
44402430,"IT","ITH","ITH3","ITH37"
44402664,"AT","AT3","AT33","AT332"
44402818,"DE","DE2","DE21","DE21B"
44402962,"DE","DE2","DE23","DE237"
44403106,"DE","DEG","DEG0","DEG0J"
44403604,"DK","DK0","DK02","DK022"
44403820,"SE","SE2","SE23","SE231"
44403826,"SE","SE2","SE23","SE231"
44403838,"SE","SE2","SE23","SE232"
44403910,"SE","SE2","SE23","SE232"
44422216,"IT","ITI","ITI1","ITI19"
44422360,"IT","ITH","ITH5","ITH55"
44422522,"IT","ITH","ITH3","ITH32"
44422536,"IT","ITH","ITH3","ITH32"
44422810,"DE","DE2","DE21","DE21B"
44422846,"DE","DE2","DE21","DE21J"
44423616,"DK","DK0","DK02","DK021"
44423832,"SE","SE2","SE23","SE232"
44423854,"SE","SE2","SE23","SE232"
44442154,"IT","ITI","ITI1","ITI1A"
44442370,"IT","ITH","ITH5","ITH55"
44442424,"IT","ITH","ITH5","ITH56"
44442510,"IT","ITH","ITH3","ITH32"
44442622,"IT","ITH","ITH1","ITH10"
44442892,"DE","DE2","DE23","DE236"
44443230,"DE","DEE","DEE0","DEE06"
44443882,"SE","SE2","SE23","SE232"
44443900,"SE","SE2","SE23","SE232"
44443950,"SE","SE2","SE23","SE232"
44444004,"SE","SE2","SE23","SE232"
44444080,"SE","SE3","SE31","SE311"
44462146,"IT","ITI","ITI4","ITI41"
44462354,"IT","ITH","ITH5","ITH55"
44462630,"IT","ITH","ITH1","ITH10"
44463286,"DE","DEE","DEE0","DEE0D"
44463970,"SE","SE2","SE23","SE232"
44464018,"SE","SE2","SE23","SE232"
44464042,"SE","SE3","SE31","SE311"
44482340,"IT","ITI","ITI1","ITI14"
44482376,"IT","ITH","ITH5","ITH55"
44482492,"IT","ITH","ITH3","ITH32"
44482510,"IT","ITH","ITH3","ITH32"
44482626,"IT","ITH","ITH1","ITH10"
44482636,"IT","ITH","ITH1","ITH10"
44482834,"DE","DE2","DE21","DE21B"
44482856,"DE","DE2","DE21","DE219"
44482888,"DE","DE2","DE23","DE238"
44483006,"DE","DE2","DE24","DE249"
44483096,"DE","DEG","DEG0","DEG0J"
44483176,"DE","DEE","DEE0","DEE0C"
44483338,"DE","DE4","DE40","DE40F"
44483522,"DK","DK0","DK02","DK022"
44483564,"DK","DK0","DK02","DK022"
44483636,"DK","DK0","DK01","DK013"
44483888,"SE","SE2","SE23","SE232"
44483900,"SE","SE2","SE23","SE232"
44483914,"SE","SE2","SE23","SE232"
44483918,"SE","SE2","SE23","SE232"
44484050,"SE","SE3","SE31","SE311"
44484206,"SE","SE3","SE31","SE311"
44484472,"SE","SE3","SE32","SE322"
44502164,"IT","ITI","ITI1","ITI1A"
44502344,"IT","ITH","ITH5","ITH57"
44502524,"IT","ITH","ITH3","ITH32"
44502938,"DE","DE2","DE23","DE234"
44503244,"DE","DEE","DEE0","DEE06"
44503370,"DE","DE8","DE80","DE80O"
44503514,"DK","DK0","DK02","DK022"
44522288,"IT","ITI","ITI1","ITI18"
44522366,"IT","ITH","ITH5","ITH55"
44522402,"IT","ITH","ITH5","ITH56"
44522406,"IT","ITH","ITH5","ITH56"
44522536,"IT","ITH","ITH3","ITH32"
44522550,"IT","ITH","ITH3","ITH33"
44522630,"IT","ITH","ITH1","ITH10"
44523270,"DE","DEE","DEE0","DEE0D"
44523310,"DE","DEE","DEE0","DEE0D"
44523360,"DE","DE8","DE80","DE80O"
44523810,"SE","SE2","SE23","SE231"
44523958,"SE","SE2","SE23","SE232"
44524044,"SE","SE3","SE31","SE311"
44524300,"SE","SE3","SE31","SE312"
44542404,"IT","ITH","ITH5","ITH56"
44542476,"IT","ITH","ITH3","ITH36"
44542560,"IT","ITH","ITH2","ITH20"
44542962,"DE","DE2","DE23","DE237"
44543250,"DE","DE","DEE","DEE0"
44543646,"DK","DK0","DK01","DK013"
44543808,"SE","SE2","SE23","SE231"
44543826,"SE","SE2","SE23","SE231"
44543880,"SE","SE2","SE23","SE232"
44544060,"SE","SE3","SE31","SE311"
44562180,"IT","ITI","ITI1","ITI1A"
44562552,"IT","ITH","ITH3","ITH33"
44562702,"AT","AT3","AT33","AT335"
44562976,"DE","DE2","DE23","DE23A"
44563260,"DE","DEE","DEE0","DEE0D"
44563656,"DK","DK0","DK01","DK013"
44563822,"SE","SE2","SE23","SE231"
44563938,"SE","SE2","SE23","SE232"
44564028,"SE","SE3","SE31","SE311"
44564034,"SE","SE3","SE31","SE311"
44564038,"SE","SE3","SE31","SE311"
44564074,"SE","SE3","SE31","SE311"
44564196,"SE","SE3","SE31","SE311"
44582170,"IT","ITI","ITI1","ITI1A"
44582206,"IT","ITI","ITI1","ITI19"
44582304,"IT","ITI","ITI1","ITI18"
44582440,"IT","ITH","ITH3","ITH37"
44582466,"IT","ITH","ITH3","ITH36"
44582530,"IT","ITH","ITH3","ITH32"
44582712,"AT","AT3","AT33","AT335"
44583802,"SE","SE2","SE23","SE231"
44583910,"SE","SE2","SE23","SE232"
44583982,"SE","SE2","SE23","SE232"
44584018,"SE","SE3","SE31","SE311"
44602158,"IT","ITI","ITI4","ITI41"
44602356,"IT","ITH","ITH5","ITH57"
44602522,"IT","ITH","ITH3","ITH32"
44602536,"IT","ITH","ITH3","ITH32"
44602792,"DE","DE2","DE21","DE21A"
44603022,"DE","DE2","DE24","DE249"
44603256,"DE","DEE","DEE0","DEE06"
44603314,"DE","DE4","DE40","DE40F"
44603404,"DE","DE8","DE80","DE80K"
44603660,"DK","DK0","DK01","DK013"
44603778,"SE","SE2","SE23","SE231"
44603904,"SE","SE2","SE23","SE232"
44603962,"SE","SE2","SE23","SE232"
44604016,"SE","SE3","SE31","SE311"
44604030,"SE","SE3","SE31","SE311"
44604052,"SE","SE3","SE31","SE311"
44604070,"SE","SE3","SE31","SE311"
44604174,"SE","SE3","SE31","SE311"
44622438,"IT","ITH","ITH3","ITH37"
44622568,"IT","ITH","ITH2","ITH20"
44622708,"AT","AT3","AT33","AT335"
44623090,"DE","DEG","DEG0","DEG0L"
44623270,"DE","DEE","DEE0","DEE06"
44624094,"SE","SE3","SE31","SE311"
44624292,"SE","SE3","SE31","SE312"
44624422,"SE","SE3","SE32","SE322"
44642516,"IT","ITH","ITH3","ITH34"
44643268,"DE","DEE","DEE0","DEE06"
44643358,"DE","DE4","DE40","DE40F"
44643646,"DK","DK0","DK01","DK013"
44644000,"SE","SE2","SE23","SE232"
44644216,"SE","SE3","SE31","SE311"
44644312,"SE","SE3","SE31","SE312"
44644420,"SE","SE3","SE32","SE322"
44662142,"IT","ITI","ITI4","ITI41"
44662190,"IT","ITI","ITI4","ITI41"
44662352,"IT","ITH","ITH5","ITH57"
44662402,"IT","ITH","ITH5","ITH56"
44662456,"IT","ITH","ITH3","ITH36"
44662460,"IT","ITH","ITH3","ITH36"
44662492,"IT","ITH","ITH3","ITH36"
44662618,"IT","ITH","ITH1","ITH10"
44662634,"IT","ITH","ITH1","ITH10"
44662698,"AT","AT3","AT33","AT335"
44663072,"DE","DEG","DEG0","DEG0L"
44663198,"DE","DEE","DEE0","DEE05"
44663338,"DE","DE4","DE40","DE40F"
44663900,"SE","SE2","SE23","SE232"
44663914,"SE","SE2","SE23","SE232"
44663942,"SE","SE2","SE23","SE232"
44663996,"SE","SE2","SE23","SE232"
44664116,"SE","SE3","SE31","SE311"
44664140,"SE","SE3","SE31","SE311"
44664332,"SE","SE3","SE31","SE312"
44682182,"IT","ITI","ITI1","ITI1A"
44682296,"IT","ITI","ITI1","ITI18"
44682332,"IT","ITH","ITH5","ITH58"
44682440,"IT","ITH","ITH3","ITH37"
44682470,"IT","ITH","ITH3","ITH36"
44682624,"IT","ITH","ITH1","ITH10"
44683628,"DK","DK0","DK01","DK012"
44683766,"SE","SE2","SE23","SE231"
44683820,"SE","SE2","SE23","SE232"
44683856,"SE","SE2","SE23","SE232"
44684000,"SE","SE2","SE23","SE232"
44684198,"SE","SE3","SE31","SE311"
44702230,"IT","ITI","ITI1","ITI19"
44702302,"IT","ITH","ITH5","ITH58"
44702330,"IT","ITH","ITH5","ITH58"
44702366,"IT","ITH","ITH5","ITH57"
44702374,"IT","ITH","ITH5","ITH57"
44702406,"IT","ITH","ITH5","ITH56"
44702410,"IT","ITH","ITH5","ITH56"
44702420,"IT","ITH","ITH5","ITH56"
44702510,"IT","ITH","ITH3","ITH34"
44702554,"IT","ITH","ITH3","ITH33"
44702744,"DE","DE2","DE21","DE21K"
44703212,"DE","DEE","DEE0","DEE05"
44703914,"SE","SE2","SE23","SE232"
44704076,"SE","SE3","SE31","SE311"
44704098,"SE","SE3","SE31","SE311"
44704130,"SE","SE3","SE31","SE311"
44704166,"SE","SE3","SE31","SE311"
44722578,"IT","ITH","ITH3","ITH33"
44723916,"SE","SE2","SE23","SE232"
44724132,"SE","SE3","SE31","SE311"
44724204,"SE","SE3","SE31","SE311"
44742162,"IT","ITI","ITI4","ITI41"
44742192,"IT","ITI","ITI4","ITI41"
44742228,"IT","ITI","ITI1","ITI19"
44742346,"IT","ITH","ITH5","ITH58"
44742400,"IT","ITH","ITH5","ITH56"
44742588,"IT","ITH","ITH3","ITH33"
44742594,"IT","ITH","ITH3","ITH33"
44742732,"DE","DE2","DE21","DE21F"
44743884,"SE","SE2","SE23","SE232"
44743890,"SE","SE2","SE23","SE232"
44744020,"SE","SE3","SE31","SE311"
44744146,"SE","SE3","SE31","SE311"
44744164,"SE","SE3","SE31","SE311"
44744208,"SE","SE3","SE31","SE311"
44744232,"SE","SE3","SE31","SE312"
44744286,"SE","SE3","SE31","SE312"
44762530,"IT","ITH","ITH3","ITH34"
44762764,"DE","DE2","DE21","DE21K"
44762836,"DE","DE2","DE22","DE227"
44763232,"DE","DE4","DE40","DE40E"
44763262,"DE","DEE","DEE0","DEE06"
44763286,"DE","DE4","DE40","DE408"
44763294,"DE","DE4","DE40","DE408"
44763430,"DE","DE8","DE80","DE80K"
44763838,"SE","SE2","SE23","SE232"
44764032,"SE","SE3","SE31","SE311"
44764054,"SE","SE3","SE31","SE311"
44764090,"SE","SE3","SE31","SE311"
44764342,"SE","SE3","SE32","SE322"
44764456,"SE","SE3","SE32","SE322"
44764492,"SE","SE3","SE32","SE322"
44782216,"IT","ITI","ITI1","ITI19"
44782274,"IT","ITI","ITI1","ITI18"
44782314,"IT","ITH","ITH5","ITH58"
44782356,"IT","ITH","ITH5","ITH57"
44782366,"IT","ITH","ITH5","ITH57"
44782486,"IT","ITH","ITH3","ITH35"
44782504,"IT","ITH","ITH3","ITH36"
44782634,"IT","ITH","ITH1","ITH10"
44782720,"AT","AT3","AT33","AT335"
44782914,"DE","DE2","DE23","DE239"
44783296,"DE","DE4","DE40","DE408"
44783454,"DE","DE8","DE80","DE80L"
44783818,"SE","SE2","SE23","SE232"
44783890,"SE","SE2","SE23","SE232"
44784070,"SE","SE3","SE31","SE311"
44784106,"SE","SE3","SE31","SE311"
44784322,"SE","SE3","SE31","SE312"
44802442,"IT","ITH","ITH3","ITH37"
44802538,"IT","ITH","ITH3","ITH34"
44802636,"IT","ITH","ITH1","ITH10"
44802780,"DE","DE2","DE21","DE21K"
44803176,"DE","DEE","DEE0","DEE05"
44803324,"DE","DE4","DE40","DE40F"
44803756,"SE","SE2","SE23","SE231"
44804008,"SE","SE3","SE31","SE311"
44804076,"SE","SE3","SE31","SE311"
44804256,"SE","SE3","SE31","SE312"
44804274,"SE","SE3","SE31","SE312"
44822290,"IT","ITI","ITI1","ITI18"
44822362,"IT","ITH","ITH5","ITH57"
44822524,"IT","ITH","ITH3","ITH34"
44822704,"AT","AT3","AT33","AT335"
44823244,"DE","DE","DE4","DE40"
44823280,"DE","DE4","DE40","DE408"
44823334,"DE","DE4","DE40","DE40D"
44823784,"SE","SE2","SE23","SE231"
44823802,"SE","SE2","SE23","SE231"
44823874,"SE","SE2","SE23","SE232"
44823928,"SE","SE2","SE23","SE232"
44824252,"SE","SE3","SE31","SE312"
44824420,"SE","SE3","SE32","SE322"
44842214,"IT","ITI","ITI2","ITI21"
44842244,"IT","ITI","ITI1","ITI18"
44842442,"IT","ITH","ITH3","ITH37"
44842784,"DE","DE2","DE21","DE21G"
44842892,"DE","DE2","DE23","DE238"
44843230,"DE","DE4","DE40","DE40E"
44843348,"DE","DE4","DE40","DE40D"
44843684,"SE","SE2","SE22","SE224"
44843702,"SE","SE2","SE22","SE224"
44843828,"SE","SE2","SE23","SE232"
44843846,"SE","SE2","SE23","SE232"
44844098,"SE","SE3","SE31","SE311"
44844130,"SE","SE3","SE31","SE311"
44844134,"SE","SE3","SE31","SE311"
44844188,"SE","SE3","SE31","SE311"
44844202,"SE","SE3","SE31","SE312"
44862290,"IT","ITI","ITI1","ITI18"
44862300,"IT","ITH","ITH5","ITH58"
44862326,"IT","ITH","ITH5","ITH58"
44862344,"IT","ITH","ITH5","ITH58"
44862512,"IT","ITH","ITH3","ITH34"
44862602,"IT","ITH","ITH3","ITH33"
44862606,"IT","ITH","ITH3","ITH33"
44862714,"AT","AT3","AT33","AT335"
44862732,"AT","AT3","AT33","AT335"
44862848,"DE","DE2","DE22","DE227"
44863766,"SE","SE2","SE23","SE231"
44863802,"SE","SE2","SE23","SE231"
44863910,"SE","SE2","SE23","SE232"
44864162,"SE","SE3","SE31","SE311"
44864414,"SE","SE3","SE32","SE322"
44864504,"SE","SE3","SE32","SE322"
44882158,"IT","ITI","ITI4","ITI41"
44882226,"IT","ITI","ITI2","ITI21"
44882324,"IT","ITH","ITH5","ITH58"
44882352,"IT","ITH","ITH5","ITH58"
44882492,"IT","ITH","ITH3","ITH35"
44882514,"IT","ITH","ITH3","ITH34"
44882564,"IT","ITH","ITH3","ITH33"
44882582,"IT","ITH","ITH3","ITH33"
44882626,"IT","ITH","ITH1","ITH10"
44882726,"AT","AT3","AT33","AT335"
44882852,"DE","DE2","DE22","DE22B"
44882950,"DE","DE2","DE23","DE237"
44883014,"CZ","CZ0","CZ04","CZ041"
44883126,"DE","DED","DED5","DED52"
44883184,"DE","DEE","DEE0","DEE0E"
44883234,"DE","DE4","DE40","DE40E"
44883396,"DE","DE8","DE80","DE80J"
44883774,"SE","SE2","SE23","SE231"
44883886,"SE","SE2","SE23","SE232"
44884030,"SE","SE3","SE31","SE311"
44884094,"SE","SE3","SE31","SE311"
44884264,"SE","SE3","SE31","SE312"
44884274,"SE","SE3","SE31","SE312"
44902434,"IT","ITH","ITH3","ITH37"
44903340,"DE","DE4","DE40","DE40D"
44904060,"SE","SE3","SE31","SE311"
44904150,"SE","SE3","SE31","SE311"
44922126,"IT","ITI","ITI4","ITI41"
44922166,"IT","ITI","ITI4","ITI41"
44922210,"IT","ITI","ITI2","ITI21"
44922246,"IT","ITI","ITI1","ITI18"
44922292,"IT","ITI","ITI1","ITI18"
44922300,"IT","ITH","ITH5","ITH59"
44922328,"IT","ITH","ITH5","ITH58"
44922408,"IT","ITH","ITH5","ITH56"
44922462,"IT","ITH","ITH3","ITH36"
44922480,"IT","ITH","ITH3","ITH35"
44922558,"IT","ITH","ITH3","ITH33"
44922728,"AT","AT3","AT33","AT335"
44923048,"DE","DED","DED4","DED44"
44923174,"DE","DEE","DEE0","DEE05"
44923272,"DE","DE4","DE40","DE40E"
44923290,"DE","DE4","DE40","DE408"
44923314,"DE","DE4","DE40","DE40D"
44923786,"SE","SE2","SE23","SE231"
44923854,"SE","SE2","SE23","SE232"
44923890,"SE","SE2","SE23","SE232"
44923902,"SE","SE2","SE23","SE232"
44924046,"SE","SE3","SE31","SE311"
44924110,"SE","SE3","SE31","SE311"
44924218,"SE","SE3","SE31","SE312"
44924250,"SE","SE3","SE31","SE312"
44924280,"SE","SE3","SE31","SE312"
44942142,"IT","ITI","ITI4","ITI41"
44942422,"IT","ITH","ITH5","ITH56"
44942712,"AT","AT3","AT33","AT335"
44942974,"DE","DE2","DE23","DE23A"
44943268,"DE","DE4","DE40","DE40E"
44943762,"SE","SE2","SE23","SE231"
44943808,"SE","SE2","SE23","SE232"
44943870,"SE","SE2","SE23","SE232"
44943874,"SE","SE2","SE23","SE232"
44943880,"SE","SE2","SE23","SE232"
44944006,"SE","SE3","SE31","SE311"
44944234,"SE","SE3","SE31","SE312"
44944384,"SE","SE3","SE32","SE322"
44962522,"IT","ITH","ITH3","ITH34"
44962698,"AT","AT3","AT33","AT335"
44962878,"DE","DE2","DE23","DE238"
44962896,"DE","DE2","DE23","DE235"
44962918,"DE","DE2","DE23","DE239"
44963130,"DE","DED","DED5","DED52"
44963202,"DE","DEE","DEE0","DEE0E"
44963220,"DE","DE4","DE40","DE40E"
44963472,"DE","DE8","DE80","DE80L"
44963854,"SE","SE2","SE23","SE232"
44963868,"SE","SE2","SE23","SE232"
44963904,"SE","SE2","SE23","SE232"
44963908,"SE","SE2","SE23","SE232"
44963922,"SE","SE2","SE23","SE232"
44964178,"SE","SE3","SE31","SE311"
44964210,"SE","SE3","SE31","SE312"
44964264,"SE","SE3","SE31","SE312"
44982226,"IT","ITI","ITI2","ITI21"
44982258,"IT","ITI","ITI2","ITI21"
44982424,"IT","ITH","ITH5","ITH56"
44982438,"IT","ITH","ITH3","ITH37"
44982564,"IT","ITH","ITH3","ITH33"
44982996,"CZ","CZ0","CZ04","CZ041"
44983158,"DE","DED","DED5","DED53"
44983234,"DE","DE4","DE40","DE40E"
44983680,"SE","SE2","SE22","SE224"
44983792,"SE","SE2","SE23","SE232"
44983810,"SE","SE2","SE23","SE232"
44983828,"SE","SE2","SE23","SE232"
44983842,"SE","SE2","SE23","SE232"
44984184,"SE","SE3","SE31","SE312"
44984224,"SE","SE3","SE31","SE312"
44984296,"SE","SE3","SE31","SE312"
45002146,"IT","ITI","ITI4","ITI41"
45002200,"IT","ITI","ITI2","ITI22"
45002386,"IT","ITH","ITH5","ITH57"
45002584,"IT","ITH","ITH3","ITH33"
45002638,"AT","AT3","AT33","AT333"
45002758,"DE","DE2","DE21","DE21K"
45002992,"CZ","CZ0","CZ04","CZ041"
45003106,"DE","DED","DED5","DED52"
45003658,"SE","SE2","SE22","SE224"
45003676,"SE","SE2","SE22","SE224"
45003694,"SE","SE2","SE22","SE224"
45003700,"SE","SE2","SE22","SE224"
45003802,"SE","SE2","SE23","SE232"
45003898,"SE","SE2","SE23","SE232"
45004036,"SE","SE3","SE31","SE311"
45004078,"SE","SE3","SE31","SE311"
45004144,"SE","SE3","SE31","SE311"
45004150,"SE","SE3","SE31","SE311"
45004612,"SE","SE3","SE32","SE322"
45022322,"IT","ITH","ITH5","ITH58"
45022334,"IT","ITH","ITH5","ITH58"
45022358,"IT","ITH","ITH5","ITH57"
45022532,"IT","ITH","ITH3","ITH34"
45022834,"DE","DE2","DE22","DE22C"
45022946,"DE","DE2","DE23","DE237"
45023006,"CZ","CZ0","CZ04","CZ041"
45023176,"DE","DEE","DEE0","DEE0E"
45023284,"DE","DE4","DE40","DE408"
45023302,"DE","DE4","DE40","DE40D"
45023702,"SE","SE2","SE22","SE224"
45023708,"SE","SE2","SE22","SE224"
45023726,"SE","SE2","SE23","SE231"
45023756,"SE","SE2","SE23","SE231"
45023788,"SE","SE2","SE23","SE231"
45024008,"SE","SE3","SE31","SE311"
45024040,"SE","SE3","SE31","SE311"
45024050,"SE","SE3","SE31","SE311"
45024130,"SE","SE3","SE31","SE311"
45042534,"IT","ITH","ITH3","ITH34"
45042542,"IT","ITH","ITH3","ITH34"
45042620,"IT","ITH","ITH1","ITH10"
45042696,"AT","AT3","AT33","AT335"
45044198,"SE","SE3","SE31","SE312"
45044252,"SE","SE3","SE31","SE312"
45062234,"IT","ITI","ITI2","ITI21"
45062334,"IT","ITH","ITH5","ITH58"
45062352,"IT","ITH","ITH5","ITH57"
45062500,"IT","ITH","ITH3","ITH35"
45062550,"IT","ITH","ITH3","ITH34"
45062554,"IT","ITH","ITH3","ITH34"
45062714,"AT","AT3","AT33","AT335"
45062784,"DE","DE2","DE21","DE21G"
45062870,"DE","DE2","DE22","DE22B"
45063274,"DE","DE4","DE40","DE40E"
45063310,"DE","DE4","DE40","DE40D"
45063428,"DE","DE8","DE80","DE80J"
45063684,"SE","SE2","SE22","SE224"
45063778,"SE","SE2","SE23","SE231"
45063860,"SE","SE2","SE23","SE232"
45063878,"SE","SE2","SE23","SE232"
45063932,"SE","SE2","SE23","SE232"
45063950,"SE","SE2","SE23","SE232"
45063990,"SE","SE3","SE31","SE311"
45064062,"SE","SE3","SE31","SE311"
45064102,"SE","SE3","SE31","SE311"
45064116,"SE","SE3","SE31","SE311"
45064490,"SE","SE3","SE32","SE322"
45082578,"IT","ITH","ITH4","ITH41"
45083772,"SE","SE2","SE23","SE231"
45084168,"SE","SE3","SE31","SE312"
45084222,"SE","SE3","SE31","SE312"
45102102,"IT","ITI","ITI4","ITI43"
45102162,"IT","ITI","ITI2","ITI22"
45102292,"IT","ITI","ITI1","ITI18"
45102336,"IT","ITH","ITH5","ITH58"
45102418,"IT","ITH","ITH3","ITH37"
45102516,"IT","ITH","ITH3","ITH34"
45102558,"IT","ITH","ITH3","ITH33"
45102682,"AT","AT3","AT32","AT322"
45102684,"AT","AT3","AT32","AT322"
45102688,"AT","AT3","AT32","AT322"
45102712,"AT","AT3","AT33","AT335"
45102904,"DE","DE2","DE23","DE235"
45103272,"DE","DE4","DE40","DE408"
45103308,"DE","DE4","DE40","DE40D"
45103668,"SE","SE2","SE22","SE224"
45103710,"SE","SE2","SE23","SE231"
45103836,"SE","SE2","SE23","SE232"
45104038,"SE","SE3","SE31","SE311"
45104136,"SE","SE3","SE31","SE311"
45104154,"SE","SE3","SE31","SE311"
45104262,"SE","SE3","SE31","SE312"
45104524,"SE","SE3","SE32","SE322"
45122134,"IT","ITI","ITI4","ITI41"
45122146,"IT","ITI","ITI4","ITI41"
45122296,"IT","ITI","ITI3","ITI31"
45122434,"IT","ITH","ITH3","ITH37"
45122530,"IT","ITH","ITH3","ITH34"
45122538,"IT","ITH","ITH3","ITH34"
45122688,"AT","AT3","AT32","AT322"
45122758,"DE","DE2","DE21","DE21M"
45123226,"DE","DE4","DE40","DE40E"
45123286,"DE","DE4","DE40","DE408"
45123304,"DE","DE4","DE40","DE40D"
45123640,"SE","SE2","SE22","SE224"
45123664,"SE","SE2","SE22","SE224"
45123700,"SE","SE2","SE23","SE231"
45123718,"SE","SE2","SE23","SE231"
45124060,"SE","SE3","SE31","SE311"
45124114,"SE","SE3","SE31","SE311"
45124216,"SE","SE3","SE31","SE312"
45124270,"SE","SE3","SE31","SE312"
45124486,"SE","SE3","SE32","SE322"
45142274,"IT","ITI","ITI3","ITI31"
45142936,"CZ","CZ0","CZ03","CZ032"
45143008,"CZ","CZ0","CZ04","CZ041"
45143706,"SE","SE2","SE23","SE231"
45143742,"SE","SE2","SE23","SE231"
45143760,"SE","SE2","SE23","SE231"
45143818,"SE","SE2","SE23","SE232"
45143854,"SE","SE2","SE23","SE232"
45143890,"SE","SE2","SE23","SE232"
45144066,"SE","SE3","SE31","SE311"
45144106,"SE","SE3","SE31","SE311"
45144632,"SE","SE3","SE32","SE322"
45162150,"IT","ITI","ITI4","ITI41"
45162244,"IT","ITI","ITI2","ITI21"
45162510,"IT","ITH","ITH3","ITH34"
45162820,"DE","DE2","DE22","DE22A"
45162852,"DE","DE2","DE22","DE22C"
45163216,"DE","DE4","DE40","DE40E"
45163414,"DE","DE8","DE80","DE80J"
45163900,"SE","SE2","SE23","SE232"
45163932,"SE","SE2","SE23","SE232"
45164238,"SE","SE3","SE31","SE312"
45164418,"SE","SE3","SE32","SE322"
45164476,"SE","SE3","SE32","SE322"
45182092,"IT","ITI","ITI4","ITI43"
45182534,"IT","ITH","ITH3","ITH34"
45182714,"AT","AT3","AT33","AT335"
45182728,"AT","AT3","AT32","AT322"
45182836,"DE","DE2","DE22","DE22C"
45182998,"CZ","CZ0","CZ04","CZ041"
45183250,"DE","DE4","DE40","DE40E"
45183658,"SE","SE2","SE22","SE224"
45183718,"SE","SE2","SE23","SE231"
45183862,"SE","SE2","SE23","SE232"
45183892,"SE","SE2","SE23","SE232"
45183928,"SE","SE2","SE23","SE232"
45184078,"SE","SE3","SE31","SE311"
45184186,"SE","SE3","SE31","SE312"
45184468,"SE","SE3","SE32","SE322"
45202078,"IT","ITI","ITI4","ITI43"
45202610,"IT","ITH","ITH3","ITH33"
45202708,"AT","AT3","AT33","AT335"
45202838,"DE","DE2","DE22","DE22C"
45202880,"DE","DE2","DE22","DE22B"
45202934,"CZ","CZ0","CZ03","CZ032"
45202942,"CZ","CZ0","CZ03","CZ032"
45203194,"DE","DEE","DEE0","DEE0E"
45203608,"SE","SE2","SE22","SE224"
45203698,"SE","SE2","SE23","SE231"
45203702,"SE","SE2","SE23","SE231"
45203744,"SE","SE2","SE23","SE231"
45203792,"SE","SE2","SE21","SE211"
45203834,"SE","SE2","SE23","SE232"
45203870,"SE","SE2","SE23","SE232"
45203882,"SE","SE2","SE23","SE232"
45203896,"SE","SE2","SE23","SE232"
45203924,"SE","SE2","SE23","SE232"
45203950,"SE","SE2","SE23","SE232"
45204094,"SE","SE3","SE31","SE311"
45204140,"SE","SE3","SE31","SE311"
45204248,"SE","SE3","SE31","SE312"
45204422,"SE","SE3","SE32","SE322"
45204476,"SE","SE3","SE32","SE322"
45222128,"IT","ITI","ITI4","ITI41"
45222326,"IT","ITH","ITH5","ITH59"
45222530,"IT","ITH","ITH4","ITH41"
45222560,"IT","ITH","ITH4","ITH41"
45222584,"IT","ITH","ITH4","ITH41"
45222602,"IT","ITH","ITH3","ITH33"
45222700,"AT","AT3","AT32","AT322"
45222812,"DE","DE2","DE22","DE22A"
45222866,"DE","DE2","DE22","DE22B"
45223676,"SE","SE2","SE22","SE224"
45224126,"SE","SE3","SE31","SE311"
45224468,"SE","SE3","SE32","SE322"
45224612,"SE","SE3","SE32","SE322"
45242168,"IT","ITI","ITI2","ITI22"
45242262,"IT","ITI","ITI2","ITI21"
45242316,"IT","ITH","ITH5","ITH59"
45242518,"IT","ITH","ITH3","ITH34"
45242528,"IT","ITH","ITH3","ITH34"
45242564,"IT","ITH","ITH4","ITH41"
45242636,"AT","AT3","AT33","AT333"
45242722,"AT","AT3","AT32","AT322"
45242946,"CZ","CZ0","CZ03","CZ032"
45243004,"CZ","CZ0","CZ04","CZ041"
45243040,"CZ","CZ0","CZ04","CZ041"
45243238,"DE","DE4","DE40","DE40E"
45243306,"DE","DE4","DE40","DE40A"
45243630,"SE","SE2","SE22","SE224"
45243688,"SE","SE2","SE22","SE224"
45243716,"SE","SE2","SE23","SE231"
45243760,"SE","SE2","SE23","SE231"
45243778,"SE","SE2","SE23","SE231"
45243882,"SE","SE2","SE23","SE232"
45243904,"SE","SE2","SE23","SE232"
45244058,"SE","SE3","SE31","SE311"
45244148,"SE","SE3","SE31","SE311"
45244174,"SE","SE3","SE31","SE312"
45244490,"SE","SE3","SE32","SE322"
45244598,"SE","SE3","SE32","SE322"
45262146,"IT","ITI","ITI4","ITI42"
45262260,"IT","ITI","ITI2","ITI21"
45262548,"IT","ITH","ITH4","ITH41"
45262560,"IT","ITH","ITH4","ITH41"
45262854,"DE","DE2","DE22","DE224"
45263232,"DE","DE4","DE40","DE40H"
45263664,"SE","SE2","SE22","SE224"
45263916,"SE","SE2","SE23","SE232"
45264042,"SE","SE3","SE31","SE311"
45264114,"SE","SE3","SE31","SE311"
45282148,"IT","ITI","ITI4","ITI42"
45282264,"IT","ITI","ITI2","ITI21"
45282274,"IT","ITI","ITI3","ITI31"
45282544,"IT","ITH","ITH4","ITH41"
45282706,"AT","AT3","AT32","AT322"
45282846,"DE","DE2","DE22","DE22C"
45282904,"DE","DE2","DE23","DE235"
45282972,"CZ","CZ0","CZ03","CZ032"
45282994,"CZ","CZ0","CZ04","CZ041"
45283260,"DE","DE4","DE40","DE404"
45283278,"DE","DE4","DE40","DE408"
45283408,"DE","DE8","DE80","DE80J"
45283656,"SE","SE2","SE22","SE224"
45283696,"SE","SE2","SE22","SE224"
45283854,"SE","SE2","SE23","SE232"
45283926,"SE","SE2","SE23","SE232"
45284100,"SE","SE3","SE31","SE311"
45284442,"SE","SE3","SE32","SE322"
45302182,"IT","ITI","ITI2","ITI22"
45302196,"IT","ITI","ITI2","ITI21"
45302242,"IT","ITI","ITI2","ITI21"
45302512,"IT","ITH","ITH3","ITH35"
45302556,"IT","ITH","ITH4","ITH41"
45302988,"CZ","CZ0","CZ04","CZ041"
45303820,"SE","SE2","SE23","SE232"
45303892,"SE","SE2","SE23","SE232"
45303910,"SE","SE2","SE23","SE232"
45304234,"SE","SE3","SE31","SE312"
45304270,"SE","SE3","SE31","SE312"
45304456,"SE","SE3","SE32","SE322"
45322594,"IT","ITH","ITH4","ITH42"
45322990,"CZ","CZ0","CZ04","CZ041"
45323152,"DE","DED","DED5","DED53"
45323652,"SE","SE2","SE22","SE224"
45323656,"SE","SE2","SE22","SE224"
45323818,"SE","SE2","SE23","SE232"
45323836,"SE","SE2","SE23","SE232"
45323868,"SE","SE2","SE23","SE232"
45324052,"SE","SE3","SE31","SE311"
45324250,"SE","SE3","SE31","SE312"
45324268,"SE","SE3","SE31","SE312"
45324430,"SE","SE3","SE32","SE322"
45324498,"SE","SE3","SE32","SE322"
45342100,"IT","ITI","ITI4","ITI43"
45342510,"IT","ITH","ITH3","ITH35"
45342564,"IT","ITH","ITH4","ITH41"
45342706,"AT","AT3","AT32","AT322"
45343720,"SE","SE2","SE21","SE212"
45343824,"SE","SE2","SE23","SE232"
45343878,"SE","SE2","SE23","SE232"
45344310,"SE","SE3","SE32","SE322"
45344454,"SE","SE3","SE32","SE322"
45344602,"SE","SE3","SE32","SE322"
45362066,"IT","ITI","ITI4","ITI43"
45362200,"IT","ITI","ITI2","ITI21"
45362236,"IT","ITI","ITI2","ITI21"
45362566,"IT","ITH","ITH4","ITH41"
45362624,"AT","AT2","AT21","AT212"
45362638,"AT","AT3","AT33","AT333"
45362696,"AT","AT3","AT32","AT322"
45363646,"SE","SE2","SE22","SE224"
45363718,"SE","SE2","SE21","SE212"
45364072,"SE","SE3","SE31","SE311"
45364090,"SE","SE3","SE31","SE311"
45364168,"SE","SE3","SE31","SE312"
45364402,"SE","SE3","SE32","SE322"
45364600,"SE","SE3","SE32","SE322"
45382258,"IT","ITI","ITI2","ITI21"
45382538,"IT","ITH","ITH4","ITH41"
45382546,"IT","ITH","ITH4","ITH41"
45382568,"IT","ITH","ITH4","ITH41"
45382662,"AT","AT2","AT21","AT212"
45382924,"CZ","CZ0","CZ03","CZ032"
45382946,"CZ","CZ0","CZ03","CZ032"
45382960,"CZ","CZ0","CZ03","CZ032"
45382978,"CZ","CZ0","CZ03","CZ032"
45383240,"DE","DE4","DE40","DE40H"
45383374,"DE","DE8","DE80","DE80J"
45383666,"SE","SE2","SE22","SE224"
45383672,"SE","SE2","SE22","SE224"
45383744,"SE","SE2","SE21","SE212"
45383780,"SE","SE2","SE23","SE231"
45383788,"SE","SE2","SE21","SE211"
45383846,"SE","SE2","SE23","SE232"
45383878,"SE","SE2","SE23","SE232"
45383972,"SE","SE2","SE23","SE232"
45384112,"SE","SE3","SE31","SE311"
45384140,"SE","SE3","SE31","SE312"
45384152,"SE","SE3","SE31","SE312"
45384472,"SE","SE3","SE32","SE322"
45384674,"SE","SE3","SE33","SE331"
45402228,"IT","ITI","ITI2","ITI21"
45402624,"AT","AT2","AT21","AT212"
45402772,"AT","AT3","AT32","AT323"
45403694,"SE","SE2","SE22","SE224"
45403766,"SE","SE2","SE23","SE231"
45403874,"SE","SE2","SE23","SE232"
45403910,"SE","SE2","SE23","SE232"
45404054,"SE","SE3","SE31","SE311"
45404744,"SE","SE3","SE33","SE331"
45421632,"IT","ITG","ITG1","ITG11"
45422132,"IT","ITI","ITI4","ITI42"
45422554,"IT","ITH","ITH4","ITH41"
45422594,"IT","ITH","ITH4","ITH42"
45422604,"IT","ITH","ITH4","ITH42"
45422842,"DE","DE2","DE22","DE224"
45422942,"CZ","CZ0","CZ03","CZ032"
45423000,"CZ","CZ0","CZ04","CZ041"
45423284,"DE","DE3","DE30","DE300"
45423302,"DE","DE4","DE40","DE40A"
45423634,"SE","SE2","SE22","SE224"
45423684,"SE","SE2","SE22","SE224"
45423806,"SE","SE2","SE21","SE211"
45423868,"SE","SE2","SE23","SE232"
45423914,"SE","SE2","SE23","SE232"
45423958,"SE","SE2","SE23","SE232"
45424098,"SE","SE3","SE31","SE311"
45424436,"SE","SE3","SE32","SE322"
45424490,"SE","SE3","SE32","SE322"
45442740,"AT","AT3","AT32","AT323"
45442766,"AT","AT3","AT32","AT323"
45442854,"DE","DE2","DE22","DE224"
45443304,"DE","DE4","DE40","DE40A"
45443628,"SE","SE2","SE22","SE224"
45443682,"SE","SE2","SE22","SE224"
45443808,"SE","SE2","SE21","SE211"
45444258,"SE","SE3","SE31","SE312"
45444294,"SE","SE3","SE32","SE322"
45444510,"SE","SE3","SE32","SE322"
45461626,"IT","ITG","ITG1","ITG11"
45462120,"IT","ITI","ITI4","ITI43"
45462220,"IT","ITI","ITI2","ITI21"
45462504,"IT","ITH","ITH3","ITH35"
45462542,"IT","ITH","ITH4","ITH41"
45462576,"IT","ITH","ITH4","ITH41"
45462760,"AT","AT3","AT32","AT323"
45462768,"AT","AT3","AT32","AT323"
45462930,"CZ","CZ0","CZ03","CZ032"
45462994,"CZ","CZ0","CZ03","CZ032"
45463044,"CZ","CZ0","CZ04","CZ042"
45463200,"DE","DE4","DE40","DE40H"
45463614,"SE","SE2","SE22","SE224"
45463656,"SE","SE2","SE22","SE224"
45463704,"SE","SE2","SE22","SE224"
45463782,"SE","SE2","SE21","SE211"
45463966,"SE","SE2","SE23","SE232"
45464052,"SE","SE3","SE31","SE311"
45464100,"SE","SE3","SE31","SE311"
45464154,"SE","SE3","SE31","SE312"
45464200,"SE","SE3","SE31","SE312"
45464398,"SE","SE3","SE32","SE322"
45481638,"IT","ITG","ITG1","ITG11"
45482268,"IT","ITI","ITI3","ITI31"
45482304,"IT","ITI","ITI3","ITI31"
45482530,"IT","ITH","ITH4","ITH41"
45482556,"IT","ITH","ITH4","ITH42"
45482566,"IT","ITH","ITH4","ITH41"
45482622,"AT","AT2","AT21","AT212"
45482700,"AT","AT3","AT32","AT322"
45482768,"AT","AT3","AT32","AT323"
45482830,"DE","DE2","DE22","DE22A"
45482938,"CZ","CZ0","CZ03","CZ032"
45483694,"SE","SE2","SE22","SE224"
45483718,"SE","SE2","SE21","SE212"
45483730,"SE","SE2","SE21","SE212"
45483790,"SE","SE2","SE21","SE211"
45483844,"SE","SE2","SE21","SE211"
45483862,"SE","SE2","SE21","SE211"
45483874,"SE","SE2","SE21","SE211"
45483892,"SE","SE2","SE23","SE232"
45484114,"SE","SE3","SE31","SE311"
45484162,"SE","SE3","SE31","SE312"
45484288,"SE","SE3","SE32","SE322"
45484756,"SE","SE3","SE33","SE331"
45502518,"IT","ITH","ITH3","ITH35"
45502702,"AT","AT3","AT32","AT322"
45502932,"CZ","CZ0","CZ03","CZ032"
45502954,"CZ","CZ0","CZ03","CZ032"
45503652,"SE","SE2","SE22","SE224"
45503836,"SE","SE2","SE21","SE211"
45503854,"SE","SE2","SE21","SE211"
45503890,"SE","SE2","SE23","SE232"
45503926,"SE","SE2","SE23","SE232"
45504034,"SE","SE3","SE31","SE311"
45504048,"SE","SE3","SE31","SE311"
45504070,"SE","SE3","SE31","SE311"
45504232,"SE","SE3","SE31","SE312"
45504246,"SE","SE3","SE31","SE312"
45504502,"SE","SE3","SE32","SE322"
45504628,"SE","SE3","SE32","SE322"
45522538,"IT","ITH","ITH4","ITH42"
45522910,"CZ","CZ0","CZ03","CZ032"
45522960,"CZ","CZ0","CZ03","CZ032"
45523324,"DE","DE4","DE40","DE40A"
45523716,"SE","SE2","SE21","SE212"
45523720,"SE","SE2","SE21","SE212"
45523756,"SE","SE2","SE21","SE212"
45523770,"SE","SE2","SE21","SE212"
45523810,"SE","SE2","SE21","SE211"
45523882,"SE","SE2","SE21","SE211"
45523900,"SE","SE2","SE23","SE232"
45524134,"SE","SE3","SE31","SE312"
45524418,"SE","SE3","SE32","SE322"
45524422,"SE","SE3","SE32","SE322"
45524490,"SE","SE3","SE32","SE322"
45524598,"SE","SE3","SE32","SE322"
45524746,"SE","SE3","SE33","SE331"
45541648,"IT","ITG","ITG1","ITG11"
45542092,"IT","ITI","ITI4","ITI43"
45542548,"IT","ITH","ITH4","ITH42"
45542560,"IT","ITH","ITH4","ITH42"
45542596,"IT","ITH","ITH4","ITH42"
45542620,"AT","AT2","AT21","AT212"
45542694,"AT","AT3","AT32","AT322"
45542782,"AT","AT3","AT31","AT311"
45542974,"CZ","CZ0","CZ03","CZ032"
45543016,"CZ","CZ0","CZ04","CZ042"
45544006,"SE","SE3","SE31","SE311"
45544090,"SE","SE3","SE31","SE311"
45544126,"SE","SE3","SE31","SE311"
45544270,"SE","SE3","SE31","SE312"
45544708,"SE","SE3","SE33","SE331"
45544744,"SE","SE3","SE33","SE331"
45561664,"IT","ITG","ITG1","ITG11"
45562556,"IT","ITH","ITH4","ITH42"
45562568,"IT","ITH","ITH4","ITH42"
45562730,"AT","AT3","AT32","AT323"
45562732,"AT","AT3","AT32","AT323"
45562852,"DE","DE2","DE22","DE224"
45562946,"CZ","CZ0","CZ03","CZ032"
45562960,"CZ","CZ0","CZ03","CZ032"
45562982,"CZ","CZ0","CZ03","CZ032"
45563702,"SE","SE2","SE22","SE224"
45563756,"SE","SE2","SE21","SE212"
45563870,"SE","SE2","SE21","SE211"
45563968,"SE","SE2","SE23","SE232"
45563972,"SE","SE2","SE23","SE232"
45564040,"SE","SE3","SE31","SE311"
45564058,"SE","SE3","SE31","SE311"
45564112,"SE","SE3","SE31","SE311"
45564170,"SE","SE3","SE31","SE312"
45564224,"SE","SE3","SE31","SE312"
45564266,"SE","SE3","SE31","SE312"
45564278,"SE","SE3","SE31","SE312"
45564328,"SE","SE3","SE32","SE322"
45564332,"SE","SE3","SE32","SE322"
45564350,"SE","SE3","SE32","SE322"
45564742,"SE","SE3","SE33","SE331"
45564752,"SE","SE3","SE33","SE331"
45581630,"IT","ITG","ITG1","ITG11"
45582548,"IT","ITH","ITH4","ITH42"
45582602,"IT","ITH","ITH4","ITH42"
45582678,"AT","AT3","AT32","AT322"
45582696,"AT","AT3","AT32","AT322"
45582902,"CZ","CZ0","CZ03","CZ032"
45582938,"CZ","CZ0","CZ03","CZ032"
45583298,"DE","DE4","DE40","DE405"
45583334,"DE","DE4","DE40","DE40I"
45583928,"SE","SE2","SE23","SE232"
45583946,"SE","SE2","SE23","SE232"
45584072,"SE","SE3","SE31","SE311"
45584576,"SE","SE3","SE32","SE322"
45584738,"SE","SE3","SE33","SE331"
45601646,"IT","ITG","ITG1","ITG11"
45602204,"IT","ITI","ITI2","ITI21"
45602244,"IT","ITI","ITI3","ITI33"
45602270,"IT","ITI","ITI3","ITI32"
45602298,"IT","ITI","ITI3","ITI31"
45602518,"IT","ITH","ITH4","ITH42"
45602672,"AT","AT3","AT32","AT322"
45602996,"CZ","CZ0","CZ03","CZ032"
45603000,"CZ","CZ0","CZ03","CZ032"
45603022,"CZ","CZ0","CZ04","CZ042"
45603058,"CZ","CZ0","CZ04","CZ042"
45603292,"DE","DE4","DE40","DE405"
45603648,"SE","SE2","SE22","SE224"
45603698,"SE","SE2","SE22","SE224"
45603724,"SE","SE2","SE21","SE212"
45603778,"SE","SE2","SE21","SE211"
45603882,"SE","SE2","SE21","SE211"
45603922,"SE","SE2","SE23","SE232"
45603954,"SE","SE2","SE23","SE232"
45604012,"SE","SE3","SE31","SE311"
45604130,"SE","SE3","SE31","SE312"
45604152,"SE","SE3","SE31","SE312"
45604462,"SE","SE3","SE32","SE322"
45604678,"SE","SE3","SE33","SE331"
45604732,"SE","SE3","SE33","SE331"
45622768,"AT","AT3","AT32","AT323"
45622926,"CZ","CZ0","CZ03","CZ032"
45623610,"SE","SE2","SE22","SE224"
45623826,"SE","SE2","SE21","SE211"
45623898,"SE","SE2","SE23","SE232"
45624024,"SE","SE3","SE31","SE311"
45624258,"SE","SE3","SE31","SE312"
45624438,"SE","SE3","SE32","SE322"
45624636,"SE","SE3","SE32","SE322"
45642292,"IT","ITI","ITI3","ITI31"
45642552,"IT","ITH","ITH4","ITH42"
45642656,"AT","AT2","AT21","AT212"
45642688,"AT","AT3","AT32","AT322"
45642724,"AT","AT3","AT32","AT323"
45642750,"AT","AT3","AT32","AT323"
45643686,"SE","SE2","SE22","SE224"
45643804,"SE","SE2","SE21","SE211"
45643840,"SE","SE2","SE21","SE211"
45643866,"SE","SE2","SE21","SE211"
45643956,"SE","SE2","SE23","SE232"
45643980,"SE","SE2","SE23","SE232"
45644136,"SE","SE3","SE31","SE312"
45644236,"SE","SE3","SE31","SE312"
45644388,"SE","SE3","SE32","SE322"
45644448,"SE","SE3","SE32","SE322"
45644470,"SE","SE3","SE32","SE322"
45644484,"SE","SE3","SE32","SE322"
45644506,"SE","SE3","SE32","SE322"
45661624,"IT","ITG","ITG1","ITG11"
45662196,"IT","ITI","ITI2","ITI21"
45662242,"IT","ITI","ITI3","ITI33"
45662592,"IT","ITH","ITH4","ITH42"
45662602,"IT","ITH","ITH4","ITH42"
45662866,"DE","DE2","DE22","DE225"
45662902,"CZ","CZ0","CZ03","CZ032"
45662938,"CZ","CZ0","CZ03","CZ032"
45663010,"CZ","CZ0","CZ04","CZ042"
45663622,"SE","SE2","SE22","SE224"
45664036,"SE","SE3","SE31","SE311"
45664096,"SE","SE3","SE31","SE311"
45664162,"SE","SE3","SE31","SE312"
45664420,"SE","SE3","SE32","SE322"
45682752,"AT","AT3","AT31","AT315"
45682788,"AT","AT3","AT31","AT311"
45683638,"SE","SE2","SE22","SE224"
45683670,"SE","SE2","SE22","SE224"
45683692,"SE","SE2","SE22","SE224"
45683710,"SE","SE2","SE22","SE224"
45683796,"SE","SE2","SE21","SE211"
45684142,"SE","SE3","SE31","SE312"
45684264,"SE","SE3","SE31","SE312"
45684354,"SE","SE3","SE32","SE322"
45684484,"SE","SE3","SE32","SE322"
45684700,"SE","SE3","SE33","SE331"
45702042,"IT","ITI","ITI4","ITI44"
45702592,"IT","ITH","ITH4","ITH42"
45702780,"AT","AT3","AT31","AT311"
45702942,"CZ","CZ0","CZ03","CZ032"
45702964,"CZ","CZ0","CZ03","CZ032"
45703230,"DE","DE4","DE40","DE406"
45703360,"DE","DE4","DE40","DE40I"
45703608,"SE","SE2","SE22","SE224"
45703626,"SE","SE2","SE22","SE224"
45703734,"SE","SE2","SE21","SE212"
45703900,"SE","SE2","SE21","SE211"
45703968,"SE","SE2","SE23","SE232"
45704062,"SE","SE3","SE31","SE311"
45704188,"SE","SE3","SE31","SE312"
45704242,"SE","SE3","SE31","SE312"
45704494,"SE","SE3","SE32","SE322"
45704742,"SE","SE3","SE33","SE331"
45721660,"IT","ITG","ITG1","ITG11"
45722612,"AT","AT2","AT21","AT212"
45722614,"AT","AT2","AT21","AT212"
45722786,"AT","AT3","AT31","AT311"
45723028,"CZ","CZ0","CZ04","CZ042"
45723100,"DE","DED","DED2","DED2F"
45723304,"DE","DE4","DE40","DE405"
45723316,"DE","DE4","DE40","DE405"
45723664,"SE","SE2","SE22","SE224"
45723772,"SE","SE2","SE21","SE212"
45723844,"SE","SE2","SE21","SE211"
45724000,"SE","SE1","SE12","SE124"
45724432,"SE","SE3","SE32","SE322"
45724726,"SE","SE3","SE33","SE331"
45742046,"IT","ITI","ITI4","ITI44"
45742268,"IT","ITI","ITI3","ITI32"
45742532,"IT","ITH","ITH4","ITH42"
45742568,"IT","ITH","ITH4","ITH42"
45742754,"AT","AT3","AT31","AT315"
45742934,"CZ","CZ0","CZ03","CZ032"
45742960,"CZ","CZ0","CZ03","CZ032"
45743036,"CZ","CZ0","CZ04","CZ042"
45743266,"DE","DE3","DE30","DE300"
45743608,"SE","SE2","SE22","SE224"
45743654,"SE","SE2","SE22","SE224"
45743672,"SE","SE2","SE22","SE224"
45743828,"SE","SE2","SE21","SE211"
45743942,"SE","SE2","SE23","SE232"
45743978,"SE","SE2","SE23","SE232"
45744008,"SE","SE1","SE12","SE124"
45744058,"SE","SE3","SE31","SE311"
45744224,"SE","SE3","SE31","SE312"
45744230,"SE","SE3","SE31","SE312"
45744292,"SE","SE3","SE31","SE313"
45744320,"SE","SE3","SE32","SE322"
45744346,"SE","SE3","SE32","SE322"
45744436,"SE","SE3","SE32","SE322"
45762134,"IT","ITI","ITI4","ITI42"
45762596,"IT","ITH","ITH4","ITH42"
45762794,"AT","AT3","AT31","AT311"
45763046,"CZ","CZ0","CZ04","CZ042"
45763604,"SE","SE2","SE22","SE224"
45763802,"SE","SE2","SE21","SE211"
45763820,"SE","SE2","SE21","SE211"
45764378,"SE","SE3","SE32","SE321"
45764414,"SE","SE3","SE32","SE322"
45764468,"SE","SE3","SE32","SE322"
45764630,"SE","SE3","SE33","SE331"
45764738,"SE","SE3","SE33","SE331"
45764748,"SE","SE3","SE33","SE331"
45782694,"AT","AT3","AT32","AT322"
45782960,"CZ","CZ0","CZ03","CZ032"
45783000,"CZ","CZ0","CZ02","CZ020"
45783058,"CZ","CZ0","CZ04","CZ042"
45784048,"SE","SE1","SE12","SE124"
45784076,"SE","SE1","SE12","SE124"
45784094,"SE","SE1","SE12","SE124"
45784116,"SE","SE3","SE31","SE312"
45784130,"SE","SE3","SE31","SE312"
45784138,"SE","SE3","SE31","SE312"
45784174,"SE","SE3","SE31","SE312"
45784336,"SE","SE3","SE32","SE322"
45784512,"SE","SE3","SE32","SE322"
45784544,"SE","SE3","SE32","SE322"
45784566,"SE","SE3","SE32","SE322"
45784742,"SE","SE3","SE33","SE331"
45784746,"SE","SE3","SE33","SE331"
45802088,"IT","ITI","ITI4","ITI45"
45802206,"IT","ITI","ITI3","ITI33"
45802574,"IT","ITH","ITH4","ITH42"
45802578,"IT","ITH","ITH4","ITH42"
45803232,"DE","DE4","DE40","DE406"
45803340,"DE","DE4","DE40","DE40I"
45803988,"SE","SE1","SE12","SE124"
45804726,"SE","SE3","SE33","SE331"
45821652,"IT","ITG","ITG1","ITG12"
45822522,"IT","ITH","ITH4","ITH42"
45822558,"IT","ITH","ITH4","ITH42"
45822588,"IT","ITH","ITH4","ITH42"
45822828,"AT","AT3","AT31","AT311"
45822886,"CZ","CZ0","CZ03","CZ031"
45822918,"CZ","CZ0","CZ03","CZ032"
45822958,"CZ","CZ0","CZ03","CZ032"
45823044,"CZ","CZ0","CZ04","CZ042"
45823278,"DE","DE","DE4","DE40"
45823296,"DE","DE4","DE40","DE409"
45823602,"SE","SE2","SE22","SE224"
45823686,"SE","SE2","SE22","SE224"
45823776,"SE","SE2","SE21","SE211"
45823804,"SE","SE2","SE21","SE211"
45823818,"SE","SE2","SE21","SE211"
45823962,"SE","SE2","SE23","SE232"
45824010,"SE","SE1","SE12","SE124"
45824244,"SE","SE3","SE31","SE312"
45824658,"SE","SE3","SE33","SE331"
45841630,"IT","ITG","ITG1","ITG14"
45842026,"IT","ITI","ITI4","ITI44"
45842538,"IT","ITH","ITH4","ITH42"
45842658,"AT","AT2","AT21","AT212"
45842740,"AT","AT3","AT32","AT323"
45842754,"AT","AT3","AT31","AT315"
45842800,"AT","AT3","AT31","AT311"
45842808,"AT","AT3","AT31","AT311"
45842920,"CZ","CZ0","CZ03","CZ032"
45842998,"CZ","CZ0","CZ02","CZ020"
45843316,"DE","DE4","DE40","DE405"
45843604,"SE","SE2","SE22","SE224"
45843664,"SE","SE2","SE22","SE224"
45843766,"SE","SE2","SE21","SE211"
45844024,"SE","SE1","SE12","SE124"
45844060,"SE","SE1","SE12","SE124"
45844090,"SE","SE1","SE12","SE124"
45844198,"SE","SE3","SE31","SE312"
45844294,"SE","SE3","SE31","SE313"
45844306,"SE","SE3","SE31","SE313"
45844414,"SE","SE3","SE32","SE322"
45844432,"SE","SE3","SE32","SE322"
45844438,"SE","SE3","SE32","SE322"
45844474,"SE","SE3","SE32","SE322"
45861662,"IT","ITG","ITG1","ITG11"
45862112,"IT","ITF","ITF1","ITF11"
45862158,"IT","ITF","ITF1","ITF11"
45862576,"SI","SI0","SI04","SI043"
45862878,"CZ","CZ0","CZ03","CZ031"
45863040,"CZ","CZ0","CZ04","CZ042"
45863044,"CZ","CZ0","CZ04","CZ042"
45863256,"DE","DE4","DE40","DE40C"
45863292,"DE","DE4","DE40","DE409"
45863670,"SE","SE2","SE22","SE224"
45863796,"SE","SE2","SE21","SE211"
45863868,"SE","SE2","SE21","SE211"
45864066,"SE","SE1","SE12","SE124"
45864106,"SE","SE1","SE12","SE124"
45864138,"SE","SE3","SE31","SE312"
45864232,"SE","SE3","SE31","SE312"
45864318,"SE","SE3","SE32","SE322"
45864696,"SE","SE3","SE33","SE331"
45882538,"IT","ITH","ITH4","ITH43"
45882564,"IT","ITH","ITH4","ITH42"
45882610,"IT","ITH","ITH4","ITH42"
45882618,"AT","AT2","AT21","AT212"
45882676,"AT","AT3","AT32","AT321"
45882892,"CZ","CZ0","CZ03","CZ031"
45882928,"CZ","CZ0","CZ03","CZ032"
45882946,"CZ","CZ0","CZ03","CZ032"
45883320,"DE","DE4","DE40","DE405"
45883662,"SE","SE2","SE22","SE224"
45883738,"SE","SE2","SE21","SE212"
45883824,"SE","SE2","SE21","SE211"
45883846,"SE","SE2","SE21","SE211"
45883896,"SE","SE2","SE21","SE211"
45883968,"SE","SE1","SE12","SE124"
45884256,"SE","SE3","SE31","SE312"
45884278,"SE","SE3","SE31","SE313"
45884526,"SE","SE3","SE32","SE322"
45901624,"IT","ITG","ITG1","ITG14"
45902074,"IT","ITI","ITI4","ITI45"
45902110,"IT","ITF","ITF1","ITF11"
45902272,"IT","ITI","ITI3","ITI32"
45902624,"AT","AT2","AT21","AT211"
45902768,"AT","AT3","AT31","AT315"
45902992,"CZ","CZ0","CZ02","CZ020"
45903010,"CZ","CZ0","CZ02","CZ020"
45903028,"CZ","CZ0","CZ04","CZ042"
45903046,"CZ","CZ0","CZ04","CZ042"
45903064,"CZ","CZ0","CZ04","CZ042"
45903358,"DE","DE4","DE40","DE40I"
45903754,"SE","SE2","SE21","SE212"
45903844,"SE","SE2","SE21","SE211"
45903880,"SE","SE2","SE21","SE211"
45904000,"SE","SE1","SE12","SE124"
45904078,"SE","SE1","SE12","SE124"
45904114,"SE","SE1","SE12","SE124"
45904126,"SE","SE3","SE31","SE312"
45904150,"SE","SE3","SE31","SE312"
45904180,"SE","SE3","SE31","SE312"
45904216,"SE","SE3","SE31","SE312"
45904450,"SE","SE3","SE32","SE322"
45921620,"IT","ITG","ITG1","ITG14"
45922208,"IT","ITI","ITI3","ITI34"
45922258,"IT","ITI","ITI3","ITI33"
45922538,"IT","ITH","ITH4","ITH43"
45922694,"AT","AT3","AT32","AT322"
45922802,"AT","AT3","AT31","AT311"
45922898,"CZ","CZ0","CZ03","CZ031"
45923006,"CZ","CZ0","CZ02","CZ020"
45923018,"CZ","CZ0","CZ02","CZ020"
45923114,"DE","DED","DED2","DED21"
45923158,"DE","DE4","DE40","DE40B"
45923252,"DE","DE4","DE40","DE40C"
45923270,"DE","DE4","DE40","DE409"
45923672,"SE","SE2","SE22","SE224"
45923680,"SE","SE2","SE22","SE224"
45923756,"SE","SE2","SE21","SE212"
45923810,"SE","SE2","SE21","SE211"
45924022,"SE","SE1","SE12","SE124"
45924062,"SE","SE1","SE12","SE124"
45924116,"SE","SE1","SE12","SE124"
45924530,"SE","SE3","SE32","SE322"
45924670,"SE","SE3","SE33","SE331"
45924692,"SE","SE3","SE33","SE331"
45941624,"IT","ITG","ITG1","ITG14"
45943730,"SE","SE2","SE21","SE212"
45943784,"SE","SE2","SE21","SE212"
45943910,"SE","SE1","SE12","SE123"
45944126,"SE","SE3","SE31","SE312"
45944144,"SE","SE3","SE31","SE312"
45944558,"SE","SE3","SE32","SE322"
45944594,"SE","SE3","SE32","SE322"
45944666,"SE","SE3","SE33","SE331"
45944738,"SE","SE3","SE33","SE331"
45962662,"AT","AT2","AT21","AT212"
45962734,"AT","AT3","AT31","AT315"
45962820,"AT","AT3","AT31","AT311"
45963310,"DE","DE4","DE40","DE409"
45963320,"DE","DE4","DE40","DE405"
45963328,"DE","DE4","DE40","DE40I"
45963382,"DE","DE8","DE80","DE80N"
45963796,"SE","SE2","SE21","SE211"
45963828,"SE","SE2","SE21","SE211"
45963860,"SE","SE2","SE21","SE211"
45963878,"SE","SE2","SE21","SE211"
45964012,"SE","SE1","SE12","SE124"
45964084,"SE","SE1","SE12","SE124"
45964184,"SE","SE3","SE31","SE312"
45964246,"SE","SE3","SE31","SE312"
45964616,"SE","SE3","SE33","SE331"
45964850,"SE","SE3","SE33","SE332"
45981666,"IT","ITG","ITG1","ITG12"
45982782,"AT","AT3","AT31","AT315"
45982944,"CZ","CZ0","CZ02","CZ020"
45982980,"CZ","CZ0","CZ02","CZ020"
45983106,"DE","DED","DED2","DED2F"
45983142,"DE","DED","DED2","DED2C"
45983214,"DE","DE4","DE40","DE406"
45983232,"DE","DE4","DE40","DE40C"
45984276,"SE","SE3","SE31","SE312"
46002108,"IT","ITF","ITF1","ITF11"
46002576,"SI","SI0","SI04","SI043"
46002792,"AT","AT3","AT31","AT311"
46002900,"CZ","CZ0","CZ03","CZ031"
46002912,"CZ","CZ0","CZ03","CZ031"
46003030,"CZ","CZ0","CZ04","CZ042"
46003038,"CZ","CZ0","CZ04","CZ042"
46003080,"CZ","CZ0","CZ04","CZ042"
46003300,"DE","DE4","DE40","DE409"
46003696,"SE","SE2","SE22","SE221"
46003740,"SE","SE2","SE21","SE212"
46003818,"SE","SE2","SE21","SE211"
46003858,"SE","SE2","SE21","SE211"
46003894,"SE","SE2","SE21","SE211"
46004088,"SE","SE1","SE12","SE124"
46004172,"SE","SE3","SE31","SE312"
46004196,"SE","SE3","SE31","SE312"
46004290,"SE","SE3","SE31","SE313"
46004452,"SE","SE3","SE32","SE322"
46004596,"SE","SE3","SE32","SE322"
46004610,"SE","SE3","SE33","SE331"
46004632,"SE","SE3","SE33","SE331"
46004640,"SE","SE3","SE33","SE331"
46021624,"IT","ITG","ITG1","ITG12"
46022134,"IT","ITF","ITF1","ITF11"
46022620,"AT","AT2","AT21","AT211"
46022632,"AT","AT2","AT21","AT211"
46022704,"AT","AT2","AT22","AT222"
46022902,"CZ","CZ0","CZ03","CZ031"
46022934,"CZ","CZ0","CZ03","CZ031"
46023042,"CZ","CZ0","CZ04","CZ042"
46023718,"SE","SE2","SE21","SE212"
46023802,"SE","SE2","SE21","SE211"
46023838,"SE","SE2","SE21","SE211"
46023898,"SE","SE2","SE21","SE211"
46024000,"SE","SE1","SE12","SE124"
46024108,"SE","SE1","SE12","SE124"
46024234,"SE","SE3","SE31","SE312"
46024420,"SE","SE3","SE32","SE322"
46024690,"SE","SE3","SE33","SE331"
46024708,"SE","SE3","SE33","SE331"
46024734,"SE","SE3","SE33","SE331"
46042706,"AT","AT2","AT22","AT222"
46042842,"AT","AT3","AT31","AT313"
46043058,"CZ","CZ0","CZ04","CZ042"
46043076,"CZ","CZ0","CZ04","CZ042"
46043346,"DE","DE4","DE40","DE40I"
46043364,"DE","DE8","DE80","DE80N"
46043728,"SE","SE2","SE21","SE212"
46043778,"SE","SE2","SE21","SE212"
46043868,"SE","SE2","SE21","SE211"
46043872,"SE","SE2","SE21","SE211"
46044034,"SE","SE1","SE12","SE124"
46044606,"SE","SE3","SE33","SE331"
46044700,"SE","SE3","SE33","SE331"
46044840,"SE","SE3","SE33","SE332"
46062232,"IT","ITI","ITI3","ITI35"
46062258,"IT","ITI","ITI3","ITI33"
46062628,"AT","AT2","AT21","AT211"
46062978,"CZ","CZ0","CZ02","CZ020"
46063266,"DE","DE4","DE40","DE40C"
46063684,"SE","SE2","SE22","SE224"
46063842,"SE","SE2","SE21","SE211"
46063882,"SE","SE2","SE21","SE211"
46064008,"SE","SE1","SE12","SE124"
46064040,"SE","SE1","SE12","SE124"
46064098,"SE","SE1","SE12","SE124"
46064116,"SE","SE3","SE31","SE312"
46064152,"SE","SE3","SE31","SE312"
46064206,"SE","SE3","SE31","SE312"
46064260,"SE","SE3","SE31","SE312"
46064526,"SE","SE3","SE32","SE322"
46081642,"IT","ITG","ITG1","ITG12"
46082614,"AT","AT2","AT21","AT211"
46082678,"AT","AT3","AT32","AT321"
46082830,"AT","AT3","AT31","AT313"
46082944,"CZ","CZ0","CZ02","CZ020"
46083010,"CZ","CZ0","CZ02","CZ020"
46083316,"PL","PL4","PL42","PL428"
46083880,"SE","SE2","SE21","SE211"
46083988,"SE","SE1","SE12","SE124"
46084384,"SE","SE3","SE32","SE321"
46084432,"SE","SE3","SE32","SE322"
46084576,"SE","SE3","SE32","SE322"
46084600,"SE","SE3","SE33","SE331"
46084666,"SE","SE3","SE33","SE331"
46084690,"SE","SE3","SE33","SE331"
46101646,"IT","ITG","ITG1","ITG12"
46102154,"IT","ITF","ITF1","ITF11"
46102520,"IT","ITH","ITH4","ITH44"
46102726,"AT","AT2","AT22","AT222"
46102852,"AT","AT3","AT31","AT313"
46102910,"CZ","CZ0","CZ03","CZ031"
46102952,"CZ","CZ0","CZ02","CZ020"
46102964,"CZ","CZ0","CZ02","CZ020"
46103018,"CZ","CZ0","CZ02","CZ020"
46103050,"CZ","CZ0","CZ04","CZ042"
46103060,"CZ","CZ0","CZ04","CZ042"
46103168,"DE","DED","DED2","DED2C"
46103252,"DE","DE4","DE40","DE40C"
46103702,"SE","SE2","SE22","SE221"
46103738,"SE","SE2","SE21","SE212"
46103788,"SE","SE2","SE21","SE212"
46103798,"SE","SE2","SE21","SE212"
46103828,"SE","SE2","SE21","SE211"
46103878,"SE","SE2","SE21","SE211"
46103960,"SE","SE1","SE12","SE123"
46104050,"SE","SE1","SE12","SE124"
46104170,"SE","SE3","SE31","SE312"
46104418,"SE","SE3","SE32","SE322"
46104530,"SE","SE3","SE32","SE322"
46104554,"SE","SE3","SE32","SE322"
46121612,"IT","ITG","ITG1","ITG14"
46122128,"IT","ITF","ITF1","ITF11"
46122272,"IT","ITI","ITI3","ITI32"
46122606,"SI","SI0","SI04","SI042"
46122668,"AT","AT3","AT32","AT321"
46122678,"AT","AT3","AT32","AT321"
46122858,"CZ","CZ0","CZ03","CZ031"
46122902,"CZ","CZ0","CZ03","CZ031"
46123766,"SE","SE2","SE21","SE212"
46123802,"SE","SE2","SE21","SE211"
46123910,"SE","SE1","SE12","SE123"
46124594,"SE","SE3","SE32","SE322"
46141618,"IT","ITG","ITG1","ITG14"
46142604,"SI","SI0","SI04","SI042"
46142734,"AT","AT2","AT22","AT222"
46142788,"AT","AT3","AT31","AT312"
46142896,"CZ","CZ0","CZ03","CZ031"
46142928,"CZ","CZ0","CZ03","CZ031"
46142982,"CZ","CZ0","CZ02","CZ020"
46143688,"SE","SE2","SE22","SE221"
46143720,"SE","SE2","SE21","SE212"
46143760,"SE","SE2","SE21","SE212"
46143814,"SE","SE2","SE21","SE211"
46143922,"SE","SE1","SE12","SE123"
46143954,"SE","SE1","SE12","SE123"
46144030,"SE","SE1","SE12","SE124"
46144062,"SE","SE1","SE12","SE124"
46144080,"SE","SE1","SE12","SE124"
46144454,"SE","SE3","SE32","SE322"
46144602,"SE","SE3","SE33","SE331"
46162908,"CZ","CZ0","CZ03","CZ031"
46162926,"CZ","CZ0","CZ03","CZ031"
46163088,"CZ","CZ0","CZ04","CZ042"
46163970,"SE","SE1","SE12","SE123"
46164096,"SE","SE1","SE12","SE124"
46164168,"SE","SE3","SE31","SE312"
46164240,"SE","SE3","SE31","SE312"
46164258,"SE","SE3","SE31","SE313"
46164528,"SE","SE3","SE32","SE322"
46164708,"SE","SE3","SE33","SE331"
46164762,"SE","SE3","SE33","SE331"
46181644,"IT","ITG","ITG1","ITG12"
46181658,"IT","ITG","ITG1","ITG12"
46182134,"IT","ITF","ITF1","ITF11"
46182544,"SI","SI0","SI04","SI043"
46182646,"AT","AT2","AT21","AT212"
46182828,"AT","AT3","AT31","AT313"
46183002,"CZ","CZ0","CZ02","CZ020"
46183012,"CZ","CZ0","CZ02","CZ020"
46183066,"CZ","CZ0","CZ04","CZ042"
46183264,"DE","DE4","DE40","DE409"
46183318,"PL","PL4","PL42","PL428"
46183812,"SE","SE2","SE21","SE211"
46183854,"SE","SE2","SE21","SE211"
46183872,"SE","SE2","SE21","SE211"
46183938,"SE","SE1","SE12","SE123"
46183944,"SE","SE1","SE12","SE123"
46183974,"SE","SE1","SE12","SE123"
46184046,"SE","SE1","SE12","SE124"
46184106,"SE","SE3","SE31","SE312"
46184280,"SE","SE3","SE31","SE313"
46184542,"SE","SE3","SE32","SE322"
46184604,"SE","SE3","SE33","SE331"
46184632,"SE","SE3","SE33","SE331"
46184694,"SE","SE3","SE33","SE331"
46202044,"IT","ITI","ITI4","ITI45"
46202106,"IT","ITF","ITF1","ITF11"
46202116,"IT","ITF","ITF1","ITF11"
46202206,"IT","ITI","ITI3","ITI34"
46202440,"HR","HR0","HR03","HR036"
46202524,"SI","SI0","SI04","SI044"
46202584,"SI","SI0","SI04","SI042"
46202640,"AT","AT2","AT21","AT212"
46202682,"AT","AT2","AT22","AT226"
46202782,"AT","AT3","AT31","AT312"
46202812,"AT","AT3","AT31","AT312"
46202938,"CZ","CZ0","CZ03","CZ031"
46203042,"CZ","CZ0","CZ04","CZ042"
46203078,"CZ","CZ0","CZ04","CZ042"
46203730,"SE","SE2","SE21","SE212"
46203754,"SE","SE2","SE21","SE212"
46203862,"SE","SE2","SE21","SE211"
46203964,"SE","SE1","SE12","SE123"
46203982,"SE","SE1","SE12","SE124"
46204042,"SE","SE1","SE12","SE124"
46204114,"SE","SE3","SE31","SE312"
46204126,"SE","SE3","SE31","SE312"
46204162,"SE","SE3","SE31","SE312"
46204204,"SE","SE3","SE31","SE312"
46222554,"SI","SI0","SI04","SI043"
46222770,"AT","AT3","AT31","AT314"
46222796,"AT","AT3","AT31","AT312"
46222968,"CZ","CZ0","CZ02","CZ020"
46223706,"SE","SE2","SE22","SE221"
46223742,"SE","SE2","SE21","SE212"
46223764,"SE","SE2","SE21","SE212"
46223782,"SE","SE2","SE21","SE212"
46223850,"SE","SE2","SE21","SE211"
46224012,"SE","SE1","SE12","SE124"
46224250,"SE","SE3","SE31","SE312"
46224444,"SE","SE3","SE32","SE322"
46224682,"SE","SE3","SE33","SE331"
46241610,"IT","ITG","ITG1","ITG14"
46242196,"IT","ITF","ITF1","ITF12"
46242712,"AT","AT2","AT22","AT222"
46242762,"AT","AT3","AT31","AT314"
46242910,"CZ","CZ0","CZ03","CZ031"
46242942,"CZ","CZ0","CZ03","CZ031"
46242946,"CZ","CZ0","CZ02","CZ020"
46243032,"CZ","CZ0","CZ02","CZ020"
46243342,"PL","PL4","PL42","PL428"
46244008,"SE","SE1","SE12","SE124"
46244076,"SE","SE1","SE12","SE124"
46244310,"SE","SE3","SE31","SE313"
46244418,"SE","SE3","SE32","SE322"
46244458,"SE","SE3","SE32","SE322"
46244530,"SE","SE3","SE32","SE322"
46262056,"IT","ITI","ITI4","ITI45"
46262116,"IT","ITF","ITF1","ITF11"
46262642,"AT","AT2","AT21","AT212"
46262660,"AT","AT2","AT22","AT226"
46262776,"AT","AT3","AT31","AT314"
46262786,"AT","AT3","AT31","AT312"
46262992,"CZ","CZ0","CZ02","CZ020"
46263028,"CZ","CZ0","CZ02","CZ020"
46263700,"SE","SE2","SE22","SE221"
46263754,"SE","SE2","SE21","SE212"
46263790,"SE","SE2","SE21","SE212"
46263808,"SE","SE2","SE21","SE211"
46263884,"SE","SE1","SE12","SE123"
46263892,"SE","SE1","SE12","SE123"
46263910,"SE","SE1","SE12","SE123"
46263934,"SE","SE1","SE12","SE123"
46263946,"SE","SE1","SE12","SE123"
46263982,"SE","SE1","SE12","SE123"
46263992,"SE","SE1","SE12","SE124"
46264024,"SE","SE1","SE12","SE124"
46264036,"SE","SE1","SE12","SE124"
46264276,"SE","SE3","SE31","SE313"
46264348,"SE","SE3","SE31","SE313"
46264432,"SE","SE3","SE32","SE322"
46264510,"SE","SE3","SE32","SE321"
46264636,"SE","SE3","SE33","SE331"
46281596,"IT","ITG","ITG1","ITG14"
46282208,"IT","ITI","ITI3","ITI34"
46282550,"SI","SI0","SI04","SI043"
46282586,"SI","SI0","SI04","SI042"
46282726,"AT","AT2","AT22","AT222"
46282852,"CZ","CZ0","CZ03","CZ031"
46282880,"CZ","CZ0","CZ03","CZ031"
46282892,"CZ","CZ0","CZ03","CZ031"
46282964,"CZ","CZ0","CZ02","CZ020"
46283032,"CZ","CZ0","CZ02","CZ020"
46283042,"CZ","CZ0","CZ04","CZ042"
46283230,"DE","DE4","DE40","DE40C"
46283360,"PL","PL4","PL42","PL428"
46283888,"SE","SE1","SE12","SE123"
46283924,"SE","SE1","SE12","SE123"
46283942,"SE","SE1","SE12","SE123"
46284116,"SE","SE3","SE31","SE312"
46284158,"SE","SE3","SE31","SE312"
46284248,"SE","SE3","SE31","SE313"
46284346,"SE","SE3","SE31","SE313"
46284368,"SE","SE3","SE32","SE321"
46284436,"SE","SE3","SE32","SE322"
46284526,"SE","SE3","SE32","SE322"
46302134,"IT","ITF","ITF1","ITF11"
46302152,"IT","ITF","ITF1","ITF11"
46302542,"SI","SI0","SI04","SI043"
46302682,"AT","AT2","AT22","AT226"
46303244,"DE","DE4","DE40","DE40C"
46303856,"SE","SE2","SE21","SE211"
46303946,"SE","SE1","SE12","SE123"
46304288,"SE","SE3","SE31","SE313"
46304306,"SE","SE3","SE31","SE313"
46304558,"SE","SE3","SE32","SE322"
46321600,"IT","ITG","ITG1","ITG14"
46321622,"IT","ITG","ITG1","ITG14"
46322834,"AT","AT3","AT31","AT313"
46322896,"CZ","CZ0","CZ03","CZ031"
46322946,"CZ","CZ0","CZ03","CZ031"
46323072,"CZ","CZ0","CZ05","CZ051"
46323266,"PL","PL4","PL43","PL431"
46323328,"PL","PL4","PL42","PL428"
46323742,"SE","SE2","SE21","SE212"
46323756,"SE","SE2","SE21","SE212"
46323810,"SE","SE2","SE21","SE211"
46323824,"SE","SE2","SE21","SE211"
46323900,"SE","SE1","SE12","SE123"
46323914,"SE","SE1","SE12","SE123"
46323922,"SE","SE1","SE12","SE123"
46323954,"SE","SE1","SE12","SE123"
46324040,"SE","SE1","SE12","SE124"
46324062,"SE","SE1","SE12","SE124"
46324274,"SE","SE3","SE31","SE313"
46324314,"SE","SE3","SE31","SE313"
46324552,"SE","SE3","SE32","SE322"
46324670,"SE","SE3","SE33","SE331"
46342650,"AT","AT2","AT21","AT213"
46342786,"AT","AT3","AT31","AT312"
46342926,"CZ","CZ0","CZ03","CZ031"
46342980,"CZ","CZ0","CZ02","CZ020"
46343340,"PL","PL4","PL42","PL428"
46343718,"SE","SE2","SE21","SE212"
46344024,"SE","SE1","SE12","SE124"
46362660,"AT","AT2","AT21","AT213"
46362688,"AT","AT2","AT22","AT226"
46362900,"CZ","CZ0","CZ03","CZ031"
46363020,"CZ","CZ0","CZ02","CZ020"
46363066,"CZ","CZ0","CZ05","CZ051"
46363092,"CZ","CZ0","CZ04","CZ042"
46363102,"CZ","CZ0","CZ04","CZ042"
46363728,"SE","SE2","SE21","SE212"
46363782,"SE","SE2","SE21","SE212"
46363966,"SE","SE1","SE12","SE123"
46364028,"SE","SE1","SE12","SE124"
46364128,"SE","SE3","SE31","SE312"
46364190,"SE","SE3","SE31","SE312"
46364226,"SE","SE3","SE31","SE312"
46364254,"SE","SE3","SE31","SE313"
46364290,"SE","SE3","SE31","SE313"
46364388,"SE","SE3","SE32","SE321"
46364430,"SE","SE3","SE32","SE322"
46364574,"SE","SE3","SE32","SE322"
46364686,"SE","SE3","SE33","SE331"
46364808,"SE","SE3","SE33","SE332"
46381602,"IT","ITG","ITG1","ITG14"
46381642,"IT","ITG","ITG1","ITG12"
46381666,"IT","ITG","ITG1","ITG12"
46382502,"SI","SI0","SI04","SI044"
46382686,"AT","AT2","AT22","AT226"
46382834,"AT","AT3","AT31","AT313"
46382836,"AT","AT3","AT31","AT313"
46382944,"CZ","CZ0","CZ03","CZ031"
46382970,"CZ","CZ0","CZ02","CZ020"
46383088,"CZ","CZ0","CZ04","CZ042"
46383322,"PL","PL4","PL42","PL427"
46383352,"PL","PL4","PL42","PL427"
46383708,"SE","SE2","SE22","SE221"
46383736,"SE","SE2","SE21","SE212"
46383790,"SE","SE2","SE21","SE212"
46383808,"SE","SE2","SE21","SE211"
46383874,"SE","SE1","SE12","SE123"
46383946,"SE","SE1","SE12","SE123"
46384024,"SE","SE1","SE12","SE124"
46384054,"SE","SE1","SE12","SE124"
46384162,"SE","SE3","SE31","SE312"
46384288,"SE","SE3","SE31","SE313"
46384540,"SE","SE3","SE32","SE322"
46401640,"IT","ITG","ITG1","ITG12"
46402522,"SI","SI0","SI04","SI044"
46402540,"SI","SI0","SI04","SI043"
46402652,"AT","AT2","AT21","AT213"
46402674,"AT","AT2","AT22","AT226"
46402688,"AT","AT2","AT22","AT226"
46402914,"CZ","CZ0","CZ03","CZ031"
46402932,"CZ","CZ0","CZ03","CZ031"
46403278,"PL","PL4","PL43","PL431"
46403404,"PL","PL4","PL42","PL428"
46403724,"SE","SE2","SE21","SE212"
46403760,"SE","SE2","SE21","SE212"
46403800,"SE","SE2","SE21","SE212"
46403836,"SE","SE2","SE21","SE211"
46403872,"SE","SE1","SE12","SE123"
46403958,"SE","SE1","SE12","SE123"
46404012,"SE","SE1","SE12","SE124"
46404052,"SE","SE1","SE12","SE124"
46404534,"SE","SE3","SE32","SE322"
46422496,"SI","SI0","SI04","SI044"
46422528,"SI","SI0","SI03","SI038"
46422624,"AT","AT2","AT21","AT211"
46422682,"AT","AT2","AT22","AT226"
46422690,"AT","AT2","AT22","AT226"
46422762,"AT","AT3","AT31","AT314"
46422892,"CZ","CZ0","CZ03","CZ031"
46422928,"CZ","CZ0","CZ03","CZ031"
46422942,"CZ","CZ0","CZ03","CZ031"
46423788,"SE","SE2","SE21","SE212"
46423918,"SE","SE1","SE12","SE123"
46423932,"SE","SE1","SE12","SE123"
46424094,"SE","SE1","SE12","SE125"
46424152,"SE","SE3","SE31","SE312"
46424310,"SE","SE3","SE31","SE313"
46424400,"SE","SE3","SE32","SE321"
46424602,"SE","SE3","SE33","SE331"
46424620,"SE","SE3","SE33","SE331"
46424688,"SE","SE3","SE33","SE331"
46441648,"IT","ITG","ITG1","ITG12"
46442110,"IT","ITF","ITF1","ITF11"
46442642,"AT","AT2","AT21","AT213"
46442684,"AT","AT2","AT22","AT226"
46442692,"AT","AT2","AT22","AT226"
46442702,"AT","AT2","AT22","AT226"
46442710,"AT","AT2","AT22","AT222"
46442920,"CZ","CZ0","CZ03","CZ031"
46442992,"CZ","CZ0","CZ02","CZ020"
46443394,"PL","PL4","PL42","PL428"
46443448,"PL","PL4","PL42","PL428"
46444018,"SE","SE1","SE12","SE124"
46444042,"SE","SE1","SE12","SE125"
46444078,"SE","SE1","SE12","SE125"
46444168,"SE","SE3","SE31","SE312"
46444288,"SE","SE3","SE31","SE313"
46444342,"SE","SE3","SE31","SE313"
46444378,"SE","SE3","SE32","SE321"
46444558,"SE","SE3","SE32","SE322"
46444684,"SE","SE3","SE33","SE331"
46461650,"IT","ITG","ITG1","ITG12"
46462046,"IT","ITI","ITI4","ITI45"
46462636,"AT","AT2","AT21","AT213"
46462726,"AT","AT2","AT22","AT222"
46462834,"AT","AT3","AT31","AT313"
46462856,"CZ","CZ0","CZ03","CZ031"
46462862,"CZ","CZ0","CZ03","CZ031"
46462874,"CZ","CZ0","CZ03","CZ031"
46462946,"CZ","CZ0","CZ03","CZ031"
46462970,"CZ","CZ0","CZ02","CZ020"
46463090,"CZ","CZ0","CZ05","CZ051"
46463396,"PL","PL4","PL42","PL428"
46463428,"PL","PL4","PL42","PL428"
46463734,"SE","SE2","SE21","SE212"
46463828,"SE","SE2","SE21","SE211"
46463888,"SE","SE1","SE12","SE123"
46463896,"SE","SE1","SE12","SE123"
46463950,"SE","SE1","SE12","SE123"
46464080,"SE","SE1","SE12","SE125"
46464292,"SE","SE3","SE31","SE313"
46464386,"SE","SE3","SE32","SE321"
46464656,"SE","SE3","SE33","SE331"
46464716,"SE","SE3","SE33","SE331"
46464752,"SE","SE3","SE33","SE331"
46482044,"IT","ITF","ITF3","ITF31"
46482134,"IT","ITF","ITF1","ITF13"
46482614,"AT","AT2","AT21","AT211"
46482866,"CZ","CZ0","CZ03","CZ031"
46483298,"PL","PL4","PL43","PL431"
46483334,"PL","PL4","PL42","PL427"
46483748,"SE","SE2","SE21","SE212"
46483856,"SE","SE2","SE21","SE213"
46483982,"SE","SE1","SE12","SE123"
46484090,"SE","SE1","SE12","SE125"
46484270,"SE","SE3","SE31","SE313"
46484288,"SE","SE3","SE31","SE313"
46484612,"SE","SE3","SE33","SE331"
46501578,"IT","ITG","ITG1","ITG14"
46502082,"IT","ITF","ITF1","ITF11"
46502158,"IT","ITF","ITF1","ITF13"
46502554,"SI","SI0","SI04","SI041"
46502658,"AT","AT2","AT21","AT213"
46502720,"AT","AT2","AT22","AT222"
46502766,"AT","AT3","AT31","AT314"
46502878,"CZ","CZ0","CZ03","CZ031"
46502892,"CZ","CZ0","CZ03","CZ031"
46502906,"CZ","CZ0","CZ03","CZ031"
46502968,"CZ","CZ0","CZ02","CZ020"
46502996,"CZ","CZ0","CZ02","CZ020"
46503018,"CZ","CZ0","CZ02","CZ020"
46503054,"CZ","CZ0","CZ05","CZ051"
46503198,"PL","PL4","PL43","PL432"
46503324,"PL","PL4","PL42","PL427"
46503360,"PL","PL4","PL42","PL427"
46503450,"PL","PL4","PL42","PL428"
46503706,"SE","SE2","SE22","SE221"
46503716,"SE","SE2","SE22","SE221"
46503878,"SE","SE1","SE12","SE123"
46503972,"SE","SE1","SE12","SE123"
46503990,"SE","SE1","SE12","SE123"
46504048,"SE","SE1","SE12","SE125"
46504174,"SE","SE3","SE31","SE312"
46504238,"SE","SE3","SE31","SE313"
46504246,"SE","SE3","SE31","SE313"
46504300,"SE","SE3","SE31","SE313"
46504472,"SE","SE3","SE32","SE321"
46522512,"SI","SI0","SI03","SI038"
46522626,"AT","AT2","AT21","AT211"
46522628,"AT","AT2","AT21","AT211"
46522640,"AT","AT2","AT21","AT213"
46522674,"AT","AT2","AT22","AT226"
46522722,"AT","AT2","AT22","AT222"
46522836,"AT","AT3","AT31","AT313"
46523016,"CZ","CZ0","CZ02","CZ020"
46523772,"SE","SE2","SE21","SE212"
46524060,"SE","SE1","SE12","SE125"
46524186,"SE","SE3","SE31","SE312"
46524204,"SE","SE3","SE31","SE312"
46524726,"SE","SE3","SE33","SE331"
46524744,"SE","SE3","SE33","SE331"
46542498,"SI","SI0","SI03","SI038"
46542526,"SI","SI0","SI03","SI038"
46542614,"AT","AT2","AT21","AT211"
46542882,"CZ","CZ0","CZ03","CZ031"
46542954,"CZ","CZ0","CZ02","CZ020"
46543080,"CZ","CZ0","CZ05","CZ051"
46543084,"CZ","CZ0","CZ05","CZ051"
46543174,"PL","PL4","PL43","PL432"
46543398,"PL","PL4","PL42","PL428"
46543422,"PL","PL4","PL42","PL428"
46543710,"SE","SE2","SE22","SE221"
46543732,"SE","SE2","SE21","SE213"
46543804,"SE","SE2","SE21","SE211"
46543926,"SE","SE1","SE12","SE123"
46543938,"SE","SE1","SE12","SE123"
46543944,"SE","SE1","SE12","SE123"
46543992,"SE","SE1","SE12","SE123"
46544052,"SE","SE1","SE12","SE125"
46544064,"SE","SE1","SE12","SE125"
46544182,"SE","SE3","SE31","SE312"
46544236,"SE","SE3","SE31","SE313"
46544244,"SE","SE3","SE31","SE313"
46544262,"SE","SE3","SE31","SE313"
46544290,"SE","SE3","SE31","SE313"
46544532,"SE","SE3","SE32","SE321"
46544556,"SE","SE3","SE32","SE321"
46544632,"SE","SE3","SE33","SE331"
46544808,"SE","SE3","SE33","SE332"
46562110,"IT","ITF","ITF1","ITF11"
46562146,"IT","ITF","ITF1","ITF13"
46562632,"AT","AT2","AT21","AT211"
46562646,"AT","AT2","AT21","AT213"
46562692,"AT","AT2","AT22","AT226"
46562722,"AT","AT2","AT22","AT222"
46562790,"AT","AT1","AT12","AT121"
46562902,"CZ","CZ0","CZ03","CZ031"
46562938,"CZ","CZ0","CZ03","CZ031"
46563034,"CZ","CZ0","CZ02","CZ020"
46563052,"CZ","CZ0","CZ02","CZ020"
46563276,"PL","PL4","PL43","PL431"
46563388,"PL","PL4","PL42","PL428"
46563748,"SE","SE2","SE21","SE213"
46563820,"SE","SE2","SE21","SE213"
46563856,"SE","SE2","SE21","SE213"
46563934,"SE","SE1","SE12","SE123"
46564018,"SE","SE1","SE12","SE122"
46564072,"SE","SE1","SE12","SE125"
46564270,"SE","SE3","SE31","SE313"
46564324,"SE","SE3","SE31","SE313"
46564468,"SE","SE3","SE32","SE321"
46564612,"SE","SE3","SE33","SE331"
46581654,"IT","ITG","ITG1","ITG12"
46582098,"IT","ITF","ITF1","ITF11"
46582152,"IT","ITF","ITF1","ITF13"
46582562,"SI","SI0","SI04","SI041"
46582576,"SI","SI0","SI04","SI042"
46582638,"AT","AT2","AT21","AT213"
46582774,"AT","AT3","AT31","AT314"
46583314,"PL","PL4","PL43","PL431"
46583886,"SE","SE1","SE12","SE123"
46583980,"SE","SE1","SE12","SE123"
46584160,"SE","SE3","SE31","SE312"
46584516,"SE","SE3","SE32","SE321"
46584592,"SE","SE3","SE33","SE331"
46584682,"SE","SE3","SE33","SE331"
46602006,"IT","ITF","ITF3","ITF31"
46602010,"IT","ITF","ITF3","ITF31"
46602016,"IT","ITF","ITF3","ITF31"
46602618,"AT","AT2","AT21","AT211"
46602676,"AT","AT2","AT22","AT226"
46602700,"AT","AT2","AT22","AT226"
46602762,"AT","AT3","AT31","AT314"
46602964,"CZ","CZ0","CZ02","CZ020"
46602982,"CZ","CZ0","CZ02","CZ020"
46603342,"PL","PL4","PL42","PL427"
46603356,"PL","PL4","PL42","PL428"
46603446,"PL","PL4","PL42","PL428"
46603698,"SE","SE2","SE22","SE221"
46603720,"SE","SE2","SE22","SE221"
46603756,"SE","SE2","SE21","SE213"
46604008,"SE","SE1","SE12","SE122"
46604040,"SE","SE1","SE12","SE122"
46604152,"SE","SE3","SE31","SE312"
46604220,"SE","SE3","SE31","SE313"
46604292,"SE","SE3","SE31","SE313"
46604310,"SE","SE3","SE31","SE313"
46604476,"SE","SE3","SE32","SE321"
46604602,"SE","SE3","SE33","SE331"
46604796,"SE","SE3","SE33","SE332"
46622038,"IT","ITF","ITF3","ITF31"
46622044,"IT","ITF","ITF2","ITF21"
46622560,"SI","SI0","SI04","SI041"
46622648,"AT","AT2","AT21","AT213"
46622668,"AT","AT2","AT22","AT226"
46622720,"AT","AT2","AT22","AT222"
46622926,"CZ","CZ0","CZ03","CZ031"
46623028,"CZ","CZ0","CZ02","CZ020"
46623352,"PL","PL4","PL42","PL427"
46623412,"PL","PL4","PL42","PL428"
46623916,"SE","SE1","SE12","SE123"
46623964,"SE","SE1","SE12","SE123"
46624108,"SE","SE1","SE12","SE125"
46624216,"SE","SE3","SE31","SE313"
46624252,"SE","SE3","SE31","SE313"
46624342,"SE","SE3","SE31","SE313"
46624402,"SE","SE3","SE32","SE321"
46624504,"SE","SE3","SE32","SE321"
46641574,"IT","ITG","ITG1","ITG14"
46642626,"AT","AT2","AT21","AT211"
46642712,"AT","AT2","AT22","AT226"
46642736,"AT","AT2","AT22","AT222"
46642772,"AT","AT3","AT31","AT314"
46642802,"AT","AT3","AT31","AT313"
46642928,"CZ","CZ0","CZ03","CZ031"
46643006,"CZ","CZ0","CZ02","CZ020"
46643036,"CZ","CZ0","CZ02","CZ020"
46643054,"CZ","CZ0","CZ02","CZ020"
46643090,"CZ","CZ0","CZ05","CZ051"
46643168,"PL","PL4","PL43","PL432"
46643176,"PL","PL4","PL43","PL432"
46643306,"PL","PL4","PL43","PL431"
46643330,"PL","PL4","PL42","PL427"
46643420,"PL","PL4","PL42","PL428"
46643446,"PL","PL4","PL42","PL428"
46643744,"SE","SE2","SE21","SE213"
46643780,"SE","SE2","SE21","SE212"
46643788,"SE","SE2","SE21","SE212"
46643798,"SE","SE2","SE21","SE213"
46643824,"SE","SE2","SE21","SE213"
46643918,"SE","SE1","SE12","SE123"
46644014,"SE","SE1","SE12","SE122"
46644040,"SE","SE1","SE12","SE122"
46644062,"SE","SE1","SE12","SE125"
46644134,"SE","SE3","SE31","SE312"
46644152,"SE","SE3","SE31","SE312"
46644206,"SE","SE3","SE31","SE312"
46644248,"SE","SE3","SE31","SE313"
46644422,"SE","SE3","SE32","SE321"
46644472,"SE","SE3","SE32","SE321"
46644580,"SE","SE3","SE33","SE331"
46644692,"SE","SE3","SE33","SE331"
46661588,"IT","ITG","ITG1","ITG14"
46662152,"IT","ITF","ITF1","ITF14"
46662682,"AT","AT2","AT22","AT226"
46662780,"AT","AT1","AT12","AT121"
46662794,"AT","AT1","AT12","AT121"
46662920,"CZ","CZ0","CZ03","CZ031"
46663262,"PL","PL4","PL43","PL431"
46663352,"PL","PL4","PL42","PL428"
46664162,"SE","SE3","SE31","SE312"
46664594,"SE","SE3","SE33","SE331"
46664792,"SE","SE3","SE33","SE332"
46664834,"SE","SE3","SE33","SE332"
46681578,"IT","ITG","ITG1","ITG14"
46681582,"IT","ITG","ITG1","ITG14"
46682050,"IT","ITF","ITF3","ITF31"
46682546,"SI","SI0","SI04","SI041"
46682572,"SI","SI0","SI04","SI041"
46682636,"AT","AT2","AT21","AT213"
46682698,"AT","AT2","AT22","AT226"
46682852,"CZ","CZ0","CZ03","CZ031"
46682946,"CZ","CZ0","CZ03","CZ031"
46682996,"CZ","CZ0","CZ02","CZ020"
46683194,"PL","PL4","PL43","PL432"
46683238,"PL","PL4","PL43","PL432"
46683270,"PL","PL4","PL43","PL431"
46683284,"PL","PL4","PL43","PL431"
46683414,"PL","PL4","PL42","PL427"
46683878,"SE","SE1","SE12","SE123"
46683954,"SE","SE1","SE12","SE123"
46684044,"SE","SE1","SE12","SE125"
46684084,"SE","SE1","SE12","SE125"
46684188,"SE","SE3","SE31","SE313"
46684278,"SE","SE3","SE31","SE313"
46684436,"SE","SE3","SE32","SE321"
46684616,"SE","SE3","SE33","SE331"
46684764,"SE","SE3","SE33","SE332"
46702080,"IT","ITF","ITF2","ITF21"
46702502,"SI","SI0","SI03","SI038"
46702596,"SI","SI0","SI04","SI042"
46702674,"AT","AT2","AT22","AT226"
46702872,"CZ","CZ0","CZ03","CZ031"
46702944,"CZ","CZ0","CZ03","CZ031"
46703178,"PL","PL4","PL43","PL432"
46703376,"PL","PL4","PL42","PL428"
46703412,"PL","PL4","PL42","PL427"
46703430,"PL","PL4","PL42","PL428"
46703700,"SE","SE2","SE22","SE221"
46703898,"SE","SE1","SE12","SE123"
46703916,"SE","SE1","SE12","SE123"
46703970,"SE","SE1","SE12","SE123"
46704024,"SE","SE1","SE12","SE122"
46704042,"SE","SE1","SE12","SE122"
46704276,"SE","SE3","SE31","SE313"
46704528,"SE","SE3","SE32","SE321"
46704726,"SE","SE3","SE33","SE331"
46722018,"IT","ITF","ITF3","ITF31"
46722040,"IT","ITF","ITF3","ITF31"
46722156,"IT","ITF","ITF1","ITF14"
46722576,"SI","SI0","SI04","SI041"
46722638,"AT","AT2","AT21","AT213"
46722642,"AT","AT2","AT21","AT213"
46722786,"AT","AT1","AT12","AT121"
46722792,"AT","AT1","AT12","AT121"
46722876,"CZ","CZ0","CZ03","CZ031"
46723048,"CZ","CZ0","CZ02","CZ020"
46723062,"CZ","CZ0","CZ02","CZ020"
46723066,"CZ","CZ0","CZ02","CZ020"
46723074,"CZ","CZ0","CZ05","CZ051"
46723200,"PL","PL4","PL43","PL432"
46723290,"PL","PL4","PL43","PL431"
46723704,"SE","SE2","SE22","SE221"
46723938,"SE","SE1","SE12","SE123"
46723944,"SE","SE1","SE12","SE123"
46724070,"SE","SE1","SE12","SE125"
46724128,"SE","SE3","SE31","SE312"
46724182,"SE","SE3","SE31","SE313"
46724334,"SE","SE3","SE31","SE313"
46724340,"SE","SE3","SE31","SE313"
46724488,"SE","SE3","SE32","SE321"
46724682,"SE","SE3","SE33","SE331"
46741570,"IT","ITG","ITG1","ITG14"
46742002,"IT","ITF","ITF3","ITF31"
46742016,"IT","ITF","ITF3","ITF31"
46742542,"SI","SI0","SI04","SI041"
46742758,"AT","AT3","AT31","AT314"
46742916,"CZ","CZ0","CZ03","CZ031"
46742962,"CZ","CZ0","CZ02","CZ020"
46742980,"CZ","CZ0","CZ02","CZ020"
46743172,"PL","PL4","PL43","PL432"
46743340,"PL","PL4","PL42","PL427"
46743430,"PL","PL4","PL42","PL428"
46743694,"SE","SE2","SE22","SE221"
46743736,"SE","SE2","SE21","SE213"
46743856,"SE","SE2","SE21","SE213"
46743952,"SE","SE1","SE12","SE123"
46744050,"SE","SE1","SE12","SE125"
46744180,"SE","SE3","SE31","SE313"
46744204,"SE","SE3","SE31","SE313"
46744240,"SE","SE3","SE31","SE313"
46744276,"SE","SE3","SE31","SE313"
46744302,"SE","SE3","SE31","SE313"
46744374,"SE","SE3","SE32","SE321"
46744672,"SE","SE3","SE33","SE331"
46744684,"SE","SE3","SE33","SE331"
46761582,"IT","ITG","ITG1","ITG14"
46762094,"IT","ITF","ITF2","ITF21"
46762142,"IT","ITF","ITF1","ITF14"
46762518,"SI","SI0","SI03","SI038"
46762666,"AT","AT2","AT21","AT213"
46762724,"AT","AT2","AT22","AT223"
46762950,"CZ","CZ0","CZ02","CZ020"
46762986,"CZ","CZ0","CZ02","CZ020"
46763004,"CZ","CZ0","CZ02","CZ020"
46763314,"PL","PL4","PL43","PL431"
46763346,"PL","PL4","PL42","PL427"
46763364,"PL","PL4","PL42","PL428"
46763706,"SE","SE2","SE22","SE221"
46763872,"SE","SE2","SE21","SE213"
46764066,"SE","SE1","SE12","SE125"
46764124,"SE","SE1","SE12","SE125"
46764174,"SE","SE3","SE31","SE313"
46764196,"SE","SE3","SE31","SE313"
46764246,"SE","SE3","SE31","SE313"
46764264,"SE","SE3","SE31","SE313"
46764408,"SE","SE3","SE32","SE321"
46764520,"SE","SE3","SE32","SE321"
46764570,"SE","SE3","SE33","SE331"
46764574,"SE","SE3","SE33","SE331"
46782088,"IT","ITF","ITF2","ITF21"
46782546,"SI","SI0","SI04","SI041"
46782568,"SI","SI0","SI04","SI041"
46782664,"AT","AT2","AT21","AT213"
46782690,"AT","AT2","AT22","AT226"
46782766,"AT","AT1","AT12","AT121"
46782778,"AT","AT1","AT12","AT121"
46782910,"CZ","CZ0","CZ03","CZ031"
46782946,"CZ","CZ0","CZ06","CZ063"
46783032,"CZ","CZ0","CZ02","CZ020"
46783180,"PL","PL4","PL43","PL432"
46783194,"PL","PL4","PL43","PL432"
46783698,"SE","SE2","SE22","SE221"
46783950,"SE","SE1","SE12","SE123"
46784220,"SE","SE3","SE31","SE313"
46784238,"SE","SE3","SE31","SE313"
46784278,"SE","SE3","SE31","SE313"
46784292,"SE","SE3","SE31","SE313"
46784458,"SE","SE3","SE32","SE321"
46784508,"SE","SE3","SE32","SE321"
46784742,"SE","SE3","SE33","SE331"
46801570,"IT","ITG","ITG1","ITG14"
46801652,"IT","ITG","ITG1","ITG12"
46802116,"IT","ITF","ITF1","ITF14"
46802588,"SI","SI0","SI04","SI041"
46802648,"AT","AT2","AT21","AT213"
46802974,"CZ","CZ0","CZ02","CZ020"
46802984,"CZ","CZ0","CZ02","CZ020"
46803028,"CZ","CZ0","CZ02","CZ020"
46803376,"PL","PL4","PL42","PL428"
46803970,"SE","SE1","SE12","SE123"
46803982,"SE","SE1","SE12","SE123"
46804024,"SE","SE1","SE12","SE122"
46804054,"SE","SE1","SE12","SE122"
46804108,"SE","SE1","SE12","SE125"
46804126,"SE","SE1","SE12","SE125"
46804186,"SE","SE3","SE31","SE313"
46804270,"SE","SE3","SE31","SE313"
46804312,"SE","SE3","SE31","SE313"
46804540,"SE","SE3","SE32","SE321"
46804612,"SE","SE3","SE33","SE331"
46804702,"SE","SE3","SE33","SE331"
46804726,"SE","SE3","SE33","SE331"
46805054,"SE","SE3","SE33","SE332"
46822060,"IT","ITF","ITF2","ITF21"
46822520,"SI","SI0","SI03","SI037"
46822568,"SI","SI0","SI04","SI041"
46822808,"AT","AT3","AT31","AT313"
46823014,"CZ","CZ0","CZ02","CZ020"
46823054,"CZ","CZ0","CZ02","CZ020"
46823086,"CZ","CZ0","CZ05","CZ051"
46823144,"PL","PL5","PL51","PL515"
46823158,"PL","PL5","PL51","PL515"
46823266,"PL","PL4","PL43","PL431"
46823420,"PL","PL4","PL42","PL427"
46823428,"PL","PL4","PL42","PL427"
46823792,"SE","SE2","SE21","SE213"
46823806,"SE","SE2","SE21","SE213"
46823810,"SE","SE2","SE21","SE213"
46823914,"SE","SE1","SE12","SE123"
46823954,"SE","SE1","SE12","SE123"
46823996,"SE","SE1","SE12","SE122"
46824184,"SE","SE3","SE31","SE313"
46824346,"SE","SE3","SE31","SE313"
46824364,"SE","SE3","SE32","SE321"
46824446,"SE","SE3","SE32","SE321"
46824598,"SE","SE3","SE33","SE331"
46824770,"SE","SE3","SE33","SE332"
46842048,"IT","ITF","ITF3","ITF31"
46842128,"IT","ITF","ITF1","ITF14"
46842138,"IT","ITF","ITF1","ITF14"
46842534,"SI","SI0","SI04","SI041"
46842602,"SI","SI0","SI03","SI034"
46842660,"AT","AT2","AT21","AT213"
46842692,"AT","AT2","AT22","AT226"
46842710,"AT","AT2","AT22","AT223"
46842852,"AT","AT1","AT12","AT124"
46842974,"CZ","CZ0","CZ02","CZ020"
46843046,"CZ","CZ0","CZ02","CZ020"
46843298,"PL","PL4","PL43","PL431"
46843766,"SE","SE2","SE21","SE213"
46843784,"SE","SE2","SE21","SE213"
46844144,"SE","SE3","SE31","SE312"
46861592,"IT","ITG","ITG1","ITG15"
46861610,"IT","ITG","ITG1","ITG15"
46862528,"SI","SI0","SI03","SI037"
46862582,"SI","SI0","SI04","SI041"
46862586,"SI","SI0","SI03","SI034"
46862694,"AT","AT2","AT22","AT226"
46862842,"AT","AT1","AT12","AT124"
46862914,"CZ","CZ0","CZ03","CZ031"
46862964,"CZ","CZ0","CZ02","CZ020"
46863360,"PL","PL4","PL42","PL427"
46863688,"SE","SE2","SE22","SE221"
46863828,"SE","SE2","SE21","SE213"
46863842,"SE","SE2","SE21","SE213"
46863932,"SE","SE1","SE12","SE123"
46863958,"SE","SE1","SE12","SE123"
46864012,"SE","SE1","SE12","SE122"
46864094,"SE","SE1","SE12","SE125"
46864112,"SE","SE1","SE12","SE125"
46864156,"SE","SE3","SE31","SE313"
46864166,"SE","SE3","SE31","SE313"
46864206,"SE","SE3","SE31","SE313"
46864282,"SE","SE3","SE31","SE313"
46864390,"SE","SE3","SE32","SE321"
46864494,"SE","SE3","SE32","SE321"
46864678,"SE","SE3","SE33","SE331"
46864688,"SE","SE3","SE33","SE331"
46881576,"IT","ITG","ITG1","ITG15"
46882468,"HR","HR0","HR03","HR031"
46882520,"SI","SI0","SI03","SI037"
46882592,"SI","SI0","SI03","SI034"
46882650,"AT","AT2","AT21","AT213"
46882664,"AT","AT2","AT21","AT213"
46882668,"AT","AT2","AT21","AT213"
46882726,"AT","AT2","AT22","AT223"
46882926,"CZ","CZ0","CZ06","CZ063"
46883754,"SE","SE2","SE21","SE213"
46883772,"SE","SE2","SE21","SE213"
46883934,"SE","SE1","SE12","SE123"
46884096,"SE","SE1","SE12","SE125"
46884114,"SE","SE1","SE12","SE125"
46884150,"SE","SE3","SE31","SE313"
46884312,"SE","SE3","SE31","SE313"
46884582,"SE","SE3","SE33","SE331"
46884672,"SE","SE3","SE33","SE331"
46901572,"IT","ITG","ITG1","ITG15"
46902058,"IT","ITF","ITF2","ITF21"
46902580,"SI","SI0","SI04","SI041"
46902810,"AT","AT3","AT31","AT313"
46902972,"CZ","CZ0","CZ02","CZ020"
46902994,"CZ","CZ0","CZ02","CZ020"
46903074,"CZ","CZ0","CZ05","CZ051"
46903264,"PL","PL4","PL43","PL432"
46903318,"PL","PL4","PL43","PL431"
46903326,"PL","PL4","PL43","PL431"
46903344,"PL","PL4","PL42","PL427"
46903386,"PL","PL4","PL42","PL428"
46903444,"PL","PL4","PL42","PL426"
46903710,"SE","SE2","SE21","SE213"
46903866,"SE","SE2","SE21","SE213"
46903894,"SE","SE2","SE21","SE213"
46903948,"SE","SE1","SE12","SE123"
46903962,"SE","SE1","SE12","SE123"
46903998,"SE","SE1","SE12","SE122"
46904106,"SE","SE1","SE12","SE125"
46904136,"SE","SE1","SE12","SE125"
46904226,"SE","SE3","SE31","SE313"
46904236,"SE","SE3","SE31","SE313"
46904388,"SE","SE3","SE32","SE321"
46904416,"SE","SE3","SE32","SE321"
46904448,"SE","SE3","SE32","SE321"
46904484,"SE","SE3","SE32","SE321"
46904622,"SE","SE3","SE33","SE331"
46904730,"SE","SE3","SE33","SE331"
46921612,"IT","ITG","ITG1","ITG16"
46922116,"IT","ITF","ITF1","ITF14"
46922466,"HR","HR0","HR03","HR031"
46922908,"CZ","CZ0","CZ03","CZ031"
46922934,"CZ","CZ0","CZ06","CZ063"
46923016,"CZ","CZ0","CZ02","CZ020"
46923330,"PL","PL4","PL43","PL431"
46923388,"PL","PL4","PL42","PL428"
46923460,"PL","PL4","PL42","PL426"
46923808,"SE","SE2","SE21","SE213"
46923874,"SE","SE2","SE21","SE213"
46923892,"SE","SE2","SE21","SE213"
46923916,"SE","SE1","SE12","SE123"
46923952,"SE","SE1","SE12","SE123"
46924036,"SE","SE1","SE12","SE122"
46924050,"SE","SE1","SE12","SE122"
46924162,"SE","SE3","SE31","SE313"
46924438,"SE","SE3","SE32","SE321"
46924500,"SE","SE3","SE32","SE321"
46924546,"SE","SE3","SE32","SE321"
46924564,"SE","SE3","SE33","SE331"
46924576,"SE","SE3","SE33","SE331"
46924690,"SE","SE3","SE33","SE331"
46924698,"SE","SE3","SE33","SE331"
46924774,"SE","SE3","SE33","SE332"
46924788,"SE","SE3","SE33","SE332"
46941586,"IT","ITG","ITG1","ITG15"
46942126,"IT","ITF","ITF1","ITF14"
46942540,"SI","SI0","SI04","SI041"
46942572,"SI","SI0","SI04","SI041"
46942670,"AT","AT2","AT22","AT225"
46942692,"AT","AT2","AT22","AT226"
46942710,"AT","AT2","AT22","AT223"
46942756,"AT","AT1","AT12","AT121"
46942846,"AT","AT1","AT12","AT124"
46942878,"AT","AT1","AT12","AT124"
46942950,"CZ","CZ0","CZ06","CZ063"
46943044,"CZ","CZ0","CZ05","CZ052"
46943130,"PL","PL5","PL51","PL515"
46943278,"PL","PL4","PL43","PL431"
46943314,"PL","PL4","PL43","PL431"
46943724,"SE","SE2","SE21","SE213"
46943850,"SE","SE2","SE21","SE213"
46944012,"SE","SE1","SE12","SE122"
46944016,"SE","SE1","SE12","SE122"
46944048,"SE","SE1","SE12","SE122"
46944268,"SE","SE3","SE31","SE313"
46944516,"SE","SE3","SE32","SE321"
46944538,"SE","SE3","SE32","SE321"
46962070,"IT","ITF","ITF2","ITF22"
46962618,"SI","SI0","SI03","SI033"
46962676,"AT","AT2","AT22","AT225"
46962960,"CZ","CZ0","CZ02","CZ020"
46963176,"PL","PL4","PL43","PL432"
46963252,"PL","PL4","PL43","PL432"
46963306,"PL","PL4","PL43","PL431"
46963338,"PL","PL4","PL42","PL427"
46963410,"PL","PL4","PL42","PL427"
46963720,"SE","SE2","SE21","SE213"
46963738,"SE","SE2","SE21","SE213"
46963788,"SE","SE2","SE21","SE213"
46963846,"SE","SE2","SE21","SE213"
46963986,"SE","SE1","SE12","SE122"
46964278,"SE","SE3","SE31","SE313"
46964364,"SE","SE3","SE32","SE321"
46964602,"SE","SE3","SE33","SE331"
46982044,"IT","ITF","ITF3","ITF31"
46982080,"IT","ITF","ITF2","ITF21"
46982506,"SI","SI0","SI03","SI037"
46982534,"SI","SI0","SI04","SI041"
46982642,"AT","AT2","AT21","AT213"
46982660,"AT","AT2","AT21","AT213"
46982766,"AT","AT1","AT12","AT121"
46982902,"CZ","CZ0","CZ03","CZ031"
46982984,"CZ","CZ0","CZ02","CZ020"
46983034,"CZ","CZ0","CZ05","CZ052"
46983196,"PL","PL4","PL43","PL432"
46983448,"PL","PL4","PL42","PL426"
46983928,"SE","SE1","SE12","SE123"
46984018,"SE","SE1","SE12","SE122"
46984096,"SE","SE1","SE12","SE125"
46984168,"SE","SE3","SE31","SE313"
46984252,"SE","SE3","SE31","SE313"
46984432,"SE","SE3","SE32","SE321"
46984636,"SE","SE3","SE33","SE331"
46984648,"SE","SE3","SE33","SE331"
47002082,"IT","ITF","ITF2","ITF22"
47002510,"SI","SI0","SI03","SI037"
47002806,"AT","AT1","AT12","AT121"
47002816,"AT","AT1","AT12","AT121"
47003108,"PL","PL5","PL51","PL515"
47003366,"PL","PL4","PL42","PL427"
47003450,"PL","PL4","PL42","PL426"
47003756,"SE","SE2","SE21","SE213"
47003816,"SE","SE2","SE21","SE213"
47003968,"SE","SE1","SE12","SE123"
47004058,"SE","SE1","SE12","SE122"
47004152,"SE","SE3","SE31","SE313"
47004620,"SE","SE3","SE33","SE331"
47004782,"SE","SE3","SE33","SE332"
47022062,"IT","ITF","ITF2","ITF22"
47022596,"SI","SI0","SI03","SI034"
47022632,"AT","AT2","AT21","AT213"
47022650,"AT","AT2","AT21","AT213"
47022848,"AT","AT1","AT12","AT124"
47022884,"AT","AT1","AT12","AT124"
47022992,"CZ","CZ0","CZ02","CZ020"
47023028,"CZ","CZ0","CZ02","CZ020"
47023118,"PL","PL5","PL51","PL515"
47023856,"SE","SE2","SE21","SE213"
47023928,"SE","SE1","SE12","SE123"
47024054,"SE","SE1","SE12","SE122"
47024090,"SE","SE1","SE12","SE125"
47024648,"SE","SE3","SE33","SE331"
47024684,"SE","SE3","SE33","SE331"
47024834,"SE","SE3","SE33","SE332"
47041596,"IT","ITG","ITG1","ITG16"
47042114,"IT","ITF","ITF1","ITF14"
47042630,"AT","AT2","AT21","AT213"
47042658,"AT","AT2","AT21","AT213"
47042684,"AT","AT2","AT22","AT225"
47042738,"AT","AT2","AT22","AT223"
47042780,"AT","AT1","AT12","AT121"
47042788,"AT","AT1","AT12","AT121"
47042874,"AT","AT1","AT12","AT124"
47042914,"CZ","CZ0","CZ03","CZ031"
47042978,"CZ","CZ0","CZ02","CZ020"
47043068,"CZ","CZ0","CZ05","CZ051"
47043220,"PL","PL4","PL43","PL432"
47043410,"PL","PL4","PL42","PL427"
47043788,"SE","SE2","SE21","SE213"
47043954,"SE","SE1","SE12","SE123"
47043994,"SE","SE1","SE12","SE122"
47044004,"SE","SE1","SE12","SE122"
47044012,"SE","SE1","SE12","SE122"
47044076,"SE","SE1","SE12","SE125"
47044116,"SE","SE1","SE12","SE121"
47044134,"SE","SE1","SE12","SE121"
47044170,"SE","SE3","SE31","SE313"
47044206,"SE","SE3","SE31","SE313"
47044246,"SE","SE3","SE31","SE313"
47044260,"SE","SE3","SE31","SE313"
47044350,"SE","SE3","SE31","SE313"
47044440,"SE","SE3","SE32","SE321"
47044458,"SE","SE3","SE32","SE321"
47044548,"SE","SE3","SE32","SE321"
47044570,"SE","SE3","SE33","SE331"
47044606,"SE","SE3","SE33","SE331"
47044660,"SE","SE3","SE33","SE331"
47061660,"IT","ITG","ITG1","ITG13"
47062016,"IT","ITF","ITF3","ITF32"
47062098,"IT","ITF","ITF2","ITF22"
47062718,"AT","AT2","AT22","AT223"
47062926,"CZ","CZ0","CZ06","CZ063"
47063052,"CZ","CZ0","CZ05","CZ052"
47063952,"SE","SE1","SE12","SE123"
47064096,"SE","SE1","SE12","SE121"
47064564,"SE","SE3","SE33","SE331"
47082084,"IT","ITF","ITF2","ITF22"
47082516,"SI","SI0","SI03","SI037"
47082562,"SI","SI0","SI03","SI035"
47082598,"SI","SI0","SI03","SI034"
47082630,"AT","AT2","AT21","AT213"
47082664,"AT","AT2","AT22","AT225"
47082720,"AT","AT2","AT22","AT223"
47082754,"AT","AT1","AT12","AT121"
47082776,"AT","AT1","AT12","AT121"
47082858,"AT","AT1","AT12","AT124"
47083012,"CZ","CZ0","CZ02","CZ020"
47083048,"CZ","CZ0","CZ05","CZ052"
47083782,"SE","SE2","SE21","SE213"
47083830,"SE","SE2","SE21","SE213"
47083884,"SE","SE2","SE21","SE213"
47083902,"SE","SE2","SE21","SE213"
47084016,"SE","SE1","SE12","SE122"
47084034,"SE","SE1","SE12","SE122"
47084082,"SE","SE1","SE12","SE121"
47084092,"SE","SE1","SE12","SE121"
47084182,"SE","SE3","SE31","SE313"
47084196,"SE","SE3","SE31","SE313"
47084370,"SE","SE3","SE32","SE321"
47084376,"SE","SE3","SE32","SE321"
47084448,"SE","SE3","SE32","SE321"
47084488,"SE","SE3","SE32","SE321"
47084496,"SE","SE3","SE32","SE321"
47084506,"SE","SE3","SE32","SE321"
47084586,"SE","SE3","SE33","SE331"
47084794,"SE","SE3","SE33","SE332"
47084862,"SE","SE3","SE33","SE332"
47102080,"IT","ITF","ITF2","ITF22"
47102412,"HR","HR0","HR03","HR032"
47102574,"SI","SI0","SI03","SI035"
47102628,"SI","SI0","SI03","SI033"
47102944,"CZ","CZ0","CZ06","CZ063"
47103034,"CZ","CZ0","CZ05","CZ052"
47103052,"CZ","CZ0","CZ05","CZ052"
47103106,"PL","PL5","PL51","PL515"
47103196,"PL","PL4","PL43","PL432"
47103226,"PL","PL4","PL43","PL432"
47103766,"SE","SE2","SE21","SE213"
47103838,"SE","SE2","SE21","SE213"
47103862,"SE","SE2","SE21","SE213"
47103898,"SE","SE2","SE21","SE213"
47103916,"SE","SE1","SE12","SE123"
47103988,"SE","SE1","SE12","SE122"
47104042,"SE","SE1","SE12","SE122"
47104078,"SE","SE1","SE12","SE121"
47104230,"SE","SE3","SE31","SE313"
47104348,"SE","SE3","SE31","SE313"
47104518,"SE","SE3","SE32","SE321"
47104672,"SE","SE3","SE33","SE331"
47122072,"IT","ITF","ITF2","ITF22"
47122090,"IT","ITF","ITF2","ITF22"
47122662,"AT","AT2","AT22","AT225"
47122698,"AT","AT2","AT22","AT221"
47122706,"AT","AT2","AT22","AT223"
47122726,"AT","AT2","AT22","AT223"
47122882,"AT","AT1","AT12","AT124"
47122986,"CZ","CZ0","CZ02","CZ020"
47123008,"CZ","CZ0","CZ05","CZ053"
47123044,"CZ","CZ0","CZ05","CZ052"
47123314,"PL","PL4","PL43","PL431"
47123404,"PL","PL4","PL42","PL427"
47123440,"PL","PL4","PL42","PL426"
47123836,"SE","SE2","SE21","SE213"
47123976,"SE","SE1","SE12","SE122"
47124138,"SE","SE1","SE12","SE121"
47124462,"SE","SE3","SE32","SE321"
47124588,"SE","SE3","SE33","SE331"
47142532,"SI","SI0","SI03","SI037"
47142568,"SI","SI0","SI03","SI035"
47142600,"SI","SI0","SI03","SI034"
47142960,"CZ","CZ0","CZ06","CZ063"
47143018,"CZ","CZ0","CZ05","CZ052"
47143068,"CZ","CZ0","CZ05","CZ051"
47143212,"PL","PL4","PL43","PL432"
47143266,"PL","PL4","PL43","PL431"
47143284,"PL","PL4","PL43","PL431"
47143320,"PL","PL4","PL43","PL431"
47143392,"PL","PL4","PL42","PL427"
47143468,"PL","PL4","PL42","PL426"
47143860,"SE","SE2","SE21","SE213"
47143954,"SE","SE1","SE12","SE123"
47144130,"SE","SE1","SE12","SE121"
47144152,"SE","SE3","SE31","SE313"
47144796,"SE","SE3","SE33","SE332"
47144998,"SE","SE3","SE33","SE332"
47161630,"IT","ITG","ITG1","ITG16"
47162614,"SI","SI0","SI03","SI033"
47162666,"AT","AT2","AT22","AT225"
47162890,"CZ","CZ0","CZ03","CZ031"
47163064,"CZ","CZ0","CZ05","CZ051"
47163154,"PL","PL5","PL51","PL515"
47163286,"PL","PL4","PL43","PL431"
47163412,"PL","PL4","PL42","PL427"
47163892,"SE","SE2","SE21","SE213"
47164000,"SE","SE1","SE12","SE122"
47164216,"SE","SE3","SE31","SE313"
47164486,"SE","SE3","SE32","SE321"
47164522,"SE","SE3","SE32","SE321"
47164540,"SE","SE3","SE32","SE321"
47164636,"SE","SE3","SE33","SE331"
47181584,"IT","ITG","ITG1","ITG17"
47182586,"SI","SI0","SI03","SI034"
47182610,"SI","SI0","SI03","SI033"
47182690,"AT","AT2","AT22","AT221"
47182762,"AT","AT1","AT12","AT122"
47182862,"AT","AT1","AT12","AT124"
47182934,"CZ","CZ0","CZ06","CZ063"
47182946,"CZ","CZ0","CZ06","CZ063"
47183104,"PL","PL5","PL51","PL515"
47183240,"PL","PL4","PL43","PL432"
47183918,"SE","SE1","SE12","SE123"
47183978,"SE","SE1","SE12","SE122"
47184004,"SE","SE1","SE12","SE122"
47184026,"SE","SE1","SE12","SE122"
47184076,"SE","SE1","SE12","SE121"
47184094,"SE","SE1","SE12","SE121"
47184170,"SE","SE3","SE31","SE313"
47184302,"SE","SE3","SE31","SE313"
47184436,"SE","SE3","SE32","SE321"
47184508,"SE","SE3","SE32","SE321"
47184572,"SE","SE3","SE33","SE331"
47184602,"SE","SE3","SE33","SE331"
47184638,"SE","SE3","SE33","SE331"
47184860,"SE","SE3","SE33","SE332"
47184868,"SE","SE3","SE33","SE332"
47185040,"SE","SE3","SE33","SE332"
47201440,"MT","MT0","MT00","MT001"
47201648,"IT","ITG","ITG1","ITG16"
47202620,"SI","SI0","SI03","SI033"
47202670,"AT","AT2","AT22","AT225"
47202740,"AT","AT2","AT22","AT223"
47202790,"AT","AT1","AT12","AT121"
47202848,"AT","AT1","AT12","AT124"
47202974,"CZ","CZ0","CZ06","CZ063"
47204054,"SE","SE1","SE12","SE122"
47204720,"SE","SE3","SE33","SE331"
47204802,"SE","SE3","SE33","SE332"
47204874,"SE","SE3","SE33","SE332"
47221592,"IT","ITG","ITG1","ITG17"
47221618,"IT","ITG","ITG1","ITG16"
47222024,"IT","ITF","ITF3","ITF32"
47222100,"IT","ITF","ITF2","ITF22"
47222114,"IT","ITF","ITF2","ITF22"
47222510,"SI","SI0","SI03","SI037"
47222518,"SI","SI0","SI03","SI037"
47222546,"SI","SI0","SI03","SI037"
47222554,"SI","SI0","SI03","SI036"
47222564,"SI","SI0","SI03","SI036"
47222676,"AT","AT2","AT22","AT221"
47222878,"AT","AT1","AT12","AT124"
47222906,"CZ","CZ0","CZ06","CZ063"
47222932,"CZ","CZ0","CZ06","CZ063"
47223018,"CZ","CZ0","CZ05","CZ053"
47223072,"CZ","CZ0","CZ05","CZ052"
47223706,"SE","SE2","SE21","SE213"
47224120,"SE","SE1","SE12","SE121"
47224138,"SE","SE1","SE12","SE121"
47224454,"SE","SE3","SE32","SE321"
47224548,"SE","SE3","SE32","SE321"
47224652,"SE","SE3","SE33","SE331"
47224678,"SE","SE3","SE33","SE331"
47224696,"SE","SE3","SE33","SE331"
47242494,"HR","HR0","HR03","HR031"
47242638,"AT","AT2","AT22","AT225"
47242764,"AT","AT1","AT12","AT122"
47242774,"AT","AT1","AT12","AT123"
47242926,"CZ","CZ0","CZ06","CZ063"
47243016,"CZ","CZ0","CZ05","CZ053"
47243106,"PL","PL5","PL51","PL515"
47244024,"SE","SE1","SE12","SE122"
47244042,"SE","SE1","SE12","SE122"
47244096,"SE","SE1","SE12","SE121"
47244672,"SE","SE3","SE33","SE331"
47261442,"MT","MT0","MT00","MT001"
47261544,"IT","ITG","ITG1","ITG18"
47261568,"IT","ITG","ITG1","ITG18"
47262076,"IT","ITF","ITF2","ITF22"
47262412,"HR","HR0","HR03","HR032"
47262562,"SI","SI0","SI03","SI036"
47262606,"SI","SI0","SI03","SI034"
47262634,"AT","AT2","AT22","AT225"
47262900,"CZ","CZ0","CZ03","CZ031"
47262918,"CZ","CZ0","CZ06","CZ063"
47263030,"CZ","CZ0","CZ05","CZ052"
47263380,"PL","PL4","PL42","PL427"
47263408,"PL","PL4","PL42","PL427"
47263434,"PL","PL4","PL42","PL426"
47264160,"SE","SE1","SE12","SE121"
47264416,"SE","SE3","SE32","SE321"
47264650,"SE","SE3","SE33","SE331"
47264686,"SE","SE3","SE33","SE331"
47264704,"SE","SE3","SE33","SE331"
47264722,"SE","SE3","SE33","SE331"
47282008,"IT","ITF","ITF3","ITF32"
47282026,"IT","ITF","ITF3","ITF32"
47282098,"IT","ITF","ITF2","ITF22"
47282424,"HR","HR0","HR03","HR032"
47282530,"SI","SI0","SI03","SI037"
47282676,"AT","AT2","AT22","AT221"
47282938,"CZ","CZ0","CZ06","CZ063"
47282974,"CZ","CZ0","CZ06","CZ063"
47283082,"CZ","CZ0","CZ05","CZ052"
47283124,"PL","PL","PL5","PL51"
47284000,"SE","SE1","SE12","SE122"
47284036,"SE","SE1","SE12","SE122"
47284090,"SE","SE1","SE12","SE121"
47284486,"SE","SE3","SE32","SE321"
47284540,"SE","SE3","SE32","SE321"
47284582,"SE","SE3","SE33","SE331"
47284720,"SE","SE3","SE33","SE331"
47284752,"SE","SE3","SE33","SE332"
47284770,"SE","SE3","SE33","SE332"
47301568,"IT","ITG","ITG1","ITG17"
47301996,"IT","ITF","ITF3","ITF34"
47302522,"SI","SI0","SI03","SI037"
47302554,"SI","SI0","SI03","SI036"
47302608,"SI","SI0","SI03","SI033"
47302630,"SI","SI0","SI03","SI033"
47302694,"AT","AT2","AT22","AT221"
47302738,"AT","AT2","AT22","AT223"
47302860,"AT","AT1","AT12","AT124"
47302882,"CZ","CZ0","CZ06","CZ064"
47302932,"CZ","CZ0","CZ06","CZ063"
47303044,"CZ","CZ0","CZ05","CZ052"
47303170,"PL","PL5","PL51","PL516"
47303242,"PL","PL4","PL41","PL417"
47303742,"SE","SE2","SE21","SE213"
47304048,"SE","SE1","SE12","SE122"
47304102,"SE","SE1","SE12","SE121"
47304120,"SE","SE1","SE12","SE121"
47304588,"SE","SE3","SE33","SE331"
47304610,"SE","SE3","SE33","SE331"
47304642,"SE","SE3","SE33","SE331"
47304682,"SE","SE3","SE33","SE331"
47304768,"SE","SE3","SE33","SE332"
47304858,"SE","SE3","SE33","SE332"
47321578,"IT","ITG","ITG1","ITG17"
47322438,"HR","HR0","HR03","HR032"
47322694,"AT","AT2","AT22","AT221"
47322744,"AT","AT2","AT22","AT223"
47322802,"AT","AT1","AT12","AT123"
47322960,"CZ","CZ0","CZ06","CZ063"
47323050,"CZ","CZ0","CZ05","CZ052"
47323072,"CZ","CZ0","CZ05","CZ052"
47323752,"SE","SE2","SE21","SE213"
47323770,"SE","SE2","SE21","SE213"
47323986,"SE","SE1","SE12","SE122"
47324008,"SE","SE1","SE12","SE122"
47324134,"SE","SE1","SE12","SE121"
47324512,"SE","SE3","SE32","SE321"
47324634,"SE","SE3","SE33","SE331"
47324868,"SE","SE3","SE33","SE332"
47325030,"SE","SE3","SE33","SE332"
47342092,"IT","ITF","ITF2","ITF22"
47342596,"SI","SI0","SI03","SI034"
47342620,"SI","SI0","SI03","SI032"
47342710,"AT","AT2","AT22","AT223"
47342998,"CZ","CZ0","CZ05","CZ053"
47343028,"CZ","CZ0","CZ05","CZ052"
47343766,"SE","SE2","SE21","SE213"
47344000,"SE","SE1","SE12","SE122"
47344078,"SE","SE1","SE12","SE121"
47344504,"SE","SE3","SE32","SE321"
47344522,"SE","SE3","SE32","SE321"
47344996,"SE","SE3","SE33","SE332"
47361542,"IT","ITG","ITG1","ITG18"
47361656,"IT","ITG","ITG1","ITG13"
47362060,"IT","ITF","ITF2","ITF22"
47362402,"HR","HR0","HR03","HR032"
47362636,"AT","AT2","AT22","AT225"
47362808,"AT","AT1","AT12","AT123"
47362862,"AT","AT1","AT12","AT124"
47362892,"CZ","CZ0","CZ06","CZ063"
47362978,"CZ","CZ0","CZ06","CZ063"
47362996,"CZ","CZ0","CZ05","CZ053"
47363036,"CZ","CZ0","CZ05","CZ052"
47363330,"PL","PL4","PL41","PL411"
47363420,"PL","PL4","PL42","PL427"
47364068,"SE","SE1","SE12","SE121"
47364080,"SE","SE1","SE12","SE121"
47364140,"SE","SE1","SE12","SE121"
47364544,"SE","SE3","SE32","SE321"
47364554,"SE","SE3","SE32","SE321"
47364602,"SE","SE3","SE33","SE331"
47364644,"SE","SE3","SE33","SE331"
47364724,"SE","SE3","SE33","SE332"
47364764,"SE","SE3","SE33","SE332"
47382080,"IT","ITF","ITF2","ITF22"
47382614,"SI","SI0","SI03","SI032"
47382700,"AT","AT2","AT22","AT224"
47382884,"CZ","CZ0","CZ06","CZ064"
47383118,"PL","PL5","PL51","PL515"
47383388,"PL","PL4","PL42","PL427"
47384540,"SE","SE3","SE32","SE321"
47384720,"SE","SE3","SE33","SE331"
47401614,"IT","ITG","ITG1","ITG17"
47402096,"IT","ITF","ITF2","ITF22"
47402564,"SI","SI0","SI03","SI036"
47402582,"SI","SI0","SI03","SI034"
47402590,"SI","SI0","SI03","SI034"
47402604,"SI","SI0","SI03","SI032"
47402702,"AT","AT2","AT22","AT224"
47402716,"AT","AT2","AT22","AT223"
47402780,"AT","AT1","AT12","AT122"
47402932,"CZ","CZ0","CZ06","CZ063"
47402986,"CZ","CZ0","CZ05","CZ053"
47403158,"PL","PL5","PL51","PL516"
47403220,"PL","PL4","PL43","PL432"
47403238,"PL","PL4","PL41","PL417"
47403248,"PL","PL4","PL41","PL417"
47403374,"PL","PL4","PL42","PL427"
47403414,"PL","PL4","PL42","PL427"
47404022,"SE","SE1","SE12","SE122"
47404098,"SE","SE1","SE12","SE121"
47404116,"SE","SE1","SE12","SE121"
47404130,"SE","SE1","SE12","SE121"
47404134,"SE","SE1","SE12","SE121"
47404156,"SE","SE1","SE12","SE121"
47404436,"SE","SE3","SE32","SE321"
47404678,"SE","SE3","SE33","SE331"
47404800,"SE","SE3","SE33","SE332"
47404804,"SE","SE3","SE33","SE332"
47404854,"SE","SE3","SE33","SE332"
47422412,"HR","HR0","HR03","HR032"
47422704,"AT","AT2","AT22","AT224"
47422872,"AT","AT1","AT12","AT124"
47423142,"PL","PL5","PL51","PL516"
47424600,"SE","SE3","SE33","SE331"
47441950,"IT","ITF","ITF3","ITF35"
47442054,"IT","ITF","ITF4","ITF46"
47442436,"HR","HR0","HR03","HR032"
47442502,"HR","HR0","HR04","HR04D"
47442612,"SI","SI0","SI03","SI032"
47442660,"AT","AT2","AT22","AT225"
47442702,"AT","AT2","AT22","AT224"
47443048,"CZ","CZ0","CZ05","CZ052"
47443056,"CZ","CZ0","CZ05","CZ052"
47443174,"PL","PL5","PL51","PL516"
47443188,"PL","PL5","PL51","PL516"
47443236,"PL","PL4","PL41","PL417"
47443326,"PL","PL4","PL41","PL411"
47443422,"PL","PL4","PL42","PL427"
47443426,"PL","PL4","PL42","PL427"
47443984,"SE","SE1","SE12","SE122"
47444092,"SE","SE1","SE12","SE121"
47444124,"SE","SE1","SE12","SE121"
47444556,"SE","SE3","SE33","SE331"
47444668,"SE","SE3","SE33","SE331"
47444748,"SE","SE3","SE33","SE332"
47461596,"IT","ITG","ITG1","ITG17"
47461998,"IT","ITF","ITF3","ITF34"
47462514,"HR","HR0","HR04","HR04D"
47462548,"SI","SI0","SI03","SI036"
47462578,"SI","SI0","SI03","SI034"
47462636,"AT","AT2","AT22","AT225"
47462692,"AT","AT2","AT22","AT224"
47462712,"AT","AT2","AT22","AT224"
47462736,"AT","AT2","AT22","AT223"
47462746,"AT","AT2","AT22","AT223"
47462794,"AT","AT1","AT12","AT123"
47462830,"AT","AT1","AT12","AT124"
47462916,"CZ","CZ0","CZ06","CZ063"
47462934,"CZ","CZ0","CZ06","CZ063"
47462992,"CZ","CZ0","CZ05","CZ053"
47463010,"CZ","CZ0","CZ05","CZ053"
47463082,"PL","PL5","PL51","PL515"
47463124,"PL","PL5","PL51","PL515"
47463226,"PL","PL4","PL41","PL417"
47463250,"PL","PL4","PL41","PL417"
47463358,"PL","PL4","PL42","PL427"
47464006,"SE","SE1","SE12","SE122"
47464032,"SE","SE1","SE11","SE110"
47464096,"SE","SE1","SE12","SE121"
47464150,"SE","SE1","SE12","SE121"
47464162,"SE","SE1","SE12","SE121"
47464464,"SE","SE3","SE32","SE321"
47464528,"SE","SE3","SE32","SE321"
47464698,"SE","SE3","SE33","SE331"
47482572,"SI","SI0","SI03","SI034"
47482608,"SI","SI0","SI03","SI032"
47482612,"SI","SI0","SI03","SI032"
47482734,"AT","AT2","AT22","AT223"
47482742,"AT","AT2","AT22","AT223"
47482810,"AT","AT1","AT12","AT123"
47482864,"AT","AT1","AT12","AT125"
47482986,"CZ","CZ0","CZ05","CZ053"
47483040,"CZ","CZ0","CZ05","CZ052"
47484016,"SE","SE1","SE11","SE110"
47484084,"SE","SE1","SE12","SE121"
47484120,"SE","SE1","SE12","SE121"
47484138,"SE","SE1","SE12","SE121"
47484178,"SE","SE1","SE12","SE121"
47502046,"IT","ITF","ITF4","ITF46"
47502060,"IT","ITF","ITF4","ITF46"
47502100,"IT","ITF","ITF4","ITF46"
47502586,"SI","SI0","SI03","SI034"
47502700,"AT","AT2","AT22","AT224"
47502772,"AT","AT1","AT12","AT122"
47502910,"CZ","CZ0","CZ06","CZ063"
47504008,"SE","SE1","SE12","SE122"
47504040,"SE","SE1","SE11","SE110"
47504058,"SE","SE1","SE11","SE110"
47504166,"SE","SE1","SE12","SE121"
47504508,"SE","SE3","SE32","SE321"
47504526,"SE","SE3","SE32","SE321"
47504760,"SE","SE3","SE33","SE332"
47522416,"HR","HR0","HR03","HR032"
47522710,"AT","AT2","AT22","AT224"
47522738,"AT","AT2","AT22","AT223"
47522746,"AT","AT1","AT12","AT122"
47522800,"AT","AT1","AT12","AT123"
47522858,"AT","AT1","AT12","AT124"
47522872,"AT","AT1","AT12","AT125"
47522908,"CZ","CZ0","CZ06","CZ063"
47523010,"CZ","CZ0","CZ05","CZ053"
47523154,"PL","PL5","PL51","PL516"
47523214,"PL","PL4","PL43","PL432"
47523334,"PL","PL4","PL41","PL411"
47524150,"SE","SE1","SE12","SE121"
47524702,"SE","SE3","SE33","SE331"
47524906,"SE","SE3","SE33","SE332"
47541538,"IT","ITG","ITG1","ITG18"
47542736,"AT","AT2","AT22","AT223"
47542880,"CZ","CZ0","CZ06","CZ064"
47542934,"CZ","CZ0","CZ06","CZ063"
47542970,"CZ","CZ0","CZ06","CZ063"
47542978,"CZ","CZ0","CZ05","CZ053"
47542996,"CZ","CZ0","CZ05","CZ053"
47543032,"CZ","CZ0","CZ05","CZ052"
47543176,"PL","PL5","PL51","PL516"
47543198,"PL","PL4","PL43","PL432"
47543212,"PL","PL4","PL43","PL432"
47544094,"SE","SE1","SE12","SE121"
47544130,"SE","SE1","SE12","SE121"
47544566,"SE","SE3","SE33","SE331"
47544580,"SE","SE3","SE33","SE331"
47544634,"SE","SE3","SE33","SE331"
47544854,"SE","SE3","SE33","SE332"
47545012,"SE","SE3","SE33","SE332"
47562650,"AT","AT2","AT22","AT224"
47562664,"AT","AT2","AT22","AT224"
47562706,"AT","AT2","AT22","AT224"
47562710,"AT","AT2","AT22","AT224"
47562732,"AT","AT2","AT22","AT224"
47563046,"CZ","CZ0","CZ05","CZ052"
47563082,"PL","PL5","PL51","PL517"
47563298,"PL","PL4","PL41","PL418"
47564108,"SE","SE1","SE12","SE121"
47564180,"SE","SE1","SE12","SE121"
47564558,"SE","SE3","SE33","SE331"
47564666,"SE","SE3","SE33","SE331"
47564684,"SE","SE3","SE33","SE331"
47564910,"SE","SE3","SE33","SE332"
47565014,"SE","SE3","SE33","SE332"
47582082,"IT","ITF","ITF4","ITF46"
47582496,"HR","HR0","HR04","HR04D"
47582608,"SI","SI0","SI03","SI032"
47582644,"AT","AT2","AT22","AT225"
47582730,"AT","AT2","AT22","AT224"
47582744,"AT","AT1","AT12","AT122"
47582910,"CZ","CZ0","CZ06","CZ063"
47582914,"CZ","CZ0","CZ06","CZ063"
47582982,"CZ","CZ0","CZ05","CZ053"
47583072,"CZ","CZ0","CZ05","CZ052"
47583122,"PL","PL5","PL51","PL515"
47583292,"PL","PL4","PL41","PL418"
47584120,"SE","SE1","SE12","SE121"
47584184,"SE","SE1","SE12","SE121"
47584494,"SE","SE3","SE32","SE321"
47584660,"SE","SE3","SE33","SE331"
47584742,"SE","SE3","SE33","SE332"
47584750,"SE","SE3","SE33","SE332"
47584804,"SE","SE3","SE33","SE332"
47602098,"IT","ITF","ITF4","ITF46"
47602574,"HR","HR0","HR04","HR043"
47602602,"SI","SI0","SI03","SI032"
47603286,"PL","PL4","PL41","PL418"
47604834,"SE","SE3","SE33","SE332"
47621670,"IT","ITG","ITG1","ITG13"
47622390,"HR","HR0","HR03","HR032"
47622700,"AT","AT2","AT22","AT224"
47622718,"AT","AT2","AT22","AT224"
47622754,"AT","AT1","AT12","AT122"
47622990,"CZ","CZ0","CZ05","CZ053"
47623012,"CZ","CZ0","CZ05","CZ053"
47623026,"CZ","CZ0","CZ05","CZ052"
47623038,"CZ","CZ0","CZ05","CZ052"
47623044,"CZ","CZ0","CZ05","CZ052"
47623092,"PL","PL5","PL51","PL517"
47623164,"PL","PL5","PL51","PL516"
47623218,"PL","PL4","PL41","PL417"
47623224,"PL","PL4","PL41","PL417"
47625018,"SE","SE3","SE33","SE332"
47642424,"HR","HR0","HR03","HR032"
47642668,"AT","AT2","AT22","AT224"
47642682,"AT","AT2","AT22","AT224"
47642704,"AT","AT2","AT22","AT224"
47642728,"AT","AT2","AT22","AT224"
47642862,"AT","AT1","AT12","AT125"
47642902,"CZ","CZ0","CZ06","CZ063"
47642916,"CZ","CZ0","CZ06","CZ063"
47643154,"PL","PL5","PL51","PL516"
47643172,"PL","PL5","PL51","PL516"
47643268,"PL","PL4","PL41","PL418"
47644024,"SE","SE1","SE11","SE110"
47644036,"SE","SE1","SE11","SE110"
47644068,"SE","SE1","SE11","SE110"
47644078,"SE","SE1","SE11","SE110"
47644594,"SE","SE3","SE33","SE331"
47644644,"SE","SE3","SE33","SE331"
47644662,"SE","SE3","SE33","SE331"
47644756,"SE","SE3","SE33","SE332"
47662094,"IT","ITF","ITF4","ITF46"
47662432,"HR","HR0","HR03","HR032"
47662698,"AT","AT2","AT22","AT224"
47662810,"AT","AT1","AT12","AT126"
47662860,"AT","AT1","AT12","AT125"
47662896,"CZ","CZ0","CZ06","CZ064"
47662900,"CZ","CZ0","CZ06","CZ063"
47662932,"CZ","CZ0","CZ06","CZ063"
47662936,"CZ","CZ0","CZ06","CZ063"
47663044,"CZ","CZ0","CZ05","CZ052"
47663058,"PL","PL5","PL51","PL517"
47663076,"CZ","CZ0","CZ05","CZ052"
47663274,"PL","PL4","PL41","PL418"
47663278,"PL","PL4","PL41","PL418"
47664156,"SE","SE1","SE12","SE121"
47664160,"SE","SE1","SE12","SE121"
47664498,"SE","SE3","SE32","SE321"
47664538,"SE","SE3","SE32","SE321"
47664682,"SE","SE3","SE33","SE331"
47665002,"SE","SE3","SE33","SE332"
47681988,"IT","ITF","ITF3","ITF34"
47682402,"HR","HR0","HR03","HR032"
47682460,"HR","HR0","HR04","HR04D"
47682646,"AT","AT2","AT22","AT224"
47682690,"AT","AT2","AT22","AT224"
47682754,"AT","AT1","AT12","AT122"
47682888,"CZ","CZ0","CZ06","CZ064"
47682978,"CZ","CZ0","CZ05","CZ053"
47682996,"CZ","CZ0","CZ05","CZ053"
47683090,"PL","PL5","PL51","PL517"
47683338,"PL","PL4","PL41","PL411"
47684022,"SE","SE1","SE11","SE110"
47684512,"SE","SE3","SE32","SE321"
47684562,"SE","SE3","SE33","SE331"
47684602,"SE","SE3","SE33","SE331"
47684814,"SE","SE3","SE33","SE332"
47701540,"IT","ITG","ITG1","ITG19"
47701994,"IT","ITF","ITF3","ITF34"
47702092,"IT","ITF","ITF4","ITF46"
47702416,"HR","HR0","HR03","HR032"
47702576,"HR","HR0","HR04","HR043"
47702714,"AT","AT2","AT22","AT224"
47702722,"AT","AT2","AT22","AT224"
47702818,"AT","AT1","AT12","AT126"
47702884,"CZ","CZ0","CZ06","CZ064"
47703100,"PL","PL5","PL51","PL517"
47703190,"PL","PL5","PL51","PL516"
47703394,"PL","PL4","PL41","PL411"
47704630,"SE","SE3","SE33","SE331"
47704690,"SE","SE3","SE33","SE331"
47721542,"IT","ITG","ITG1","ITG19"
47721988,"IT","ITF","ITF3","ITF34"
47722034,"IT","ITF","ITF4","ITF46"
47722096,"IT","ITF","ITF4","ITF46"
47722316,"HR","HR0","HR03","HR034"
47722388,"HR","HR0","HR03","HR032"
47722586,"HR","HR0","HR04","HR043"
47722604,"SI","SI0","SI03","SI032"
47722698,"AT","AT2","AT22","AT224"
47722780,"AT","AT1","AT12","AT122"
47722816,"AT","AT1","AT12","AT126"
47722924,"CZ","CZ0","CZ06","CZ063"
47722960,"CZ","CZ0","CZ06","CZ063"
47722978,"CZ","CZ0","CZ05","CZ053"
47722988,"CZ","CZ0","CZ05","CZ053"
47723000,"CZ","CZ0","CZ05","CZ053"
47723248,"PL","PL4","PL41","PL417"
47723276,"PL","PL4","PL41","PL418"
47723396,"PL","PL4","PL41","PL411"
47724104,"SE","SE1","SE12","SE121"
47724116,"SE","SE1","SE12","SE121"
47724140,"SE","SE1","SE12","SE121"
47724158,"SE","SE1","SE12","SE121"
47724814,"SE","SE3","SE33","SE332"
47741670,"IT","ITG","ITG1","ITG13"
47742418,"HR","HR0","HR03","HR032"
47742484,"HR","HR0","HR04","HR04D"
47742548,"HR","HR0","HR04","HR042"
47742614,"SI","SI0","SI03","SI032"
47742642,"AT","AT2","AT22","AT224"
47742660,"AT","AT2","AT22","AT224"
47742674,"AT","AT2","AT22","AT224"
47742710,"AT","AT2","AT22","AT224"
47742728,"AT","AT2","AT22","AT224"
47742758,"AT","AT1","AT12","AT122"
47742848,"AT","AT1","AT12","AT125"
47742938,"CZ","CZ0","CZ06","CZ064"
47743100,"PL","PL5","PL51","PL517"
47743280,"PL","PL4","PL41","PL418"
47743406,"PL","PL4","PL41","PL411"
47743438,"PL","PL6","PL63","PL637"
47744090,"SE","SE1","SE11","SE110"
47744096,"SE","SE1","SE11","SE110"
47744126,"SE","SE1","SE12","SE121"
47744144,"SE","SE1","SE12","SE121"
47744162,"SE","SE1","SE12","SE121"
47744522,"SE","SE3","SE32","SE321"
47744846,"SE","SE3","SE33","SE332"
47744918,"SE","SE3","SE33","SE332"
47762636,"SI","SI0","SI03","SI031"
47762666,"AT","AT2","AT22","AT224"
47762888,"CZ","CZ0","CZ06","CZ064"
47762968,"CZ","CZ0","CZ05","CZ053"
47763014,"CZ","CZ0","CZ05","CZ053"
47763032,"CZ","CZ0","CZ05","CZ052"
47763054,"PL","PL5","PL51","PL517"
47763058,"PL","PL5","PL51","PL517"
47763076,"PL","PL5","PL51","PL517"
47763166,"PL","PL5","PL51","PL518"
47763328,"PL","PL4","PL41","PL418"
47764062,"SE","SE1","SE11","SE110"
47764076,"SE","SE1","SE11","SE110"
47764156,"SE","SE1","SE12","SE121"
47764580,"SE","SE3","SE33","SE331"
47764598,"SE","SE3","SE33","SE331"
47764688,"SE","SE3","SE33","SE331"
47764742,"SE","SE3","SE33","SE332"
47764854,"SE","SE3","SE33","SE332"
47764876,"SE","SE3","SE33","SE332"
47765016,"SE","SE3","SE33","SE332"
47782620,"SI","SI0","SI03","SI032"
47782686,"AT","AT2","AT22","AT224"
47782854,"AT","AT1","AT12","AT125"
47783268,"PL","PL4","PL41","PL418"
47783448,"PL","PL6","PL63","PL636"
47784042,"SE","SE1","SE11","SE110"
47801976,"IT","ITF","ITF5","ITF51"
47802022,"IT","ITF","ITF4","ITF46"
47802318,"HR","HR0","HR03","HR034"
47802696,"AT","AT2","AT22","AT224"
47802732,"AT","AT1","AT12","AT122"
47802746,"AT","AT1","AT12","AT122"
47802840,"AT","AT1","AT12","AT126"
47802940,"CZ","CZ0","CZ06","CZ064"
47802948,"CZ","CZ0","CZ06","CZ064"
47803008,"CZ","CZ0","CZ05","CZ053"
47803020,"CZ","CZ0","CZ05","CZ053"
47803200,"PL","PL4","PL41","PL417"
47803272,"PL","PL4","PL41","PL418"
47803344,"PL","PL4","PL41","PL411"
47803416,"PL","PL6","PL63","PL637"
47804056,"SE","SE1","SE11","SE110"
47804160,"SE","SE1","SE12","SE121"
47804502,"SE","SE3","SE32","SE321"
47804506,"SE","SE3","SE32","SE321"
47804614,"SE","SE3","SE33","SE331"
47804682,"SE","SE3","SE33","SE331"
47804712,"SE","SE3","SE33","SE331"
47804758,"SE","SE3","SE33","SE332"
47821962,"IT","ITF","ITF3","ITF35"
47821984,"IT","ITF","ITF5","ITF51"
47822602,"SI","SI0","SI03","SI032"
47822614,"SI","SI0","SI03","SI032"
47822632,"SI","SI0","SI03","SI031"
47822764,"AT","AT1","AT12","AT122"
47822830,"AT","AT1","AT12","AT126"
47822862,"AT","AT1","AT12","AT125"
47822872,"CZ","CZ0","CZ06","CZ064"
47822926,"CZ","CZ0","CZ06","CZ064"
47822944,"CZ","CZ0","CZ06","CZ064"
47822974,"CZ","CZ0","CZ05","CZ053"
47823064,"PL","PL5","PL51","PL517"
47823106,"PL","PL5","PL51","PL517"
47823196,"PL","PL4","PL41","PL417"
47823406,"PL","PL6","PL63","PL637"
47824024,"SE","SE1","SE11","SE110"
47824536,"SE","SE3","SE33","SE331"
47824558,"SE","SE3","SE33","SE331"
47824752,"SE","SE3","SE33","SE332"
47824996,"SE","SE3","SE33","SE332"
47842050,"IT","ITF","ITF4","ITF46"
47842580,"HR","HR0","HR04","HR043"
47842612,"SI","SI0","SI03","SI032"
47842626,"SI","SI0","SI03","SI031"
47842680,"AT","AT2","AT22","AT224"
47842688,"AT","AT2","AT22","AT224"
47843026,"CZ","CZ0","CZ05","CZ053"
47844048,"SE","SE1","SE11","SE110"
47844700,"SE","SE3","SE33","SE331"
47862636,"SI","SI0","SI03","SI031"
47862690,"AT","AT1","AT11","AT113"
47862838,"AT","AT1","AT12","AT126"
47862964,"CZ","CZ0","CZ05","CZ053"
47862978,"CZ","CZ0","CZ05","CZ053"
47863086,"PL","PL5","PL51","PL517"
47863194,"PL","PL4","PL41","PL417"
47863234,"PL","PL4","PL41","PL417"
47864116,"SE","SE1","SE12","SE121"
47864598,"SE","SE3","SE33","SE331"
47864818,"SE","SE3","SE33","SE332"
47864868,"SE","SE3","SE33","SE332"
47881990,"IT","ITF","ITF5","ITF51"
47882038,"IT","ITF","ITF4","ITF46"
47882408,"HR","HR0","HR03","HR032"
47882704,"AT","AT1","AT11","AT113"
47882830,"AT","AT1","AT12","AT126"
47882836,"AT","AT1","AT12","AT126"
47883118,"PL","PL5","PL51","PL518"
47884100,"SE","SE1","SE11","SE110"
47884132,"SE","SE1","SE12","SE121"
47884162,"SE","SE1","SE12","SE121"
47884558,"SE","SE3","SE33","SE331"
47884654,"SE","SE3","SE33","SE331"
47884684,"SE","SE3","SE33","SE331"
47884810,"SE","SE3","SE33","SE332"
47884996,"SE","SE3","SE33","SE332"
47902034,"IT","ITF","ITF4","ITF46"
47902078,"IT","ITF","ITF4","ITF46"
47902478,"HR","HR0","HR04","HR04E"
47902880,"CZ","CZ0","CZ06","CZ064"
47903014,"CZ","CZ0","CZ05","CZ053"
47903018,"CZ","CZ0","CZ05","CZ053"
47903032,"PL","PL5","PL51","PL517"
47904130,"SE","SE1","SE12","SE121"
47904770,"SE","SE3","SE33","SE332"
47904850,"SE","SE3","SE33","SE332"
47904908,"SE","SE3","SE33","SE332"
47904922,"SE","SE3","SE33","SE332"
47922650,"SI","SI0","SI03","SI031"
47923082,"PL","PL5","PL51","PL517"
47923154,"PL","PL5","PL51","PL518"
47924096,"SE","SE1","SE11","SE110"
47924648,"SE","SE3","SE33","SE331"
47924666,"SE","SE3","SE33","SE331"
47924720,"SE","SE3","SE33","SE331"
47942086,"IT","ITF","ITF4","ITF46"
47942316,"HR","HR0","HR03","HR034"
47942590,"HR","HR0","HR04","HR044"
47942654,"SI","SI0","SI03","SI031"
47942726,"AT","AT1","AT12","AT122"
47942784,"AT","AT1","AT12","AT127"
47942860,"AT","AT1","AT12","AT125"
47942870,"AT","AT1","AT12","AT125"
47942906,"CZ","CZ0","CZ06","CZ064"
47942996,"CZ","CZ0","CZ05","CZ053"
47943040,"PL","PL5","PL51","PL517"
47943180,"PL","PL5","PL51","PL518"
47943212,"PL","PL4","PL41","PL417"
47944026,"SE","SE1","SE11","SE110"
47944530,"SE","SE3","SE33","SE331"
47944544,"SE","SE3","SE33","SE331"
47944760,"SE","SE3","SE33","SE332"
47944796,"SE","SE3","SE33","SE332"
47944962,"SE","SE3","SE33","SE332"
47962650,"SI","SI0","SI03","SI031"
47963394,"PL","PL4","PL41","PL411"
47982076,"IT","ITF","ITF4","ITF46"
47982612,"SI","SI0","SI03","SI032"
47982688,"AT","AT1","AT11","AT113"
47982796,"AT","AT1","AT12","AT127"
47982822,"AT","AT1","AT12","AT126"
47982846,"AT","AT1","AT12","AT125"
47982850,"AT","AT1","AT12","AT125"
47982966,"CZ","CZ0","CZ06","CZ064"
47982984,"CZ","CZ0","CZ05","CZ053"
47983048,"PL","PL5","PL51","PL517"
47983080,"PL","PL5","PL51","PL517"
47983110,"PL","PL5","PL51","PL518"
47983192,"PL","PL4","PL41","PL417"
47983228,"PL","PL4","PL41","PL417"
47983236,"PL","PL4","PL41","PL418"
47984088,"SE","SE1","SE11","SE110"
47984110,"SE","SE1","SE11","SE110"
47984874,"SE","SE3","SE33","SE332"
47984902,"SE","SE3","SE33","SE332"
47984970,"SE","SE3","SE33","SE332"
48002836,"AT","AT1","AT12","AT126"
48002872,"AT","AT1","AT12","AT125"
48002880,"CZ","CZ0","CZ06","CZ064"
48003118,"PL","PL5","PL51","PL518"
48003438,"PL","PL6","PL63","PL637"
48004104,"SE","SE1","SE11","SE110"
48004126,"SE","SE1","SE11","SE110"
48004522,"SE","SE3","SE33","SE331"
48004582,"SE","SE3","SE33","SE331"
48004600,"SE","SE3","SE33","SE331"
48004626,"SE","SE3","SE33","SE331"
48004654,"SE","SE3","SE33","SE331"
48004690,"SE","SE3","SE33","SE331"
48004770,"SE","SE3","SE33","SE332"
48004842,"SE","SE3","SE33","SE332"
48004960,"SE","SE3","SE33","SE332"
48004986,"SE","SE3","SE33","SE332"
48021928,"IT","ITF","ITF3","ITF35"
48022626,"SI","SI0","SI03","SI031"
48022972,"CZ","CZ0","CZ05","CZ053"
48023094,"PL","PL5","PL51","PL517"
48023148,"PL","PL5","PL51","PL518"
48023170,"PL","PL5","PL51","PL518"
48023224,"PL","PL4","PL41","PL417"
48023310,"PL","PL4","PL41","PL418"
48024138,"SE","SE1","SE11","SE110"
48024538,"SE","SE3","SE33","SE331"
48024570,"SE","SE3","SE33","SE331"
48024700,"SE","SE3","SE33","SE331"
48024858,"SE","SE3","SE33","SE332"
48024916,"SE","SE3","SE33","SE332"
48042006,"IT","ITF","ITF5","ITF51"
48042010,"IT","ITF","ITF5","ITF51"
48042028,"IT","ITF","ITF4","ITF46"
48042546,"HR","HR0","HR04","HR041"
48043014,"CZ","CZ0","CZ05","CZ053"
48043036,"PL","PL5","PL51","PL517"
48043050,"PL","PL5","PL51","PL517"
48043140,"PL","PL5","PL51","PL514"
48043464,"PL","PL6","PL63","PL636"
48044670,"SE","SE3","SE33","SE331"
48044728,"SE","SE3","SE33","SE332"
48044782,"SE","SE3","SE33","SE332"
48044814,"SE","SE3","SE33","SE332"
48061976,"IT","ITF","ITF5","ITF51"
48062062,"IT","ITF","ITF4","ITF46"
48062614,"HR","HR0","HR04","HR046"
48063088,"PL","PL5","PL51","PL517"
48063208,"PL","PL4","PL41","PL417"
48063388,"PL","PL6","PL61","PL618"
48063424,"PL","PL6","PL63","PL637"
48064546,"SE","SE3","SE33","SE331"
48064672,"SE","SE3","SE33","SE331"
48081952,"IT","ITF","ITF5","ITF51"
48082042,"IT","ITF","ITF4","ITF46"
48082564,"HR","HR0","HR04","HR042"
48082834,"AT","AT1","AT12","AT126"
48082844,"AT","AT1","AT12","AT125"
48082906,"CZ","CZ0","CZ06","CZ064"
48082960,"CZ","CZ0","CZ06","CZ064"
48082970,"CZ","CZ0","CZ05","CZ053"
48083036,"PL","PL5","PL51","PL517"
48083158,"PL","PL5","PL51","PL518"
48083176,"PL","PL5","PL51","PL518"
48083230,"PL","PL4","PL41","PL418"
48083392,"PL","PL6","PL61","PL618"
48084098,"SE","SE1","SE11","SE110"
48084692,"SE","SE3","SE33","SE331"
48084764,"SE","SE3","SE33","SE332"
48084860,"SE","SE3","SE33","SE332"
48084886,"SE","SE3","SE33","SE332"
48101972,"IT","ITF","ITF5","ITF51"
48102288,"HR","HR0","HR03","HR034"
48102304,"HR","HR0","HR03","HR034"
48102606,"HR","HR0","HR04","HR046"
48102638,"SI","SI0","SI03","SI031"
48103100,"PL","PL5","PL51","PL518"
48103208,"PL","PL4","PL41","PL417"
48103388,"PL","PL6","PL61","PL618"
48104828,"SE","SE3","SE33","SE332"
48122006,"IT","ITF","ITF5","ITF51"
48122730,"AT","AT1","AT11","AT111"
48122780,"AT","AT1","AT12","AT127"
48122798,"AT","AT1","AT12","AT127"
48122896,"CZ","CZ0","CZ06","CZ064"
48122928,"CZ","CZ0","CZ06","CZ064"
48122942,"CZ","CZ0","CZ06","CZ064"
48122968,"CZ","CZ0","CZ05","CZ053"
48122982,"CZ","CZ0","CZ07","CZ071"
48123032,"CZ","CZ0","CZ07","CZ071"
48123162,"PL","PL5","PL51","PL518"
48123828,"SE","SE2","SE21","SE214"
48124570,"SE","SE3","SE33","SE331"
48124678,"SE","SE3","SE33","SE331"
48124750,"SE","SE3","SE33","SE332"
48124778,"SE","SE3","SE33","SE332"
48124868,"SE","SE3","SE33","SE332"
48124966,"SE","SE3","SE33","SE332"
48141984,"IT","ITF","ITF5","ITF51"
48142034,"IT","ITF","ITF4","ITF46"
48142358,"HR","HR0","HR03","HR034"
48142494,"HR","HR0","HR04","HR04E"
48142980,"CZ","CZ0","CZ05","CZ053"
48142998,"CZ","CZ0","CZ07","CZ071"
48143070,"PL","PL5","PL51","PL517"
48143160,"PL","PL5","PL51","PL518"
48143826,"SE","SE2","SE21","SE214"
48143862,"SE","SE2","SE21","SE214"
48144564,"SE","SE3","SE33","SE331"
48161946,"IT","ITF","ITF5","ITF51"
48161994,"IT","ITF","ITF5","ITF51"
48162004,"IT","ITF","ITF5","ITF51"
48162584,"HR","HR0","HR04","HR044"
48162630,"SI","SI0","SI03","SI031"
48162652,"HU","HU2","HU22","HU223"
48162858,"AT","AT1","AT12","AT125"
48163002,"CZ","CZ0","CZ07","CZ071"
48163318,"PL","PL4","PL41","PL411"
48164632,"SE","SE3","SE33","SE331"
48164650,"SE","SE3","SE33","SE331"
48164812,"SE","SE3","SE33","SE332"
48164830,"SE","SE3","SE33","SE332"
48164838,"SE","SE3","SE33","SE332"
48164970,"SE","SE3","SE33","SE332"
48182052,"IT","ITF","ITF4","ITF46"
48182110,"IT","ITF","ITF4","ITF46"
48182826,"AT","AT1","AT12","AT126"
48182862,"AT","AT1","AT12","AT125"
48182884,"CZ","CZ0","CZ06","CZ064"
48182952,"CZ","CZ0","CZ07","CZ071"
48183838,"SE","SE2","SE21","SE214"
48183856,"SE","SE2","SE21","SE214"
48184114,"SE","SE1","SE11","SE110"
48184608,"SE","SE3","SE33","SE331"
48184716,"SE","SE3","SE33","SE331"
48184798,"SE","SE3","SE33","SE332"
48184896,"SE","SE3","SE33","SE332"
48184914,"SE","SE3","SE33","SE332"
48184932,"SE","SE3","SE33","SE332"
48201676,"IT","ITF","ITF6","ITF65"
48202014,"IT","ITF","ITF5","ITF51"
48202472,"HR","HR0","HR04","HR04E"
48202716,"HU","HU2","HU22","HU222"
48202738,"AT","AT1","AT11","AT111"
48202842,"AT","AT1","AT12","AT125"
48202950,"CZ","CZ0","CZ07","CZ071"
48203004,"CZ","CZ0","CZ07","CZ071"
48203382,"PL","PL6","PL61","PL618"
48203476,"PL","PL6","PL63","PL636"
48204624,"SE","SE3","SE33","SE331"
48204714,"SE","SE3","SE33","SE331"
48204804,"SE","SE3","SE33","SE332"
48204840,"SE","SE3","SE33","SE332"
48205038,"SE","SE3","SE33","SE332"
48222046,"IT","ITF","ITF4","ITF46"
48222100,"IT","ITF","ITF4","ITF46"
48222726,"HU","HU2","HU22","HU222"
48222780,"AT","AT1","AT11","AT112"
48222820,"AT","AT1","AT12","AT126"
48222924,"CZ","CZ0","CZ06","CZ064"
48222982,"CZ","CZ0","CZ07","CZ071"
48223000,"CZ","CZ0","CZ07","CZ071"
48223068,"PL","PL5","PL52","PL523"
48223270,"PL","PL4","PL41","PL418"
48223356,"PL","PL6","PL61","PL617"
48223392,"PL","PL6","PL61","PL618"
48223414,"PL","PL6","PL63","PL637"
48223536,"PL","PL6","PL63","PL636"
48223810,"SE","SE2","SE21","SE214"
48224112,"SE","SE1","SE11","SE110"
48224778,"SE","SE3","SE33","SE332"
48224908,"SE","SE3","SE33","SE332"
48241678,"IT","ITF","ITF6","ITF65"
48241876,"IT","ITF","ITF6","ITF61"
48242800,"AT","AT1","AT12","AT127"
48242890,"CZ","CZ0","CZ06","CZ064"
48243208,"PL","PL4","PL41","PL416"
48243334,"PL","PL4","PL41","PL411"
48243802,"SE","SE2","SE21","SE214"
48244816,"SE","SE3","SE33","SE332"
48244900,"SE","SE3","SE33","SE332"
48244924,"SE","SE3","SE33","SE332"
48261700,"IT","ITF","ITF6","ITF65"
48262042,"IT","ITF","ITF4","ITF48"
48262744,"HU","HU2","HU22","HU221"
48262816,"AT","AT1","AT12","AT126"
48263006,"CZ","CZ0","CZ07","CZ071"
48263018,"CZ","CZ0","CZ07","CZ071"
48263042,"CZ","CZ0","CZ07","CZ071"
48263050,"CZ","CZ0","CZ07","CZ071"
48263072,"PL","PL5","PL52","PL523"
48263086,"PL","PL5","PL51","PL518"
48263126,"PL","PL5","PL51","PL518"
48263276,"PL","PL4","PL41","PL414"
48263284,"PL","PL4","PL41","PL414"
48263342,"PL","PL6","PL61","PL617"
48263486,"PL","PL6","PL63","PL634"
48263852,"SE","SE2","SE21","SE214"
48264548,"SE","SE3","SE33","SE331"
48264638,"SE","SE3","SE33","SE331"
48264656,"SE","SE3","SE33","SE331"
48264962,"SE","SE3","SE33","SE332"
48265034,"SE","SE3","SE33","SE332"
48281936,"IT","ITF","ITF5","ITF51"
48282506,"HR","HR0","HR04","HR04E"
48282804,"AT","AT1","AT12","AT126"
48282884,"CZ","CZ0","CZ06","CZ064"
48282902,"CZ","CZ0","CZ06","CZ064"
48283316,"PL","PL6","PL61","PL617"
48283352,"PL","PL6","PL61","PL617"
48284666,"SE","SE3","SE33","SE331"
48284936,"SE","SE3","SE33","SE332"
48301938,"IT","ITF","ITF5","ITF51"
48302536,"HR","HR0","HR04","HR047"
48302612,"HR","HR0","HR04","HR046"
48302874,"CZ","CZ0","CZ06","CZ064"
48302910,"CZ","CZ0","CZ06","CZ064"
48302960,"CZ","CZ0","CZ07","CZ071"
48303032,"CZ","CZ0","CZ07","CZ071"
48303040,"CZ","CZ0","CZ07","CZ071"
48303850,"SE","SE2","SE21","SE214"
48303860,"SE","SE2","SE21","SE214"
48304588,"SE","SE3","SE33","SE331"
48304692,"SE","SE3","SE33","SE331"
48304706,"SE","SE3","SE33","SE331"
48304746,"SE","SE3","SE33","SE332"
48304768,"SE","SE3","SE33","SE332"
48304850,"SE","SE3","SE33","SE332"
48321684,"IT","ITF","ITF6","ITF65"
48321900,"IT","ITF","ITF5","ITF51"
48322288,"HR","HR0","HR03","HR035"
48322566,"HR","HR0","HR04","HR045"
48322710,"HU","HU2","HU22","HU222"
48323286,"PL","PL4","PL41","PL414"
48323502,"PL","PL6","PL63","PL634"
48323862,"SE","SE2","SE21","SE214"
48341914,"IT","ITF","ITF5","ITF51"
48341946,"IT","ITF","ITF5","ITF51"
48342036,"IT","ITF","ITF4","ITF48"
48342048,"IT","ITF","ITF4","ITF48"
48342670,"HU","HU2","HU22","HU223"
48342774,"AT","AT1","AT11","AT112"
48342894,"CZ","CZ0","CZ06","CZ064"
48342900,"CZ","CZ0","CZ06","CZ064"
48343156,"PL","PL5","PL51","PL518"
48343192,"PL","PL5","PL51","PL518"
48343200,"PL","PL4","PL41","PL416"
48343344,"PL","PL6","PL61","PL617"
48343872,"SE","SE2","SE21","SE214"
48344568,"SE","SE3","SE33","SE331"
48344622,"SE","SE3","SE33","SE331"
48344632,"SE","SE3","SE33","SE331"
48344646,"SE","SE3","SE33","SE331"
48344758,"SE","SE3","SE33","SE332"
48344784,"SE","SE3","SE33","SE332"
48344794,"SE","SE3","SE33","SE332"
48361710,"IT","ITF","ITF6","ITF65"
48361714,"IT","ITF","ITF6","ITF65"
48362026,"IT","ITF","ITF4","ITF48"
48362656,"HU","HU2","HU22","HU223"
48362668,"HU","HU2","HU22","HU223"
48362718,"HU","HU2","HU22","HU222"
48362746,"HU","HU2","HU22","HU221"
48362938,"CZ","CZ0","CZ06","CZ064"
48362956,"CZ","CZ0","CZ07","CZ071"
48363340,"PL","PL6","PL61","PL617"
48364684,"SE","SE3","SE33","SE331"
48364990,"SE","SE3","SE33","SE332"
48381694,"IT","ITF","ITF6","ITF65"
48382850,"SK","SK0","SK01","SK010"
48382932,"CZ","CZ0","CZ06","CZ064"
48383062,"PL","PL5","PL52","PL523"
48383094,"PL","PL5","PL52","PL523"
48383224,"PL","PL4","PL41","PL416"
48383350,"PL","PL6","PL61","PL617"
48383404,"PL","PL6","PL61","PL618"
48383836,"SE","SE2","SE21","SE214"
48384736,"SE","SE3","SE33","SE332"
48384984,"SE","SE3","SE33","SE332"
48385002,"SE","SE3","SE33","SE332"
48402042,"IT","ITF","ITF4","ITF48"
48402298,"HR","HR0","HR03","HR035"
48402592,"HR","HR0","HR04","HR045"
48402618,"HU","HU2","HU22","HU223"
48402676,"HU","HU2","HU22","HU222"
48402694,"HU","HU2","HU22","HU222"
48402834,"SK","SK0","SK01","SK010"
48403024,"CZ","CZ0","CZ08","CZ080"
48403140,"PL","PL5","PL51","PL518"
48403162,"PL","PL5","PL51","PL518"
48403252,"PL","PL4","PL41","PL416"
48403270,"PL","PL4","PL41","PL414"
48403288,"PL","PL4","PL41","PL414"
48403320,"PL","PL6","PL61","PL617"
48403342,"PL","PL6","PL61","PL617"
48403392,"PL","PL6","PL61","PL613"
48403828,"SE","SE2","SE21","SE214"
48404692,"SE","SE3","SE33","SE331"
48404886,"SE","SE3","SE33","SE332"
48405016,"SE","SE3","SE33","SE332"
48421742,"IT","ITF","ITF6","ITF64"
48421886,"IT","ITF","ITF6","ITF61"
48421972,"IT","ITF","ITF5","ITF52"
48421994,"IT","ITF","ITF5","ITF51"
48422020,"IT","ITF","ITF4","ITF48"
48422818,"SK","SK0","SK01","SK010"
48423136,"PL","PL5","PL51","PL518"
48423154,"PL","PL5","PL51","PL518"
48423160,"PL","PL5","PL51","PL518"
48423254,"PL","PL4","PL41","PL416"
48423448,"PL","PL6","PL63","PL637"
48423460,"PL","PL6","PL63","PL637"
48423856,"SE","SE2","SE21","SE214"
48424636,"SE","SE3","SE33","SE331"
48441944,"IT","ITF","ITF5","ITF52"
48442676,"HU","HU2","HU22","HU223"
48442784,"AT","AT1","AT11","AT112"
48442820,"SK","SK0","SK01","SK010"
48442898,"CZ","CZ0","CZ06","CZ064"
48442952,"CZ","CZ0","CZ07","CZ071"
48442996,"CZ","CZ0","CZ08","CZ080"
48443000,"CZ","CZ0","CZ08","CZ080"
48443176,"PL","PL5","PL51","PL518"
48443518,"PL","PL6","PL63","PL634"
48443554,"PL","PL6","PL63","PL634"
48444842,"SE","SE3","SE33","SE332"
48444854,"SE","SE3","SE33","SE332"
48445012,"SE","SE3","SE33","SE332"
48445084,"FI","FI1","FI1D","FI1D7"
48461724,"IT","ITF","ITF6","ITF65"
48461894,"IT","ITF","ITF5","ITF51"
48462300,"HR","HR0","HR03","HR035"
48462686,"HU","HU2","HU22","HU222"
48462776,"AT","AT1","AT11","AT112"
48462938,"CZ","CZ0","CZ07","CZ071"
48463064,"PL","PL5","PL52","PL523"
48463244,"PL","PL4","PL41","PL416"
48463406,"PL","PL6","PL61","PL618"
48464702,"SE","SE3","SE33","SE331"
48464972,"SE","SE3","SE33","SE332"
48482042,"IT","ITF","ITF4","ITF48"
48482316,"HR","HR0","HR03","HR035"
48482644,"HU","HU2","HU22","HU223"
48482748,"HU","HU2","HU22","HU221"
48482762,"AT","AT1","AT11","AT112"
48482874,"SK","SK0","SK02","SK021"
48483018,"CZ","CZ0","CZ08","CZ080"
48483022,"CZ","CZ0","CZ08","CZ080"
48483112,"PL","PL5","PL52","PL523"
48483256,"PL","PL4","PL41","PL414"
48483292,"PL","PL4","PL41","PL414"
48484580,"SE","SE3","SE33","SE331"
48484710,"SE","SE3","SE33","SE331"
48484912,"SE","SE3","SE33","SE332"
48501738,"IT","ITF","ITF6","ITF65"
48501900,"IT","ITF","ITF5","ITF51"
48503124,"PL","PL5","PL52","PL523"
48503250,"PL","PL4","PL41","PL414"
48503304,"PL","PL4","PL41","PL414"
48504726,"SE","SE3","SE33","SE332"
48505068,"SE","SE3","SE33","SE332"
48521712,"IT","ITF","ITF6","ITF65"
48521896,"IT","ITF","ITF5","ITF51"
48522030,"IT","ITF","ITF4","ITF48"
48522958,"CZ","CZ0","CZ07","CZ071"
48523128,"PL","PL5","PL52","PL523"
48523134,"PL","PL5","PL52","PL523"
48523164,"PL","PL5","PL51","PL518"
48523170,"PL","PL5","PL51","PL518"
48523188,"PL","PL4","PL41","PL416"
48523264,"PL","PL4","PL41","PL414"
48523318,"PL","PL6","PL61","PL617"
48523322,"PL","PL6","PL61","PL617"
48523344,"PL","PL6","PL61","PL617"
48523354,"PL","PL6","PL61","PL617"
48523362,"PL","PL6","PL61","PL613"
48523386,"PL","PL6","PL61","PL613"
48524736,"SE","SE3","SE33","SE332"
48524748,"SE","SE3","SE33","SE332"
48524758,"SE","SE3","SE33","SE332"
48524838,"SE","SE3","SE33","SE332"
48524866,"SE","SE3","SE33","SE332"
48524884,"SE","SE3","SE33","SE332"
48524898,"SE","SE3","SE33","SE332"
48524982,"SE","SE3","SE33","SE332"
48525072,"SE","SE3","SE33","SE332"
48541882,"IT","ITF","ITF6","ITF61"
48542012,"IT","ITF","ITF4","ITF47"
48542026,"IT","ITF","ITF4","ITF48"
48542692,"HU","HU2","HU22","HU222"
48542772,"HU","HU2","HU22","HU221"
48543070,"PL","PL5","PL52","PL523"
48543088,"PL","PL5","PL52","PL524"
48543106,"PL","PL5","PL52","PL523"
48543226,"PL","PL4","PL41","PL416"
48543334,"PL","PL6","PL61","PL617"
48543478,"PL","PL6","PL63","PL637"
48544672,"SE","SE3","SE33","SE331"
48544698,"SE","SE3","SE33","SE331"
48544770,"SE","SE3","SE33","SE332"
48544798,"SE","SE3","SE33","SE332"
48544816,"SE","SE3","SE33","SE332"
48544950,"SE","SE3","SE33","SE332"
48561828,"IT","ITF","ITF6","ITF61"
48561838,"IT","ITF","ITF6","ITF61"
48561852,"IT","ITF","ITF6","ITF61"
48561906,"IT","ITF","ITF5","ITF51"
48561960,"IT","ITF","ITF5","ITF52"
48562860,"SK","SK0","SK02","SK021"
48562914,"CZ","CZ0","CZ07","CZ072"
48563202,"PL","PL4","PL41","PL416"
48563274,"PL","PL4","PL41","PL414"
48563346,"PL","PL6","PL61","PL617"
48563382,"PL","PL6","PL61","PL613"
48563508,"PL","PL6","PL63","PL634"
48564876,"SE","SE3","SE33","SE332"
48564930,"SE","SE3","SE33","SE332"
48581866,"IT","ITF","ITF6","ITF61"
48582726,"HU","HU2","HU22","HU222"
48582780,"HU","HU2","HU22","HU221"
48582946,"CZ","CZ0","CZ07","CZ072"
48583018,"CZ","CZ0","CZ08","CZ080"
48583144,"PL","PL5","PL52","PL523"
48583230,"PL","PL4","PL41","PL416"
48583234,"PL","PL4","PL41","PL416"
48583248,"PL","PL4","PL41","PL414"
48583288,"PL","PL4","PL41","PL414"
48583324,"PL","PL6","PL61","PL617"
48583338,"PL","PL6","PL61","PL617"
48584620,"SE","SE3","SE33","SE331"
48584818,"SE","SE3","SE33","SE332"
48584908,"SE","SE3","SE33","SE332"
48584940,"SE","SE3","SE33","SE332"
48585066,"SE","SE3","SE33","SE332"
48585070,"SE","SE3","SE33","SE332"
48601858,"IT","ITF","ITF6","ITF61"
48602728,"HU","HU2","HU22","HU222"
48602740,"HU","HU2","HU22","HU221"
48602776,"HU","HU2","HU22","HU221"
48602926,"CZ","CZ0","CZ07","CZ072"
48603136,"PL","PL5","PL52","PL523"
48603172,"PL","PL4","PL41","PL416"
48603304,"PL","PL4","PL41","PL414"
48603376,"PL","PL6","PL61","PL613"
48604654,"SE","SE3","SE33","SE331"
48621740,"IT","ITF","ITF6","ITF64"
48622024,"IT","ITF","ITF4","ITF47"
48622646,"HU","HU2","HU22","HU223"
48622654,"HU","HU2","HU22","HU223"
48622676,"HU","HU2","HU22","HU223"
48622690,"HU","HU2","HU22","HU222"
48622694,"HU","HU2","HU22","HU222"
48622874,"SK","SK0","SK02","SK021"
48622960,"CZ","CZ0","CZ07","CZ071"
48623014,"CZ","CZ0","CZ08","CZ080"
48623060,"PL","PL5","PL52","PL523"
48623122,"PL","PL5","PL52","PL523"
48623168,"PL","PL4","PL41","PL416"
48623230,"PL","PL4","PL41","PL416"
48623266,"PL","PL4","PL41","PL414"
48623348,"PL","PL6","PL61","PL613"
48623384,"PL","PL6","PL61","PL613"
48623474,"PL","PL6","PL63","PL637"
48624986,"SE","SE3","SE33","SE332"
48641796,"IT","ITF","ITF6","ITF63"
48644756,"SE","SE3","SE33","SE332"
48661902,"IT","ITF","ITF5","ITF51"
48662762,"HU","HU2","HU22","HU221"
48662842,"SK","SK0","SK02","SK021"
48662892,"CZ","CZ0","CZ06","CZ064"
48662942,"CZ","CZ0","CZ07","CZ072"
48662964,"CZ","CZ0","CZ07","CZ071"
48664768,"SE","SE3","SE33","SE332"
48664796,"SE","SE3","SE33","SE332"
48664836,"SE","SE3","SE33","SE332"
48664984,"SE","SE3","SE33","SE332"
48665052,"SE","SE3","SE33","SE332"
48665056,"SE","SE3","SE33","SE332"
48681954,"IT","ITF","ITF5","ITF52"
48682854,"SK","SK0","SK02","SK021"
48683304,"PL","PL6","PL61","PL617"
48683412,"PL","PL6","PL61","PL618"
48684852,"SE","SE3","SE33","SE332"
48685050,"SE","SE3","SE33","SE332"
48701712,"IT","ITF","ITF6","ITF65"
48701802,"IT","ITF","ITF6","ITF63"
48701838,"IT","ITF","ITF6","ITF61"
48702022,"IT","ITF","ITF4","ITF47"
48702512,"HR","HR0","HR04","HR049"
48702570,"HR","HR0","HR04","HR045"
48702630,"HU","HU2","HU22","HU223"
48702706,"HU","HU2","HU21","HU213"
48702724,"HU","HU2","HU21","HU213"
48702732,"HU","HU2","HU22","HU221"
48702742,"HU","HU2","HU22","HU221"
48702840,"SK","SK0","SK02","SK021"
48702882,"SK","SK0","SK02","SK022"
48702966,"CZ","CZ0","CZ07","CZ071"
48703044,"CZ","CZ0","CZ08","CZ080"
48703152,"PL","PL4","PL41","PL416"
48703188,"PL","PL4","PL41","PL416"
48703210,"PL","PL4","PL41","PL416"
48703278,"PL","PL4","PL41","PL414"
48703282,"PL","PL4","PL41","PL414"
48704758,"SE","SE3","SE33","SE332"
48704820,"SE","SE3","SE33","SE332"
48704838,"SE","SE3","SE33","SE332"
48704892,"SE","SE3","SE33","SE332"
48704902,"SE","SE3","SE33","SE332"
48704956,"SE","SE3","SE33","SE332"
48721710,"IT","ITF","ITF6","ITF65"
48721990,"IT","ITF","ITF4","ITF47"
48722916,"CZ","CZ0","CZ07","CZ072"
48722938,"CZ","CZ0","CZ07","CZ072"
48722956,"CZ","CZ0","CZ07","CZ071"
48723006,"CZ","CZ0","CZ08","CZ080"
48723052,"PL","PL5","PL52","PL523"
48723124,"PL","PL5","PL52","PL523"
48724636,"SE","SE3","SE33","SE331"
48724770,"SE","SE3","SE33","SE332"
48724914,"SE","SE3","SE33","SE332"
48724996,"SE","SE3","SE33","SE332"
48742014,"IT","ITF","ITF4","ITF47"
48742590,"HU","HU2","HU23","HU232"
48742792,"SK","SK0","SK02","SK021"
48742900,"CZ","CZ0","CZ07","CZ072"
48743058,"PL","PL5","PL52","PL523"
48743098,"PL","PL5","PL52","PL524"
48743116,"PL","PL5","PL52","PL523"
48743134,"PL","PL5","PL52","PL523"
48743170,"PL","PL4","PL41","PL416"
48743184,"PL","PL4","PL41","PL416"
48743314,"PL","PL6","PL61","PL617"
48743350,"PL","PL6","PL61","PL617"
48743368,"PL","PL6","PL61","PL613"
48743386,"PL","PL6","PL61","PL618"
48745020,"SE","SE3","SE33","SE332"
48761830,"IT","ITF","ITF6","ITF61"
48762694,"HU","HU2","HU21","HU213"
48763252,"PL","PL4","PL41","PL414"
48763266,"PL","PL4","PL41","PL414"
48763414,"PL","PL6","PL61","PL618"
48781756,"IT","ITF","ITF6","ITF63"
48781840,"IT","ITF","ITF6","ITF61"
48781948,"IT","ITF","ITF5","ITF52"
48781976,"IT","ITF","ITF5","ITF52"
48782686,"HU","HU2","HU21","HU213"
48782830,"SK","SK0","SK02","SK021"
48782998,"CZ","CZ0","CZ08","CZ080"
48783016,"CZ","CZ0","CZ08","CZ080"
48783070,"PL","PL5","PL52","PL524"
48784936,"SE","SE3","SE33","SE332"
48785026,"SE","SE3","SE33","SE332"
48801776,"IT","ITF","ITF6","ITF63"
48801836,"IT","ITF","ITF6","ITF61"
48801926,"IT","ITF","ITF5","ITF52"
48802016,"IT","ITF","ITF4","ITF47"
48802592,"HU","HU2","HU23","HU232"
48802600,"HU","HU2","HU23","HU232"
48802772,"HU","HU2","HU22","HU221"
48802816,"SK","SK0","SK02","SK021"
48802898,"CZ","CZ0","CZ07","CZ072"
48802924,"CZ","CZ0","CZ07","CZ072"
48802988,"CZ","CZ0","CZ08","CZ080"
48803000,"CZ","CZ0","CZ08","CZ080"
48803042,"PL","PL5","PL52","PL523"
48803078,"PL","PL5","PL52","PL524"
48803176,"PL","PL4","PL41","PL416"
48803212,"PL","PL4","PL41","PL416"
48803234,"PL","PL4","PL41","PL416"
48803330,"PL","PL6","PL61","PL617"
48804824,"SE","SE3","SE33","SE332"
48804914,"SE","SE3","SE33","SE332"
48805052,"FI","FI1","FI1D","FI1D7"
48805084,"FI","FI1","FI1D","FI1D7"
48821792,"IT","ITF","ITF6","ITF63"
48822296,"HR","HR0","HR03","HR035"
48822884,"SK","SK0","SK02","SK022"
48823010,"CZ","CZ0","CZ08","CZ080"
48823064,"PL","PL5","PL52","PL524"
48823082,"PL","PL5","PL52","PL524"
48823118,"PL","PL5","PL52","PL524"
48823388,"PL","PL6","PL61","PL616"
48823460,"PL","PL6","PL63","PL638"
48842482,"HR","HR0","HR04","HR04A"
48842910,"CZ","CZ0","CZ07","CZ072"
48842968,"CZ","CZ0","CZ07","CZ071"
48842982,"CZ","CZ0","CZ08","CZ080"
48843022,"PL","PL5","PL52","PL523"
48843126,"PL","PL5","PL52","PL524"
48843166,"PL","PL4","PL41","PL416"
48844930,"SE","SE3","SE33","SE332"
48845030,"SE","SE3","SE33","SE332"
48861746,"IT","ITF","ITF6","ITF63"
48861774,"IT","ITF","ITF6","ITF63"
48862602,"HU","HU2","HU23","HU232"
48862692,"HU","HU2","HU21","HU213"
48862854,"SK","SK0","SK02","SK021"
48862944,"CZ","CZ0","CZ07","CZ072"
48863484,"PL","PL6","PL63","PL634"
48864834,"SE","SE3","SE33","SE332"
48865014,"SE","SE3","SE33","SE332"
48881748,"IT","ITF","ITF6","ITF63"
48881806,"IT","ITF","ITF6","ITF63"
48881820,"IT","ITF","ITF6","ITF61"
48881958,"IT","ITF","ITF5","ITF52"
48882292,"HR","HR0","HR03","HR035"
48882296,"HR","HR0","HR03","HR035"
48882576,"HU","HU2","HU23","HU232"
48882594,"HU","HU2","HU23","HU232"
48882742,"HU","HU2","HU22","HU221"
48882994,"CZ","CZ0","CZ08","CZ080"
48883128,"PL","PL5","PL52","PL524"
48883164,"PL","PL7","PL71","PL714"
48883170,"PL","PL7","PL71","PL714"
48883192,"PL","PL4","PL41","PL416"
48883296,"PL","PL4","PL41","PL414"
48883344,"PL","PL6","PL61","PL617"
48883498,"PL","PL6","PL63","PL634"
48884848,"SE","SE3","SE33","SE332"
48884898,"SE","SE3","SE33","SE332"
48901984,"IT","ITF","ITF5","ITF52"
48902764,"HU","HU2","HU22","HU221"
48902836,"SK","SK0","SK02","SK021"
48902848,"SK","SK0","SK02","SK021"
48902970,"CZ","CZ0","CZ07","CZ071"
48903088,"PL","PL5","PL52","PL524"
48903124,"PL","PL5","PL52","PL524"
48903136,"PL","PL5","PL52","PL524"
48903214,"PL","PL4","PL41","PL416"
48903376,"PL","PL6","PL61","PL613"
48903430,"PL","PL6","PL61","PL618"
48903448,"PL","PL6","PL63","PL638"
48903466,"PL","PL6","PL63","PL638"
48904870,"SE","SE3","SE33","SE332"
48904906,"SE","SE3","SE33","SE332"
48921816,"IT","ITF","ITF6","ITF61"
48922018,"IT","ITF","ITF4","ITF47"
48922522,"HR","HR0","HR04","HR047"
48922552,"HR","HR0","HR04","HR048"
48922608,"HU","HU2","HU23","HU232"
48922770,"HU","HU2","HU22","HU221"
48922936,"CZ","CZ0","CZ07","CZ072"
48922986,"CZ","CZ0","CZ08","CZ080"
48923022,"PL","PL5","PL52","PL523"
48923058,"PL","PL5","PL52","PL524"
48923080,"PL","PL5","PL52","PL524"
48923094,"PL","PL5","PL52","PL524"
48923116,"PL","PL5","PL52","PL524"
48923224,"PL","PL4","PL41","PL416"
48923238,"PL","PL4","PL41","PL414"
48923382,"PL","PL6","PL61","PL616"
48924916,"SE","SE3","SE33","SE332"
48924934,"SE","SE3","SE33","SE332"
48941776,"IT","ITF","ITF6","ITF63"
48941830,"IT","ITF","ITF6","ITF61"
48942888,"SK","SK0","SK02","SK022"
48942910,"CZ","CZ0","CZ07","CZ072"
48942960,"CZ","CZ0","CZ07","CZ072"
48943234,"PL","PL4","PL41","PL414"
48943248,"PL","PL4","PL41","PL414"
48943266,"PL","PL4","PL41","PL414"
48944422,"FI","FI1","FI19","FI195"
48944890,"SE","SE3","SE33","SE332"
48961954,"IT","ITF","ITF5","ITF52"
48962830,"SK","SK0","SK02","SK021"
48962956,"CZ","CZ0","CZ07","CZ072"
48963010,"CZ","CZ0","CZ08","CZ080"
48963028,"PL","PL2","PL22","PL227"
48963172,"PL","PL7","PL71","PL714"
48963460,"PL","PL6","PL63","PL638"
48964798,"SE","SE3","SE33","SE332"
48964996,"SE","SE3","SE33","SE332"
48965050,"FI","FI1","FI1D","FI1D7"
48981938,"IT","ITF","ITF5","ITF52"
48982640,"HU","HU2","HU23","HU232"
48982754,"HU","HU2","HU22","HU221"
48982838,"SK","SK0","SK02","SK021"
48982978,"CZ","CZ0","CZ08","CZ080"
48983068,"PL","PL5","PL52","PL524"
48983104,"PL","PL5","PL52","PL524"
48983248,"PL","PL4","PL41","PL414"
48983258,"PL","PL4","PL41","PL414"
48983284,"PL","PL4","PL41","PL414"
48983302,"PL","PL6","PL61","PL619"
48983482,"PL","PL6","PL63","PL638"
48984806,"SE","SE3","SE33","SE332"
48984958,"SE","SE3","SE33","SE332"
48985004,"FI","FI1","FI1D","FI1D7"
48985022,"FI","FI1","FI1D","FI1D7"
49002534,"HR","HR0","HR04","HR047"
49003136,"PL","PL5","PL52","PL524"
49003208,"PL","PL7","PL71","PL714"
49003226,"PL","PL4","PL41","PL416"
49004900,"SE","SE3","SE33","SE332"
49022788,"SK","SK0","SK02","SK021"
49022824,"SK","SK0","SK02","SK021"
49022896,"SK","SK0","SK02","SK022"
49023014,"CZ","CZ0","CZ08","CZ080"
49023040,"PL","PL2","PL22","PL227"
49023050,"PL","PL5","PL52","PL524"
49023148,"PL","PL7","PL71","PL714"
49023184,"PL","PL7","PL71","PL714"
49023220,"PL","PL7","PL71","PL714"
49023306,"PL","PL6","PL61","PL619"
49023428,"PL","PL6","PL63","PL638"
49023446,"PL","PL6","PL63","PL638"
49023504,"PL","PL6","PL63","PL634"
49024904,"SE","SE3","SE33","SE332"
49024940,"SE","SE3","SE33","SE332"
49041822,"IT","ITF","ITF6","ITF61"
49042656,"HU","HU2","HU23","HU232"
49042854,"SK","SK0","SK02","SK023"
49043232,"PL","PL4","PL41","PL414"
49043286,"PL","PL4","PL41","PL414"
49043304,"PL","PL6","PL61","PL619"
49045086,"FI","FI1","FI1D","FI1D7"
49062606,"HU","HU2","HU23","HU232"
49062642,"HU","HU2","HU23","HU232"
49062684,"HU","HU2","HU21","HU213"
49062756,"HU","HU2","HU22","HU221"
49062904,"SK","SK0","SK02","SK022"
49063030,"PL","PL2","PL22","PL227"
49063174,"PL","PL7","PL71","PL714"
49063206,"PL","PL7","PL71","PL714"
49063318,"PL","PL6","PL61","PL619"
49063350,"PL","PL6","PL61","PL613"
49063412,"PL","PL6","PL61","PL616"
49063498,"PL","PL6","PL63","PL634"
49064428,"FI","FI1","FI19","FI195"
49064488,"FI","FI1","FI19","FI195"
49064496,"FI","FI1","FI19","FI195"
49064820,"SE","SE3","SE33","SE332"
49064830,"SE","SE3","SE33","SE332"
49064884,"SE","SE3","SE33","SE332"
49064898,"SE","SE3","SE33","SE332"
49064982,"SE","SE3","SE33","SE332"
49081786,"IT","ITF","ITF6","ITF63"
49082574,"HU","HU2","HU23","HU232"
49082776,"SK","SK0","SK02","SK023"
49082872,"SK","SK0","SK02","SK022"
49083010,"CZ","CZ0","CZ08","CZ080"
49083016,"CZ","CZ0","CZ08","CZ080"
49083096,"PL","PL5","PL52","PL524"
49083286,"PL","PL4","PL41","PL414"
49083478,"PL","PL6","PL63","PL638"
49084864,"SE","SE3","SE33","SE332"
49084870,"SE","SE3","SE33","SE332"
49101820,"IT","ITF","ITF6","ITF62"
49102752,"HU","HU2","HU22","HU221"
49102936,"CZ","CZ0","CZ07","CZ072"
49102972,"CZ","CZ0","CZ08","CZ080"
49103134,"PL","PL5","PL52","PL524"
49103220,"PL","PL7","PL71","PL714"
49103224,"PL","PL7","PL71","PL714"
49103278,"PL","PL4","PL41","PL414"
49104498,"FI","FI1","FI19","FI195"
49104966,"SE","SE3","SE33","SE332"
49104984,"SE","SE3","SE33","SE332"
49105042,"FI","FI1","FI1D","FI1D7"
49122568,"HU","HU2","HU23","HU232"
49122798,"SK","SK0","SK02","SK023"
49122888,"SK","SK0","SK02","SK022"
49123230,"PL","PL4","PL41","PL414"
49123450,"PL","PL6","PL63","PL638"
49123464,"PL","PL6","PL63","PL638"
49142578,"HU","HU2","HU23","HU231"
49142830,"SK","SK0","SK02","SK023"
49142992,"CZ","CZ0","CZ08","CZ080"
49143136,"PL","PL5","PL52","PL524"
49143190,"PL","PL7","PL71","PL714"
49143412,"PL","PL6","PL61","PL616"
49144492,"FI","FI1","FI19","FI195"
49144846,"SE","SE3","SE33","SE332"
49144936,"SE","SE3","SE33","SE332"
49161826,"IT","ITF","ITF6","ITF62"
49162492,"HR","HR0","HR04","HR04A"
49162664,"HU","HU2","HU23","HU232"
49162820,"SK","SK0","SK02","SK023"
49162898,"SK","SK0","SK02","SK022"
49162970,"CZ","CZ0","CZ08","CZ080"
49162978,"CZ","CZ0","CZ08","CZ080"
49163194,"PL","PL7","PL71","PL714"
49163270,"PL","PL4","PL41","PL414"
49163342,"PL","PL6","PL61","PL619"
49163482,"PL","PL6","PL63","PL638"
49163486,"PL","PL6","PL63","PL638"
49163500,"PL","PL6","PL63","PL634"
49164374,"FI","FI1","FI19","FI195"
49164472,"FI","FI1","FI19","FI195"
49164854,"SE","SE3","SE33","SE332"
49164932,"SE","SE3","SE33","SE332"
49164976,"FI","FI1","FI1D","FI1D7"
49165040,"FI","FI1","FI1D","FI1D7"
49183046,"PL","PL2","PL22","PL227"
49183244,"PL","PL4","PL41","PL414"
49183442,"PL","PL6","PL63","PL638"
49184374,"FI","FI1","FI19","FI195"
49184882,"SE","SE3","SE33","SE332"
49184918,"SE","SE3","SE33","SE332"
49202010,"IT","ITF","ITF4","ITF47"
49203018,"PL","PL2","PL22","PL227"
49203076,"PL","PL5","PL52","PL524"
49203202,"PL","PL7","PL71","PL714"
49203212,"PL","PL7","PL71","PL714"
49203306,"PL","PL6","PL61","PL619"
49203356,"PL","PL6","PL61","PL613"
49203446,"PL","PL6","PL63","PL638"
49203450,"PL","PL6","PL63","PL638"
49204444,"FI","FI1","FI19","FI194"
49204494,"FI","FI1","FI19","FI195"
49204796,"SE","SE3","SE33","SE332"
49204850,"SE","SE3","SE33","SE332"
49205016,"FI","FI1","FI1D","FI1D7"
49223160,"PL","PL7","PL71","PL714"
49223196,"PL","PL7","PL71","PL714"
49223268,"PL","PL4","PL41","PL414"
49223286,"PL","PL6","PL61","PL619"
49224492,"FI","FI1","FI19","FI195"
49242562,"HU","HU2","HU23","HU231"
49242630,"HU","HU2","HU23","HU232"
49242634,"HU","HU2","HU23","HU232"
49242886,"SK","SK0","SK02","SK022"
49242940,"SK","SK0","SK02","SK022"
49243008,"CZ","CZ0","CZ08","CZ080"
49243026,"PL","PL2","PL22","PL227"
49243174,"PL","PL7","PL71","PL714"
49243210,"PL","PL7","PL71","PL714"
49243236,"PL","PL7","PL71","PL714"
49243260,"PL","PL4","PL41","PL414"
49243264,"PL","PL4","PL41","PL414"
49243272,"PL","PL4","PL41","PL414"
49244394,"FI","FI1","FI19","FI195"
49244398,"FI","FI1","FI19","FI195"
49244874,"SE","SE3","SE33","SE332"
49262008,"IT","ITF","ITF4","ITF47"
49262584,"HU","HU2","HU23","HU231"
49262866,"SK","SK0","SK02","SK023"
49263016,"PL","PL2","PL22","PL227"
49263172,"PL","PL7","PL71","PL714"
49263226,"PL","PL7","PL71","PL714"
49263232,"PL","PL7","PL71","PL714"
49264810,"SE","SE3","SE33","SE332"
49281816,"IT","ITF","ITF6","ITF62"
49282626,"HU","HU2","HU23","HU232"
49282824,"SK","SK0","SK02","SK023"
49282846,"SK","SK0","SK02","SK023"
49283134,"PL","PL5","PL52","PL524"
49283238,"PL","PL7","PL71","PL714"
49284390,"FI","FI1","FI19","FI195"
49284862,"SE","SE3","SE33","SE332"
49284984,"FI","FI1","FI1D","FI1D7"
49302672,"HU","HU2","HU23","HU232"
49302802,"SK","SK0","SK02","SK023"
49302928,"SK","SK0","SK02","SK022"
49302960,"CZ","CZ0","CZ08","CZ080"
49303230,"PL","PL7","PL71","PL714"
49303252,"PL","PL7","PL71","PL715"
49303288,"PL","PL4","PL41","PL414"
49303342,"PL","PL6","PL61","PL619"
49303464,"PL","PL6","PL63","PL638"
49322920,"SK","SK0","SK02","SK022"
49322980,"CZ","CZ0","CZ08","CZ080"
49323304,"PL","PL6","PL61","PL619"
49324888,"SE","SE3","SE33","SE332"
49324960,"FI","FI1","FI1D","FI1D7"
49341818,"IT","ITF","ITF6","ITF62"
49342622,"HU","HU2","HU23","HU232"
49342736,"HU","HU2","HU21","HU211"
49342798,"SK","SK0","SK02","SK023"
49342852,"SK","SK0","SK02","SK023"
49342870,"SK","SK0","SK02","SK022"
49342934,"SK","SK0","SK02","SK022"
49343194,"PL","PL7","PL71","PL714"
49343216,"PL","PL7","PL71","PL714"
49343276,"PL","PL4","PL41","PL414"
49343288,"PL","PL6","PL61","PL619"
49343312,"PL","PL6","PL61","PL619"
49343410,"PL","PL6","PL62","PL621"
49343432,"PL","PL6","PL62","PL621"
49344350,"FI","FI1","FI19","FI196"
49344436,"FI","FI1","FI19","FI194"
49344824,"SE","SE3","SE33","SE332"
49344890,"SE","SE3","SE33","SE332"
49364438,"FI","FI1","FI19","FI194"
49364486,"FI","FI1","FI19","FI195"
49364510,"FI","FI1","FI19","FI195"
49364810,"SE","SE3","SE33","SE332"
49382622,"HU","HU2","HU23","HU233"
49382676,"HU","HU2","HU23","HU232"
49382906,"SK","SK0","SK02","SK022"
49382996,"CZ","CZ0","CZ08","CZ080"
49383194,"PL","PL7","PL71","PL714"
49383202,"PL","PL7","PL71","PL714"
49383454,"PL","PL6","PL63","PL638"
49384382,"FI","FI1","FI19","FI194"
49384418,"FI","FI1","FI19","FI194"
49384534,"FI","FI1","FI19","FI195"
49384832,"SE","SE3","SE33","SE332"
49384868,"FI","FI1","FI1D","FI1D7"
49385002,"FI","FI1","FI1D","FI1D7"
49385056,"FI","FI1","FI1D","FI1D7"
49402656,"HU","HU2","HU23","HU232"
49402836,"SK","SK0","SK02","SK023"
49402872,"SK","SK0","SK02","SK022"
49404266,"FI","FI1","FI19","FI196"
49404432,"FI","FI1","FI19","FI194"
49404536,"FI","FI1","FI19","FI195"
49423170,"PL","PL7","PL71","PL713"
49423218,"PL","PL7","PL71","PL714"
49423254,"PL","PL7","PL71","PL715"
49423282,"PL","PL7","PL71","PL715"
49423380,"PL","PL6","PL61","PL616"
49423434,"PL","PL6","PL62","PL621"
49423458,"PL","PL6","PL63","PL638"
49423462,"PL","PL6","PL63","PL638"
49423480,"PL","PL6","PL62","PL621"
49423488,"PL","PL6","PL62","PL621"
49424308,"FI","FI1","FI19","FI196"
49424542,"FI","FI1","FI19","FI195"
49424820,"SE","SE3","SE33","SE332"
49424830,"SE","SE3","SE33","SE332"
49425006,"FI","FI1","FI1D","FI1D7"
49425064,"FI","FI1","FI1D","FI1D7"
49425226,"FI","FI1","FI1D","FI1D7"
49442584,"HU","HU2","HU23","HU231"
49442656,"HU","HU2","HU23","HU233"
49442722,"HU","HU2","HU21","HU211"
49442934,"SK","SK0","SK03","SK031"
49443178,"PL","PL7","PL71","PL713"
49443196,"PL","PL7","PL71","PL714"
49443268,"PL","PL7","PL71","PL715"
49443502,"PL","PL6","PL62","PL621"
49444320,"FI","FI1","FI19","FI196"
49444528,"FI","FI1","FI19","FI195"
49444846,"SE","SE3","SE33","SE332"
49445008,"FI","FI1","FI1D","FI1D7"
49445044,"FI","FI1","FI1D","FI1D7"
49462554,"HU","HU2","HU23","HU231"
49462572,"HU","HU2","HU23","HU231"
49462810,"SK","SK0","SK02","SK023"
49464312,"FI","FI1","FI19","FI196"
49464498,"FI","FI1","FI19","FI195"
49464876,"FI","FI1","FI1D","FI1D7"
49481956,"IT","ITF","ITF4","ITF43"
49482568,"HU","HU2","HU23","HU231"
49483014,"PL","PL2","PL22","PL225"
49483194,"PL","PL7","PL71","PL714"
49483198,"PL","PL7","PL71","PL714"
49483302,"PL","PL6","PL61","PL619"
49484292,"FI","FI1","FI19","FI196"
49484314,"FI","FI1","FI19","FI196"
49484440,"FI","FI1","FI19","FI194"
49484508,"FI","FI1","FI19","FI195"
49484958,"FI","FI1","FI1D","FI1D7"
49485034,"FI","FI1","FI1D","FI1D7"
49501954,"IT","ITF","ITF4","ITF43"
49502560,"HU","HU2","HU23","HU231"
49502668,"HU","HU2","HU21","HU211"
49502704,"HU","HU2","HU21","HU211"
49502800,"SK","SK0","SK02","SK023"
49503172,"PL","PL7","PL71","PL713"
49503190,"PL","PL7","PL71","PL714"
49503208,"PL","PL7","PL71","PL714"
49503244,"PL","PL7","PL71","PL712"
49503262,"PL","PL7","PL71","PL715"
49504222,"FI","FI1","FI1C","FI1C1"
49504478,"FI","FI1","FI19","FI195"
49504846,"FI","FI1","FI1D","FI1D7"
49522970,"CZ","CZ0","CZ08","CZ080"
49523186,"PL","PL7","PL71","PL713"
49523266,"PL","PL7","PL71","PL715"
49523276,"PL","PL7","PL71","PL715"
49523284,"PL","PL7","PL71","PL715"
49523302,"PL","PL6","PL61","PL619"
49524278,"FI","FI1","FI19","FI196"
49524320,"FI","FI1","FI19","FI196"
49524374,"FI","FI1","FI19","FI196"
49524418,"FI","FI1","FI19","FI194"
49524464,"FI","FI1","FI19","FI194"
49524554,"FI","FI1","FI19","FI195"
49524584,"FI","FI1","FI19","FI195"
49524926,"FI","FI1","FI1D","FI1D7"
49542974,"CZ","CZ0","CZ08","CZ080"
49542992,"PL","PL2","PL22","PL225"
49544434,"FI","FI1","FI19","FI194"
49561970,"IT","ITF","ITF4","ITF44"
49561996,"IT","ITF","ITF4","ITF44"
49562000,"IT","ITF","ITF4","ITF44"
49562968,"SK","SK0","SK03","SK031"
49564300,"FI","FI1","FI19","FI196"
49564328,"FI","FI1","FI19","FI196"
49564412,"FI","FI1","FI19","FI194"
49564534,"FI","FI1","FI19","FI195"
49564872,"FI","FI1","FI1D","FI1D7"
49565012,"FI","FI1","FI1D","FI1D7"
49565156,"FI","FI1","FI1D","FI1D7"
49565160,"FI","FI1","FI1D","FI1D7"
49565214,"FI","FI1","FI1D","FI1D7"
49582782,"SK","SK0","SK02","SK023"
49583214,"PL","PL7","PL71","PL712"
49583316,"PL","PL9","PL92","PL923"
49584294,"FI","FI1","FI19","FI196"
49584312,"FI","FI1","FI19","FI196"
49584522,"FI","FI1","FI19","FI194"
49584528,"FI","FI1","FI19","FI194"
49585158,"FI","FI1","FI1D","FI1D7"
49601964,"IT","ITF","ITF4","ITF44"
49602580,"HU","HU2","HU23","HU231"
49602810,"SK","SK0","SK02","SK023"
49602822,"SK","SK0","SK02","SK023"
49602832,"SK","SK0","SK02","SK023"
49602904,"SK","SK0","SK03","SK031"
49603200,"PL","PL7","PL71","PL714"
49603350,"PL","PL9","PL92","PL923"
49603462,"PL","PL6","PL62","PL621"
49603476,"PL","PL6","PL62","PL621"
49604430,"FI","FI1","FI19","FI194"
49604542,"FI","FI1","FI19","FI195"
49604566,"FI","FI1","FI19","FI195"
49604568,"FI","FI1","FI19","FI195"
49604884,"FI","FI1","FI1D","FI1D7"
49604946,"FI","FI1","FI1D","FI1D7"
49622620,"HU","HU2","HU23","HU231"
49623100,"PL","PL2","PL22","PL224"
49623196,"PL","PL7","PL71","PL713"
49623334,"PL","PL9","PL92","PL923"
49623502,"PL","PL6","PL62","PL621"
49624258,"FI","FI1","FI1C","FI1C1"
49624302,"FI","FI1","FI19","FI196"
49624882,"FI","FI1","FI1D","FI1D7"
49625026,"FI","FI1","FI1D","FI1D7"
49642720,"HU","HU2","HU21","HU211"
49642738,"HU","HU2","HU21","HU211"
49642882,"SK","SK0","SK02","SK022"
49643256,"PL","PL7","PL71","PL715"
49643278,"PL","PL7","PL71","PL715"
49643472,"PL","PL6","PL62","PL621"
49644300,"FI","FI1","FI19","FI196"
49644354,"FI","FI1","FI19","FI196"
49644912,"FI","FI1","FI1D","FI1D7"
49644930,"FI","FI1","FI1D","FI1D7"
49662906,"SK","SK0","SK03","SK031"
49663176,"PL","PL7","PL71","PL713"
49663270,"PL","PL7","PL71","PL715"
49663284,"PL","PL7","PL71","PL715"
49663320,"PL","PL9","PL92","PL923"
49663464,"PL","PL6","PL62","PL621"
49664350,"FI","FI1","FI19","FI196"
49664530,"FI","FI1","FI19","FI194"
49664548,"FI","FI1","FI19","FI195"
49664566,"FI","FI1","FI19","FI195"
49665282,"FI","FI1","FI1D","FI1D7"
49682560,"HU","HU2","HU23","HU231"
49682686,"HU","HU2","HU21","HU211"
49682884,"SK","SK0","SK02","SK022"
49683178,"PL","PL7","PL71","PL713"
49683466,"PL","PL6","PL62","PL621"
49684306,"FI","FI1","FI19","FI196"
49684342,"FI","FI1","FI19","FI196"
49684522,"FI","FI1","FI19","FI194"
49684538,"FI","FI1","FI19","FI195"
49684564,"FI","FI1","FI19","FI195"
49684592,"FI","FI1","FI1D","FI1D5"
49685086,"FI","FI1","FI1D","FI1D7"
49701980,"IT","ITF","ITF4","ITF44"
49702798,"SK","SK0","SK02","SK023"
49702838,"SK","SK0","SK02","SK023"
49702880,"SK","SK0","SK03","SK032"
49702910,"SK","SK0","SK03","SK031"
49703024,"PL","PL2","PL22","PL22C"
49703144,"PL","PL2","PL22","PL224"
49703482,"PL","PL6","PL62","PL621"
49703500,"PL","PL6","PL62","PL621"
49704256,"FI","FI1","FI1C","FI1C1"
49704292,"FI","FI1","FI19","FI196"
49704296,"FI","FI1","FI19","FI196"
49704374,"FI","FI1","FI19","FI196"
49704436,"FI","FI1","FI19","FI194"
49704508,"FI","FI1","FI19","FI194"
49704544,"FI","FI1","FI19","FI195"
49704562,"FI","FI1","FI19","FI195"
49705016,"FI","FI1","FI1D","FI1D7"
49705052,"FI","FI1","FI1D","FI1D7"
49705076,"FI","FI1","FI1D","FI1D7"
49722502,"HR","HR0","HR04","HR04B"
49722596,"HU","HU2","HU23","HU231"
49722812,"SK","SK0","SK02","SK023"
49722854,"SK","SK0","SK03","SK032"
49724240,"FI","FI1","FI1C","FI1C1"
49724396,"FI","FI1","FI19","FI196"
49724432,"FI","FI1","FI19","FI194"
49724506,"FI","FI1","FI19","FI194"
49724528,"FI","FI1","FI19","FI194"
49724574,"FI","FI1","FI19","FI195"
49724820,"FI","FI1","FI1D","FI1D7"
49724864,"FI","FI1","FI1D","FI1D7"
49741978,"IT","ITF","ITF4","ITF44"
49741988,"IT","ITF","ITF4","ITF44"
49742582,"HU","HU2","HU23","HU231"
49742784,"SK","SK0","SK02","SK023"
49742816,"SK","SK0","SK02","SK023"
49743234,"PL","PL7","PL71","PL711"
49743238,"PL","PL7","PL71","PL712"
49744242,"FI","FI1","FI1C","FI1C1"
49744314,"FI","FI1","FI19","FI196"
49744332,"FI","FI1","FI19","FI196"
49744408,"FI","FI1","FI19","FI196"
49744418,"FI","FI1","FI19","FI194"
49744436,"FI","FI1","FI19","FI194"
49744548,"FI","FI1","FI19","FI195"
49744598,"FI","FI1","FI1D","FI1D5"
49762854,"SK","SK0","SK03","SK032"
49763232,"PL","PL7","PL71","PL711"
49763304,"PL","PL9","PL92","PL923"
49763448,"PL","PL6","PL62","PL621"
49763466,"PL","PL6","PL62","PL621"
49764330,"FI","FI1","FI19","FI196"
49764590,"FI","FI1","FI1D","FI1D5"
49765086,"FI","FI1","FI1D","FI1D7"
49781958,"IT","ITF","ITF4","ITF44"
49782648,"HU","HU2","HU23","HU233"
49782670,"HU","HU2","HU21","HU211"
49782732,"HU","HU2","HU21","HU211"
49782822,"SK","SK0","SK02","SK023"
49782958,"SK","SK0","SK03","SK031"
49782972,"PL","PL2","PL22","PL225"
49783174,"PL","PL7","PL71","PL713"
49783236,"PL","PL7","PL71","PL711"
49783246,"PL","PL7","PL71","PL712"
49784196,"FI","FI1","FI1C","FI1C1"
49784208,"FI","FI1","FI1C","FI1C1"
49784244,"FI","FI1","FI1C","FI1C1"
49784290,"FI","FI1","FI19","FI196"
49784340,"FI","FI1","FI19","FI196"
49784370,"FI","FI1","FI19","FI196"
49784460,"FI","FI1","FI19","FI194"
49784574,"FI","FI1","FI19","FI195"
49784578,"FI","FI1","FI19","FI195"
49784610,"FI","FI1","FI1D","FI1D5"
49784970,"FI","FI1","FI1D","FI1D7"
49785064,"FI","FI1","FI1D","FI1D7"
49785262,"FI","FI1","FI1D","FI1D7"
49802596,"HU","HU2","HU23","HU231"
49802926,"SK","SK0","SK03","SK031"
49803016,"PL","PL2","PL21","PL21A"
49803118,"PL","PL2","PL22","PL224"
49803232,"PL","PL7","PL71","PL711"
49803376,"PL","PL9","PL92","PL922"
49803412,"PL","PL6","PL62","PL621"
49803514,"PL","PL6","PL62","PL621"
49804234,"FI","FI1","FI1C","FI1C1"
49804816,"FI","FI1","FI1D","FI1D7"
49804882,"FI","FI1","FI1D","FI1D7"
49805044,"FI","FI1","FI1D","FI1D7"
49805122,"FI","FI1","FI1D","FI1D7"
49822572,"HU","HU2","HU23","HU231"
49822626,"HU","HU2","HU23","HU233"
49822698,"HU","HU2","HU21","HU211"
49822900,"SK","SK0","SK03","SK032"
49823184,"PL","PL7","PL71","PL713"
49823260,"PL","PL7","PL71","PL715"
49823418,"PL","PL6","PL62","PL621"
49824264,"FI","FI1","FI19","FI196"
49824430,"FI","FI1","FI19","FI194"
49824592,"FI","FI1","FI1D","FI1D5"
49825168,"FI","FI1","FI1D","FI1D7"
49841970,"IT","ITF","ITF4","ITF44"
49842892,"SK","SK0","SK03","SK032"
49843032,"PL","PL2","PL21","PL21A"
49843216,"PL","PL7","PL71","PL712"
49843504,"PL","PL6","PL62","PL621"
49844296,"FI","FI1","FI19","FI196"
49844302,"FI","FI1","FI19","FI196"
49844338,"FI","FI1","FI19","FI196"
49844400,"FI","FI1","FI19","FI196"
49844404,"FI","FI1","FI19","FI196"
49844454,"FI","FI1","FI19","FI194"
49844512,"FI","FI1","FI19","FI194"
49844566,"FI","FI1","FI19","FI195"
49844598,"FI","FI1","FI1D","FI1D5"
49845142,"FI","FI1","FI1D","FI1D7"
49862560,"HR","HR0","HR04","HR04B"
49862704,"HU","HU2","HU21","HU211"
49862710,"HU","HU2","HU21","HU211"
49862930,"SK","SK0","SK03","SK031"
49863136,"PL","PL7","PL71","PL713"
49863190,"PL","PL7","PL71","PL713"
49863208,"PL","PL7","PL71","PL713"
49863322,"PL","PL9","PL92","PL923"
49864226,"FI","FI1","FI1C","FI1C1"
49864414,"FI","FI1","FI19","FI196"
49864448,"FI","FI1","FI19","FI194"
49864510,"FI","FI1","FI19","FI194"
49864960,"FI","FI1","FI1D","FI1D7"
49865206,"FI","FI1","FI1D","FI1D7"
49882564,"HU","HU2","HU23","HU231"
49882592,"HU","HU2","HU23","HU231"
49882700,"HU","HU2","HU21","HU211"
49882816,"SK","SK0","SK02","SK023"
49882888,"SK","SK0","SK03","SK032"
49882996,"PL","PL2","PL22","PL225"
49883162,"PL","PL7","PL71","PL713"
49883222,"PL","PL7","PL71","PL712"
49883234,"PL","PL7","PL71","PL712"
49883266,"PL","PL7","PL71","PL715"
49883342,"PL","PL9","PL92","PL923"
49883468,"PL","PL6","PL62","PL622"
49883510,"PL","PL6","PL62","PL621"
49884346,"FI","FI1","FI19","FI196"
49884422,"FI","FI1","FI19","FI194"
49884544,"FI","FI1","FI19","FI194"
49884814,"FI","FI1","FI1D","FI1D7"
49884818,"FI","FI1","FI1D","FI1D7"
49884842,"FI","FI1","FI1D","FI1D7"
49902530,"HR","HR0","HR04","HR04B"
49902614,"HU","HU2","HU23","HU233"
49903118,"PL","PL2","PL22","PL224"
49903298,"PL","PL9","PL92","PL923"
49904272,"FI","FI1","FI19","FI196"
49904342,"FI","FI1","FI19","FI196"
49904446,"FI","FI1","FI19","FI194"
49921952,"IT","ITF","ITF4","ITF45"
49921970,"IT","ITF","ITF4","ITF44"
49922582,"HU","HU2","HU23","HU231"
49922626,"HU","HU2","HU23","HU233"
49922748,"HU","HU1","HU12","HU120"
49922896,"SK","SK0","SK03","SK032"
49923050,"PL","PL2","PL21","PL21A"
49923216,"PL","PL7","PL71","PL712"
49923248,"PL","PL7","PL71","PL712"
49923310,"PL","PL9","PL92","PL923"
49923342,"PL","PL9","PL92","PL923"
49923464,"PL","PL6","PL62","PL622"
49924350,"FI","FI1","FI19","FI197"
49924566,"FI","FI1","FI1D","FI1D5"
49942602,"HU","HU2","HU23","HU233"
49942854,"SK","SK0","SK03","SK032"
49942944,"SK","SK0","SK03","SK031"
49943106,"PL","PL2","PL22","PL224"
49943484,"PL","PL6","PL62","PL622"
49962634,"HU","HU2","HU23","HU233"
49962684,"HU","HU2","HU21","HU211"
49962994,"PL","PL2","PL22","PL225"
49963038,"PL","PL2","PL21","PL21A"
49963192,"PL","PL7","PL71","PL713"
49963200,"PL","PL7","PL71","PL713"
49963254,"PL","PL7","PL71","PL715"
49963260,"PL","PL7","PL71","PL715"
49963290,"PL","PL9","PL92","PL923"
49963494,"PL","PL6","PL62","PL622"
49963498,"PL","PL6","PL62","PL622"
49964190,"FI","FI1","FI1C","FI1C1"
49964200,"FI","FI1","FI1C","FI1C1"
49964460,"FI","FI1","FI19","FI194"
49964622,"FI","FI1","FI1D","FI1D9"
49964636,"FI","FI1","FI1D","FI1D9"
49982656,"HU","HU2","HU23","HU233"
49982866,"SK","SK0","SK03","SK032"
49982916,"SK","SK0","SK03","SK031"
49982938,"SK","SK0","SK03","SK031"
49982962,"SK","SK0","SK03","SK031"
49982970,"SK","SK0","SK03","SK031"
49983196,"PL","PL7","PL71","PL713"
49983208,"PL","PL7","PL71","PL713"
49983234,"PL","PL7","PL71","PL712"
49983280,"PL","PL7","PL71","PL715"
49983340,"PL","PL9","PL92","PL922"
49984222,"FI","FI1","FI1C","FI1C1"
49984564,"FI","FI1","FI1D","FI1D5"
49984648,"FI","FI1","FI1D","FI1D9"
49984918,"FI","FI1","FI1D","FI1D7"
49984936,"FI","FI1","FI1D","FI1D7"
49984954,"FI","FI1","FI1D","FI1D7"
49984978,"FI","FI1","FI1D","FI1D7"
49985014,"FI","FI1","FI1D","FI1D7"
49985170,"FI","FI1","FI1D","FI1D7"
49985224,"FI","FI1","FI1D","FI1D7"
50001942,"IT","ITF","ITF4","ITF45"
50002608,"HU","HU2","HU23","HU233"
50002878,"SK","SK0","SK03","SK032"
50002954,"SK","SK0","SK03","SK031"
50003130,"PL","PL7","PL71","PL713"
50003206,"PL","PL7","PL71","PL713"
50003224,"PL","PL7","PL71","PL712"
50003292,"PL","PL9","PL92","PL926"
50003296,"PL","PL9","PL92","PL926"
50003436,"PL","PL6","PL62","PL622"
50004294,"FI","FI1","FI19","FI196"
50004308,"FI","FI1","FI19","FI197"
50004340,"FI","FI1","FI19","FI197"
50004394,"FI","FI1","FI19","FI197"
50004552,"FI","FI1","FI19","FI195"
50004646,"FI","FI1","FI1D","FI1D9"
50004912,"FI","FI1","FI1D","FI1D7"
50005182,"FI","FI1","FI1D","FI1D7"
50022582,"HU","HU2","HU23","HU231"
50022600,"HU","HU2","HU23","HU233"
50022658,"HU","HU2","HU23","HU233"
50022870,"SK","SK0","SK03","SK032"
50022924,"SK","SK0","SK03","SK031"
50022946,"SK","SK0","SK03","SK031"
50022978,"SK","SK0","SK03","SK031"
50023090,"PL","PL2","PL22","PL22B"
50023248,"PL","PL7","PL71","PL715"
50023320,"PL","PL9","PL92","PL923"
50023446,"PL","PL6","PL62","PL622"
50023768,"LV","LV0","LV00","LV003"
50024284,"FI","FI1","FI19","FI196"
50024562,"FI","FI1","FI1D","FI1D5"
50024584,"FI","FI1","FI1D","FI1D5"
50024598,"FI","FI1","FI1D","FI1D5"
50024652,"FI","FI1","FI1D","FI1D9"
50025016,"FI","FI1","FI1D","FI1D7"
50025210,"FI","FI1","FI1D","FI1D7"
50042692,"HU","HU3","HU33","HU331"
50042998,"PL","PL2","PL21","PL219"
50043106,"PL","PL2","PL22","PL22B"
50043370,"PL","PL9","PL92","PL922"
50043478,"PL","PL6","PL62","PL622"
50043724,"LV","LV0","LV00","LV003"
50044414,"FI","FI1","FI19","FI197"
50044612,"FI","FI1","FI1D","FI1D5"
50044630,"FI","FI1","FI1D","FI1D9"
50044640,"FI","FI1","FI1D","FI1D9"
50045170,"FI","FI1","FI1D","FI1D7"
50061970,"IT","ITF","ITF4","ITF44"
50062694,"HU","HU3","HU33","HU331"
50062712,"HU","HU1","HU12","HU120"
50063132,"PL","PL7","PL71","PL713"
50063150,"PL","PL7","PL71","PL713"
50063158,"PL","PL7","PL71","PL713"
50063180,"PL","PL7","PL71","PL713"
50063194,"PL","PL7","PL71","PL713"
50063216,"PL","PL7","PL71","PL713"
50063258,"PL","PL7","PL71","PL715"
50063302,"PL","PL9","PL92","PL923"
50063312,"PL","PL9","PL92","PL923"
50063330,"PL","PL9","PL92","PL923"
50063396,"PL","PL6","PL62","PL622"
50063500,"PL","PL6","PL62","PL622"
50064428,"FI","FI1","FI19","FI194"
50064620,"FI","FI1","FI1D","FI1D5"
50064868,"FI","FI1","FI1D","FI1D7"
50064890,"FI","FI1","FI1D","FI1D7"
50081966,"IT","ITF","ITF4","ITF45"
50083190,"PL","PL7","PL71","PL713"
50083244,"PL","PL7","PL71","PL715"
50083316,"PL","PL9","PL92","PL923"
50083478,"PL","PL6","PL62","PL622"
50083514,"PL","PL6","PL62","PL622"
50083792,"LV","LV0","LV00","LV003"
50084198,"FI","FI1","FI1C","FI1C1"
50084240,"FI","FI1","FI1C","FI1C1"
50084270,"FI","FI1","FI1C","FI1C1"
50084306,"FI","FI1","FI19","FI197"
50084338,"FI","FI1","FI19","FI197"
50084446,"FI","FI1","FI19","FI194"
50084576,"FI","FI1","FI1D","FI1D5"
50085170,"FI","FI1","FI1D","FI1D7"
50102604,"HU","HU3","HU33","HU331"
50102618,"HU","HU3","HU33","HU331"
50102730,"HU","HU1","HU12","HU120"
50102734,"HU","HU1","HU12","HU120"
50102888,"SK","SK0","SK03","SK032"
50102914,"SK","SK0","SK03","SK031"
50102928,"SK","SK0","SK03","SK031"
50103068,"PL","PL2","PL21","PL21A"
50103184,"PL","PL7","PL71","PL713"
50103238,"PL","PL7","PL71","PL715"
50103248,"PL","PL7","PL71","PL715"
50104224,"FI","FI1","FI1C","FI1C1"
50104242,"FI","FI1","FI1C","FI1C1"
50104264,"FI","FI1","FI1C","FI1C1"
50104274,"FI","FI1","FI19","FI196"
50104278,"FI","FI1","FI19","FI196"
50104318,"FI","FI1","FI19","FI197"
50104534,"FI","FI1","FI19","FI194"
50104670,"FI","FI1","FI1D","FI1D9"
50121918,"IT","ITF","ITF4","ITF45"
50121954,"IT","ITF","ITF4","ITF45"
50123124,"PL","PL7","PL72","PL722"
50123484,"PL","PL6","PL62","PL622"
50123764,"LV","LV0","LV00","LV003"
50123782,"LV","LV0","LV00","LV003"
50124194,"FI","FI1","FI1C","FI1C1"
50124366,"FI","FI1","FI19","FI197"
50124636,"FI","FI1","FI1D","FI1D9"
50124834,"FI","FI1","FI1D","FI1D7"
50141928,"IT","ITF","ITF4","ITF45"
50141940,"IT","ITF","ITF4","ITF45"
50142760,"HU","HU1","HU12","HU120"
50142882,"SK","SK0","SK03","SK032"
50142940,"SK","SK0","SK03","SK031"
50142958,"SK","SK0","SK03","SK031"
50143092,"PL","PL2","PL22","PL22B"
50143110,"PL","PL2","PL22","PL22B"
50143134,"PL","PL7","PL72","PL722"
50143146,"PL","PL7","PL72","PL722"
50143152,"PL","PL7","PL71","PL713"
50143296,"PL","PL9","PL92","PL926"
50143314,"PL","PL9","PL92","PL922"
50143404,"PL","PL6","PL62","PL622"
50143498,"PL","PL6","PL62","PL622"
50143512,"PL","PL6","PL62","PL622"
50143726,"LV","LV0","LV00","LV003"
50144222,"FI","FI1","FI1C","FI1C1"
50144226,"FI","FI1","FI1C","FI1C1"
50144242,"FI","FI1","FI1C","FI1C1"
50144640,"FI","FI1","FI1D","FI1D9"
50144658,"FI","FI1","FI1D","FI1D9"
50162668,"HU","HU3","HU33","HU331"
50162836,"SK","SK0","SK03","SK032"
50162998,"PL","PL2","PL21","PL219"
50163222,"PL","PL7","PL71","PL713"
50163244,"PL","PL7","PL71","PL715"
50163250,"PL","PL7","PL71","PL715"
50163358,"PL","PL9","PL92","PL922"
50163370,"PL","PL9","PL92","PL922"
50163692,"LT","LT0","LT02","LT023"
50163796,"LV","LV0","LV00","LV003"
50163836,"LV","LV0","LV00","LV003"
50164234,"FI","FI1","FI1C","FI1C1"
50164284,"FI","FI1","FI19","FI196"
50164494,"FI","FI1","FI19","FI194"
50164518,"FI","FI1","FI19","FI194"
50164564,"FI","FI1","FI1D","FI1D5"
50164594,"FI","FI1","FI1D","FI1D5"
50164810,"FI","FI1","FI1D","FI1D7"
50164936,"FI","FI1","FI1D","FI1D7"
50164954,"FI","FI1","FI1D","FI1D7"
50165062,"FI","FI1","FI1D","FI1D7"
50183044,"PL","PL2","PL21","PL214"
50183184,"PL","PL7","PL71","PL713"
50183224,"PL","PL7","PL71","PL713"
50183292,"PL","PL9","PL92","PL926"
50183332,"PL","PL9","PL92","PL922"
50183494,"PL","PL6","PL62","PL622"
50183772,"LV","LV0","LV00","LV003"
50184210,"FI","FI1","FI1C","FI1C1"
50184236,"FI","FI1","FI1C","FI1C1"
50184304,"FI","FI1","FI19","FI197"
50184484,"FI","FI1","FI19","FI194"
50184520,"FI","FI1","FI19","FI194"
50184570,"FI","FI1","FI1D","FI1D5"
50202690,"HU","HU3","HU33","HU331"
50202816,"HU","HU3","HU31","HU313"
50202892,"SK","SK0","SK03","SK032"
50203270,"PL","PL7","PL71","PL715"
50203276,"PL","PL9","PL92","PL926"
50203342,"PL","PL9","PL92","PL922"
50203822,"LV","LV0","LV00","LV003"
50203858,"LV","LV0","LV00","LV003"
50204184,"FI","FI1","FI1C","FI1C1"
50204242,"FI","FI1","FI1C","FI1C1"
50204296,"FI","FI1","FI19","FI197"
50204400,"FI","FI1","FI19","FI197"
50204418,"FI","FI1","FI19","FI197"
50204476,"FI","FI1","FI19","FI194"
50205196,"FI","FI1","FI1D","FI1D7"
50222584,"HU","HU3","HU33","HU331"
50222920,"SK","SK0","SK03","SK031"
50223106,"PL","PL7","PL72","PL722"
50223854,"LV","LV0","LV00","LV003"
50224262,"FI","FI1","FI1C","FI1C1"
50224370,"FI","FI1","FI19","FI197"
50224522,"FI","FI1","FI19","FI194"
50224612,"FI","FI1","FI1D","FI1D9"
50224684,"FI","FI1","FI1D","FI1D9"
50224906,"FI","FI1","FI1D","FI1D7"
50224978,"FI","FI1","FI1D","FI1D7"
50225104,"FI","FI1","FI1D","FI1D7"
50241908,"IT","ITF","ITF4","ITF45"
50241926,"IT","ITF","ITF4","ITF45"
50241938,"IT","ITF","ITF4","ITF45"
50241952,"IT","ITF","ITF4","ITF45"
50242604,"HU","HU3","HU33","HU331"
50242658,"HU","HU3","HU33","HU331"
50242736,"HU","HU1","HU12","HU120"
50243144,"PL","PL7","PL72","PL722"
50243176,"PL","PL7","PL71","PL713"
50243186,"PL","PL7","PL71","PL713"
50243204,"PL","PL7","PL71","PL713"
50243222,"PL","PL7","PL71","PL713"
50243320,"PL","PL9","PL92","PL922"
50243486,"PL","PL6","PL62","PL622"
50243682,"LT","LT0","LT02","LT023"
50243722,"LT","LT0","LT02","LT023"
50243736,"LT","LT0","LT02","LT023"
50243812,"LV","LV0","LV00","LV003"
50244248,"FI","FI1","FI1C","FI1C1"
50244278,"FI","FI1","FI1C","FI1C1"
50244296,"FI","FI1","FI19","FI197"
50244500,"FI","FI1","FI19","FI194"
50244526,"FI","FI1","FI19","FI194"
50244544,"FI","FI1","FI1D","FI1D5"
50244572,"FI","FI1","FI1D","FI1D5"
50262740,"HU","HU1","HU12","HU120"
50262830,"SK","SK0","SK03","SK032"
50263028,"PL","PL2","PL21","PL214"
50263690,"LT","LT0","LT02","LT023"
50263702,"LT","LT0","LT02","LT023"
50263708,"LT","LT0","LT02","LT023"
50263720,"LT","LT0","LT02","LT023"
50263798,"LV","LV0","LV00","LV003"
50263838,"LV","LV0","LV00","LV003"
50264180,"FI","FI1","FI1C","FI1C1"
50264234,"FI","FI1","FI1C","FI1C1"
50264288,"FI","FI1","FI19","FI197"
50264450,"FI","FI1","FI19","FI194"
50265008,"FI","FI1","FI1D","FI1D7"
50265206,"FI","FI1","FI1D","FI1D7"
50282626,"HU","HU3","HU33","HU331"
50282640,"HU","HU3","HU33","HU331"
50282676,"HU","HU3","HU33","HU331"
50282690,"HU","HU3","HU33","HU331"
50282716,"HU","HU1","HU12","HU120"
50282744,"HU","HU1","HU12","HU120"
50282856,"SK","SK0","SK03","SK032"
50282928,"SK","SK0","SK03","SK031"
50283108,"PL","PL7","PL72","PL722"
50283112,"PL","PL7","PL72","PL722"
50283220,"PL","PL7","PL71","PL713"
50283482,"PL","PL6","PL62","PL622"
50283518,"PL","PL6","PL62","PL622"
50283700,"LT","LT0","LT02","LT023"
50284206,"FI","FI1","FI1C","FI1C1"
50284220,"FI","FI1","FI1C","FI1C1"
50284232,"FI","FI1","FI1C","FI1C1"
50284328,"FI","FI1","FI19","FI197"
50284436,"FI","FI1","FI19","FI197"
50284502,"FI","FI1","FI19","FI194"
50284508,"FI","FI1","FI19","FI194"
50284620,"FI","FI1","FI1D","FI1D9"
50284688,"FI","FI1","FI1D","FI1D9"
50284804,"FI","FI1","FI1D","FI1D9"
50285020,"FI","FI1","FI1D","FI1D7"
50285214,"FI","FI1","FI1D","FI1D7"
50301954,"IT","ITF","ITF4","ITF45"
50302620,"HU","HU3","HU33","HU331"
50302926,"SK","SK0","SK03","SK031"
50303214,"PL","PL7","PL71","PL713"
50303340,"PL","PL9","PL92","PL922"
50303642,"LT","LT0","LT02","LT023"
50303656,"LT","LT0","LT02","LT023"
50303660,"LT","LT0","LT02","LT023"
50303674,"LT","LT0","LT02","LT023"
50303696,"LT","LT0","LT02","LT023"
50303796,"LV","LV0","LV00","LV003"
50303804,"LV","LV0","LV00","LV003"
50303814,"LV","LV0","LV00","LV003"
50304402,"FI","FI1","FI19","FI197"
50304582,"FI","FI1","FI1D","FI1D5"
50305068,"FI","FI1","FI1D","FI1D7"
50322648,"HU","HU3","HU33","HU331"
50322756,"HU","HU1","HU12","HU120"
50322774,"HU","HU1","HU12","HU120"
50322912,"SK","SK0","SK03","SK032"
50322994,"PL","PL2","PL21","PL219"
50323008,"PL","PL2","PL21","PL214"
50323020,"PL","PL2","PL21","PL214"
50323026,"PL","PL2","PL21","PL214"
50323074,"PL","PL2","PL21","PL214"
50323462,"PL","PL6","PL62","PL622"
50323502,"PL","PL6","PL62","PL622"
50323756,"LV","LV0","LV00","LV003"
50323762,"LV","LV0","LV00","LV003"
50323806,"LV","LV0","LV00","LV003"
50324178,"FI","FI1","FI1C","FI1C1"
50324190,"FI","FI1","FI1C","FI1C1"
50324316,"FI","FI1","FI19","FI197"
50324484,"FI","FI1","FI19","FI194"
50324538,"FI","FI1","FI1D","FI1D5"
50324550,"FI","FI1","FI1D","FI1D5"
50324560,"FI","FI1","FI1D","FI1D5"
50324578,"FI","FI1","FI1D","FI1D5"
50324884,"FI","FI1","FI1D","FI1D7"
50324938,"FI","FI1","FI1D","FI1D7"
50325010,"FI","FI1","FI1D","FI1D7"
50342776,"HU","HU1","HU12","HU120"
50343024,"PL","PL2","PL21","PL214"
50343142,"PL","PL7","PL72","PL721"
50343154,"PL","PL7","PL72","PL721"
50343244,"PL","PL7","PL71","PL715"
50343250,"PL","PL7","PL71","PL715"
50343442,"PL","PL6","PL62","PL622"
50343732,"LT","LT0","LT02","LT023"
50343746,"LT","LT0","LT02","LT023"
50343760,"LV","LV0","LV00","LV003"
50343778,"LV","LV0","LV00","LV003"
50343782,"LV","LV0","LV00","LV003"
50343800,"LV","LV0","LV00","LV003"
50343970,"EE","EE0","EE00","EE004"
50344270,"FI","FI1","FI1C","FI1C1"
50344348,"FI","FI1","FI19","FI197"
50344366,"FI","FI1","FI19","FI197"
50344878,"FI","FI1","FI1D","FI1D7"
50344932,"FI","FI1","FI1D","FI1D7"
50345050,"FI","FI1","FI1D","FI1D7"
50345130,"FI","FI1","FI1D","FI1D7"
50361942,"IT","ITF","ITF4","ITF45"
50362630,"HU","HU3","HU33","HU331"
50362720,"HU","HU1","HU12","HU120"
50362788,"HU","HU3","HU31","HU313"
50362842,"SK","SK0","SK03","SK032"
50363022,"PL","PL2","PL21","PL214"
50363026,"PL","PL2","PL21","PL214"
50363130,"PL","PL7","PL72","PL722"
50363490,"PL","PL6","PL62","PL622"
50363718,"LT","LT0","LT02","LT023"
50363736,"LT","LT0","LT02","LT023"
50364240,"FI","FI1","FI1C","FI1C1"
50364448,"FI","FI1","FI19","FI194"
50364606,"FI","FI1","FI1D","FI1D9"
50364624,"FI","FI1","FI1D","FI1D9"
50364678,"FI","FI1","FI1D","FI1D9"
50364808,"FI","FI1","FI1D","FI1D9"
50382636,"HU","HU3","HU33","HU331"
50382658,"HU","HU3","HU33","HU331"
50382730,"HU","HU1","HU12","HU120"
50382960,"PL","PL2","PL21","PL219"
50383086,"PL","PL2","PL21","PL214"
50383320,"PL","PL9","PL91","PL913"
50383432,"PL","PL6","PL62","PL622"
50383504,"PL","PL6","PL62","PL622"
50383522,"PL","PL6","PL62","PL622"
50383668,"LT","LT0","LT02","LT023"
50383678,"LT","LT0","LT02","LT023"
50383732,"LT","LT0","LT02","LT023"
50383750,"LT","LT0","LT02","LT023"
50383804,"LV","LV0","LV00","LV003"
50384260,"FI","FI1","FI1C","FI1C2"
50384346,"FI","FI1","FI19","FI197"
50384494,"FI","FI1","FI19","FI194"
50384652,"FI","FI1","FI1D","FI1D9"
50384994,"FI","FI1","FI1D","FI1D7"
50385232,"FI","FI1","FI1D","FI1D7"
50401930,"IT","ITF","ITF4","ITF45"
50402656,"HU","HU3","HU33","HU331"
50402876,"SK","SK0","SK03","SK032"
50402992,"PL","PL2","PL21","PL219"
50403010,"PL","PL2","PL21","PL214"
50403182,"PL","PL7","PL71","PL713"
50403208,"PL","PL7","PL71","PL713"
50403244,"PL","PL7","PL71","PL715"
50403250,"PL","PL7","PL71","PL715"
50403370,"PL","PL9","PL92","PL922"
50403388,"PL","PL9","PL92","PL924"
50403710,"LT","LT0","LT02","LT023"
50403872,"LV","LV0","LV00","LV003"
50404972,"FI","FI1","FI1D","FI1D7"
50405140,"FI","FI1","FI1D","FI1D7"
50405152,"FI","FI1","FI1D","FI1D7"
50422622,"HU","HU3","HU33","HU331"
50422798,"HU","HU3","HU31","HU313"
50423194,"PL","PL7","PL71","PL713"
50423230,"PL","PL7","PL71","PL715"
50423252,"PL","PL9","PL92","PL926"
50423360,"PL","PL9","PL92","PL922"
50423474,"PL","PL6","PL62","PL622"
50423510,"PL","PL6","PL62","PL622"
50424278,"FI","FI1","FI1C","FI1C2"
50424476,"FI","FI1","FI19","FI194"
50424512,"FI","FI1","FI19","FI193"
50424544,"FI","FI1","FI1D","FI1D5"
50424782,"FI","FI1","FI1D","FI1D9"
50424896,"FI","FI1","FI1D","FI1D7"
50424986,"FI","FI1","FI1D","FI1D7"
50442704,"HU","HU3","HU33","HU331"
50443136,"PL","PL7","PL72","PL721"
50443648,"LT","LT0","LT02","LT023"
50443654,"LT","LT0","LT02","LT023"
50443810,"LV","LV0","LV00","LV003"
50444180,"FI","FI1","FI1C","FI1C1"
50444306,"FI","FI1","FI19","FI197"
50444630,"FI","FI1","FI1D","FI1D9"
50462726,"HU","HU1","HU12","HU120"
50462784,"HU","HU3","HU31","HU312"
50462878,"SK","SK0","SK03","SK032"
50463018,"PL","PL2","PL21","PL214"
50463076,"PL","PL2","PL21","PL214"
50463086,"PL","PL2","PL21","PL214"
50463176,"PL","PL7","PL72","PL721"
50463320,"PL","PL9","PL91","PL913"
50463772,"LV","LV0","LV00","LV003"
50463826,"LV","LV0","LV00","LV003"
50464184,"FI","FI1","FI1C","FI1C1"
50464192,"FI","FI1","FI1C","FI1C1"
50464202,"FI","FI1","FI1C","FI1C1"
50464206,"FI","FI1","FI1C","FI1C1"
50464260,"FI","FI1","FI1C","FI1C2"
50464274,"FI","FI1","FI1C","FI1C2"
50464368,"FI","FI1","FI19","FI197"
50464562,"FI","FI1","FI1D","FI1D5"
50464624,"FI","FI1","FI1D","FI1D9"
50464688,"FI","FI1","FI1D","FI1D9"
50464692,"FI","FI1","FI1D","FI1D9"
50483034,"PL","PL2","PL21","PL214"
50483070,"PL","PL2","PL21","PL214"
50483388,"PL","PL9","PL92","PL924"
50483394,"PL","PL9","PL92","PL924"
50483656,"LT","LT0","LT02","LT023"
50483696,"LT","LT0","LT02","LT028"
50483710,"LT","LT0","LT02","LT028"
50483728,"LT","LT0","LT02","LT023"
50483840,"LV","LV0","LV00","LV003"
50484204,"FI","FI1","FI1C","FI1C1"
50484302,"FI","FI1","FI19","FI197"
50484402,"FI","FI1","FI19","FI197"
50484438,"FI","FI1","FI19","FI193"
50484564,"FI","FI1","FI1D","FI1D5"
50484654,"FI","FI1","FI1D","FI1D9"
50502616,"HU","HU3","HU33","HU331"
50502724,"HU","HU1","HU12","HU120"
50502738,"HU","HU1","HU12","HU120"
50502828,"HU","HU3","HU31","HU313"
50502864,"SK","SK0","SK03","SK032"
50503080,"PL","PL2","PL21","PL214"
50503200,"PL","PL9","PL92","PL921"
50503218,"PL","PL9","PL92","PL926"
50503224,"PL","PL9","PL92","PL926"
50503246,"PL","PL9","PL92","PL926"
50503672,"LT","LT0","LT02","LT023"
50503770,"LV","LV0","LV00","LV003"
50504034,"EE","EE0","EE00","EE004"
50504230,"FI","FI1","FI1C","FI1C1"
50504250,"FI","FI1","FI1C","FI1C1"
50504430,"FI","FI1","FI19","FI193"
50504566,"FI","FI1","FI1D","FI1D5"
50504682,"FI","FI1","FI1D","FI1D9"
50504794,"FI","FI1","FI1D","FI1D9"
50504802,"FI","FI1","FI1D","FI1D9"
50505018,"FI","FI1","FI1D","FI1D7"
50505168,"FI","FI1","FI1D","FI1D7"
50522764,"HU","HU3","HU32","HU322"
50522866,"SK","SK0","SK03","SK032"
50523028,"PL","PL2","PL21","PL214"
50523064,"PL","PL2","PL21","PL214"
50523412,"PL","PL9","PL92","PL924"
50523642,"LT","LT0","LT02","LT023"
50523678,"LT","LT0","LT02","LT023"
50523746,"LT","LT0","LT02","LT023"
50523782,"LV","LV0","LV00","LV003"
50523804,"LV","LV0","LV00","LV003"
50523872,"LV","LV0","LV00","LV003"
50524204,"FI","FI1","FI1C","FI1C1"
50524420,"FI","FI1","FI19","FI197"
50524474,"FI","FI1","FI19","FI194"
50524618,"FI","FI1","FI1D","FI1D9"
50524662,"FI","FI1","FI1D","FI1D9"
50542698,"HU","HU3","HU33","HU331"
50543022,"PL","PL2","PL21","PL214"
50543044,"PL","PL2","PL21","PL214"
50543112,"PL","PL7","PL72","PL722"
50543206,"PL","PL9","PL92","PL921"
50543998,"EE","EE0","EE00","EE004"
50544448,"FI","FI1","FI19","FI193"
50544534,"FI","FI1","FI1D","FI1D5"
50562708,"HU","HU1","HU12","HU120"
50562834,"SK","SK0","SK03","SK032"
50562924,"SK","SK0","SK04","SK041"
50562928,"SK","SK0","SK04","SK041"
50562996,"PL","PL2","PL21","PL218"
50563140,"PL","PL7","PL72","PL721"
50563194,"PL","PL9","PL92","PL921"
50563374,"PL","PL9","PL92","PL924"
50563432,"PL","PL6","PL62","PL622"
50563632,"LT","LT0","LT02","LT023"
50563750,"LT","LT0","LT02","LT023"
50563866,"LV","LV0","LV00","LV003"
50564166,"FI","FI1","FI1B","FI1B1"
50564224,"FI","FI1","FI1C","FI1C1"
50564260,"FI","FI1","FI1C","FI1C2"
50564580,"FI","FI1","FI1D","FI1D9"
50564638,"FI","FI1","FI1D","FI1D9"
50564980,"FI","FI1","FI1D","FI1D7"
50582704,"HU","HU1","HU12","HU120"
50582764,"HU","HU3","HU32","HU322"
50583226,"PL","PL9","PL92","PL926"
50583244,"PL","PL9","PL92","PL926"
50583782,"LV","LV0","LV00","LV003"
50584610,"FI","FI1","FI1D","FI1D9"
50584618,"FI","FI1","FI1D","FI1D9"
50584702,"FI","FI1","FI1D","FI1D9"
50584756,"FI","FI1","FI1D","FI1D9"
50584810,"FI","FI1","FI1D","FI1D9"
50585140,"FI","FI1","FI1D","FI1D7"
50602694,"HU","HU3","HU33","HU331"
50602780,"HU","HU3","HU31","HU312"
50602888,"SK","SK0","SK03","SK032"
50602934,"SK","SK0","SK04","SK041"
50603248,"PL","PL9","PL92","PL926"
50603288,"PL","PL9","PL91","PL913"
50603324,"PL","PL9","PL91","PL912"
50603330,"PL","PL9","PL92","PL922"
50603482,"PL","PL6","PL62","PL622"
50603758,"LT","LT0","LT02","LT028"
50603794,"LV","LV0","LV00","LV003"
50604374,"FI","FI1","FI19","FI197"
50604436,"FI","FI1","FI19","FI193"
50604518,"FI","FI1","FI19","FI193"
50604584,"FI","FI1","FI1D","FI1D9"
50604656,"FI","FI1","FI1D","FI1D9"
50604770,"FI","FI1","FI1D","FI1D9"
50604932,"FI","FI1","FI1D","FI1D7"
50604976,"FI","FI1","FI1D","FI1D7"
50622704,"HU","HU1","HU12","HU120"
50622776,"HU","HU3","HU32","HU322"
50623316,"PL","PL9","PL91","PL912"
50623424,"PL","PL6","PL62","PL622"
50623640,"LT","LT0","LT02","LT023"
50623666,"LT","LT0","LT02","LT023"
50623694,"LT","LT0","LT02","LT028"
50623762,"LT","LT0","LT02","LT028"
50624162,"FI","FI1","FI1B","FI1B1"
50624582,"FI","FI1","FI1D","FI1D9"
50624640,"FI","FI1","FI1D","FI1D9"
50624702,"FI","FI1","FI1D","FI1D9"
50625170,"FI","FI1","FI1D","FI1D7"
50642626,"HU","HU3","HU33","HU331"
50642640,"HU","HU3","HU33","HU331"
50642712,"HU","HU1","HU12","HU120"
50642734,"HU","HU1","HU12","HU120"
50642744,"HU","HU1","HU12","HU120"
50642752,"HU","HU3","HU32","HU322"
50642762,"HU","HU3","HU32","HU322"
50642870,"SK","SK0","SK03","SK032"
50642896,"SK","SK0","SK03","SK032"
50642910,"SK","SK0","SK03","SK032"
50642960,"SK","SK0","SK04","SK041"
50642978,"PL","PL2","PL21","PL219"
50643022,"PL","PL2","PL21","PL214"
50643036,"PL","PL2","PL21","PL214"
50643054,"PL","PL2","PL21","PL214"
50643094,"PL","PL7","PL72","PL722"
50643216,"PL","PL9","PL92","PL921"
50643238,"PL","PL9","PL92","PL926"
50643432,"PL","PL6","PL62","PL622"
50643486,"PL","PL6","PL62","PL622"
50643772,"LV","LV0","LV00","LV003"
50643880,"LV","LV0","LV00","LV003"
50644048,"EE","EE0","EE00","EE004"
50644242,"FI","FI1","FI1C","FI1C1"
50644278,"FI","FI1","FI1C","FI1C2"
50644314,"FI","FI1","FI19","FI197"
50644516,"FI","FI1","FI19","FI193"
50644570,"FI","FI1","FI1D","FI1D9"
50644718,"FI","FI1","FI1D","FI1D9"
50644764,"FI","FI1","FI1D","FI1D9"
50662674,"HU","HU3","HU33","HU331"
50662872,"SK","SK0","SK03","SK032"
50663322,"PL","PL9","PL91","PL912"
50663642,"LT","LT0","LT02","LT023"
50663688,"LT","LT0","LT02","LT028"
50663710,"LT","LT0","LT02","LT028"
50663746,"LT","LT0","LT02","LT028"
50663796,"LV","LV0","LV00","LV003"
50663868,"LV","LV0","LV00","LV003"
50664204,"FI","FI1","FI1C","FI1C1"
50664222,"FI","FI1","FI1C","FI1C1"
50664456,"FI","FI1","FI19","FI193"
50664474,"FI","FI1","FI19","FI193"
50664600,"FI","FI1","FI1D","FI1D9"
50664618,"FI","FI1","FI1D","FI1D9"
50664744,"FI","FI1","FI1D","FI1D9"
50665032,"FI","FI1","FI1D","FI1D7"
50682696,"HU","HU3","HU33","HU331"
50682732,"HU","HU1","HU12","HU120"
50682936,"SK","SK0","SK04","SK041"
50682966,"SK","SK0","SK04","SK041"
50683002,"PL","PL2","PL21","PL218"
50683074,"PL","PL7","PL72","PL722"
50683444,"PL","PL6","PL62","PL622"
50683512,"PL","PL6","PL62","PL622"
50683644,"LT","LT0","LT02","LT023"
50683680,"LT","LT0","LT02","LT028"
50683716,"LT","LT0","LT02","LT028"
50683780,"LV","LV0","LV00","LV003"
50683798,"LV","LV0","LV00","LV003"
50683816,"LV","LV0","LV00","LV003"
50684398,"FI","FI1","FI19","FI197"
50684466,"FI","FI1","FI19","FI193"
50684520,"FI","FI1","FI19","FI193"
50684542,"FI","FI1","FI19","FI193"
50684628,"FI","FI1","FI1D","FI1D9"
50684686,"FI","FI1","FI1D","FI1D9"
50684898,"FI","FI1","FI1D","FI1D7"
50684938,"FI","FI1","FI1D","FI1D7"
50685018,"FI","FI1","FI1D","FI1D7"
50685028,"FI","FI1","FI1D","FI1D7"
50685036,"FI","FI1","FI1D","FI1D7"
50685054,"FI","FI1","FI1D","FI1D7"
50702650,"HU","HU3","HU33","HU331"
50702782,"HU","HU3","HU31","HU312"
50702848,"SK","SK0","SK03","SK032"
50702998,"PL","PL2","PL21","PL218"
50703010,"PL","PL2","PL21","PL218"
50703016,"PL","PL2","PL21","PL218"
50703124,"PL","PL7","PL72","PL721"
50703190,"PL","PL9","PL92","PL921"
50703316,"PL","PL9","PL91","PL912"
50703742,"LT","LT0","LT02","LT028"
50703800,"LV","LV0","LV00","LV003"
50703804,"LV","LV0","LV00","LV003"
50703814,"LV","LV0","LV00","LV003"
50703836,"LV","LV0","LV00","LV003"
50703872,"LV","LV0","LV00","LV003"
50704204,"FI","FI1","FI1C","FI1C1"
50704492,"FI","FI1","FI19","FI193"
50704620,"FI","FI1","FI1D","FI1D9"
50704698,"FI","FI1","FI1D","FI1D9"
50705044,"FI","FI1","FI1D","FI1D7"
50722734,"HU","HU1","HU12","HU120"
50722774,"HU","HU3","HU32","HU322"
50723094,"PL","PL7","PL72","PL722"
50723242,"PL","PL9","PL92","PL926"
50723368,"PL","PL9","PL92","PL924"
50723422,"PL","PL9","PL92","PL924"
50723512,"PL","PL6","PL62","PL622"
50723994,"EE","EE0","EE00","EE004"
50724214,"FI","FI1","FI1C","FI1C1"
50724246,"FI","FI1","FI1C","FI1C1"
50724286,"FI","FI1","FI1C","FI1C2"
50724898,"FI","FI1","FI1D","FI1D7"
50742712,"HU","HU1","HU12","HU120"
50742870,"SK","SK0","SK03","SK032"
50743050,"PL","PL2","PL21","PL214"
50743180,"PL","PL9","PL92","PL921"
50743486,"PL","PL6","PL62","PL623"
50743632,"LT","LT0","LT02","LT027"
50743686,"LT","LT0","LT02","LT028"
50743822,"LV","LV0","LV00","LV003"
50743876,"LV","LV0","LV00","LV003"
50744220,"FI","FI1","FI1C","FI1C1"
50744296,"FI","FI1","FI1C","FI1C2"
50744418,"FI","FI1","FI19","FI197"
50744454,"FI","FI1","FI19","FI193"
50744692,"FI","FI1","FI1D","FI1D9"
50744728,"FI","FI1","FI1D","FI1D9"
50762614,"HU","HU3","HU33","HU333"
50762656,"HU","HU3","HU33","HU333"
50762728,"HU","HU1","HU12","HU120"
50762938,"SK","SK0","SK04","SK041"
50763016,"PL","PL2","PL21","PL218"
50763322,"PL","PL9","PL91","PL912"
50763358,"PL","PL9","PL92","PL924"
50763514,"PL","PL6","PL62","PL623"
50763638,"LT","LT0","LT02","LT027"
50763800,"LV","LV0","LV00","LV003"
50764612,"FI","FI1","FI1D","FI1D9"
50764718,"FI","FI1","FI1D","FI1D9"
50765014,"FI","FI1","FI1D","FI1D7"
50782672,"HU","HU3","HU33","HU331"
50782700,"HU","HU3","HU33","HU331"
50782712,"HU","HU1","HU12","HU120"
50783006,"PL","PL2","PL21","PL218"
50783042,"PL","PL2","PL21","PL217"
50783090,"PL","PL7","PL72","PL722"
50783186,"PL","PL9","PL92","PL921"
50783212,"PL","PL9","PL92","PL921"
50783266,"PL","PL9","PL91","PL913"
50783306,"PL","PL9","PL91","PL912"
50783402,"PL","PL9","PL92","PL924"
50783432,"PL","PL6","PL62","PL622"
50783450,"PL","PL6","PL62","PL623"
50783646,"LT","LT0","LT02","LT027"
50783736,"LT","LT0","LT02","LT028"
50783758,"LT","LT0","LT02","LT028"
50784230,"FI","FI1","FI1C","FI1C1"
50784328,"FI","FI1","FI19","FI197"
50784518,"FI","FI1","FI19","FI193"
50784566,"FI","FI1","FI19","FI193"
50784598,"FI","FI1","FI1D","FI1D9"
50784626,"FI","FI1","FI1D","FI1D9"
50784800,"FI","FI1","FI1D","FI1D9"
50784986,"FI","FI1","FI1D","FI1D7"
50802830,"HU","HU3","HU31","HU311"
50803190,"PL","PL9","PL92","PL921"
50803618,"LT","LT0","LT02","LT027"
50803744,"LT","LT0","LT02","LT028"
50803766,"LV","LV0","LV00","LV003"
50803852,"LV","LV0","LV00","LV003"
50803870,"LV","LV0","LV00","LV003"
50804270,"FI","FI1","FI1C","FI1C2"
50804640,"FI","FI1","FI1D","FI1D9"
50804666,"FI","FI1","FI1D","FI1D9"
50804738,"FI","FI1","FI1D","FI1D9"
50822626,"HU","HU3","HU33","HU333"
50822928,"SK","SK0","SK04","SK042"
50822946,"SK","SK0","SK04","SK041"
50823040,"PL","PL2","PL21","PL217"
50823054,"PL","PL2","PL21","PL217"
50823076,"PL","PL7","PL72","PL722"
50823112,"PL","PL7","PL72","PL721"
50823266,"PL","PL9","PL91","PL913"
50823320,"PL","PL9","PL91","PL912"
50823338,"PL","PL9","PL92","PL924"
50823526,"PL","PL6","PL62","PL623"
50823826,"LV","LV0","LV00","LV007"
50824170,"FI","FI1","FI1B","FI1B1"
50824192,"FI","FI1","FI1B","FI1B1"
50824318,"FI","FI1","FI19","FI197"
50824382,"FI","FI1","FI19","FI197"
50824490,"FI","FI1","FI19","FI193"
50824548,"FI","FI1","FI19","FI193"
50843088,"PL","PL7","PL72","PL722"
50843358,"PL","PL9","PL92","PL924"
50843678,"LT","LT0","LT02","LT027"
50843760,"LT","LT0","LT02","LT028"
50844186,"FI","FI1","FI1B","FI1B1"
50844240,"FI","FI1","FI1B","FI1B1"
50844474,"FI","FI1","FI19","FI193"
50844708,"FI","FI1","FI1D","FI1D9"
50862868,"SK","SK0","SK03","SK032"
50863110,"PL","PL7","PL72","PL722"
50863188,"PL","PL9","PL92","PL921"
50863206,"PL","PL9","PL92","PL921"
50863368,"PL","PL9","PL92","PL924"
50863380,"PL","PL9","PL92","PL924"
50863744,"LT","LT0","LT02","LT028"
50863842,"LV","LV0","LV00","LV007"
50864196,"FI","FI1","FI1B","FI1B1"
50864344,"FI","FI1","FI19","FI197"
50864388,"FI","FI1","FI19","FI197"
50864442,"FI","FI1","FI19","FI193"
50864628,"FI","FI1","FI1D","FI1D9"
50864658,"FI","FI1","FI1D","FI1D9"
50864794,"FI","FI1","FI1D","FI1D9"
50864866,"FI","FI1","FI1D","FI1D7"
50864902,"FI","FI1","FI1D","FI1D7"
50882638,"HU","HU3","HU33","HU333"
50882704,"HU","HU3","HU33","HU331"
50883178,"PL","PL9","PL92","PL921"
50883334,"PL","PL9","PL92","PL924"
50883478,"PL","PL6","PL62","PL622"
50883620,"LT","LT0","LT02","LT027"
50883724,"LT","LT0","LT02","LT028"
50883804,"LV","LV0","LV00","LV003"
50884234,"FI","FI1","FI1B","FI1B1"
50902630,"HU","HU3","HU33","HU333"
50902644,"HU","HU3","HU33","HU333"
50902792,"HU","HU3","HU31","HU312"
50902936,"SK","SK0","SK04","SK041"
50903044,"PL","PL2","PL21","PL217"
50903188,"PL","PL9","PL92","PL921"
50903242,"PL","PL9","PL92","PL921"
50903664,"LT","LT0","LT02","LT027"
50903700,"LT","LT0","LT02","LT028"
50903736,"LT","LT0","LT02","LT028"
50903826,"LV","LV0","LV00","LV007"
50904192,"FI","FI1","FI1B","FI1B1"
50904246,"FI","FI1","FI1B","FI1B1"
50904334,"FI","FI1","FI19","FI197"
50904714,"FI","FI1","FI1D","FI1D9"
50904750,"FI","FI1","FI1D","FI1D9"
50905002,"FI","FI1","FI1D","FI1D7"
50923032,"PL","PL2","PL21","PL217"
50923122,"PL","PL7","PL72","PL721"
50923216,"PL","PL9","PL92","PL921"
50923288,"PL","PL9","PL91","PL912"
50923428,"PL","PL9","PL92","PL924"
50923768,"LV","LV0","LV00","LV003"
50924310,"FI","FI1","FI1C","FI1C2"
50924418,"FI","FI1","FI19","FI193"
50924566,"FI","FI1","FI19","FI193"
50924584,"FI","FI1","FI1D","FI1D9"
50924742,"FI","FI1","FI1D","FI1D9"
50924764,"FI","FI1","FI1D","FI1D9"
50943118,"PL","PL7","PL72","PL722"
50943268,"PL","PL9","PL91","PL912"
50943764,"LT","LT0","LT02","LT026"
50943800,"LV","LV0","LV00","LV003"
50944648,"FI","FI1","FI1D","FI1D9"
50944888,"FI","FI1","FI1D","FI1D7"
50962748,"HU","HU3","HU32","HU322"
50962762,"HU","HU3","HU31","HU312"
50963150,"PL","PL7","PL72","PL721"
50963186,"PL","PL9","PL92","PL921"
50963248,"PL","PL9","PL92","PL921"
50963252,"PL","PL9","PL92","PL921"
50963288,"PL","PL9","PL91","PL912"
50963348,"PL","PL9","PL92","PL924"
50963374,"PL","PL9","PL92","PL924"
50963682,"LT","LT0","LT02","LT027"
50963718,"LT","LT0","LT02","LT028"
50964076,"EE","EE0","EE00","EE004"
50964212,"FI","FI1","FI1B","FI1B1"
50964230,"FI","FI1","FI1B","FI1B1"
50964266,"FI","FI1","FI1C","FI1C2"
50964284,"FI","FI1","FI1C","FI1C2"
50964454,"FI","FI1","FI19","FI193"
50964518,"FI","FI1","FI19","FI193"
50964832,"FI","FI1","FI1D","FI1D7"
50964968,"FI","FI1","FI1D","FI1D7"
50965004,"FI","FI1","FI1D","FI1D7"
50982686,"HU","HU3","HU32","HU322"
50983028,"PL","PL2","PL21","PL217"
50983046,"PL","PL2","PL21","PL217"
50983172,"PL","PL7","PL72","PL721"
50983316,"PL","PL9","PL91","PL912"
50983654,"LT","LT0","LT02","LT027"
50983666,"LT","LT0","LT02","LT027"
50983738,"LT","LT0","LT02","LT028"
50983816,"LV","LV0","LV00","LV007"
50983834,"LV","LV0","LV00","LV007"
50984072,"EE","EE0","EE00","EE004"
50984540,"FI","FI1","FI19","FI193"
51002766,"HU","HU3","HU31","HU312"
51002852,"HU","HU3","HU31","HU311"
51002942,"SK","SK0","SK04","SK041"
51003032,"PL","PL2","PL21","PL217"
51003238,"PL","PL9","PL92","PL921"
51003378,"PL","PL9","PL92","PL924"
51003392,"PL","PL9","PL92","PL924"
51003396,"PL","PL9","PL92","PL924"
51003522,"PL","PL6","PL62","PL623"
51003826,"LV","LV0","LV00","LV007"
51004246,"FI","FI1","FI1C","FI1C2"
51004256,"FI","FI1","FI1C","FI1C2"
51004300,"FI","FI1","FI1C","FI1C2"
51004346,"FI","FI1","FI19","FI197"
51004390,"FI","FI1","FI19","FI193"
51004476,"FI","FI1","FI19","FI193"
51004580,"FI","FI1","FI1D","FI1D9"
51004598,"FI","FI1","FI1D","FI1D9"
51004710,"FI","FI1","FI1D","FI1D9"
51004742,"FI","FI1","FI1D","FI1D9"
51022656,"HU","HU3","HU33","HU333"
51022944,"SK","SK0","SK04","SK041"
51023088,"PL","PL7","PL72","PL722"
51023376,"PL","PL9","PL92","PL924"
51023430,"PL","PL8","PL84","PL842"
51023696,"LT","LT0","LT02","LT028"
51023782,"LV","LV0","LV00","LV009"
51023786,"LV","LV0","LV00","LV009"
51023818,"LV","LV0","LV00","LV007"
51023840,"LV","LV0","LV00","LV007"
51024492,"FI","FI1","FI19","FI193"
51024572,"FI","FI1","FI19","FI193"
51025014,"FI","FI1","FI1D","FI1D7"
51042936,"SK","SK0","SK04","SK041"
51042966,"SK","SK0","SK04","SK041"
51043102,"PL","PL7","PL72","PL722"
51043110,"PL","PL7","PL72","PL722"
51043672,"LT","LT0","LT02","LT027"
51043770,"LV","LV0","LV00","LV003"
51043870,"LV","LV0","LV00","LV003"
51044200,"FI","FI1","FI1B","FI1B1"
51044218,"FI","FI1","FI1B","FI1B1"
51044344,"FI","FI1","FI19","FI197"
51044466,"FI","FI1","FI19","FI193"
51044560,"FI","FI1","FI19","FI193"
51044692,"FI","FI1","FI1D","FI1D9"
51044766,"FI","FI1","FI1D","FI1D9"
51044970,"FI","FI1","FI1D","FI1D7"
51062628,"HU","HU3","HU33","HU333"
51062638,"HU","HU3","HU33","HU333"
51063100,"PL","PL7","PL72","PL722"
51063710,"LT","LT0","LT02","LT028"
51063714,"LT","LT0","LT02","LT028"
51063760,"LT","LT0","LT02","LT026"
51063764,"LT","LT0","LT02","LT026"
51063768,"LV","LV0","LV00","LV003"
51064330,"FI","FI1","FI19","FI197"
51064546,"FI","FI1","FI19","FI193"
51064654,"FI","FI1","FI1D","FI1D9"
51065058,"FI","FI1","FI1D","FI1D7"
51082806,"HU","HU3","HU31","HU311"
51082954,"SK","SK0","SK04","SK041"
51083062,"PL","PL2","PL21","PL217"
51083080,"PL","PL2","PL21","PL217"
51083098,"PL","PL7","PL72","PL722"
51083148,"PL","PL7","PL72","PL721"
51083368,"PL","PL9","PL92","PL924"
51083476,"PL","PL6","PL62","PL623"
51084210,"FI","FI1","FI1B","FI1B1"
51084628,"FI","FI1","FI1D","FI1D9"
51084714,"FI","FI1","FI1D","FI1D9"
51084772,"FI","FI1","FI1D","FI1D9"
51102708,"HU","HU3","HU32","HU322"
51102712,"HU","HU3","HU32","HU322"
51102942,"SK","SK0","SK04","SK041"
51103122,"PL","PL7","PL72","PL722"
51103198,"PL","PL9","PL92","PL921"
51103216,"PL","PL9","PL92","PL921"
51103302,"PL","PL9","PL91","PL912"
51103642,"LT","LT0","LT02","LT027"
51103660,"LT","LT0","LT02","LT027"
51103668,"LT","LT0","LT02","LT027"
51104260,"FI","FI1","FI1C","FI1C2"
51104382,"FI","FI1","FI19","FI193"
51104512,"FI","FI1","FI19","FI193"
51104602,"FI","FI1","FI1D","FI1D9"
51104620,"FI","FI1","FI1D","FI1D9"
51104728,"FI","FI1","FI1D","FI1D9"
51104800,"FI","FI1","FI1D","FI1D9"
51105052,"FI","FI1","FI1D","FI1D7"
51122656,"HU","HU3","HU33","HU333"
51122668,"HU","HU3","HU33","HU333"
51122830,"HU","HU3","HU31","HU311"
51123154,"PL","PL7","PL72","PL721"
51123226,"PL","PL9","PL92","PL921"
51123280,"PL","PL9","PL91","PL912"
51123800,"LV","LV0","LV00","LV009"
51124252,"FI","FI1","FI1C","FI1C2"
51124738,"FI","FI1","FI1D","FI1D9"
51124792,"FI","FI1","FI1D","FI1D9"
51125008,"FI","FI1","FI1D","FI1D7"
51142618,"HU","HU3","HU33","HU333"
51142628,"HU","HU3","HU33","HU333"
51142636,"HU","HU3","HU33","HU333"
51142736,"HU","HU3","HU32","HU322"
51142754,"HU","HU3","HU32","HU322"
51142790,"HU","HU3","HU31","HU311"
51142816,"HU","HU3","HU31","HU311"
51142978,"PL","PL2","PL21","PL218"
51143014,"PL","PL2","PL21","PL218"
51143024,"PL","PL2","PL21","PL217"
51143060,"PL","PL2","PL21","PL217"
51143068,"PL","PL2","PL21","PL217"
51143158,"PL","PL7","PL72","PL721"
51143162,"PL","PL7","PL72","PL721"
51143194,"PL","PL9","PL92","PL921"
51143222,"PL","PL9","PL92","PL921"
51143330,"PL","PL9","PL92","PL925"
51143438,"PL","PL8","PL84","PL842"
51143450,"PL","PL6","PL62","PL623"
51143456,"PL","PL6","PL62","PL623"
51143528,"PL","PL6","PL62","PL623"
51143722,"LT","LT0","LT02","LT026"
51143812,"LV","LV0","LV00","LV007"
51143826,"LV","LV0","LV00","LV007"
51144410,"FI","FI1","FI19","FI193"
51144536,"FI","FI1","FI19","FI193"
51144548,"FI","FI1","FI19","FI193"
51163280,"PL","PL9","PL91","PL912"
51163334,"PL","PL9","PL92","PL925"
51163424,"PL","PL8","PL84","PL842"
51163690,"LT","LT0","LT02","LT026"
51163744,"LT","LT0","LT02","LT026"
51163784,"LV","LV0","LV00","LV009"
51164450,"FI","FI1","FI19","FI193"
51182618,"HU","HU3","HU33","HU333"
51182932,"SK","SK0","SK04","SK042"
51182946,"SK","SK0","SK04","SK041"
51183104,"PL","PL7","PL72","PL722"
51183176,"PL","PL9","PL92","PL921"
51183202,"PL","PL9","PL92","PL921"
51183248,"PL","PL9","PL92","PL925"
51183410,"PL","PL8","PL84","PL842"
51183646,"LT","LT0","LT02","LT027"
51183664,"LT","LT0","LT02","LT027"
51183718,"LT","LT0","LT02","LT026"
51184026,"EE","EE0","EE00","EE004"
51184210,"FI","FI1","FI1B","FI1B1"
51184260,"FI","FI1","FI1C","FI1C2"
51184292,"FI","FI1","FI1C","FI1C2"
51184346,"FI","FI1","FI1C","FI1C3"
51184696,"FI","FI1","FI1D","FI1D9"
51184746,"FI","FI1","FI1D","FI1D9"
51184760,"FI","FI1","FI1D","FI1D9"
51184832,"FI","FI1","FI1D","FI1D9"
51203106,"PL","PL7","PL72","PL722"
51203696,"LT","LT0","LT02","LT026"
51203750,"LT","LT0","LT02","LT026"
51203818,"LV","LV0","LV00","LV007"
51204270,"FI","FI1","FI1C","FI1C2"
51204510,"FI","FI1","FI19","FI193"
51204708,"FI","FI1","FI1D","FI1D9"
51204888,"FI","FI1","FI1D","FI1D7"
51222616,"RO","RO4","RO42","RO424"
51222660,"HU","HU3","HU33","HU333"
51222948,"SK","SK0","SK04","SK041"
51223002,"PL","PL2","PL21","PL218"
51223012,"PL","PL2","PL21","PL218"
51223026,"PL","PL2","PL21","PL217"
51223074,"PL","PL8","PL82","PL824"
51223278,"PL","PL9","PL91","PL912"
51223290,"PL","PL9","PL91","PL912"
51223308,"PL","PL9","PL92","PL925"
51223318,"PL","PL9","PL92","PL925"
51223350,"PL","PL9","PL92","PL925"
51223516,"PL","PL6","PL62","PL623"
51223644,"LT","LT0","LT02","LT027"
51223648,"LT","LT0","LT02","LT027"
51223716,"LT","LT0","LT02","LT026"
51223726,"LT","LT0","LT02","LT026"
51223738,"LT","LT0","LT02","LT026"
51223770,"LV","LV0","LV00","LV009"
51223780,"LV","LV0","LV00","LV009"
51223824,"LV","LV0","LV00","LV007"
51223828,"LV","LV0","LV00","LV007"
51224092,"EE","EE0","EE00","EE001"
51224316,"FI","FI1","FI1C","FI1C2"
51224358,"FI","FI1","FI19","FI193"
51224448,"FI","FI1","FI19","FI193"
51224476,"FI","FI1","FI19","FI193"
51224484,"FI","FI1","FI19","FI193"
51224604,"FI","FI1","FI1D","FI1D9"
51224874,"FI","FI1","FI1D","FI1D7"
51242704,"HU","HU3","HU32","HU322"
51242812,"HU","HU3","HU31","HU311"
51242884,"HU","HU3","HU31","HU311"
51242902,"SK","SK0","SK04","SK042"
51243028,"PL","PL2","PL21","PL217"
51243172,"PL","PL9","PL92","PL921"
51243226,"PL","PL9","PL92","PL921"
51243262,"PL","PL9","PL92","PL925"
51243634,"LT","LT0","LT02","LT027"
51243714,"LT","LT0","LT02","LT026"
51243732,"LT","LT0","LT02","LT026"
51243796,"LV","LV0","LV00","LV009"
51244042,"EE","EE0","EE00","EE004"
51244204,"FI","FI1","FI1B","FI1B1"
51244294,"FI","FI1","FI1C","FI1C2"
51244306,"FI","FI1","FI1C","FI1C2"
51244342,"FI","FI1","FI1C","FI1C3"
51244402,"FI","FI1","FI19","FI193"
51244618,"FI","FI1","FI1D","FI1D2"
51244950,"FI","FI1","FI1D","FI1D7"
51244972,"FI","FI1","FI1D","FI1D7"
51245080,"FI","FI1","FI1D","FI1D7"
51262842,"HU","HU3","HU31","HU311"
51262936,"SK","SK0","SK04","SK041"
51263274,"PL","PL9","PL91","PL912"
51263278,"PL","PL9","PL91","PL912"
51263754,"LT","LT0","LT02","LT026"
51264012,"EE","EE0","EE00","EE004"
51264052,"EE","EE0","EE00","EE004"
51264268,"FI","FI1","FI1C","FI1C2"
51264412,"FI","FI1","FI19","FI193"
51264430,"FI","FI1","FI19","FI193"
51264520,"FI","FI1","FI19","FI193"
51264574,"FI","FI1","FI1D","FI1D2"
51264588,"FI","FI1","FI1D","FI1D2"
51264736,"FI","FI1","FI1D","FI1D9"
51265006,"FI","FI1","FI1D","FI1D7"
51265074,"FI","FI1","FI1D","FI1D7"
51282676,"HU","HU3","HU33","HU333"
51282726,"HU","HU3","HU32","HU322"
51282946,"SK","SK0","SK04","SK041"
51283122,"PL","PL7","PL72","PL722"
51283140,"PL","PL7","PL72","PL722"
51283194,"PL","PL9","PL92","PL921"
51283198,"PL","PL9","PL92","PL921"
51283288,"PL","PL9","PL91","PL912"
51283468,"PL","PL6","PL62","PL623"
51283660,"LT","LT0","LT02","LT022"
51283776,"LV","LV0","LV00","LV009"
51284364,"FI","FI1","FI19","FI193"
51284710,"FI","FI1","FI1D","FI1D9"
51284746,"FI","FI1","FI1D","FI1D9"
51284796,"FI","FI1","FI1D","FI1D9"
51302638,"HU","HU3","HU33","HU333"
51302836,"HU","HU3","HU31","HU311"
51302872,"HU","HU3","HU31","HU311"
51303064,"PL","PL8","PL82","PL824"
51303268,"PL","PL9","PL92","PL925"
51303442,"PL","PL8","PL84","PL842"
51303466,"PL","PL6","PL62","PL623"
51303674,"LT","LT0","LT02","LT026"
51303800,"LV","LV0","LV00","LV009"
51304792,"FI","FI1","FI1D","FI1D9"
51304810,"FI","FI1","FI1D","FI1D9"
51305050,"FI","FI1","FI1D","FI1D7"
51322970,"SK","SK0","SK04","SK041"
51323114,"PL","PL7","PL72","PL722"
51323180,"PL","PL9","PL92","PL921"
51323276,"PL","PL9","PL92","PL925"
51323360,"PL","PL9","PL92","PL924"
51323614,"LT","LT0","LT02","LT024"
51323646,"LT","LT0","LT02","LT027"
51323650,"LT","LT0","LT02","LT027"
51323664,"LT","LT0","LT02","LT022"
51323682,"LT","LT0","LT02","LT026"
51324266,"FI","FI1","FI1C","FI1C2"
51324374,"FI","FI1","FI19","FI193"
51324422,"FI","FI1","FI19","FI193"
51324680,"FI","FI1","FI1D","FI1D9"
51324788,"FI","FI1","FI1D","FI1D9"
51324814,"FI","FI1","FI1D","FI1D9"
51324818,"FI","FI1","FI1D","FI1D9"
51342722,"HU","HU3","HU32","HU322"
51342740,"HU","HU3","HU32","HU322"
51342800,"HU","HU3","HU31","HU311"
51343172,"PL","PL7","PL72","PL722"
51343702,"LT","LT0","LT02","LT026"
51343780,"LV","LV0","LV00","LV009"
51343816,"LV","LV0","LV00","LV009"
51344108,"EE","EE0","EE00","EE001"
51344234,"FI","FI1","FI1B","FI1B1"
51344468,"FI","FI1","FI19","FI193"
51344666,"FI","FI1","FI1D","FI1D8"
51344882,"FI","FI1","FI1D","FI1D7"
51362622,"HU","HU3","HU33","HU333"
51362806,"HU","HU3","HU31","HU311"
51362852,"HU","HU3","HU31","HU311"
51362942,"SK","SK0","SK04","SK041"
51362950,"SK","SK0","SK04","SK041"
51363072,"PL","PL8","PL82","PL824"
51363194,"PL","PL9","PL92","PL921"
51363198,"PL","PL9","PL92","PL921"
51363212,"PL","PL9","PL92","PL921"
51363266,"PL","PL9","PL92","PL925"
51363302,"PL","PL9","PL92","PL925"
51363342,"PL","PL9","PL92","PL925"
51363374,"PL","PL9","PL92","PL924"
51363436,"PL","PL8","PL84","PL842"
51363628,"LT","LT0","LT02","LT027"
51364022,"EE","EE0","EE00","EE004"
51364282,"FI","FI1","FI1C","FI1C2"
51364436,"FI","FI1","FI19","FI193"
51364602,"FI","FI1","FI1D","FI1D2"
51364634,"FI","FI1","FI1D","FI1D2"
51364706,"FI","FI1","FI1D","FI1D9"
51364724,"FI","FI1","FI1D","FI1D9"
51364876,"FI","FI1","FI1D","FI1D7"
51364966,"FI","FI1","FI1D","FI1D7"
51382596,"RO","RO4","RO42","RO424"
51382836,"HU","HU3","HU31","HU311"
51383142,"PL","PL7","PL72","PL722"
51383160,"PL","PL7","PL72","PL722"
51383340,"PL","PL9","PL92","PL925"
51383678,"LT","LT0","LT02","LT026"
51383760,"LT","LT0","LT02","LT026"
51383804,"LV","LV0","LV00","LV009"
51402742,"HU","HU3","HU32","HU322"
51402954,"SK","SK0","SK04","SK041"
51402958,"SK","SK0","SK04","SK041"
51403012,"PL","PL8","PL82","PL821"
51403188,"PL","PL9","PL92","PL921"
51403236,"PL","PL8","PL81","PL815"
51403314,"PL","PL9","PL92","PL925"
51403440,"PL","PL8","PL84","PL843"
51403480,"PL","PL6","PL62","PL623"
51403564,"LT","LT0","LT02","LT024"
51403654,"LT","LT0","LT02","LT022"
51403770,"LT","LT0","LT02","LT026"
51403792,"LV","LV0","LV00","LV009"
51403810,"LV","LV0","LV00","LV009"
51404082,"EE","EE0","EE00","EE001"
51404250,"FI","FI1","FI1B","FI1B1"
51404284,"FI","FI1","FI1C","FI1C3"
51404326,"FI","FI1","FI1C","FI1C3"
51404388,"FI","FI1","FI19","FI193"
51404416,"FI","FI1","FI19","FI193"
51404478,"FI","FI1","FI19","FI193"
51404506,"FI","FI1","FI19","FI193"
51404520,"FI","FI1","FI1D","FI1D2"
51404560,"FI","FI1","FI1D","FI1D2"
51404736,"FI","FI1","FI1D","FI1D8"
51404766,"FI","FI1","FI1D","FI1D8"
51404848,"FI","FI1","FI1D","FI1D9"
51422638,"HU","HU3","HU33","HU333"
51422794,"HU","HU3","HU32","HU321"
51422818,"HU","HU3","HU31","HU311"
51423100,"PL","PL8","PL82","PL824"
51423258,"PL","PL8","PL81","PL815"
51423466,"PL","PL8","PL84","PL843"
51423570,"LT","LT0","LT02","LT024"
51423624,"LT","LT0","LT02","LT024"
51423634,"LT","LT0","LT02","LT027"
51423692,"LT","LT0","LT02","LT026"
51423714,"LT","LT0","LT02","LT026"
51423724,"LT","LT0","LT02","LT026"
51423742,"LT","LT0","LT02","LT026"
51423746,"LT","LT0","LT02","LT026"
51424060,"EE","EE0","EE00","EE006"
51424072,"EE","EE0","EE00","EE006"
51424114,"EE","EE0","EE00","EE001"
51424242,"FI","FI1","FI1B","FI1B1"
51424438,"FI","FI1","FI19","FI193"
51424546,"FI","FI1","FI1D","FI1D2"
51424852,"FI","FI1","FI1D","FI1D9"
51424900,"FI","FI1","FI1D","FI1D7"
51424978,"FI","FI1","FI1D","FI1D7"
51443008,"PL","PL8","PL82","PL821"
51443058,"PL","PL8","PL82","PL823"
51443242,"PL","PL8","PL81","PL815"
51443350,"PL","PL9","PL92","PL925"
51443574,"LT","LT0","LT02","LT024"
51443772,"LT","LT0","LT02","LT026"
51443808,"LV","LV0","LV00","LV009"
51444012,"EE","EE0","EE00","EE004"
51444232,"FI","FI1","FI1B","FI1B1"
51444480,"FI","FI1","FI19","FI193"
51444588,"FI","FI1","FI1D","FI1D2"
51444592,"FI","FI1","FI1D","FI1D2"
51444858,"FI","FI1","FI1D","FI1D7"
51462892,"SK","SK0","SK04","SK042"
51462960,"SK","SK0","SK04","SK041"
51463266,"PL","PL8","PL81","PL815"
51463464,"PL","PL8","PL84","PL843"
51463642,"LT","LT0","LT02","LT027"
51463668,"LT","LT0","LT02","LT022"
51463794,"LV","LV0","LV00","LV009"
51464076,"EE","EE0","EE00","EE006"
51464094,"EE","EE0","EE00","EE001"
51464314,"FI","FI1","FI1C","FI1C3"
51464746,"FI","FI1","FI1D","FI1D8"
51464814,"FI","FI1","FI1D","FI1D9"
51464836,"FI","FI1","FI1D","FI1D9"
51464922,"FI","FI1","FI1D","FI1D7"
51482704,"HU","HU3","HU33","HU332"
51482740,"HU","HU3","HU32","HU322"
51483142,"PL","PL7","PL72","PL722"
51483172,"PL","PL8","PL81","PL815"
51483666,"LT","LT0","LT02","LT022"
51483800,"LV","LV0","LV00","LV009"
51484042,"EE","EE0","EE00","EE006"
51484576,"FI","FI1","FI1D","FI1D2"
51484702,"FI","FI1","FI1D","FI1D8"
51502744,"HU","HU3","HU32","HU322"
51502870,"HU","HU3","HU31","HU311"
51502910,"SK","SK0","SK04","SK042"
51502946,"SK","SK0","SK04","SK041"
51503186,"PL","PL8","PL81","PL815"
51503198,"PL","PL8","PL81","PL815"
51503284,"PL","PL9","PL92","PL925"
51503294,"PL","PL9","PL92","PL925"
51503628,"LT","LT0","LT02","LT024"
51503668,"LT","LT0","LT02","LT022"
51503754,"LT","LT0","LT02","LT026"
51504094,"EE","EE0","EE00","EE006"
51504242,"FI","FI1","FI1B","FI1B1"
51504440,"FI","FI1","FI19","FI193"
51504620,"FI","FI1","FI1D","FI1D2"
51504688,"FI","FI1","FI1D","FI1D8"
51504710,"FI","FI1","FI1D","FI1D8"
51504734,"FI","FI1","FI1D","FI1D8"
51504886,"FI","FI1","FI1D","FI1D7"
51523164,"PL","PL8","PL81","PL815"
51523208,"PL","PL8","PL81","PL815"
51523666,"LT","LT0","LT02","LT022"
51523690,"LT","LT0","LT02","LT026"
51523730,"LT","LT0","LT02","LT026"
51523784,"LV","LV0","LV00","LV009"
51524072,"EE","EE0","EE00","EE006"
51524078,"EE","EE0","EE00","EE006"
51524306,"FI","FI1","FI1C","FI1C3"
51524414,"FI","FI1","FI19","FI193"
51524432,"FI","FI1","FI19","FI193"
51524558,"FI","FI1","FI1D","FI1D2"
51524828,"FI","FI1","FI1D","FI1D9"
51542716,"HU","HU3","HU33","HU332"
51542784,"HU","HU3","HU32","HU321"
51542802,"HU","HU3","HU32","HU321"
51542842,"HU","HU3","HU31","HU311"
51542896,"SK","SK0","SK04","SK042"
51542942,"SK","SK0","SK04","SK041"
51543180,"PL","PL8","PL81","PL815"
51543194,"PL","PL8","PL81","PL815"
51543256,"PL","PL8","PL81","PL815"
51543472,"PL","PL8","PL84","PL843"
51543482,"PL","PL6","PL62","PL623"
51543736,"LT","LT0","LT02","LT026"
51544238,"FI","FI1","FI1B","FI1B1"
51544246,"FI","FI1","FI1B","FI1B1"
51544350,"FI","FI1","FI1C","FI1C3"
51544498,"FI","FI1","FI19","FI193"
51544512,"FI","FI1","FI1D","FI1D2"
51544566,"FI","FI1","FI1D","FI1D2"
51544728,"FI","FI1","FI1D","FI1D8"
51562908,"SK","SK0","SK04","SK042"
51562926,"SK","SK0","SK04","SK042"
51563088,"PL","PL8","PL82","PL823"
51563178,"PL","PL8","PL81","PL815"
51563304,"PL","PL9","PL92","PL925"
51563322,"PL","PL9","PL92","PL925"
51563670,"LT","LT0","LT02","LT022"
51563688,"LT","LT0","LT02","LT026"
51563710,"LT","LT0","LT02","LT026"
51563778,"LV","LV0","LV00","LV009"
51564222,"FI","FI1","FI1B","FI1B1"
51564276,"FI","FI1","FI1B","FI1B1"
51582652,"HU","HU3","HU33","HU332"
51582792,"HU","HU3","HU32","HU321"
51582918,"SK","SK0","SK04","SK042"
51582966,"SK","SK0","SK04","SK041"
51582994,"PL","PL8","PL82","PL821"
51583080,"PL","PL8","PL82","PL823"
51583590,"LT","LT0","LT02","LT024"
51583630,"LT","LT0","LT02","LT024"
51583644,"LT","LT0","LT02","LT027"
51583734,"LT","LT0","LT02","LT026"
51583744,"LT","LT0","LT02","LT026"
51584250,"FI","FI1","FI1B","FI1B1"
51584502,"FI","FI1","FI19","FI193"
51584602,"FI","FI1","FI1D","FI1D2"
51584736,"FI","FI1","FI1D","FI1D8"
51584880,"FI","FI1","FI1D","FI1D7"
51602692,"HU","HU3","HU33","HU332"
51602740,"HU","HU3","HU32","HU321"
51602826,"HU","HU3","HU32","HU323"
51602980,"SK","SK0","SK04","SK041"
51603214,"PL","PL8","PL81","PL815"
51603268,"PL","PL8","PL81","PL815"
51603438,"PL","PL8","PL84","PL843"
51603566,"LT","LT0","LT02","LT024"
51603634,"LT","LT0","LT02","LT027"
51603652,"LT","LT0","LT02","LT022"
51603688,"LT","LT0","LT02","LT026"
51603714,"LT","LT0","LT02","LT026"
51603750,"LT","LT0","LT02","LT026"
51604050,"EE","EE0","EE00","EE006"
51604342,"FI","FI1","FI1C","FI1C3"
51622644,"HU","HU3","HU33","HU332"
51622770,"HU","HU3","HU32","HU321"
51622792,"HU","HU3","HU32","HU321"
51622806,"HU","HU3","HU32","HU321"
51622914,"SK","SK0","SK04","SK042"
51623206,"PL","PL8","PL81","PL815"
51623296,"PL","PL9","PL92","PL925"
51623610,"LT","LT0","LT02","LT024"
51623628,"LT","LT0","LT02","LT024"
51624084,"EE","EE0","EE00","EE006"
51624232,"FI","FI1","FI1B","FI1B1"
51624372,"FI","FI1","FI1C","FI1C3"
51624498,"FI","FI1","FI19","FI193"
51624516,"FI","FI1","FI1D","FI1D2"
51624718,"FI","FI1","FI1D","FI1D8"
51624808,"FI","FI1","FI1D","FI1D9"
51624844,"FI","FI1","FI1D","FI1D9"
51642748,"HU","HU3","HU32","HU321"
51642780,"HU","HU3","HU32","HU321"
51642960,"SK","SK0","SK04","SK041"
51643018,"PL","PL8","PL82","PL821"
51643090,"PL","PL8","PL82","PL823"
51643216,"PL","PL8","PL81","PL815"
51643248,"PL","PL8","PL81","PL815"
51643320,"PL","PL9","PL92","PL925"
51643338,"PL","PL9","PL92","PL925"
51643410,"PL","PL8","PL84","PL842"
51643432,"PL","PL8","PL84","PL843"
51643504,"PL","PL8","PL84","PL843"
51643668,"LT","LT0","LT02","LT022"
51643776,"LT","LT0","LT02","LT026"
51643794,"LV","LV0","LV00","LV009"
51644130,"EE","EE0","EE00","EE001"
51644382,"FI","FI1","FI1C","FI1C3"
51644404,"FI","FI1","FI19","FI193"
51644436,"FI","FI1","FI1D","FI1D1"
51644458,"FI","FI1","FI19","FI193"
51644526,"FI","FI1","FI1D","FI1D2"
51644548,"FI","FI1","FI1D","FI1D2"
51644724,"FI","FI1","FI1D","FI1D8"
51644800,"FI","FI1","FI1D","FI1D9"
51644850,"FI","FI1","FI1D","FI1D9"
51644872,"FI","FI1","FI1D","FI1D9"
51662588,"RO","RO4","RO42","RO424"
51662758,"HU","HU3","HU32","HU321"
51663016,"PL","PL8","PL82","PL821"
51663088,"PL","PL8","PL82","PL823"
51663358,"PL","PL8","PL84","PL842"
51663594,"LT","LT0","LT02","LT024"
51663638,"LT","LT0","LT02","LT027"
51663648,"LT","LT0","LT02","LT027"
51663832,"LV","LV0","LV00","LV007"
51664234,"FI","FI1","FI1B","FI1B1"
51664288,"FI","FI1","FI1C","FI1C3"
51664756,"FI","FI1","FI1D","FI1D8"
51664954,"FI","FI1","FI1D","FI1D7"
51682690,"HU","HU3","HU33","HU332"
51682726,"HU","HU3","HU33","HU332"
51682754,"HU","HU3","HU32","HU321"
51682826,"HU","HU3","HU32","HU323"
51683234,"PL","PL8","PL81","PL814"
51683492,"PL","PL8","PL84","PL843"
51683596,"LT","LT0","LT02","LT024"
51683776,"LV","LV0","LV00","LV009"
51684076,"EE","EE0","EE00","EE006"
51684292,"FI","FI1","FI1C","FI1C3"
51684368,"FI","FI1","FI1C","FI1C3"
51684392,"FI","FI1","FI19","FI193"
51684494,"FI","FI1","FI1D","FI1D2"
51684590,"FI","FI1","FI1D","FI1D2"
51684760,"FI","FI1","FI1D","FI1D8"
51684782,"FI","FI1","FI1D","FI1D8"
51684850,"FI","FI1","FI1D","FI1D9"
51703136,"PL","PL8","PL82","PL824"
51703244,"PL","PL8","PL81","PL814"
51703648,"LT","LT0","LT02","LT022"
51703708,"LT","LT0","LT02","LT026"
51704072,"EE","EE0","EE00","EE006"
51704450,"FI","FI1","FI19","FI193"
51704468,"FI","FI1","FI19","FI193"
51704558,"FI","FI1","FI1D","FI1D2"
51722712,"HU","HU3","HU33","HU332"
51722766,"HU","HU3","HU32","HU321"
51722942,"SK","SK0","SK04","SK041"
51722996,"PL","PL8","PL82","PL821"
51723014,"PL","PL8","PL82","PL821"
51723050,"PL","PL8","PL82","PL823"
51723086,"PL","PL8","PL82","PL823"
51723090,"PL","PL8","PL82","PL823"
51723256,"PL","PL8","PL81","PL815"
51723274,"PL","PL8","PL81","PL815"
51723310,"PL","PL9","PL92","PL925"
51723574,"LT","LT0","LT02","LT024"
51723592,"LT","LT0","LT02","LT024"
51723772,"LT","LT0","LT02","LT026"
51723994,"EE","EE0","EE00","EE004"
51724004,"EE","EE0","EE00","EE004"
51724048,"EE","EE0","EE00","EE004"
51724084,"EE","EE0","EE00","EE006"
51724116,"EE","EE0","EE00","EE001"
51724242,"FI","FI1","FI1B","FI1B1"
51724552,"FI","FI1","FI1D","FI1D2"
51724602,"FI","FI1","FI1D","FI1D2"
51724638,"FI","FI1","FI1D","FI1D2"
51724742,"FI","FI1","FI1D","FI1D8"
51724832,"FI","FI1","FI1D","FI1D9"
51724858,"FI","FI1","FI1D","FI1D9"
51724894,"FI","FI1","FI1D","FI1D9"
51742962,"SK","SK0","SK04","SK041"
51743642,"LT","LT0","LT02","LT027"
51743652,"LT","LT0","LT02","LT022"
51743678,"LT","LT0","LT02","LT022"
51743706,"LT","LT0","LT02","LT026"
51743714,"LT","LT0","LT02","LT026"
51743796,"LV","LV0","LV00","LV009"
51743800,"LV","LV0","LV00","LV009"
51743948,"LV","LV0","LV00","LV007"
51744528,"FI","FI1","FI1D","FI1D2"
51762706,"HU","HU3","HU33","HU332"
51762786,"HU","HU3","HU32","HU321"
51762822,"HU","HU3","HU32","HU321"
51762864,"HU","HU3","HU31","HU311"
51762918,"SK","SK0","SK04","SK042"
51763020,"PL","PL8","PL82","PL821"
51763146,"PL","PL8","PL81","PL815"
51763164,"PL","PL8","PL81","PL815"
51763242,"PL","PL8","PL81","PL814"
51763332,"PL","PL8","PL84","PL842"
51763344,"PL","PL8","PL84","PL842"
51763558,"LT","LT0","LT02","LT024"
51763582,"LT","LT0","LT02","LT024"
51763594,"LT","LT0","LT02","LT024"
51763654,"LT","LT0","LT02","LT022"
51763698,"LT","LT0","LT02","LT026"
51764034,"EE","EE0","EE00","EE004"
51764124,"EE","EE0","EE00","EE001"
51764578,"FI","FI1","FI1D","FI1D2"
51764582,"FI","FI1","FI1D","FI1D2"
51764704,"FI","FI1","FI1D","FI1D8"
51764754,"FI","FI1","FI1D","FI1D8"
51764802,"FI","FI1","FI1D","FI1D9"
51782754,"HU","HU3","HU32","HU321"
51782848,"HU","HU3","HU32","HU323"
51782890,"SK","SK0","SK04","SK042"
51782952,"SK","SK0","SK04","SK041"
51783010,"PL","PL8","PL82","PL821"
51783142,"PL","PL8","PL81","PL815"
51783286,"PL","PL8","PL81","PL815"
51783316,"PL","PL9","PL92","PL925"
51783710,"LT","LT0","LT02","LT026"
51783714,"LT","LT0","LT02","LT026"
51783728,"LT","LT0","LT02","LT026"
51783760,"LT","LT0","LT02","LT026"
51783768,"LT","LT0","LT02","LT026"
51783782,"LV","LV0","LV00","LV009"
51783786,"LV","LV0","LV00","LV009"
51783832,"LV","LV0","LV00","LV007"
51783840,"LV","LV0","LV00","LV007"
51784288,"FI","FI1","FI1C","FI1C3"
51784294,"FI","FI1","FI1C","FI1C3"
51784906,"FI","FI1","FI1D","FI1D9"
51802634,"RO","RO4","RO42","RO421"
51802666,"HU","HU3","HU33","HU332"
51802752,"HU","HU3","HU32","HU321"
51802774,"HU","HU3","HU32","HU321"
51802792,"HU","HU3","HU32","HU321"
51802810,"HU","HU3","HU32","HU321"
51802860,"HU","HU3","HU31","HU311"
51803004,"PL","PL8","PL82","PL821"
51803044,"PL","PL8","PL82","PL823"
51803166,"PL","PL8","PL81","PL815"
51803274,"PL","PL8","PL81","PL815"
51803718,"LT","LT0","LT02","LT026"
51804120,"EE","EE0","EE00","EE001"
51804718,"FI","FI1","FI1D","FI1D8"
51804772,"FI","FI1","FI1D","FI1D8"
51804804,"FI","FI1","FI1D","FI1D9"
51822646,"RO","RO4","RO42","RO421"
51822906,"SK","SK0","SK04","SK042"
51823018,"PL","PL8","PL82","PL821"
51823288,"PL","PL8","PL81","PL815"
51823686,"LT","LT0","LT02","LT026"
51823750,"LT","LT0","LT02","LT026"
51823768,"LT","LT0","LT02","LT026"
51823794,"LV","LV0","LV00","LV009"
51824026,"EE","EE0","EE00","EE004"
51824382,"FI","FI1","FI1D","FI1D1"
51824508,"FI","FI1","FI1D","FI1D2"
51824544,"FI","FI1","FI1D","FI1D2"
51824584,"FI","FI1","FI1D","FI1D2"
51824598,"FI","FI1","FI1D","FI1D2"
51824728,"FI","FI1","FI1D","FI1D8"
51824890,"FI","FI1","FI1D","FI1D9"
51842624,"RO","RO4","RO42","RO421"
51843016,"PL","PL8","PL82","PL821"
51843064,"PL","PL8","PL82","PL823"
51843082,"PL","PL8","PL82","PL823"
51843208,"PL","PL8","PL81","PL814"
51843214,"PL","PL8","PL81","PL814"
51843370,"PL","PL8","PL84","PL842"
51843782,"LV","LV0","LV00","LV009"
51843982,"EE","EE0","EE00","EE004"
51844252,"FI","FI1","FI1B","FI1B1"
51844270,"FI","FI1","FI1B","FI1B1"
51844280,"FI","FI1","FI1C","FI1C3"
51844342,"FI","FI1","FI1C","FI1C3"
51844666,"FI","FI1","FI1D","FI1D8"
51844828,"FI","FI1","FI1D","FI1D9"
51844906,"FI","FI1","FI1D","FI1D9"
51862582,"RO","RO4","RO42","RO424"
51862672,"RO","RO4","RO42","RO421"
51862780,"HU","HU3","HU32","HU321"
51862838,"HU","HU3","HU32","HU323"
51862862,"HU","HU3","HU31","HU311"
51862982,"SK","SK0","SK04","SK041"
51863014,"PL","PL8","PL82","PL821"
51863024,"PL","PL8","PL82","PL821"
51863086,"PL","PL8","PL82","PL823"
51863216,"PL","PL8","PL81","PL814"
51863338,"PL","PL8","PL84","PL842"
51863482,"PL","PL8","PL84","PL843"
51863560,"LT","LT0","LT02","LT024"
51863646,"LT","LT0","LT02","LT022"
51863740,"LT","LT0","LT02","LT026"
51863808,"LV","LV0","LV00","LV009"
51863830,"LV","LV0","LV00","LV007"
51864044,"EE","EE0","EE00","EE004"
51864688,"FI","FI1","FI1D","FI1D8"
51864706,"FI","FI1","FI1D","FI1D8"
51864760,"FI","FI1","FI1D","FI1D8"
51882740,"HU","HU3","HU32","HU321"
51882794,"HU","HU3","HU32","HU321"
51882830,"HU","HU3","HU32","HU323"
51883636,"LT","LT0","LT02","LT022"
51883690,"LT","LT0","LT02","LT026"
51883720,"LT","LT0","LT02","LT026"
51883828,"LV","LV0","LV00","LV007"
51884268,"FI","FI1","FI1B","FI1B1"
51884306,"FI","FI1","FI1C","FI1C4"
51902554,"RO","RO4","RO42","RO424"
51902590,"RO","RO4","RO42","RO424"
51902618,"RO","RO4","RO42","RO421"
51902856,"HU","HU3","HU32","HU323"
51902946,"SK","SK0","SK04","SK041"
51902950,"SK","SK0","SK04","SK041"
51903004,"PL","PL8","PL82","PL821"
51903130,"PL","PL8","PL81","PL815"
51903194,"PL","PL8","PL81","PL814"
51903238,"PL","PL8","PL81","PL814"
51903328,"PL","PL9","PL92","PL925"
51903342,"PL","PL8","PL84","PL842"
51903592,"LT","LT0","LT02","LT024"
51903736,"LT","LT0","LT02","LT026"
51904048,"EE","EE0","EE00","EE004"
51904062,"EE","EE0","EE00","EE006"
51904292,"FI","FI1","FI1C","FI1C3"
51904310,"FI","FI1","FI1C","FI1C4"
51904336,"FI","FI1","FI1C","FI1C3"
51904372,"FI","FI1","FI1D","FI1D1"
51904400,"FI","FI1","FI1D","FI1D1"
51922542,"RO","RO4","RO42","RO424"
51922818,"HU","HU3","HU32","HU323"
51922944,"SK","SK0","SK04","SK041"
51923178,"PL","PL8","PL81","PL814"
51923376,"PL","PL8","PL84","PL842"
51923710,"LT","LT0","LT02","LT026"
51923724,"LT","LT0","LT02","LT026"
51923832,"LV","LV0","LV00","LV007"
51923930,"LV","LV0","LV00","LV007"
51923944,"LV","LV0","LV00","LV007"
51924744,"FI","FI1","FI1D","FI1D8"
51924780,"FI","FI1","FI1D","FI1D8"
51942696,"HU","HU3","HU33","HU332"
51942720,"HU","HU3","HU32","HU321"
51942732,"HU","HU3","HU32","HU321"
51942742,"HU","HU3","HU32","HU321"
51943026,"PL","PL8","PL82","PL821"
51943092,"PL","PL8","PL82","PL824"
51943354,"PL","PL8","PL84","PL842"
51943554,"LT","LT0","LT02","LT021"
51943644,"LT","LT0","LT02","LT022"
51943702,"LT","LT0","LT02","LT026"
51943738,"LT","LT0","LT02","LT025"
51943752,"LT","LT0","LT02","LT025"
51943774,"LV","LV0","LV00","LV009"
51943882,"LV","LV0","LV00","LV007"
51943950,"LV","LV0","LV00","LV007"
51944074,"EE","EE0","EE00","EE006"
51944092,"EE","EE0","EE00","EE001"
51944110,"EE","EE0","EE00","EE001"
51944118,"EE","EE0","EE00","EE001"
51944124,"EE","EE0","EE00","EE001"
51944376,"FI","FI1","FI1D","FI1D1"
51944430,"FI","FI1","FI1D","FI1D1"
51944466,"FI","FI1","FI1D","FI1D1"
51944542,"FI","FI1","FI1D","FI1D2"
51944554,"FI","FI1","FI1D","FI1D2"
51944754,"FI","FI1","FI1D","FI1D8"
51944802,"FI","FI1","FI1D","FI1D8"
51944808,"FI","FI1","FI1D","FI1D8"
51944826,"FI","FI1","FI1D","FI1D9"
51962650,"RO","RO4","RO42","RO421"
51962812,"HU","HU3","HU32","HU323"
51962830,"HU","HU3","HU32","HU323"
51963070,"PL","PL8","PL82","PL823"
51963208,"PL","PL8","PL81","PL814"
51963268,"PL","PL8","PL81","PL811"
51963286,"PL","PL8","PL81","PL811"
51963348,"PL","PL8","PL84","PL842"
51963602,"LT","LT0","LT02","LT022"
51963688,"LT","LT0","LT02","LT025"
51963894,"LV","LV0","LV00","LV007"
51963940,"LV","LV0","LV00","LV007"
51963988,"EE","EE0","EE00","EE004"
51964006,"EE","EE0","EE00","EE004"
51964708,"FI","FI1","FI1D","FI1D8"
51964834,"FI","FI1","FI1D","FI1D9"
51964900,"FI","FI1","FI1D","FI1D9"
51981896,"EL","EL5","EL54","EL542"
51982734,"HU","HU3","HU32","HU321"
51982864,"HU","HU3","HU31","HU311"
51982918,"SK","SK0","SK04","SK042"
51983080,"PL","PL8","PL82","PL823"
51983278,"PL","PL8","PL81","PL811"
51983310,"PL","PL9","PL92","PL925"
51983328,"PL","PL9","PL92","PL925"
51983664,"LT","LT0","LT02","LT022"
51983700,"LT","LT0","LT02","LT026"
51983736,"LT","LT0","LT02","LT025"
51983844,"LV","LV0","LV00","LV007"
51984142,"EE","EE0","EE00","EE001"
51984534,"FI","FI1","FI1D","FI1D2"
51984664,"FI","FI1","FI1D","FI1D8"
51984768,"FI","FI1","FI1D","FI1D8"
52002694,"RO","RO1","RO11","RO111"
52002798,"HU","HU3","HU32","HU321"
52002838,"HU","HU3","HU32","HU323"
52002906,"SK","SK0","SK04","SK042"
52003090,"PL","PL8","PL82","PL824"
52003108,"PL","PL8","PL81","PL812"
52003302,"PL","PL9","PL92","PL925"
52003320,"PL","PL9","PL92","PL925"
52003356,"PL","PL8","PL84","PL842"
52003468,"PL","PL8","PL84","PL841"
52003578,"LT","LT0","LT02","LT024"
52003714,"LT","LT0","LT02","LT025"
52003830,"LV","LV0","LV00","LV007"
52004044,"EE","EE0","EE00","EE004"
52004112,"EE","EE0","EE00","EE001"
52004278,"FI","FI1","FI1B","FI1B1"
52004314,"FI","FI1","FI1C","FI1C4"
52004440,"FI","FI1","FI1D","FI1D1"
52022548,"RO","RO4","RO42","RO424"
52022992,"PL","PL8","PL82","PL821"
52023010,"PL","PL8","PL82","PL821"
52023424,"PL","PL8","PL84","PL841"
52023594,"LT","LT0","LT02","LT022"
52023612,"LT","LT0","LT02","LT022"
52023674,"LT","LT0","LT02","LT022"
52023728,"LT","LT0","LT02","LT025"
52023764,"LT","LT0","LT02","LT025"
52023836,"LV","LV0","LV00","LV007"
52023864,"LV","LV0","LV00","LV007"
52024342,"FI","FI1","FI1C","FI1C4"
52024360,"FI","FI1","FI1D","FI1D1"
52024564,"FI","FI1","FI1D","FI1D2"
52024846,"FI","FI1","FI1D","FI1D9"
52042582,"RO","RO4","RO42","RO424"
52042586,"RO","RO4","RO42","RO424"
52042676,"RO","RO4","RO42","RO421"
52042798,"HU","HU3","HU32","HU321"
52042834,"HU","HU3","HU32","HU323"
52042916,"SK","SK0","SK04","SK042"
52042996,"PL","PL8","PL82","PL821"
52043072,"PL","PL8","PL82","PL822"
52043144,"PL","PL8","PL81","PL815"
52043222,"PL","PL8","PL81","PL814"
52043252,"PL","PL8","PL81","PL811"
52043276,"PL","PL8","PL81","PL811"
52043360,"PL","PL8","PL84","PL842"
52043446,"PL","PL8","PL84","PL841"
52043614,"LT","LT0","LT02","LT022"
52043736,"LT","LT0","LT02","LT025"
52043812,"LV","LV0","LV00","LV009"
52043826,"LV","LV0","LV00","LV007"
52043830,"LV","LV0","LV00","LV007"
52043990,"EE","EE0","EE00","EE004"
52044112,"EE","EE0","EE00","EE006"
52044278,"FI","FI1","FI1B","FI1B1"
52044292,"FI","FI1","FI1C","FI1C4"
52044374,"FI","FI1","FI1D","FI1D1"
52044494,"FI","FI1","FI1D","FI1D2"
52044508,"FI","FI1","FI1D","FI1D2"
52044544,"FI","FI1","FI1D","FI1D2"
52044590,"FI","FI1","FI1D","FI1D2"
52044824,"FI","FI1","FI1D","FI1D8"
52062584,"RO","RO4","RO42","RO424"
52062596,"RO","RO4","RO42","RO424"
52062776,"HU","HU3","HU32","HU321"
52062866,"HU","HU3","HU32","HU323"
52063280,"PL","PL8","PL81","PL811"
52063672,"LT","LT0","LT02","LT022"
52063882,"LV","LV0","LV00","LV007"
52063942,"LV","LV0","LV00","LV007"
52063954,"LV","LV0","LV00","LV008"
52064272,"FI","FI1","FI1B","FI1B1"
52064414,"FI","FI1","FI1D","FI1D1"
52064522,"FI","FI1","FI1D","FI1D2"
52064576,"FI","FI1","FI1D","FI1D2"
52064590,"FI","FI1","FI1D","FI1D2"
52064666,"FI","FI1","FI1D","FI1D8"
52064738,"FI","FI1","FI1D","FI1D8"
52081884,"EL","EL5","EL54","EL542"
52081888,"EL","EL5","EL54","EL542"
52082618,"RO","RO4","RO42","RO424"
52082870,"HU","HU3","HU32","HU323"
52083090,"PL","PL8","PL82","PL824"
52083230,"PL","PL8","PL81","PL814"
52083346,"PL","PL8","PL84","PL842"
52083664,"LT","LT0","LT02","LT022"
52084098,"EE","EE0","EE00","EE006"
52084354,"FI","FI1","FI1D","FI1D1"
52102746,"HU","HU3","HU32","HU321"
52102818,"HU","HU3","HU32","HU323"
52102872,"HU","HU3","HU32","HU323"
52102944,"SK","SK0","SK04","SK041"
52103584,"LT","LT0","LT02","LT022"
52103706,"LT","LT0","LT02","LT025"
52104348,"FI","FI1","FI1D","FI1D1"
52104438,"FI","FI1","FI1D","FI1D1"
52121868,"EL","EL5","EL54","EL542"
52122544,"RO","RO4","RO42","RO424"
52122706,"RO","RO1","RO11","RO111"
52122720,"RO","RO1","RO11","RO111"
52122904,"SK","SK0","SK04","SK042"
52122918,"SK","SK0","SK04","SK042"
52123368,"PL","PL8","PL84","PL842"
52123372,"PL","PL8","PL84","PL842"
52123680,"LT","LT0","LT02","LT022"
52123698,"LT","LT0","LT02","LT025"
52123816,"LV","LV0","LV00","LV007"
52124010,"EE","EE0","EE00","EE008"
52124064,"EE","EE0","EE00","EE006"
52124290,"FI","FI1","FI1C","FI1C4"
52124610,"FI","FI1","FI1D","FI1D2"
52124650,"FI","FI1","FI1D","FI1D8"
52124682,"FI","FI1","FI1D","FI1D8"
52124730,"FI","FI1","FI1D","FI1D8"
52141926,"EL","EL5","EL54","EL543"
52142764,"HU","HU3","HU32","HU321"
52142848,"HU","HU3","HU32","HU323"
52142854,"HU","HU3","HU32","HU323"
52142866,"HU","HU3","HU32","HU323"
52142920,"SK","SK0","SK04","SK042"
52143474,"PL","PL8","PL84","PL841"
52143634,"LT","LT0","LT02","LT022"
52143652,"LT","LT0","LT02","LT022"
52143746,"LT","LT0","LT02","LT025"
52143764,"LT","LT0","LT02","LT025"
52143890,"LV","LV0","LV00","LV007"
52143948,"LV","LV0","LV00","LV008"
52143958,"LV","LV0","LV00","LV008"
52143966,"LV","LV0","LV00","LV008"
52144060,"EE","EE0","EE00","EE006"
52144150,"EE","EE0","EE00","EE006"
52144402,"FI","FI1","FI1D","FI1D1"
52144546,"FI","FI1","FI1D","FI1D2"
52144564,"FI","FI1","FI1D","FI1D2"
52144708,"FI","FI1","FI1D","FI1D8"
52163310,"PL","PL8","PL81","PL811"
52163364,"PL","PL8","PL84","PL842"
52163368,"PL","PL8","PL84","PL842"
52163386,"PL","PL8","PL84","PL842"
52163556,"LT","LT0","LT02","LT021"
52163682,"LT","LT0","LT02","LT022"
52163772,"LT","LT0","LT02","LT025"
52163856,"LV","LV0","LV00","LV007"
52164298,"FI","FI1","FI1C","FI1C4"
52164304,"FI","FI1","FI1C","FI1C4"
52164480,"FI","FI1","FI1D","FI1D1"
52164502,"FI","FI1","FI1D","FI1D2"
52164840,"FI","FI1","FI1D","FI1D9"
52181880,"EL","EL5","EL54","EL542"
52181902,"EL","EL5","EL54","EL542"
52182528,"RO","RO4","RO42","RO424"
52182694,"RO","RO1","RO11","RO111"
52182816,"HU","HU3","HU32","HU323"
52182852,"HU","HU3","HU32","HU323"
52182946,"SK","SK0","SK04","SK041"
52183140,"PL","PL8","PL81","PL812"
52183668,"LT","LT0","LT02","LT022"
52183848,"LV","LV0","LV00","LV007"
52184152,"EE","EE0","EE00","EE006"
52184256,"FI","FI1","FI1B","FI1B1"
52184278,"FI","FI1","FI1C","FI1C4"
52184320,"FI","FI1","FI1C","FI1C4"
52184710,"FI","FI1","FI1D","FI1D8"
52203286,"PL","PL8","PL81","PL811"
52203314,"PL","PL8","PL81","PL811"
52203558,"LT","LT0","LT02","LT021"
52203656,"LT","LT0","LT02","LT022"
52204108,"EE","EE0","EE00","EE006"
52204276,"FI","FI1","FI1C","FI1C4"
52204792,"FI","FI1","FI1D","FI1D8"
52222744,"RO","RO1","RO11","RO111"
52222852,"HU","HU3","HU32","HU323"
52222988,"PL","PL8","PL82","PL821"
52223072,"PL","PL8","PL82","PL822"
52223108,"PL","PL8","PL81","PL812"
52223212,"PL","PL8","PL81","PL814"
52223686,"LT","LT0","LT02","LT025"
52223776,"LT","LT0","LT02","LT025"
52223970,"LV","LV0","LV00","LV008"
52223990,"EE","EE0","EE00","EE008"
52224014,"EE","EE0","EE00","EE008"
52224068,"EE","EE0","EE00","EE006"
52224086,"EE","EE0","EE00","EE006"
52224296,"FI","FI1","FI1C","FI1C4"
52224346,"FI","FI1","FI1C","FI1C4"
52224392,"FI","FI1","FI1D","FI1D1"
52224410,"FI","FI1","FI1D","FI1D1"
52224440,"FI","FI1","FI1D","FI1D1"
52224494,"FI","FI1","FI1D","FI1D2"
52224544,"FI","FI1","FI1D","FI1D2"
52224584,"FI","FI1","FI1D","FI1D2"
52224620,"FI","FI1","FI1D","FI1D2"
52224688,"FI","FI1","FI1D","FI1D8"
52224706,"FI","FI1","FI1D","FI1D8"
52224746,"FI","FI1","FI1D","FI1D8"
52224764,"FI","FI1","FI1D","FI1D8"
52224800,"FI","FI1","FI1D","FI1D8"
52242552,"RO","RO4","RO42","RO422"
52242588,"RO","RO4","RO42","RO424"
52242596,"RO","RO4","RO42","RO424"
52243816,"LV","LV0","LV00","LV007"
52243864,"LV","LV0","LV00","LV007"
52243888,"LV","LV0","LV00","LV008"
52244090,"EE","EE0","EE00","EE006"
52244648,"FI","FI1","FI1D","FI1D3"
52262680,"RO","RO4","RO42","RO421"
52262824,"HU","HU3","HU32","HU323"
52262878,"HU","HU3","HU32","HU323"
52263284,"PL","PL8","PL81","PL811"
52263450,"PL","PL8","PL84","PL841"
52263646,"LT","LT0","LT02","LT022"
52263754,"LT","LT0","LT02","LT025"
52263808,"LV","LV0","LV00","LV009"
52264048,"EE","EE0","EE00","EE008"
52264066,"EE","EE0","EE00","EE006"
52264102,"EE","EE0","EE00","EE006"
52264296,"FI","FI1","FI1C","FI1C4"
52264310,"FI","FI1","FI1C","FI1C4"
52264354,"FI","FI1","FI1D","FI1D1"
52264408,"FI","FI1","FI1D","FI1D1"
52264742,"FI","FI1","FI1D","FI1D8"
52283268,"PL","PL8","PL81","PL811"
52283620,"LT","LT0","LT02","LT022"
52283670,"LT","LT0","LT02","LT022"
52283750,"LT","LT0","LT02","LT025"
52283782,"LT","LT0","LT02","LT025"
52283840,"LV","LV0","LV00","LV007"
52283850,"LV","LV0","LV00","LV007"
52283872,"LV","LV0","LV00","LV007"
52283948,"LV","LV0","LV00","LV008"
52283958,"LV","LV0","LV00","LV008"
52284330,"FI","FI1","FI1C","FI1C4"
52284438,"FI","FI1","FI1D","FI1D1"
52284564,"FI","FI1","FI1D","FI1D2"
52284582,"FI","FI1","FI1D","FI1D2"
52284744,"FI","FI1","FI1D","FI1D8"
52302756,"RO","RO1","RO11","RO111"
52302814,"HU","HU3","HU32","HU323"
52303048,"PL","PL8","PL82","PL822"
52303080,"PL","PL8","PL82","PL822"
52303200,"PL","PL8","PL81","PL812"
52303540,"LT","LT0","LT02","LT021"
52303734,"LT","LT0","LT02","LT025"
52303998,"EE","EE0","EE00","EE008"
52304028,"EE","EE0","EE00","EE008"
52304118,"EE","EE0","EE00","EE006"
52304286,"FI","FI1","FI1C","FI1C4"
52304298,"FI","FI1","FI1C","FI1C4"
52304412,"FI","FI1","FI1D","FI1D1"
52304502,"FI","FI1","FI1D","FI1D2"
52304568,"FI","FI1","FI1D","FI1D2"
52304592,"FI","FI1","FI1D","FI1D2"
52321948,"EL","EL5","EL54","EL543"
52322682,"RO","RO4","RO42","RO421"
52323196,"PL","PL8","PL81","PL812"
52323570,"LT","LT0","LT02","LT021"
52323620,"LT","LT0","LT02","LT022"
52323652,"LT","LT0","LT02","LT022"
52323696,"LT","LT0","LT02","LT025"
52323746,"LT","LT0","LT02","LT025"
52323782,"LT","LT0","LT02","LT025"
52323822,"LV","LV0","LV00","LV007"
52323858,"LV","LV0","LV00","LV007"
52324000,"EE","EE0","EE00","EE008"
52324108,"EE","EE0","EE00","EE006"
52324348,"FI","FI1","FI1D","FI1D1"
52324366,"FI","FI1","FI1D","FI1D1"
52324474,"FI","FI1","FI1D","FI1D1"
52342544,"RO","RO4","RO42","RO422"
52342580,"RO","RO4","RO42","RO424"
52342720,"RO","RO1","RO11","RO111"
52342860,"HU","HU3","HU32","HU323"
52343610,"LT","LT0","LT02","LT022"
52343664,"LT","LT0","LT01","LT011"
52343772,"LT","LT0","LT02","LT025"
52344016,"EE","EE0","EE00","EE008"
52344084,"EE","EE0","EE00","EE006"
52344462,"FI","FI1","FI1D","FI1D1"
52344606,"FI","FI1","FI1D","FI1D2"
52344790,"FI","FI1","FI1D","FI1D8"
52362556,"RO","RO4","RO42","RO422"
52362744,"RO","RO1","RO11","RO111"
52363000,"PL","PL8","PL82","PL821"
52363144,"PL","PL8","PL81","PL812"
52363162,"PL","PL8","PL81","PL812"
52363614,"LT","LT0","LT02","LT022"
52363758,"LT","LT0","LT02","LT025"
52363912,"LV","LV0","LV00","LV008"
52363948,"EE","EE0","EE00","EE008"
52364004,"EE","EE0","EE00","EE008"
52364008,"EE","EE0","EE00","EE008"
52364022,"EE","EE0","EE00","EE008"
52364058,"EE","EE0","EE00","EE008"
52364076,"EE","EE0","EE00","EE006"
52364400,"FI","FI1","FI1D","FI1D1"
52364404,"FI","FI1","FI1D","FI1D1"
52381876,"EL","EL5","EL54","EL542"
52382794,"RO","RO1","RO11","RO115"
52382854,"HU","HU3","HU32","HU323"
52383540,"LT","LT0","LT02","LT021"
52383602,"LT","LT0","LT02","LT022"
52383710,"LT","LT0","LT02","LT025"
52383746,"LT","LT0","LT02","LT025"
52383854,"LV","LV0","LV00","LV007"
52384108,"EE","EE0","EE00","EE006"
52384144,"EE","EE0","EE00","EE006"
52384270,"FI","FI1","FI1C","FI1C4"
52384450,"FI","FI1","FI1D","FI1D1"
52384550,"FI","FI1","FI1D","FI1D2"
52384666,"FI","FI1","FI1D","FI1D8"
52384756,"FI","FI1","FI1D","FI1D8"
52401908,"EL","EL5","EL54","EL543"
52401956,"EL","EL5","EL54","EL543"
52402496,"RO","RO4","RO42","RO422"
52402654,"RO","RO4","RO42","RO421"
52402748,"RO","RO1","RO11","RO111"
52402838,"HU","HU3","HU32","HU323"
52402856,"HU","HU3","HU32","HU323"
52403294,"PL","PL8","PL81","PL811"
52403578,"LT","LT0","LT02","LT021"
52403700,"LT","LT0","LT02","LT025"
52403722,"LT","LT0","LT02","LT025"
52403862,"LV","LV0","LV00","LV008"
52404058,"EE","EE0","EE00","EE008"
52404076,"EE","EE0","EE00","EE006"
52404350,"FI","FI1","FI1D","FI1D1"
52404364,"FI","FI1","FI1D","FI1D1"
52404386,"FI","FI1","FI1D","FI1D1"
52404444,"FI","FI1","FI1D","FI1D1"
52404590,"FI","FI1","FI1D","FI1D2"
52404626,"FI","FI1","FI1D","FI1D3"
52404680,"FI","FI1","FI1D","FI1D8"
52421918,"EL","EL5","EL54","EL543"
52422668,"RO","RO4","RO42","RO421"
52422754,"RO","RO1","RO11","RO111"
52422758,"RO","RO1","RO11","RO111"
52423046,"PL","PL8","PL82","PL822"
52423208,"PL","PL8","PL81","PL812"
52423612,"LT","LT0","LT02","LT022"
52423744,"LT","LT0","LT02","LT025"
52423748,"LT","LT0","LT02","LT025"
52423856,"LV","LV0","LV00","LV007"
52423910,"LV","LV0","LV00","LV008"
52424000,"EE","EE0","EE00","EE008"
52424342,"FI","FI1","FI1C","FI1C5"
52424612,"FI","FI1","FI1D","FI1D3"
52424702,"FI","FI1","FI1D","FI1D8"
52441906,"EL","EL5","EL54","EL543"
52442662,"RO","RO4","RO42","RO421"
52442774,"RO","RO1","RO11","RO111"
52442852,"HU","HU3","HU32","HU323"
52442860,"HU","HU3","HU32","HU323"
52443166,"PL","PL8","PL81","PL812"
52443184,"PL","PL8","PL81","PL812"
52443288,"PL","PL8","PL81","PL811"
52443826,"LV","LV0","LV00","LV009"
52444062,"EE","EE0","EE00","EE008"
52444066,"EE","EE0","EE00","EE008"
52444130,"EE","EE0","EE00","EE006"
52444310,"FI","FI1","FI1C","FI1C4"
52444426,"FI","FI1","FI1D","FI1D1"
52444746,"FI","FI1","FI1D","FI1D8"
52462584,"RO","RO4","RO42","RO424"
52462782,"RO","RO1","RO11","RO111"
52463548,"LT","LT0","LT02","LT021"
52463552,"LT","LT0","LT02","LT021"
52463652,"LT","LT0","LT01","LT011"
52463692,"LT","LT0","LT01","LT011"
52463890,"LV","LV0","LV00","LV008"
52463940,"LV","LV0","LV00","LV008"
52464474,"FI","FI1","FI1D","FI1D2"
52464618,"FI","FI1","FI1D","FI1D3"
52464654,"FI","FI1","FI1D","FI1D8"
52482706,"RO","RO1","RO11","RO111"
52482796,"RO","RO1","RO11","RO115"
52482850,"HU","HU3","HU32","HU323"
52483080,"PL","PL8","PL82","PL822"
52483152,"PL","PL8","PL81","PL812"
52483156,"PL","PL8","PL81","PL812"
52483182,"PL","PL8","PL81","PL812"
52483188,"PL","PL8","PL81","PL812"
52483218,"PL","PL8","PL81","PL812"
52483228,"PL","PL8","PL81","PL811"
52483546,"LT","LT0","LT02","LT021"
52483612,"LT","LT0","LT02","LT022"
52483654,"LT","LT0","LT01","LT011"
52483720,"LT","LT0","LT02","LT025"
52483726,"LT","LT0","LT02","LT025"
52483744,"LT","LT0","LT02","LT025"
52483770,"LT","LT0","LT02","LT025"
52483828,"LV","LV0","LV00","LV009"
52483882,"LV","LV0","LV00","LV008"
52484034,"EE","EE0","EE00","EE008"
52484118,"EE","EE0","EE00","EE006"
52484136,"EE","EE0","EE00","EE006"
52484272,"FI","FI1","FI1C","FI1C4"
52484298,"FI","FI1","FI1C","FI1C4"
52484448,"FI","FI1","FI1D","FI1D1"
52484574,"FI","FI1","FI1D","FI1D2"
52484730,"FI","FI1","FI1D","FI1D8"
52484758,"FI","FI1","FI1D","FI1D8"
52501890,"EL","EL5","EL54","EL543"
52502542,"RO","RO4","RO42","RO422"
52502646,"RO","RO4","RO42","RO421"
52502800,"RO","RO1","RO11","RO115"
52502812,"RO","RO1","RO11","RO115"
52503160,"PL","PL8","PL81","PL812"
52503208,"PL","PL8","PL81","PL812"
52503226,"PL","PL8","PL81","PL811"
52503606,"LT","LT0","LT01","LT011"
52503616,"LT","LT0","LT01","LT011"
52503674,"LT","LT0","LT01","LT011"
52503692,"LT","LT0","LT02","LT029"
52503710,"LT","LT0","LT02","LT029"
52503728,"LT","LT0","LT02","LT025"
52503854,"LV","LV0","LV00","LV007"
52504086,"EE","EE0","EE00","EE006"
52504126,"EE","EE0","EE00","EE006"
52521950,"EL","EL5","EL54","EL543"
52521960,"EL","EL5","EL54","EL543"
52523166,"PL","PL8","PL81","PL812"
52523170,"PL","PL8","PL81","PL812"
52523220,"PL","PL8","PL81","PL812"
52523772,"LT","LT0","LT02","LT025"
52523980,"EE","EE0","EE00","EE008"
52524066,"EE","EE0","EE00","EE008"
52524106,"EE","EE0","EE00","EE006"
52524124,"EE","EE0","EE00","EE006"
52524588,"FI","FI1","FI1D","FI1D3"
52524592,"FI","FI1","FI1D","FI1D3"
52542600,"RO","RO4","RO42","RO424"
52542654,"RO","RO4","RO42","RO421"
52542834,"HU","HU3","HU32","HU323"
52543176,"PL","PL8","PL81","PL812"
52543650,"LT","LT0","LT01","LT011"
52543704,"LT","LT0","LT02","LT029"
52543740,"LT","LT0","LT02","LT025"
52543758,"LT","LT0","LT02","LT025"
52543876,"LV","LV0","LV00","LV008"
52544080,"EE","EE0","EE00","EE008"
52544382,"FI","FI1","FI1D","FI1D1"
52544508,"FI","FI1","FI1D","FI1D2"
52544616,"FI","FI1","FI1D","FI1D3"
52544670,"FI","FI1","FI1D","FI1D8"
52544710,"FI","FI1","FI1D","FI1D8"
52561900,"EL","EL5","EL54","EL543"
52561940,"EL","EL5","EL54","EL543"
52562578,"RO","RO4","RO42","RO424"
52562656,"RO","RO4","RO42","RO421"
52564144,"EE","EE0","EE00","EE006"
52581926,"EL","EL5","EL54","EL543"
52581944,"EL","EL5","EL54","EL543"
52582016,"EL","EL5","EL53","EL533"
52582700,"RO","RO1","RO11","RO111"
52583140,"PL","PL8","PL81","PL812"
52583650,"LT","LT0","LT01","LT011"
52583718,"LT","LT0","LT02","LT029"
52583844,"LV","LV0","LV00","LV007"
52583848,"LV","LV0","LV00","LV007"
52583934,"LV","LV0","LV00","LV008"
52583972,"EE","EE0","EE00","EE008"
52584068,"EE","EE0","EE00","EE008"
52584140,"EE","EE0","EE00","EE006"
52584292,"FI","FI1","FI1C","FI1C4"
52584404,"FI","FI1","FI1D","FI1D1"
52584464,"FI","FI1","FI1D","FI1D1"
52584526,"FI","FI1","FI1D","FI1D2"
52584544,"FI","FI1","FI1D","FI1D2"
52601886,"EL","EL5","EL54","EL543"
52601900,"EL","EL5","EL54","EL543"
52601984,"EL","EL5","EL53","EL532"
52602002,"EL","EL5","EL53","EL532"
52602710,"RO","RO1","RO11","RO111"
52602782,"RO","RO1","RO11","RO115"
52603658,"LT","LT0","LT01","LT011"
52603780,"LV","LV0","LV00","LV009"
52603834,"LV","LV0","LV00","LV009"
52603846,"LV","LV0","LV00","LV009"
52604648,"FI","FI1","FI1D","FI1D3"
52622650,"RO","RO4","RO42","RO421"
52623148,"PL","PL8","PL81","PL812"
52624094,"EE","EE0","EE00","EE006"
52624130,"EE","EE0","EE00","EE006"
52624148,"EE","EE0","EE00","EE006"
52624278,"FI","FI1","FI1C","FI1C4"
52624310,"FI","FI1","FI1C","FI1C5"
52624318,"FI","FI1","FI1C","FI1C5"
52624328,"FI","FI1","FI1C","FI1C5"
52624364,"FI","FI1","FI1C","FI1C5"
52624426,"FI","FI1","FI1D","FI1D1"
52624660,"FI","FI1","FI1D","FI1D8"
52624688,"FI","FI1","FI1D","FI1D8"
52624760,"FI","FI1","FI1D","FI1D8"
52641894,"EL","EL5","EL54","EL543"
52641966,"EL","EL5","EL53","EL532"
52642610,"RO","RO4","RO42","RO424"
52643142,"PL","PL8","PL81","PL812"
52643638,"LT","LT0","LT01","LT011"
52643642,"LT","LT0","LT01","LT011"
52643674,"LT","LT0","LT01","LT011"
52643732,"LT","LT0","LT02","LT025"
52643742,"LT","LT0","LT02","LT025"
52643750,"LT","LT0","LT02","LT025"
52643850,"LV","LV0","LV00","LV008"
52643868,"LV","LV0","LV00","LV008"
52643988,"EE","EE0","EE00","EE008"
52644474,"FI","FI1","FI1D","FI1D2"
52644510,"FI","FI1","FI1D","FI1D2"
52661964,"EL","EL5","EL53","EL531"
52661994,"EL","EL5","EL53","EL532"
52663138,"PL","PL8","PL81","PL812"
52663594,"LT","LT0","LT01","LT011"
52663690,"LT","LT0","LT02","LT029"
52663792,"LV","LV0","LV00","LV009"
52663864,"LV","LV0","LV00","LV008"
52663878,"LV","LV0","LV00","LV008"
52663882,"LV","LV0","LV00","LV008"
52664002,"EE","EE0","EE00","EE008"
52664010,"EE","EE0","EE00","EE008"
52664136,"EE","EE0","EE00","EE006"
52664358,"FI","FI1","FI1C","FI1C5"
52664628,"FI","FI1","FI1D","FI1D3"
52664676,"FI","FI1","FI1D","FI1D8"
52664748,"FI","FI1","FI1D","FI1D8"
52682034,"EL","EL5","EL53","EL533"
52682602,"RO","RO4","RO42","RO424"
52682740,"RO","RO1","RO11","RO111"
52683160,"PL","PL8","PL81","PL812"
52683580,"LT","LT0","LT01","LT011"
52683688,"LT","LT0","LT02","LT029"
52683728,"LT","LT0","LT02","LT025"
52683796,"LV","LV0","LV00","LV009"
52683814,"LV","LV0","LV00","LV009"
52683832,"LV","LV0","LV00","LV009"
52683912,"LV","LV0","LV00","LV008"
52683940,"LV","LV0","LV00","LV008"
52684014,"EE","EE0","EE00","EE008"
52684072,"EE","EE0","EE00","EE008"
52684348,"FI","FI1","FI1C","FI1C5"
52684456,"FI","FI1","FI1D","FI1D1"
52684492,"FI","FI1","FI1D","FI1D1"
52701824,"EL","EL6","EL63","EL631"
52701914,"EL","EL5","EL54","EL543"
52701978,"EL","EL5","EL53","EL531"
52702004,"EL","EL5","EL53","EL532"
52702012,"EL","EL5","EL53","EL532"
52702036,"EL","EL5","EL53","EL533"
52702756,"RO","RO1","RO11","RO116"
52703664,"LT","LT0","LT01","LT011"
52704070,"EE","EE0","EE00","EE008"
52704300,"FI","FI1","FI1C","FI1C4"
52704318,"FI","FI1","FI1C","FI1C5"
52704534,"FI","FI1","FI1D","FI1D3"
52704592,"FI","FI1","FI1D","FI1D3"
52721908,"EL","EL5","EL54","EL543"
52721944,"EL","EL5","EL53","EL531"
52722726,"RO","RO1","RO11","RO111"
52722766,"RO","RO1","RO11","RO116"
52722834,"RO","RO1","RO11","RO115"
52723578,"LT","LT0","LT01","LT011"
52723768,"LT","LT0","LT02","LT025"
52723812,"LV","LV0","LV00","LV009"
52724350,"FI","FI1","FI1C","FI1C5"
52724638,"FI","FI1","FI1D","FI1D3"
52724656,"FI","FI1","FI1D","FI1D3"
52724670,"FI","FI1","FI1D","FI1D8"
52741922,"EL","EL5","EL54","EL543"
52742776,"RO","RO1","RO11","RO116"
52743154,"PL","PL8","PL81","PL812"
52743836,"LV","LV0","LV00","LV009"
52744114,"EE","EE0","EE00","EE006"
52744126,"EE","EE0","EE00","EE006"
52744378,"FI","FI1","FI1D","FI1D1"
52744414,"FI","FI1","FI1D","FI1D1"
52761854,"EL","EL5","EL54","EL541"
52761962,"EL","EL5","EL53","EL531"
52761992,"EL","EL5","EL53","EL531"
52762016,"EL","EL5","EL53","EL532"
52762680,"RO","RO1","RO11","RO111"
52763646,"LT","LT0","LT01","LT011"
52763704,"LT","LT0","LT02","LT029"
52763758,"LT","LT0","LT02","LT025"
52763848,"LV","LV0","LV00","LV009"
52763968,"EE","EE0","EE00","EE008"
52764050,"EE","EE0","EE00","EE008"
52764410,"FI","FI1","FI1D","FI1D1"
52764572,"FI","FI1","FI1D","FI1D3"
52764590,"FI","FI1","FI1D","FI1D3"
52764680,"FI","FI1","FI1D","FI1D8"
52781994,"EL","EL5","EL53","EL532"
52782560,"RO","RO4","RO42","RO422"
52783208,"PL","PL8","PL81","PL812"
52783622,"LT","LT0","LT01","LT011"
52783630,"LT","LT0","LT01","LT011"
52783730,"LT","LT0","LT02","LT029"
52783928,"LV","LV0","LV00","LV008"
52783964,"EE","EE0","EE00","EE008"
52784000,"EE","EE0","EE00","EE008"
52801884,"EL","EL5","EL54","EL541"
52802546,"RO","RO4","RO42","RO422"
52802788,"RO","RO1","RO11","RO115"
52803148,"PL","PL8","PL81","PL812"
52803194,"PL","PL8","PL81","PL812"
52803628,"LT","LT0","LT01","LT011"
52803754,"LT","LT0","LT02","LT025"
52803826,"LV","LV0","LV00","LV009"
52803916,"LV","LV0","LV00","LV008"
52803934,"LV","LV0","LV00","LV008"
52804022,"EE","EE0","EE00","EE008"
52804044,"EE","EE0","EE00","EE008"
52804084,"EE","EE0","EE00","EE008"
52804152,"EE","EE0","EE00","EE007"
52804364,"FI","FI1","FI1C","FI1C5"
52804386,"FI","FI1","FI1D","FI1D1"
52804706,"FI","FI1","FI1D","FI1D8"
52821972,"EL","EL5","EL53","EL531"
52821984,"EL","EL5","EL53","EL531"
52822044,"EL","EL5","EL53","EL533"
52823124,"PL","PL8","PL81","PL812"
52823142,"PL","PL8","PL81","PL812"
52823160,"PL","PL8","PL81","PL812"
52823638,"LT","LT0","LT01","LT011"
52823656,"LT","LT0","LT01","LT011"
52823714,"LT","LT0","LT02","LT029"
52823760,"LT","LT0","LT02","LT025"
52823988,"EE","EE0","EE00","EE008"
52824384,"FI","FI1","FI1D","FI1D1"
52824618,"FI","FI1","FI1D","FI1D3"
52824672,"FI","FI1","FI1D","FI1D8"
52841946,"EL","EL5","EL53","EL531"
52841986,"EL","EL5","EL53","EL531"
52842048,"EL","EL5","EL53","EL533"
52843636,"LT","LT0","LT01","LT011"
52843662,"LT","LT0","LT02","LT029"
52843744,"LT","LT0","LT02","LT025"
52843852,"LV","LV0","LV00","LV008"
52843966,"EE","EE0","EE00","EE008"
52844016,"EE","EE0","EE00","EE008"
52844118,"EE","EE0","EE00","EE007"
52844146,"EE","EE0","EE00","EE007"
52844290,"FI","FI1","FI1C","FI1C4"
52844304,"FI","FI1","FI1C","FI1C4"
52844398,"FI","FI1","FI1D","FI1D1"
52844556,"FI","FI1","FI1D","FI1D3"
52844574,"FI","FI1","FI1D","FI1D3"
52844586,"FI","FI1","FI1D","FI1D3"
52861818,"EL","EL6","EL63","EL631"
52861882,"EL","EL5","EL54","EL541"
52861980,"EL","EL5","EL53","EL531"
52862002,"EL","EL5","EL53","EL532"
52863566,"LT","LT0","LT01","LT011"
52863598,"LT","LT0","LT01","LT011"
52863656,"LT","LT0","LT02","LT029"
52863764,"LT","LT0","LT02","LT025"
52863782,"LV","LV0","LV00","LV009"
52863814,"LV","LV0","LV00","LV009"
52864036,"EE","EE0","EE00","EE008"
52864288,"FI","FI1","FI1C","FI1C4"
52864294,"FI","FI1","FI1C","FI1C4"
52881960,"EL","EL5","EL53","EL531"
52882004,"EL","EL5","EL53","EL532"
52882044,"EL","EL5","EL53","EL533"
52882612,"RO","RO4","RO42","RO423"
52882756,"RO","RO1","RO11","RO116"
52882778,"RO","RO1","RO11","RO116"
52883152,"PL","PL8","PL81","PL812"
52883962,"EE","EE0","EE00","EE008"
52884030,"EE","EE0","EE00","EE008"
52884048,"EE","EE0","EE00","EE008"
52901866,"EL","EL5","EL54","EL541"
52901944,"EL","EL5","EL53","EL531"
52901970,"EL","EL5","EL53","EL531"
52901992,"EL","EL5","EL53","EL531"
52902006,"EL","EL5","EL53","EL532"
52902694,"RO","RO1","RO11","RO111"
52902802,"RO","RO1","RO11","RO115"
52903740,"LT","LT0","LT02","LT025"
52903758,"LT","LT0","LT02","LT025"
52903794,"LV","LV0","LV00","LV009"
52903858,"LV","LV0","LV00","LV008"
52904458,"FI","FI1","FI1D","FI1D1"
52921964,"EL","EL5","EL53","EL531"
52922738,"RO","RO1","RO11","RO116"
52922812,"RO","RO1","RO11","RO115"
52922848,"RO","RO1","RO11","RO115"
52923738,"LT","LT0","LT02","LT025"
52923836,"LV","LV0","LV00","LV009"
52924396,"FI","FI1","FI1D","FI1D1"
52924558,"FI","FI1","FI1D","FI1D3"
52924612,"FI","FI1","FI1D","FI1D3"
52941880,"EL","EL5","EL54","EL541"
52941980,"EL","EL5","EL53","EL531"
52942010,"EL","EL5","EL53","EL532"
52942016,"EL","EL5","EL53","EL533"
52942028,"EL","EL5","EL53","EL533"
52942046,"EL","EL5","EL53","EL533"
52943776,"LV","LV0","LV00","LV009"
52943862,"LV","LV0","LV00","LV008"
52943978,"EE","EE0","EE00","EE008"
52944068,"EE","EE0","EE00","EE008"
52944112,"EE","EE0","EE00","EE007"
52944122,"EE","EE0","EE00","EE007"
52944140,"EE","EE0","EE00","EE007"
52944590,"FI","FI1","FI1D","FI1D3"
52961976,"EL","EL5","EL53","EL531"
52962764,"RO","RO1","RO11","RO116"
52962830,"RO","RO1","RO11","RO115"
52963136,"PL","PL8","PL81","PL812"
52963630,"LT","LT0","LT01","LT011"
52963666,"LT","LT0","LT02","LT029"
52963774,"LV","LV0","LV00","LV009"
52963834,"LV","LV0","LV00","LV009"
52963864,"LV","LV0","LV00","LV008"
52963982,"EE","EE0","EE00","EE008"
52964324,"FI","FI1","FI1C","FI1C5"
52981856,"EL","EL5","EL54","EL541"
52981916,"EL","EL6","EL61","EL611"
52982010,"EL","EL5","EL53","EL531"
52982574,"RO","RO4","RO42","RO422"
52982712,"RO","RO1","RO11","RO113"
52984030,"EE","EE0","EE00","EE008"
52984310,"FI","FI1","FI1C","FI1C5"
52984674,"FI","FI1","FI1D","FI1D8"
53001774,"EL","EL6","EL63","EL631"
53001792,"EL","EL6","EL63","EL631"
53001972,"EL","EL5","EL53","EL531"
53001984,"EL","EL5","EL53","EL531"
53002008,"EL","EL5","EL53","EL531"
53002044,"EL","EL5","EL53","EL533"
53002776,"RO","RO1","RO11","RO116"
53003570,"LT","LT0","LT01","LT011"
53003660,"LT","LT0","LT02","LT029"
53003696,"LT","LT0","LT02","LT029"
53003714,"LT","LT0","LT02","LT029"
53003952,"EE","EE0","EE00","EE008"
53004024,"EE","EE0","EE00","EE008"
53004582,"FI","FI1","FI1D","FI1D3"
53021976,"EL","EL5","EL53","EL531"
53022012,"EL","EL5","EL53","EL531"
53023608,"LT","LT0","LT01","LT011"
53023672,"LT","LT0","LT02","LT029"
53023738,"LT","LT0","LT02","LT029"
53023770,"LV","LV0","LV00","LV005"
53023788,"LV","LV0","LV00","LV009"
53023896,"LV","LV0","LV00","LV008"
53023984,"EE","EE0","EE00","EE008"
53024016,"EE","EE0","EE00","EE008"
53024506,"FI","FI1","FI1D","FI1D3"
53024568,"FI","FI1","FI1D","FI1D3"
53024682,"FI","FI1","FI1D","FI1D8"
53041908,"EL","EL6","EL61","EL611"
53041944,"EL","EL5","EL53","EL531"
53041990,"EL","EL5","EL53","EL531"
53042008,"EL","EL5","EL53","EL531"
53042016,"EL","EL5","EL53","EL531"
53042028,"EL","EL5","EL53","EL533"
53042044,"EL","EL5","EL53","EL533"
53043566,"LT","LT0","LT01","LT011"
53043598,"LT","LT0","LT01","LT011"
53043800,"LV","LV0","LV00","LV009"
53043942,"EE","EE0","EE00","EE008"
53044014,"EE","EE0","EE00","EE008"
53044018,"EE","EE0","EE00","EE008"
53044060,"EE","EE0","EE00","EE008"
53044140,"EE","EE0","EE00","EE007"
53044636,"FI","FI1","FI1D","FI1D3"
53062014,"EL","EL5","EL53","EL531"
53063148,"PL","PL8","PL81","PL812"
53063664,"LT","LT0","LT02","LT029"
53063790,"LV","LV0","LV00","LV009"
53063826,"LV","LV0","LV00","LV009"
53063898,"LV","LV0","LV00","LV008"
53063958,"EE","EE0","EE00","EE008"
53064066,"EE","EE0","EE00","EE008"
53064142,"EE","EE0","EE00","EE007"
53064610,"FI","FI1","FI1D","FI1D3"
53064642,"FI","FI1","FI1D","FI1D3"
53081808,"EL","EL6","EL63","EL631"
53081944,"EL","EL5","EL53","EL531"
53081962,"EL","EL5","EL53","EL531"
53082046,"EL","EL5","EL53","EL533"
53082736,"RO","RO1","RO11","RO116"
53082748,"RO","RO1","RO11","RO116"
53083614,"LT","LT0","LT01","LT011"
53083804,"LV","LV0","LV00","LV009"
53083858,"LV","LV0","LV00","LV008"
53083920,"LV","LV0","LV00","LV008"
53084148,"EE","EE0","EE00","EE007"
53084440,"FI","FI1","FI1D","FI1D1"
53101804,"EL","EL6","EL63","EL631"
53101990,"EL","EL5","EL53","EL531"
53102728,"RO","RO1","RO11","RO113"
53102804,"RO","RO1","RO11","RO114"
53103728,"LT","LT0","LT02","LT029"
53103946,"EE","EE0","EE00","EE008"
53121854,"EL","EL6","EL63","EL631"
53121938,"EL","EL6","EL61","EL611"
53121998,"EL","EL5","EL53","EL531"
53122034,"EL","EL5","EL53","EL533"
53123776,"LV","LV0","LV00","LV009"
53123826,"LV","LV0","LV00","LV009"
53124130,"EE","EE0","EE00","EE007"
53124134,"EE","EE0","EE00","EE007"
53124356,"FI","FI1","FI1C","FI1C5"
53124602,"FI","FI1","FI1D","FI1D3"
53124644,"FI","FI1","FI1D","FI1D3"
53141948,"EL","EL5","EL53","EL531"
53141958,"EL","EL5","EL53","EL531"
53142710,"RO","RO1","RO11","RO113"
53143694,"LT","LT0","LT02","LT029"
53143846,"LV","LV0","LV00","LV008"
53144342,"FI","FI1","FI1C","FI1C5"
53144414,"FI","FI1","FI1D","FI1D1"
53161898,"EL","EL6","EL61","EL611"
53161934,"EL","EL6","EL61","EL611"
53161988,"EL","EL5","EL53","EL531"
53162014,"EL","EL5","EL53","EL531"
53162024,"EL","EL5","EL53","EL533"
53162712,"RO","RO1","RO11","RO113"
53162780,"RO","RO1","RO11","RO116"
53162784,"RO","RO1","RO11","RO116"
53163808,"LV","LV0","LV00","LV005"
53164134,"EE","EE0","EE00","EE007"
53164156,"EE","EE0","EE00","EE007"
53164616,"FI","FI1","FI1D","FI1D3"
53182584,"RO","RO4","RO42","RO423"
53182602,"RO","RO4","RO42","RO423"
53183750,"LT","LT0","LT02","LT029"
53183886,"LV","LV0","LV00","LV008"
53183944,"LV","LV0","LV00","LV008"
53201730,"EL","EL6","EL63","EL633"
53201820,"EL","EL6","EL63","EL631"
53201946,"EL","EL5","EL53","EL531"
53201958,"EL","EL5","EL53","EL531"
53201968,"EL","EL5","EL53","EL531"
53202000,"EL","EL5","EL53","EL531"
53202610,"RO","RO4","RO42","RO423"
53202756,"RO","RO1","RO11","RO116"
53202768,"RO","RO1","RO11","RO116"
53203594,"LT","LT0","LT01","LT011"
53203792,"LV","LV0","LV00","LV009"
53203896,"LV","LV0","LV00","LV008"
53203942,"LV","LV0","LV00","LV008"
53203962,"EE","EE0","EE00","EE008"
53203998,"EE","EE0","EE00","EE008"
53204002,"EE","EE0","EE00","EE008"
53204128,"EE","EE0","EE00","EE007"
53204560,"FI","FI1","FI1D","FI1D3"
53204586,"FI","FI1","FI1D","FI1D3"
53221774,"EL","EL6","EL63","EL631"
53221936,"EL","EL6","EL61","EL611"
53221972,"EL","EL5","EL53","EL531"
53222484,"RO","RO4","RO41","RO413"
53223588,"LT","LT0","LT01","LT011"
53223606,"LT","LT0","LT01","LT011"
53223732,"LT","LT0","LT02","LT029"
53223982,"EE","EE0","EE00","EE008"
53223988,"EE","EE0","EE00","EE008"
53241716,"EL","EL6","EL63","EL633"
53241802,"EL","EL6","EL63","EL631"
53241856,"EL","EL6","EL64","EL643"
53241950,"EL","EL5","EL53","EL531"
53241996,"EL","EL5","EL53","EL531"
53242014,"EL","EL5","EL53","EL531"
53242058,"EL","EL5","EL52","EL524"
53242382,"BG","BG3","BG31","BG311"
53243862,"LV","LV0","LV00","LV008"
53244012,"EE","EE0","EE00","EE008"
53261700,"EL","EL6","EL63","EL633"
53261722,"EL","EL6","EL63","EL633"
53261740,"EL","EL6","EL63","EL632"
53261800,"EL","EL6","EL63","EL631"
53261884,"EL","EL6","EL61","EL611"
53261970,"EL","EL5","EL53","EL531"
53262034,"EL","EL5","EL52","EL524"
53262582,"RO","RO4","RO42","RO423"
53262604,"RO","RO4","RO42","RO423"
53262618,"RO","RO4","RO42","RO423"
53263848,"LV","LV0","LV00","LV008"
53263876,"LV","LV0","LV00","LV008"
53263902,"LV","LV0","LV00","LV008"
53263920,"LV","LV0","LV00","LV008"
53264382,"FI","FI1","FI1C","FI1C5"
53264602,"FI","FI1","FI1D","FI1D3"
53264616,"FI","FI1","FI1D","FI1D3"
53281750,"EL","EL6","EL63","EL632"
53281774,"EL","EL6","EL63","EL631"
53281994,"EL","EL5","EL53","EL531"
53282678,"RO","RO1","RO12","RO121"
53282696,"RO","RO1","RO11","RO113"
53283964,"EE","EE0","EE00","EE008"
53301722,"EL","EL6","EL63","EL633"
53301776,"EL","EL6","EL63","EL631"
53301920,"EL","EL6","EL61","EL611"
53301952,"EL","EL5","EL53","EL531"
53301974,"EL","EL5","EL53","EL531"
53301992,"EL","EL5","EL53","EL531"
53302384,"BG","BG3","BG31","BG311"
53302460,"RO","RO4","RO41","RO413"
53302592,"RO","RO4","RO42","RO423"
53302618,"RO","RO4","RO42","RO423"
53303718,"LT","LT0","LT02","LT029"
53303934,"LV","LV0","LV00","LV008"
53303952,"LV","LV0","LV00","LV008"
53303968,"EE","EE0","EE00","EE008"
53303986,"EE","EE0","EE00","EE008"
53304554,"FI","FI1","FI1D","FI1D3"
53304598,"FI","FI1","FI1D","FI1D3"
53304626,"FI","FI1","FI1D","FI1D3"
53321702,"EL","EL6","EL63","EL633"
53321804,"EL","EL6","EL63","EL631"
53321876,"EL","EL6","EL61","EL611"
53321886,"EL","EL6","EL61","EL611"
53321894,"EL","EL6","EL61","EL611"
53321936,"EL","EL6","EL61","EL611"
53321948,"EL","EL5","EL53","EL531"
53322372,"BG","BG3","BG31","BG311"
53322422,"BG","BG3","BG31","BG311"
53323654,"LT","LT0","LT01","LT011"
53323834,"LV","LV0","LV00","LV009"
53323870,"LV","LV0","LV00","LV008"
53323892,"LV","LV0","LV00","LV008"
53341844,"EL","EL6","EL64","EL643"
53341880,"EL","EL6","EL61","EL611"
53341988,"EL","EL5","EL53","EL531"
53342000,"EL","EL5","EL53","EL531"
53343990,"EE","EE0","EE00","EE008"
53344008,"EE","EE0","EE00","EE008"
53344166,"EE","EE0","EE00","EE007"
53344408,"FI","FI1","FI1C","FI1C5"
53361720,"EL","EL6","EL63","EL633"
53361962,"EL","EL5","EL53","EL531"
53361972,"EL","EL5","EL53","EL531"
53362710,"RO","RO1","RO11","RO113"
53362722,"RO","RO1","RO11","RO113"
53363562,"LT","LT0","LT01","LT011"
53363818,"LV","LV0","LV00","LV005"
53363868,"LV","LV0","LV00","LV008"
53363876,"LV","LV0","LV00","LV008"
53363894,"LV","LV0","LV00","LV008"
53381694,"EL","EL6","EL63","EL633"
53381706,"EL","EL6","EL63","EL633"
53381850,"EL","EL6","EL64","EL643"
53381878,"EL","EL6","EL61","EL611"
53383702,"LT","LT0","LT02","LT029"
53383842,"LV","LV0","LV00","LV008"
53384406,"FI","FI1","FI1C","FI1C5"
53384412,"FI","FI1","FI1C","FI1C5"
53384596,"FI","FI1","FI1D","FI1D3"
53384622,"FI","FI1","FI1D","FI1D3"
53401750,"EL","EL6","EL63","EL632"
53401828,"EL","EL6","EL64","EL643"
53401876,"EL","EL6","EL61","EL611"
53401926,"EL","EL6","EL61","EL611"
53402272,"BG","BG4","BG41","BG414"
53403840,"LV","LV0","LV00","LV005"
53403908,"LV","LV0","LV00","LV008"
53403912,"LV","LV0","LV00","LV008"
53403940,"LV","LV0","LV00","LV008"
53404536,"FI","FI1","FI1D","FI1D3"
53421708,"EL","EL6","EL63","EL633"
53421888,"EL","EL6","EL61","EL611"
53421892,"EL","EL6","EL61","EL611"
53421960,"EL","EL5","EL53","EL531"
53422396,"BG","BG3","BG31","BG311"
53422612,"RO","RO4","RO42","RO423"
53422720,"RO","RO1","RO11","RO113"
53422734,"RO","RO1","RO11","RO113"
53422760,"RO","RO1","RO11","RO113"
53423754,"LV","LV0","LV00","LV005"
53423808,"LV","LV0","LV00","LV005"
53424012,"EE","EE0","EE00","EE008"
53424498,"FI","FI1","FI1D","FI1D3"
53424516,"FI","FI1","FI1D","FI1D3"
53441692,"EL","EL6","EL63","EL633"
53441970,"EL","EL5","EL53","EL531"
53441998,"EL","EL5","EL53","EL531"
53442006,"EL","EL5","EL53","EL531"
53442034,"EL","EL5","EL52","EL521"
53442046,"EL","EL5","EL52","EL524"
53442258,"BG","BG4","BG41","BG414"
53442394,"BG","BG3","BG31","BG311"
53442514,"RO","RO4","RO41","RO412"
53442784,"RO","RO1","RO11","RO116"
53443794,"LV","LV0","LV00","LV005"
53443990,"EE","EE0","EE00","EE008"
53461984,"EL","EL5","EL53","EL531"
53461994,"EL","EL5","EL53","EL531"
53462002,"EL","EL5","EL53","EL531"
53462246,"BG","BG4","BG41","BG415"
53462264,"BG","BG4","BG41","BG414"
53462362,"BG","BG3","BG31","BG311"
53462368,"BG","BG3","BG31","BG311"
53462624,"RO","RO4","RO42","RO423"
53462646,"RO","RO1","RO12","RO121"
53463800,"LV","LV0","LV00","LV005"
53463988,"EE","EE0","EE00","EE008"
53464432,"FI","FI1","FI1C","FI1C5"
53464576,"FI","FI1","FI1D","FI1D3"
53481692,"EL","EL6","EL63","EL633"
53481844,"EL","EL6","EL64","EL643"
53481854,"EL","EL6","EL64","EL643"
53481902,"EL","EL6","EL61","EL611"
53481974,"EL","EL5","EL53","EL531"
53482034,"EL","EL5","EL52","EL521"
53482214,"BG","BG4","BG41","BG415"
53482276,"BG","BG4","BG41","BG414"
53482366,"BG","BG3","BG31","BG311"
53482384,"BG","BG3","BG31","BG311"
53482412,"BG","BG3","BG31","BG311"
53483700,"LT","LT0","LT02","LT029"
53483934,"LV","LV0","LV00","LV008"
53483996,"EE","EE0","EE00","EE008"
53484544,"FI","FI1","FI1D","FI1D3"
53484590,"FI","FI1","FI1D","FI1D3"
53484608,"FI","FI1","FI1D","FI1D3"
53501750,"EL","EL6","EL63","EL632"
53501756,"EL","EL6","EL63","EL632"
53501828,"EL","EL6","EL64","EL643"
53501832,"EL","EL6","EL64","EL643"
53502218,"BG","BG4","BG41","BG415"
53502416,"BG","BG3","BG31","BG311"
53502620,"RO","RO4","RO42","RO423"
53502646,"RO","RO1","RO12","RO121"
53502854,"RO","RO1","RO11","RO114"
53503690,"LT","LT0","LT02","LT029"
53503756,"LV","LV0","LV00","LV005"
53504414,"FI","FI1","FI1C","FI1C5"
53504432,"FI","FI1","FI1C","FI1C5"
53521726,"EL","EL6","EL63","EL632"
53521820,"EL","EL6","EL64","EL643"
53521834,"EL","EL6","EL64","EL643"
53521934,"EL","EL6","EL61","EL612"
53522032,"EL","EL5","EL52","EL521"
53522078,"EL","EL5","EL52","EL524"
53522226,"BG","BG4","BG41","BG415"
53522622,"RO","RO1","RO12","RO121"
53522708,"RO","RO1","RO11","RO113"
53523682,"LT","LT0","LT01","LT011"
53523718,"LT","LT0","LT02","LT029"
53523916,"LV","LV0","LV00","LV005"
53524458,"FI","FI1","FI1D","FI1D3"
53541768,"EL","EL6","EL63","EL632"
53541818,"EL","EL6","EL63","EL631"
53541858,"EL","EL6","EL64","EL643"
53541918,"EL","EL6","EL61","EL611"
53542026,"EL","EL5","EL52","EL521"
53542056,"EL","EL5","EL52","EL524"
53542080,"EL","EL5","EL52","EL524"
53542386,"BG","BG3","BG31","BG311"
53542632,"RO","RO1","RO12","RO121"
53542700,"RO","RO1","RO11","RO113"
53542764,"RO","RO1","RO11","RO113"
53543706,"LT","LT0","LT02","LT029"
53543750,"LV","LV0","LV00","LV005"
53543786,"LV","LV0","LV00","LV005"
53561634,"EL","EL6","EL65","EL653"
53561644,"EL","EL6","EL65","EL653"
53561914,"EL","EL6","EL61","EL611"
53561932,"EL","EL6","EL61","EL612"
53561982,"EL","EL6","EL61","EL612"
53562216,"BG","BG4","BG41","BG415"
53562846,"RO","RO1","RO11","RO114"
53563756,"LV","LV0","LV00","LV005"
53563792,"LV","LV0","LV00","LV005"
53563806,"LV","LV0","LV00","LV005"
53563828,"LV","LV0","LV00","LV005"
53563846,"LV","LV0","LV00","LV005"
53563892,"LV","LV0","LV00","LV005"
53563934,"LV","LV0","LV00","LV008"
53564484,"FI","FI1","FI1D","FI1D3"
53564622,"FI","FI1","FI1D","FI1D3"
53581638,"EL","EL6","EL65","EL653"
53581674,"EL","EL6","EL63","EL633"
53581926,"EL","EL6","EL61","EL612"
53581972,"EL","EL6","EL61","EL612"
53581980,"EL","EL6","EL61","EL612"
53581998,"EL","EL5","EL52","EL521"
53582008,"EL","EL5","EL52","EL521"
53582034,"EL","EL5","EL52","EL521"
53582236,"BG","BG4","BG41","BG415"
53582250,"BG","BG4","BG41","BG414"
53582520,"RO","RO4","RO41","RO412"
53582838,"RO","RO1","RO11","RO114"
53583764,"LV","LV0","LV00","LV005"
53583912,"LV","LV0","LV00","LV005"
53584456,"FI","FI1","FI1D","FI1D3"
53601672,"EL","EL6","EL63","EL633"
53601748,"EL","EL6","EL63","EL632"
53601892,"EL","EL6","EL61","EL611"
53601946,"EL","EL6","EL61","EL612"
53601982,"EL","EL6","EL61","EL612"
53602536,"RO","RO4","RO41","RO412"
53603862,"LV","LV0","LV00","LV005"
53604520,"FI","FI1","FI1D","FI1D3"
53604606,"FI","FI1","FI1D","FI1D3"
53621656,"EL","EL6","EL65","EL653"
53621718,"EL","EL6","EL63","EL633"
53621722,"EL","EL6","EL63","EL633"
53621866,"EL","EL6","EL61","EL611"
53621916,"EL","EL6","EL61","EL611"
53621920,"EL","EL6","EL61","EL611"
53621962,"EL","EL6","EL61","EL612"
53622736,"RO","RO1","RO11","RO113"
53623840,"LV","LV0","LV00","LV005"
53623848,"LV","LV0","LV00","LV005"
53641742,"EL","EL6","EL63","EL632"
53641876,"EL","EL6","EL61","EL611"
53641882,"EL","EL6","EL61","EL611"
53641894,"EL","EL6","EL61","EL611"
53641948,"EL","EL6","EL61","EL612"
53641966,"EL","EL6","EL61","EL612"
53642678,"RO","RO1","RO12","RO121"
53642722,"RO","RO1","RO11","RO113"
53643818,"LV","LV0","LV00","LV005"
53643926,"LV","LV0","LV00","LV005"
53644486,"FI","FI1","FI1D","FI1D3"
53644594,"FI","FI1","FI1D","FI1D3"
53661692,"EL","EL6","EL63","EL633"
53661700,"EL","EL6","EL65","EL651"
53661974,"EL","EL6","EL61","EL612"
53662034,"EL","EL5","EL52","EL521"
53662046,"EL","EL5","EL52","EL524"
53662376,"BG","BG3","BG31","BG312"
53662388,"BG","BG3","BG31","BG311"
53662658,"RO","RO1","RO12","RO121"
53662754,"RO","RO1","RO11","RO113"
53663790,"LV","LV0","LV00","LV005"
53663898,"LV","LV0","LV00","LV005"
53664476,"FI","FI1","FI1D","FI1D3"
53682642,"RO","RO1","RO12","RO121"
53701628,"EL","EL6","EL65","EL653"
53701690,"EL","EL6","EL63","EL633"
53701812,"EL","EL6","EL64","EL645"
53701830,"EL","EL6","EL64","EL644"
53701884,"EL","EL6","EL61","EL611"
53701902,"EL","EL6","EL61","EL611"
53702028,"EL","EL5","EL52","EL521"
53702032,"EL","EL5","EL52","EL521"
53702212,"BG","BG4","BG41","BG415"
53702240,"BG","BG4","BG41","BG414"
53702262,"BG","BG4","BG41","BG414"
53702276,"BG","BG4","BG41","BG414"
53702348,"BG","BG3","BG31","BG312"
53702356,"BG","BG3","BG31","BG312"
53702838,"RO","RO1","RO11","RO114"
53704530,"FI","FI1","FI1D","FI1D3"
53704588,"FI","FI1","FI1D","FI1D3"
53721846,"EL","EL6","EL64","EL644"
53721882,"EL","EL6","EL61","EL611"
53721990,"EL","EL5","EL52","EL525"
53722304,"BG","BG4","BG41","BG412"
53722722,"RO","RO1","RO11","RO113"
53723760,"LV","LV0","LV00","LV005"
53723764,"LV","LV0","LV00","LV005"
53723782,"LV","LV0","LV00","LV005"
53723796,"LV","LV0","LV00","LV005"
53723804,"LV","LV0","LV00","LV005"
53723814,"LV","LV0","LV00","LV005"
53723818,"LV","LV0","LV00","LV005"
53723904,"LV","LV0","LV00","LV005"
53724546,"FI","FI1","FI1D","FI1D3"
53741658,"EL","EL6","EL65","EL653"
53741742,"EL","EL6","EL63","EL632"
53741748,"EL","EL6","EL63","EL632"
53741832,"EL","EL6","EL64","EL644"
53741886,"EL","EL6","EL61","EL611"
53741892,"EL","EL6","EL61","EL611"
53742036,"EL","EL5","EL52","EL521"
53742054,"EL","EL5","EL52","EL524"
53742220,"BG","BG4","BG41","BG415"
53742228,"BG","BG4","BG41","BG415"
53742300,"BG","BG4","BG41","BG412"
53742306,"BG","BG4","BG41","BG412"
53742310,"BG","BG4","BG41","BG412"
53742486,"RO","RO4","RO41","RO413"
53743770,"LV","LV0","LV00","LV005"
53743864,"LV","LV0","LV00","LV005"
53743906,"LV","LV0","LV00","LV005"
53744506,"FI","FI1","FI1D","FI1D3"
53744538,"FI","FI1","FI1D","FI1D3"
53761926,"EL","EL6","EL61","EL612"
53761962,"EL","EL6","EL61","EL612"
53762052,"EL","EL5","EL52","EL524"
53762196,"BG","BG4","BG41","BG415"
53762206,"BG","BG4","BG41","BG415"
53762404,"RO","RO4","RO41","RO411"
53762628,"RO","RO1","RO12","RO121"
53762766,"RO","RO1","RO11","RO113"
53763890,"LV","LV0","LV00","LV005"
53763912,"LV","LV0","LV00","LV005"
53781874,"EL","EL6","EL64","EL644"
53781892,"EL","EL6","EL61","EL612"
53781928,"EL","EL6","EL61","EL612"
53782068,"EL","EL5","EL52","EL523"
53782270,"BG","BG4","BG41","BG414"
53782342,"BG","BG3","BG31","BG312"
53782364,"BG","BG3","BG31","BG312"
53782378,"BG","BG3","BG31","BG312"
53782648,"RO","RO1","RO12","RO121"
53782698,"RO","RO1","RO11","RO113"
53783916,"LV","LV0","LV00","LV005"
53784606,"FI","FI1","FI1D","FI1D3"
53801740,"EL","EL6","EL63","EL632"
53801808,"EL","EL6","EL64","EL645"
53801848,"EL","EL6","EL64","EL644"
53801920,"EL","EL6","EL61","EL612"
53801926,"EL","EL6","EL61","EL612"
53802006,"EL","EL5","EL52","EL525"
53802244,"BG","BG4","BG41","BG414"
53802286,"BG","BG4","BG41","BG412"
53802330,"BG","BG3","BG31","BG312"
53802340,"BG","BG3","BG31","BG312"
53802366,"BG","BG3","BG31","BG312"
53802658,"RO","RO1","RO12","RO121"
53802730,"RO","RO1","RO11","RO113"
53802754,"RO","RO1","RO11","RO113"
53802834,"RO","RO1","RO11","RO114"
53803866,"LV","LV0","LV00","LV005"
53803894,"LV","LV0","LV00","LV005"
53821642,"EL","EL6","EL65","EL653"
53821886,"EL","EL6","EL61","EL612"
53822218,"BG","BG4","BG41","BG415"
53822252,"BG","BG4","BG41","BG414"
53822288,"BG","BG4","BG41","BG412"
53822714,"RO","RO1","RO11","RO113"
53822776,"RO","RO1","RO11","RO112"
53822836,"RO","RO1","RO11","RO114"
53841818,"EL","EL6","EL64","EL645"
53842010,"EL","EL5","EL52","EL525"
53842226,"BG","BG4","BG41","BG415"
53842528,"RO","RO4","RO41","RO412"
53842676,"RO","RO1","RO12","RO121"
53843780,"LV","LV0","LV00","LV005"
53844566,"FI","FI1","FI1D","FI1D3"
53844580,"FI","FI1","FI1D","FI1D3"
53861684,"EL","EL6","EL65","EL651"
53861822,"EL","EL6","EL64","EL645"
53861876,"EL","EL6","EL64","EL644"
53861912,"EL","EL6","EL61","EL612"
53861930,"EL","EL6","EL61","EL612"
53862218,"BG","BG4","BG41","BG415"
53862246,"BG","BG4","BG41","BG414"
53862530,"RO","RO4","RO41","RO412"
53862704,"RO","RO1","RO11","RO113"
53881726,"EL","EL6","EL63","EL632"
53881798,"EL","EL6","EL64","EL645"
53881888,"EL","EL6","EL61","EL612"
53881892,"EL","EL6","EL61","EL612"
53881902,"EL","EL6","EL61","EL612"
53882194,"BG","BG4","BG41","BG413"
53882222,"BG","BG4","BG41","BG415"
53882230,"BG","BG4","BG41","BG415"
53882234,"BG","BG4","BG41","BG415"
53882276,"BG","BG4","BG41","BG412"
53882288,"BG","BG4","BG41","BG412"
53882320,"BG","BG3","BG31","BG312"
53882662,"RO","RO1","RO12","RO121"
53884526,"FI","FI1","FI1D","FI1D3"
53901846,"EL","EL6","EL64","EL644"
53901864,"EL","EL6","EL64","EL644"
53901876,"EL","EL6","EL64","EL644"
53902178,"BG","BG4","BG41","BG413"
53902242,"BG","BG4","BG41","BG414"
53902268,"BG","BG4","BG41","BG414"
53902362,"BG","BG3","BG31","BG312"
53902632,"RO","RO1","RO12","RO126"
53902686,"RO","RO1","RO12","RO121"
53902728,"RO","RO1","RO11","RO113"
53902836,"RO","RO1","RO11","RO114"
53903832,"LV","LV0","LV00","LV005"
53921640,"EL","EL6","EL65","EL653"
53921652,"EL","EL6","EL65","EL653"
53921658,"EL","EL6","EL65","EL653"
53921802,"EL","EL6","EL64","EL645"
53921892,"EL","EL6","EL61","EL612"
53922084,"EL","EL5","EL52","EL523"
53922288,"BG","BG4","BG41","BG412"
53922390,"BG","BG3","BG31","BG312"
53922490,"RO","RO4","RO41","RO412"
53923834,"LV","LV0","LV00","LV005"
53923878,"LV","LV0","LV00","LV005"
53941666,"EL","EL6","EL65","EL651"
53941710,"EL","EL6","EL65","EL651"
53941810,"EL","EL6","EL64","EL645"
53942254,"BG","BG4","BG41","BG414"
53942332,"BG","BG3","BG31","BG312"
53942344,"BG","BG3","BG31","BG312"
53942368,"BG","BG3","BG31","BG312"
53942622,"RO","RO1","RO12","RO126"
53942718,"RO","RO1","RO12","RO125"
53943778,"LV","LV0","LV00","LV005"
53943800,"LV","LV0","LV00","LV005"
53943854,"LV","LV0","LV00","LV005"
53961798,"EL","EL6","EL64","EL645"
53961824,"EL","EL6","EL64","EL645"
53961906,"EL","EL6","EL61","EL612"
53961946,"EL","EL6","EL61","EL612"
53962180,"BG","BG4","BG41","BG413"
53962194,"BG","BG4","BG41","BG413"
53962198,"BG","BG4","BG41","BG413"
53981758,"EL","EL6","EL63","EL632"
53981794,"EL","EL6","EL64","EL645"
53981826,"EL","EL6","EL64","EL644"
53981902,"EL","EL6","EL61","EL612"
53982258,"BG","BG4","BG41","BG414"
53982330,"BG","BG3","BG31","BG312"
53982496,"RO","RO4","RO41","RO412"
53982726,"RO","RO1","RO12","RO125"
53982780,"RO","RO1","RO11","RO112"
53982784,"RO","RO1","RO11","RO112"
53983768,"LV","LV0","LV00","LV005"
54001706,"EL","EL6","EL65","EL651"
54001840,"EL","EL6","EL64","EL644"
54001904,"EL","EL6","EL61","EL612"
54001922,"EL","EL6","EL61","EL612"
54001930,"EL","EL6","EL61","EL612"
54002080,"EL","EL5","EL52","EL523"
54002332,"BG","BG3","BG31","BG312"
54002350,"BG","BG3","BG31","BG312"
54002710,"RO","RO1","RO12","RO125"
54002768,"RO","RO1","RO11","RO112"
54003836,"LV","LV0","LV00","LV005"
54021790,"EL","EL6","EL64","EL645"
54021898,"EL","EL6","EL61","EL612"
54022060,"EL","EL5","EL52","EL522"
54022244,"BG","BG4","BG41","BG414"
54022258,"BG","BG4","BG41","BG414"
54022304,"BG","BG4","BG41","BG412"
54022312,"BG","BG4","BG41","BG412"
54022430,"RO","RO4","RO41","RO411"
54041732,"EL","EL6","EL65","EL652"
54042174,"BG","BG4","BG41","BG413"
54042470,"RO","RO4","RO41","RO411"
54042548,"RO","RO4","RO41","RO415"
54042624,"RO","RO1","RO12","RO126"
54062230,"BG","BG4","BG41","BG415"
54062288,"BG","BG4","BG41","BG411"
54062392,"BG","BG3","BG31","BG312"
54062618,"RO","RO1","RO12","RO126"
54081624,"EL","EL6","EL65","EL653"
54081684,"EL","EL6","EL65","EL651"
54081756,"EL","EL6","EL63","EL632"
54082368,"BG","BG3","BG31","BG312"
54082440,"RO","RO4","RO41","RO411"
54101748,"EL","EL6","EL65","EL652"
54101824,"EL","EL6","EL64","EL644"
54101838,"EL","EL6","EL64","EL644"
54101896,"EL","EL6","EL61","EL612"
54102054,"EL","EL5","EL52","EL522"
54102076,"EL","EL5","EL52","EL523"
54102148,"BG","BG4","BG41","BG413"
54102180,"BG","BG4","BG41","BG413"
54102198,"BG","BG4","BG41","BG413"
54102246,"BG","BG4","BG41","BG412"
54102324,"BG","BG4","BG41","BG412"
54121818,"EL","EL6","EL64","EL645"
54121854,"EL","EL6","EL64","EL644"
54121890,"EL","EL6","EL61","EL613"
54121894,"EL","EL6","EL61","EL612"
54122308,"BG","BG4","BG41","BG412"
54122326,"BG","BG4","BG41","BG412"
54122350,"BG","BG3","BG31","BG313"
54122394,"BG","BG3","BG31","BG312"
54122758,"RO","RO1","RO11","RO112"
54123840,"LV","LV0","LV00","LV005"
54141644,"EL","EL6","EL65","EL653"
54141708,"EL","EL6","EL65","EL651"
54142086,"EL","EL5","EL52","EL523"
54142176,"BG","BG4","BG41","BG413"
54142248,"BG","BG4","BG41","BG412"
54142364,"BG","BG3","BG31","BG313"
54143790,"LV","LV0","LV00","LV005"
54161800,"EL","EL6","EL64","EL645"
54161884,"EL","EL6","EL61","EL613"
54161916,"EL","EL6","EL61","EL612"
54162492,"RO","RO4","RO41","RO411"
54162628,"RO","RO1","RO12","RO126"
54163794,"LV","LV0","LV00","LV005"
54182062,"EL","EL5","EL52","EL522"
54182138,"BG","BG4","BG41","BG413"
54182768,"RO","RO1","RO11","RO112"
54201704,"EL","EL6","EL65","EL651"
54201736,"EL","EL6","EL65","EL652"
54201884,"EL","EL6","EL61","EL613"
54201890,"EL","EL6","EL61","EL613"
54201920,"EL","EL6","EL61","EL612"
54202070,"EL","EL5","EL52","EL522"
54202132,"BG","BG4","BG41","BG413"
54203812,"LV","LV0","LV00","LV005"
54203844,"LV","LV0","LV00","LV005"
54221832,"EL","EL6","EL64","EL644"
54221858,"EL","EL6","EL64","EL644"
54221900,"EL","EL","EL6","EL61"
54222134,"BG","BG4","BG41","BG413"
54222236,"BG","BG4","BG41","BG412"
54222278,"BG","BG4","BG41","BG411"
54222336,"BG","BG3","BG31","BG313"
54222490,"RO","RO4","RO41","RO415"
54222764,"RO","RO1","RO11","RO112"
54223834,"LV","LV0","LV00","LV005"
54241650,"EL","EL6","EL65","EL653"
54241718,"EL","EL6","EL65","EL651"
54241874,"EL","EL6","EL61","EL613"
54261738,"EL","EL6","EL65","EL652"
54261836,"EL","EL6","EL64","EL644"
54262380,"BG","BG3","BG31","BG313"
54262422,"RO","RO4","RO41","RO411"
54262530,"RO","RO4","RO41","RO415"
54263840,"LV","LV0","LV00","LV005"
54281644,"EL","EL6","EL65","EL653"
54281680,"EL","EL6","EL65","EL651"
54282012,"EL","EL5","EL52","EL527"
54282022,"EL","EL5","EL52","EL522"
54282108,"EL","EL5","EL52","EL526"
54282238,"BG","BG4","BG41","BG412"
54282408,"RO","RO4","RO41","RO411"
54282742,"RO","RO1","RO12","RO125"
54282746,"RO","RO1","RO12","RO125"
54301678,"EL","EL6","EL65","EL651"
54301732,"EL","EL6","EL65","EL652"
54301746,"EL","EL6","EL65","EL652"
54301756,"EL","EL6","EL65","EL652"
54301882,"EL","EL6","EL61","EL613"
54302142,"BG","BG4","BG41","BG413"
54302620,"RO","RO1","RO12","RO126"
54302686,"RO","RO1","RO12","RO125"
54302704,"RO","RO1","RO12","RO125"
54321748,"EL","EL6","EL65","EL652"
54322346,"BG","BG3","BG31","BG313"
54322396,"BG","BG3","BG31","BG313"
54341674,"EL","EL6","EL65","EL653"
54341718,"EL","EL6","EL65","EL651"
54341736,"EL","EL6","EL65","EL652"
54341854,"EL","EL6","EL64","EL644"
54342240,"BG","BG4","BG41","BG412"
54361642,"EL","EL6","EL65","EL653"
54361648,"EL","EL6","EL65","EL653"
54361666,"EL","EL6","EL65","EL653"
54361670,"EL","EL6","EL65","EL653"
54361858,"EL","EL6","EL64","EL644"
54362020,"EL","EL5","EL52","EL522"
54362138,"BG","BG4","BG41","BG413"
54362470,"RO","RO4","RO41","RO414"
54381656,"EL","EL6","EL65","EL653"
54381686,"EL","EL6","EL65","EL651"
54381718,"EL","EL6","EL65","EL651"
54381728,"EL","EL6","EL65","EL652"
54381790,"EL","EL6","EL64","EL641"
54382046,"EL","EL5","EL52","EL522"
54382064,"EL","EL5","EL52","EL522"
54382196,"BG","BG4","BG41","BG413"
54382232,"BG","BG4","BG41","BG412"
54382402,"RO","RO4","RO41","RO411"
54382430,"RO","RO4","RO41","RO411"
54382628,"RO","RO1","RO12","RO126"
54382834,"RO","RO1","RO11","RO112"
54401630,"EL","EL6","EL65","EL653"
54401670,"EL","EL6","EL65","EL653"
54401750,"EL","EL6","EL65","EL652"
54401804,"EL","EL6","EL64","EL641"
54402264,"BG","BG4","BG41","BG412"
54402350,"BG","BG3","BG31","BG313"
54402426,"RO","RO4","RO41","RO411"
54421632,"EL","EL6","EL65","EL653"
54421668,"EL","EL6","EL65","EL653"
54421730,"EL","EL6","EL65","EL652"
54421790,"EL","EL6","EL64","EL641"
54421794,"EL","EL6","EL64","EL641"
54422010,"EL","EL5","EL52","EL527"
54422118,"EL","EL5","EL52","EL526"
54422140,"BG","BG4","BG41","BG413"
54422204,"BG","BG4","BG41","BG413"
54422324,"BG","BG3","BG31","BG313"
54422352,"BG","BG3","BG31","BG313"
54422428,"RO","RO4","RO41","RO411"
54422752,"RO","RO1","RO12","RO125"
54441810,"EL","EL6","EL64","EL641"
54442182,"BG","BG4","BG41","BG413"
54442340,"BG","BG3","BG31","BG313"
54461626,"EL","EL6","EL65","EL653"
54462066,"EL","EL5","EL52","EL522"
54462180,"BG","BG4","BG41","BG413"
54481710,"EL","EL6","EL65","EL651"
54481822,"EL","EL6","EL64","EL644"
54482034,"EL","EL5","EL52","EL522"
54482052,"EL","EL5","EL52","EL522"
54482070,"EL","EL5","EL52","EL522"
54482080,"EL","EL5","EL52","EL526"
54482124,"EL","EL5","EL52","EL526"
54482172,"BG","BG4","BG41","BG413"
54482326,"BG","BG3","BG31","BG313"
54482368,"BG","BG3","BG31","BG313"
54482836,"RO","RO2","RO21","RO215"
54501640,"EL","EL6","EL65","EL653"
54501802,"EL","EL6","EL64","EL641"
54502014,"EL","EL5","EL52","EL527"
54502194,"BG","BG4","BG41","BG413"
54502242,"BG","BG4","BG41","BG412"
54502256,"BG","BG4","BG41","BG412"
54502274,"BG","BG4","BG41","BG412"
54502410,"RO","RO4","RO41","RO411"
54521710,"EL","EL6","EL65","EL651"
54521722,"EL","EL6","EL65","EL651"
54522082,"EL","EL5","EL52","EL526"
54522214,"BG","BG4","BG41","BG413"
54522636,"RO","RO1","RO12","RO126"
54522658,"RO","RO1","RO12","RO126"
54542164,"BG","BG4","BG41","BG413"
54542254,"BG","BG4","BG41","BG412"
54542344,"BG","BG3","BG31","BG314"
54542702,"RO","RO1","RO12","RO125"
54542740,"RO","RO1","RO12","RO125"
54562034,"EL","EL5","EL52","EL527"
54562622,"RO","RO1","RO12","RO126"
54562744,"RO","RO1","RO12","RO125"
54581630,"EL","EL6","EL65","EL653"
54581724,"EL","EL6","EL65","EL651"
54581742,"EL","EL6","EL65","EL652"
54581804,"EL","EL6","EL64","EL641"
54581828,"EL","EL6","EL64","EL644"
54581990,"EL","EL5","EL52","EL527"
54582260,"BG","BG4","BG41","BG412"
54582368,"BG","BG3","BG31","BG314"
54582714,"RO","RO1","RO12","RO125"
54601798,"EL","EL6","EL64","EL641"
54602194,"BG","BG4","BG41","BG413"
54602208,"BG","BG4","BG41","BG413"
54602550,"RO","RO3","RO31","RO311"
54602726,"RO","RO1","RO12","RO125"
54602838,"RO","RO2","RO21","RO215"
54621810,"EL","EL6","EL64","EL641"
54621864,"EL","EL6","EL64","EL642"
54622128,"EL","EL5","EL51","EL514"
54641626,"EL","EL6","EL65","EL653"
54642162,"BG","BG4","BG41","BG413"
54642202,"BG","BG4","BG42","BG423"
54642274,"BG","BG4","BG41","BG412"
54642318,"BG","BG3","BG31","BG315"
54642324,"BG","BG3","BG31","BG315"
54642354,"BG","BG3","BG31","BG314"
54661630,"EL","EL6","EL65","EL653"
54662028,"EL","EL5","EL52","EL527"
54662170,"BG","BG4","BG41","BG413"
54662362,"BG","BG3","BG31","BG314"
54662386,"BG","BG3","BG31","BG314"
54662520,"RO","RO4","RO41","RO414"
54662566,"RO","RO3","RO31","RO311"
54681618,"EL","EL6","EL65","EL653"
54681784,"EL","EL6","EL64","EL641"
54682090,"EL","EL5","EL52","EL526"
54682234,"BG","BG4","BG42","BG423"
54682518,"RO","RO4","RO41","RO414"
54682698,"RO","RO1","RO12","RO124"
54701620,"EL","EL6","EL65","EL653"
54701800,"EL","EL6","EL64","EL641"
54702186,"BG","BG4","BG42","BG423"
54702438,"RO","RO4","RO41","RO414"
54702690,"RO","RO1","RO12","RO124"
54722012,"EL","EL5","EL52","EL527"
54722156,"BG","BG4","BG41","BG413"
54722380,"BG","BG3","BG31","BG314"
54722390,"BG","BG3","BG31","BG314"
54722548,"RO","RO3","RO31","RO311"
54742010,"EL","EL5","EL52","EL527"
54742096,"EL","EL5","EL52","EL526"
54742132,"EL","EL5","EL51","EL514"
54742186,"BG","BG4","BG42","BG423"
54742240,"BG","BG4","BG42","BG423"
54742798,"RO","RO2","RO21","RO215"
54742802,"RO","RO2","RO21","RO215"
54761624,"EL","EL6","EL65","EL653"
54761732,"EL","EL6","EL65","EL652"
54761828,"EL","EL6","EL64","EL644"
54761846,"EL","EL6","EL64","EL642"
54762056,"EL","EL5","EL52","EL522"
54762164,"BG","BG4","BG41","BG413"
54762512,"RO","RO4","RO41","RO414"
54762692,"RO","RO1","RO12","RO124"
54762854,"RO","RO2","RO21","RO215"
54781718,"EL","EL6","EL65","EL651"
54781758,"EL","EL3","EL30","EL306"
54781870,"EL","EL6","EL64","EL642"
54782100,"EL","EL5","EL52","EL526"
54782320,"BG","BG3","BG31","BG315"
54782356,"BG","BG3","BG31","BG314"
54782370,"BG","BG3","BG31","BG314"
54782392,"BG","BG3","BG31","BG314"
54782396,"BG","BG3","BG31","BG314"
54782460,"RO","RO4","RO41","RO414"
54782644,"RO","RO1","RO12","RO122"
54782702,"RO","RO1","RO12","RO124"
54802332,"BG","BG3","BG31","BG315"
54802440,"RO","RO4","RO41","RO414"
54821766,"EL","EL3","EL30","EL306"
54822414,"RO","RO4","RO41","RO414"
54822534,"RO","RO3","RO31","RO311"
54822720,"RO","RO1","RO12","RO124"
54822728,"RO","RO1","RO12","RO124"
54841792,"EL","EL6","EL64","EL641"
54841800,"EL","EL6","EL64","EL641"
54842098,"EL","EL5","EL52","EL526"
54842164,"BG","BG4","BG41","BG413"
54842358,"BG","BG3","BG31","BG314"
54842704,"RO","RO1","RO12","RO124"
54862104,"EL","EL5","EL52","EL526"
54862248,"BG","BG4","BG42","BG423"
54862288,"BG","BG4","BG41","BG412"
54862378,"BG","BG3","BG31","BG314"
54862490,"RO","RO4","RO41","RO414"
54862522,"RO","RO3","RO31","RO311"
54862666,"RO","RO1","RO12","RO122"
54862706,"RO","RO1","RO12","RO124"
54881614,"EL","EL6","EL65","EL653"
54881764,"EL","EL3","EL30","EL306"
54881808,"EL","EL6","EL64","EL641"
54882082,"EL","EL5","EL52","EL526"
54882142,"EL","EL5","EL51","EL514"
54882154,"BG","BG4","BG41","BG413"
54882244,"BG","BG4","BG42","BG423"
54882406,"BG","BG3","BG31","BG314"
54901768,"EL","EL3","EL30","EL306"
54902170,"BG","BG4","BG41","BG413"
54902344,"BG","BG3","BG31","BG315"
54902386,"BG","BG3","BG31","BG314"
54902524,"RO","RO3","RO31","RO311"
54902630,"RO","RO1","RO12","RO122"
54902668,"RO","RO1","RO12","RO122"
54902758,"RO","RO1","RO12","RO124"
54921782,"EL","EL3","EL30","EL306"
54921794,"EL","EL6","EL64","EL641"
54922222,"BG","BG4","BG42","BG423"
54922334,"BG","BG3","BG31","BG315"
54922546,"RO","RO3","RO31","RO311"
54922568,"RO","RO3","RO31","RO311"
54922636,"RO","RO1","RO12","RO122"
54922690,"RO","RO1","RO12","RO124"
54922694,"RO","RO1","RO12","RO124"
54942074,"EL","EL5","EL51","EL515"
54942200,"BG","BG4","BG42","BG423"
54942224,"BG","BG4","BG42","BG423"
54942254,"BG","BG4","BG42","BG423"
54942686,"RO","RO1","RO12","RO124"
54961762,"EL","EL3","EL30","EL306"
54961780,"EL","EL3","EL30","EL306"
54961790,"EL","EL6","EL64","EL641"
54962100,"EL","EL5","EL52","EL526"
54962244,"BG","BG4","BG42","BG423"
54962640,"RO","RO1","RO12","RO122"
54962694,"RO","RO1","RO12","RO124"
54962784,"RO","RO1","RO12","RO124"
54982278,"BG","BG4","BG41","BG412"
54982632,"RO","RO1","RO12","RO122"
55001760,"EL","EL3","EL30","EL306"
55002216,"BG","BG4","BG42","BG423"
55002378,"BG","BG3","BG31","BG314"
55002526,"RO","RO3","RO31","RO311"
55002666,"RO","RO1","RO12","RO122"
55021774,"EL","EL3","EL30","EL306"
55021800,"EL","EL6","EL64","EL641"
55021804,"EL","EL6","EL64","EL641"
55022182,"BG","BG4","BG42","BG423"
55022506,"RO","RO3","RO31","RO311"
55022746,"RO","RO1","RO12","RO124"
55041806,"EL","EL6","EL64","EL642"
55042104,"EL","EL5","EL51","EL514"
55042662,"RO","RO1","RO12","RO122"
55042738,"RO","RO1","RO12","RO124"
55042886,"RO","RO2","RO21","RO215"
55061782,"EL","EL6","EL64","EL641"
55061800,"EL","EL6","EL64","EL641"
55062172,"BG","BG4","BG42","BG424"
55062178,"BG","BG4","BG42","BG424"
55062222,"BG","BG4","BG42","BG423"
55062268,"BG","BG4","BG42","BG421"
55062358,"BG","BG3","BG31","BG314"
55062600,"RO","RO3","RO31","RO311"
55062852,"RO","RO2","RO21","RO215"
55082224,"BG","BG4","BG42","BG423"
55082228,"BG","BG4","BG42","BG423"
55082480,"RO","RO3","RO31","RO317"
55082494,"RO","RO3","RO31","RO311"
55082512,"RO","RO3","RO31","RO311"
55082530,"RO","RO3","RO31","RO311"
55102078,"EL","EL5","EL51","EL515"
55102172,"BG","BG4","BG42","BG424"
55102178,"BG","BG4","BG42","BG424"
55102204,"BG","BG4","BG42","BG423"
55102340,"BG","BG3","BG31","BG315"
55102384,"BG","BG3","BG31","BG314"
55102412,"RO","RO3","RO31","RO317"
55102640,"RO","RO1","RO12","RO122"
55102694,"RO","RO1","RO12","RO124"
55121774,"EL","EL3","EL30","EL306"
55121832,"EL","EL6","EL64","EL642"
55141798,"EL","EL6","EL64","EL641"
55142186,"BG","BG4","BG42","BG424"
55142320,"BG","BG3","BG31","BG315"
55142348,"BG","BG3","BG31","BG315"
55142474,"RO","RO3","RO31","RO317"
55142622,"RO","RO1","RO12","RO122"
55142802,"RO","RO2","RO21","RO214"
55162128,"EL","EL5","EL51","EL514"
55162612,"RO","RO1","RO12","RO122"
55162656,"RO","RO1","RO12","RO122"
55162738,"RO","RO1","RO12","RO124"
55181826,"EL","EL6","EL64","EL642"
55182130,"EL","EL5","EL51","EL514"
55182166,"BG","BG4","BG42","BG424"
55182202,"BG","BG4","BG42","BG424"
55182336,"BG","BG3","BG31","BG315"
55182378,"BG","BG3","BG31","BG314"
55182472,"RO","RO3","RO31","RO317"
55182486,"RO","RO3","RO31","RO317"
55202358,"BG","BG3","BG31","BG315"
55202632,"RO","RO1","RO12","RO122"
55202844,"RO","RO2","RO21","RO215"
55222104,"EL","EL5","EL51","EL515"
55222716,"RO","RO1","RO12","RO124"
55242334,"BG","BG3","BG31","BG315"
55242510,"RO","RO3","RO31","RO313"
55242862,"RO","RO2","RO21","RO215"
55261786,"EL","EL3","EL30","EL305"
55262206,"BG","BG4","BG42","BG421"
55262344,"BG","BG3","BG31","BG315"
55262350,"BG","BG3","BG31","BG315"
55262674,"RO","RO1","RO12","RO123"
55262714,"RO","RO1","RO12","RO124"
55281818,"EL","EL6","EL64","EL642"
55282244,"BG","BG4","BG42","BG421"
55282384,"BG","BG3","BG31","BG314"
55282406,"BG","BG3","BG31","BG314"
55282862,"RO","RO2","RO21","RO215"
55302246,"BG","BG4","BG42","BG421"
55302354,"BG","BG3","BG31","BG315"
55302512,"RO","RO3","RO31","RO313"
55302530,"RO","RO3","RO31","RO313"
55302552,"RO","RO3","RO31","RO313"
55321790,"EL","EL3","EL30","EL305"
55322126,"EL","EL5","EL51","EL514"
55322204,"BG","BG4","BG42","BG424"
55322388,"BG","BG3","BG31","BG314"
55322856,"RO","RO2","RO21","RO215"
55342278,"BG","BG4","BG42","BG421"
55342340,"BG","BG3","BG32","BG322"
55342448,"RO","RO3","RO31","RO317"
55342520,"RO","RO3","RO31","RO313"
55362112,"EL","EL5","EL51","EL515"
55362162,"BG","BG4","BG42","BG424"
55362180,"BG","BG4","BG42","BG424"
55362256,"BG","BG4","BG42","BG421"
55362346,"BG","BG3","BG32","BG322"
55362364,"BG","BG3","BG31","BG315"
55381768,"EL","EL3","EL30","EL305"
55382214,"BG","BG4","BG42","BG421"
55382340,"BG","BG3","BG32","BG322"
55382484,"RO","RO3","RO31","RO317"
55382538,"RO","RO3","RO31","RO313"
55382632,"RO","RO1","RO12","RO122"
55401766,"EL","EL3","EL30","EL305"
55401780,"EL","EL3","EL30","EL305"
55402158,"BG","BG4","BG42","BG424"
55402176,"BG","BG4","BG42","BG424"
55402180,"BG","BG4","BG42","BG424"
55402194,"BG","BG4","BG42","BG424"
55402270,"BG","BG4","BG42","BG421"
55402328,"BG","BG3","BG32","BG322"
55402464,"RO","RO3","RO31","RO317"
55402630,"RO","RO1","RO12","RO122"
55402644,"RO","RO1","RO12","RO122"
55402648,"RO","RO1","RO12","RO123"
55422114,"EL","EL5","EL51","EL515"
55441760,"EL","EL3","EL30","EL305"
55442174,"BG","BG4","BG42","BG424"
55442260,"BG","BG4","BG42","BG421"
55442506,"RO","RO3","RO31","RO313"
55442552,"RO","RO3","RO31","RO313"
55442642,"RO","RO1","RO12","RO122"
55442810,"RO","RO2","RO21","RO214"
55461754,"EL","EL3","EL30","EL305"
55462100,"EL","EL5","EL51","EL515"
55462132,"EL","EL5","EL51","EL512"
55462186,"BG","BG4","BG42","BG424"
55462240,"BG","BG4","BG42","BG421"
55462330,"BG","BG3","BG32","BG322"
55462394,"BG","BG3","BG32","BG321"
55462528,"RO","RO3","RO31","RO313"
55481792,"EL","EL3","EL30","EL305"
55482170,"BG","BG4","BG42","BG424"
55482182,"BG","BG4","BG42","BG424"
55482336,"BG","BG3","BG32","BG322"
55482404,"BG","BG3","BG32","BG321"
55482542,"RO","RO3","RO31","RO313"
55502104,"EL","EL5","EL51","EL515"
55502248,"BG","BG4","BG42","BG421"
55502658,"RO","RO1","RO12","RO123"
55522128,"EL","EL5","EL51","EL512"
55522476,"RO","RO3","RO31","RO317"
55541752,"EL","EL3","EL30","EL305"
55542396,"BG","BG3","BG32","BG321"
55542660,"RO","RO1","RO12","RO123"
55542822,"RO","RO2","RO21","RO214"
55562326,"BG","BG3","BG32","BG322"
55562340,"BG","BG3","BG32","BG322"
55562362,"BG","BG3","BG32","BG321"
55562404,"BG","BG3","BG32","BG321"
55562448,"RO","RO3","RO31","RO317"
55562694,"RO","RO1","RO12","RO123"
55582104,"EL","EL5","EL51","EL515"
55582216,"BG","BG4","BG42","BG421"
55582248,"BG","BG4","BG42","BG421"
55582576,"RO","RO3","RO31","RO316"
55582684,"RO","RO1","RO12","RO123"
55582810,"RO","RO2","RO21","RO214"
55582828,"RO","RO2","RO21","RO215"
55582864,"RO","RO2","RO21","RO212"
55602142,"EL","EL5","EL51","EL512"
55602208,"BG","BG4","BG42","BG421"
55602298,"BG","BG3","BG34","BG344"
55602316,"BG","BG3","BG32","BG322"
55602550,"RO","RO3","RO31","RO313"
55602654,"RO","RO1","RO12","RO123"
55602682,"RO","RO1","RO12","RO123"
55622110,"EL","EL5","EL51","EL512"
55622188,"BG","BG4","BG42","BG424"
55622224,"BG","BG4","BG42","BG421"
55622242,"BG","BG4","BG42","BG421"
55622354,"BG","BG3","BG32","BG321"
55622372,"BG","BG3","BG32","BG321"
55622480,"RO","RO3","RO31","RO317"
55622774,"RO","RO2","RO21","RO214"
55622854,"RO","RO2","RO21","RO212"
55642132,"EL","EL5","EL51","EL512"
55642142,"EL","EL5","EL51","EL512"
55642150,"EL","EL5","EL51","EL512"
55642214,"BG","BG4","BG42","BG421"
55642492,"RO","RO3","RO31","RO314"
55642672,"RO","RO1","RO12","RO123"
55642682,"RO","RO1","RO12","RO123"
55642690,"RO","RO1","RO12","RO123"
55642784,"RO","RO2","RO21","RO214"
55661480,"EL","EL4","EL43","EL434"
55662170,"BG","BG4","BG42","BG424"
55662452,"RO","RO3","RO31","RO314"
55662566,"RO","RO3","RO31","RO316"
55681470,"EL","EL4","EL43","EL434"
55681492,"EL","EL4","EL43","EL434"
55681794,"EL","EL6","EL64","EL642"
55682118,"EL","EL5","EL51","EL512"
55682262,"BG","BG3","BG34","BG344"
55682266,"BG","BG3","BG34","BG344"
55682392,"BG","BG3","BG32","BG321"
55682572,"RO","RO3","RO31","RO316"
55682676,"RO","RO1","RO12","RO123"
55682820,"RO","RO2","RO21","RO213"
55702170,"BG","BG4","BG42","BG424"
55702376,"BG","BG3","BG32","BG321"
55702800,"RO","RO2","RO21","RO214"
55721490,"EL","EL4","EL43","EL434"
55722108,"EL","EL5","EL51","EL512"
55722274,"BG","BG3","BG34","BG344"
55722292,"BG","BG3","BG34","BG344"
55722684,"RO","RO1","RO12","RO123"
55722774,"RO","RO2","RO21","RO214"
55742124,"EL","EL5","EL51","EL512"
55742250,"BG","BG3","BG34","BG344"
55742290,"BG","BG3","BG34","BG344"
55742340,"BG","BG3","BG32","BG322"
55742358,"BG","BG3","BG32","BG321"
55742494,"RO","RO3","RO31","RO314"
55742656,"RO","RO1","RO12","RO123"
55742898,"RO","RO2","RO21","RO212"
55762126,"EL","EL5","EL51","EL512"
55762482,"RO","RO3","RO31","RO314"
55762500,"RO","RO3","RO32","RO322"
55762518,"RO","RO3","RO32","RO322"
55762536,"RO","RO3","RO31","RO316"
55762572,"RO","RO3","RO31","RO316"
55762590,"RO","RO3","RO31","RO316"
55782654,"RO","RO1","RO12","RO123"
55782808,"RO","RO2","RO21","RO213"
55802164,"BG","BG4","BG42","BG424"
55802236,"BG","BG4","BG42","BG421"
55802318,"BG","BG3","BG32","BG322"
55802362,"BG","BG3","BG32","BG321"
55802390,"BG","BG3","BG32","BG323"
55802584,"RO","RO3","RO31","RO316"
55802642,"RO","RO1","RO12","RO123"
55802774,"RO","RO2","RO21","RO214"
55821782,"EL","EL6","EL64","EL642"
55822214,"BG","BG4","BG42","BG422"
55822352,"BG","BG3","BG32","BG321"
55822496,"RO","RO3","RO32","RO322"
55822604,"RO","RO3","RO31","RO316"
55822736,"RO","RO2","RO21","RO211"
55822826,"RO","RO2","RO21","RO213"
55822888,"RO","RO2","RO21","RO212"
55842206,"BG","BG4","BG42","BG425"
55842354,"BG","BG3","BG32","BG321"
55842368,"BG","BG3","BG32","BG321"
55842552,"RO","RO3","RO31","RO316"
55862240,"BG","BG4","BG42","BG422"
55862392,"BG","BG3","BG32","BG323"
55862546,"RO","RO3","RO31","RO316"
55882170,"BG","BG4","BG42","BG425"
55882224,"BG","BG4","BG42","BG422"
55882530,"RO","RO3","RO32","RO322"
55902264,"BG","BG3","BG34","BG344"
55902382,"BG","BG3","BG32","BG321"
55902418,"BG","BG3","BG32","BG323"
55922128,"EL","EL5","EL51","EL513"
55922152,"BG","BG4","BG42","BG425"
55922296,"BG","BG3","BG34","BG344"
55922848,"RO","RO2","RO21","RO213"
55941496,"EL","EL4","EL43","EL434"
55942212,"BG","BG4","BG42","BG425"
55942572,"RO","RO3","RO31","RO316"
55942828,"RO","RO2","RO21","RO213"
55962232,"BG","BG4","BG42","BG422"
55962348,"BG","BG3","BG32","BG321"
55962538,"RO","RO3","RO32","RO322"
55962730,"RO","RO2","RO21","RO211"
55962744,"RO","RO2","RO21","RO211"
55981786,"EL","EL6","EL64","EL642"
55982192,"BG","BG4","BG42","BG425"
55982498,"RO","RO3","RO32","RO322"
55982704,"RO","RO2","RO21","RO211"
55982786,"RO","RO2","RO21","RO214"
56002124,"EL","EL5","EL51","EL513"
56002132,"EL","EL5","EL51","EL513"
56002258,"BG","BG3","BG34","BG344"
56002286,"BG","BG3","BG34","BG344"
56022138,"EL","EL5","EL51","EL513"
56022164,"BG","BG4","BG42","BG425"
56022218,"BG","BG4","BG42","BG422"
56022570,"RO","RO3","RO31","RO316"
56022776,"RO","RO2","RO21","RO211"
56042230,"BG","BG4","BG42","BG422"
56042258,"BG","BG3","BG34","BG344"
56042338,"BG","BG3","BG32","BG321"
56042802,"RO","RO2","RO21","RO214"
56062128,"EL","EL5","EL51","EL513"
56062152,"BG","BG4","BG42","BG425"
56062610,"RO","RO2","RO22","RO222"
56062830,"RO","RO2","RO21","RO213"
56082288,"BG","BG3","BG34","BG344"
56082364,"BG","BG3","BG32","BG321"
56082450,"BG","BG3","BG32","BG323"
56082504,"RO","RO3","RO32","RO322"
56082552,"RO","RO3","RO31","RO316"
56082760,"RO","RO2","RO21","RO211"
56101494,"EL","EL4","EL43","EL434"
56102260,"BG","BG3","BG34","BG344"
56102380,"BG","BG3","BG32","BG321"
56122486,"RO","RO3","RO31","RO314"
56122710,"RO","RO2","RO21","RO211"
56122792,"RO","RO2","RO21","RO214"
56142132,"EL","EL5","EL51","EL513"
56142276,"BG","BG3","BG34","BG344"
56142406,"BG","BG3","BG33","BG334"
56142690,"RO","RO2","RO22","RO226"
56142736,"RO","RO2","RO21","RO211"
56142844,"RO","RO2","RO21","RO213"
56162224,"BG","BG4","BG42","BG422"
56162242,"BG","BG4","BG42","BG422"
56162386,"BG","BG3","BG33","BG334"
56162836,"RO","RO2","RO21","RO213"
56182214,"BG","BG4","BG42","BG422"
56182394,"BG","BG3","BG33","BG334"
56182448,"BG","BG3","BG32","BG323"
56202120,"EL","EL5","EL51","EL513"
56202206,"BG","BG4","BG42","BG422"
56202314,"BG","BG3","BG34","BG342"
56202386,"BG","BG3","BG33","BG334"
56202408,"BG","BG3","BG33","BG334"
56202458,"BG","BG3","BG32","BG323"
56202632,"RO","RO2","RO22","RO222"
56202746,"RO","RO2","RO21","RO211"
56202764,"RO","RO2","RO21","RO211"
56222114,"EL","EL5","EL51","EL513"
56222438,"BG","BG3","BG32","BG323"
56222586,"RO","RO2","RO22","RO222"
56222600,"RO","RO2","RO22","RO222"
56222748,"RO","RO2","RO21","RO211"
56222824,"RO","RO2","RO21","RO213"
56242578,"RO","RO2","RO22","RO222"
56242800,"RO","RO2","RO21","RO213"
56262342,"BG","BG3","BG32","BG321"
56262774,"RO","RO2","RO21","RO211"
56282268,"BG","BG3","BG34","BG344"
56282430,"BG","BG3","BG32","BG323"
56282802,"RO","RO2","RO21","RO213"
56302122,"EL","EL5","EL51","EL513"
56302220,"BG","BG4","BG42","BG422"
56302252,"BG","BG4","BG42","BG422"
56302302,"BG","BG3","BG34","BG342"
56302450,"BG","BG3","BG32","BG324"
56302764,"RO","RO2","RO21","RO211"
56322276,"BG","BG3","BG34","BG342"
56322406,"BG","BG3","BG33","BG334"
56342170,"BG","BG4","BG42","BG425"
56342236,"BG","BG4","BG42","BG422"
56342242,"BG","BG4","BG42","BG422"
56362466,"BG","BG3","BG32","BG325"
56362610,"RO","RO2","RO22","RO222"
56362700,"RO","RO2","RO22","RO226"
56362744,"RO","RO2","RO21","RO211"
56382134,"EL","EL5","EL51","EL513"
56382390,"BG","BG3","BG33","BG334"
56382434,"BG","BG3","BG32","BG324"
56382452,"BG","BG3","BG32","BG324"
56382624,"RO","RO2","RO22","RO222"
56382678,"RO","RO2","RO22","RO226"
56382710,"RO","RO2","RO22","RO226"
56402240,"BG","BG4","BG42","BG422"
56402320,"BG","BG3","BG34","BG342"
56402702,"RO","RO2","RO22","RO226"
56421486,"EL","EL4","EL43","EL433"
56422152,"EL","EL5","EL51","EL513"
56422764,"RO","RO2","RO21","RO216"
56422776,"RO","RO2","RO21","RO216"
56442264,"BG","BG3","BG34","BG344"
56442598,"RO","RO2","RO22","RO222"
56442750,"RO","RO2","RO21","RO211"
56462224,"BG","BG4","BG42","BG422"
56462260,"BG","BG3","BG34","BG344"
56462394,"BG","BG3","BG33","BG334"
56462398,"BG","BG3","BG33","BG334"
56462592,"RO","RO2","RO22","RO222"
56462736,"RO","RO2","RO21","RO211"
56482194,"BG","BG4","BG42","BG422"
56482216,"BG","BG4","BG42","BG422"
56482284,"BG","BG3","BG34","BG342"
56482306,"BG","BG3","BG34","BG342"
56482382,"BG","BG3","BG33","BG334"
56482666,"RO","RO2","RO22","RO226"
56482752,"RO","RO2","RO21","RO216"
56482800,"RO","RO2","RO21","RO216"
56502370,"BG","BG3","BG33","BG334"
56502420,"BG","BG3","BG32","BG324"
56502438,"BG","BG3","BG32","BG324"
56502448,"BG","BG3","BG32","BG324"
56502682,"RO","RO2","RO22","RO226"
56502718,"RO","RO2","RO21","RO211"
56522380,"BG","BG3","BG33","BG334"
56522512,"RO","RO3","RO31","RO312"
56522678,"RO","RO2","RO22","RO226"
56542136,"EL","EL5","EL51","EL511"
56542258,"BG","BG4","BG42","BG422"
56562182,"BG","BG4","BG42","BG422"
56562290,"BG","BG3","BG34","BG343"
56562344,"BG","BG3","BG34","BG342"
56562372,"BG","BG3","BG33","BG334"
56562458,"BG","BG3","BG32","BG325"
56562588,"RO","RO2","RO22","RO222"
56562818,"RO","RO2","RO21","RO213"
56562836,"RO","RO2","RO21","RO213"
56582258,"BG","BG4","BG42","BG422"
56582460,"BG","BG3","BG32","BG325"
56582654,"RO","RO2","RO22","RO226"
56582658,"RO","RO2","RO22","RO226"
56582712,"RO","RO2","RO22","RO224"
56602362,"BG","BG3","BG33","BG334"
56602728,"RO","RO2","RO21","RO216"
56621496,"EL","EL4","EL43","EL433"
56622184,"BG","BG4","BG42","BG422"
56622210,"EL","EL5","EL51","EL511"
56622238,"BG","BG4","BG42","BG422"
56622264,"BG","BG4","BG42","BG422"
56622516,"RO","RO3","RO31","RO312"
56622714,"RO","RO2","RO22","RO224"
56642224,"BG","BG4","BG42","BG422"
56642232,"BG","BG4","BG42","BG422"
56642296,"BG","BG3","BG34","BG343"
56642422,"BG","BG3","BG32","BG324"
56642452,"BG","BG3","BG32","BG324"
56642566,"RO","RO2","RO22","RO222"
56662180,"BG","BG4","BG42","BG422"
56662230,"BG","BG4","BG42","BG422"
56662338,"BG","BG3","BG34","BG342"
56662360,"BG","BG3","BG33","BG333"
56662432,"BG","BG3","BG32","BG324"
56662656,"RO","RO2","RO22","RO226"
56662738,"RO","RO2","RO21","RO216"
56662792,"RO","RO2","RO21","RO216"
56682190,"EL","EL5","EL51","EL511"
56682258,"BG","BG4","BG42","BG422"
56682268,"BG","BG3","BG34","BG343"
56682466,"BG","BG3","BG32","BG325"
56682726,"RO","RO2","RO21","RO216"
56682820,"RO","RO2","RO21","RO213"
56702146,"EL","EL5","EL51","EL511"
56702354,"BG","BG3","BG33","BG333"
56702372,"BG","BG3","BG33","BG334"
56702444,"BG","BG3","BG32","BG324"
56702736,"RO","RO2","RO21","RO216"
56722160,"EL","EL5","EL51","EL511"
56722276,"BG","BG3","BG34","BG343"
56722600,"RO","RO2","RO22","RO221"
56722646,"RO","RO2","RO22","RO226"
56722664,"RO","RO2","RO22","RO224"
56722766,"RO","RO2","RO21","RO216"
56742246,"BG","BG4","BG42","BG422"
56742272,"BG","BG3","BG34","BG343"
56742462,"BG","BG3","BG32","BG325"
56742782,"RO","RO2","RO21","RO216"
56762132,"EL","EL5","EL51","EL511"
56762172,"EL","EL5","EL51","EL511"
56762190,"EL","EL5","EL51","EL511"
56762654,"RO","RO2","RO22","RO226"
56762726,"RO","RO2","RO21","RO216"
56762744,"RO","RO2","RO21","RO216"
56762816,"RO","RO2","RO21","RO213"
56782152,"EL","EL5","EL51","EL511"
56782268,"BG","BG3","BG34","BG343"
56782386,"BG","BG3","BG33","BG333"
56782440,"BG","BG3","BG32","BG324"
56782776,"RO","RO2","RO21","RO216"
56802166,"EL","EL5","EL51","EL511"
56802180,"EL","EL5","EL51","EL511"
56802210,"EL","EL5","EL51","EL511"
56802234,"BG","BG4","BG42","BG422"
56802310,"BG","BG3","BG34","BG343"
56802342,"BG","BG3","BG34","BG341"
56802414,"BG","BG3","BG33","BG333"
56802486,"BG","BG3","BG32","BG325"
56802796,"RO","RO2","RO21","RO216"
56822134,"EL","EL5","EL51","EL511"
56822398,"BG","BG3","BG33","BG333"
56822416,"BG","BG3","BG33","BG333"
56822422,"BG","BG3","BG33","BG333"
56822578,"RO","RO2","RO22","RO221"
56842176,"EL","EL5","EL51","EL511"
56842256,"BG","BG3","BG34","BG343"
56842292,"BG","BG3","BG34","BG343"
56842320,"BG","BG3","BG34","BG343"
56842364,"BG","BG3","BG33","BG333"
56842490,"BG","BG3","BG32","BG325"
56842666,"RO","RO2","RO22","RO224"
56842706,"RO","RO2","RO22","RO224"
56842716,"RO","RO2","RO22","RO224"
56842734,"RO","RO2","RO21","RO216"
56861470,"EL","EL4","EL43","EL431"
56862298,"BG","BG3","BG34","BG343"
56862330,"BG","BG3","BG34","BG341"
56862420,"BG","BG3","BG33","BG333"
56862438,"BG","BG3","BG33","BG333"
56862730,"RO","RO2","RO21","RO216"
56862754,"RO","RO2","RO21","RO216"
56882134,"EL","EL5","EL51","EL511"
56901488,"EL","EL4","EL43","EL431"
56902250,"BG","BG3","BG34","BG343"
56902664,"RO","RO2","RO22","RO224"
56902700,"RO","RO2","RO22","RO224"
56902744,"RO","RO2","RO21","RO216"
56922188,"EL","EL5","EL51","EL511"
56922206,"EL","EL5","EL51","EL511"
56922264,"BG","BG3","BG34","BG343"
56922404,"BG","BG3","BG33","BG333"
56922416,"BG","BG3","BG33","BG333"
56942194,"EL","EL5","EL51","EL511"
56942334,"BG","BG3","BG34","BG341"
56942518,"RO","RO3","RO31","RO312"
56961498,"EL","EL4","EL43","EL431"
56962314,"BG","BG3","BG34","BG341"
56962458,"BG","BG3","BG32","BG325"
56962782,"RO","RO2","RO21","RO216"
56981490,"EL","EL4","EL43","EL431"
56982774,"RO","RO2","RO21","RO216"
56982778,"RO","RO2","RO21","RO216"
57001486,"EL","EL4","EL43","EL431"
57002188,"EL","EL5","EL51","EL511"
57002452,"BG","BG3","BG33","BG332"
57002658,"RO","RO2","RO22","RO224"
57021478,"EL","EL4","EL43","EL431"
57022266,"BG","BG3","BG34","BG343"
57022320,"BG","BG3","BG34","BG341"
57022414,"BG","BG3","BG33","BG333"
57022450,"BG","BG3","BG33","BG332"
57022486,"BG","BG3","BG32","BG325"
57042376,"BG","BG3","BG33","BG333"
57042700,"RO","RO2","RO22","RO224"
57042730,"RO","RO2","RO21","RO216"
57062336,"BG","BG3","BG34","BG341"
57062390,"BG","BG3","BG33","BG333"
57062416,"BG","BG3","BG33","BG333"
57062620,"RO","RO2","RO22","RO221"
57062656,"RO","RO2","RO22","RO224"
57062714,"RO","RO2","RO22","RO224"
57081466,"EL","EL4","EL43","EL431"
57081488,"EL","EL4","EL43","EL431"
57082394,"BG","BG3","BG33","BG333"
57082430,"BG","BG3","BG33","BG333"
57082654,"RO","RO2","RO22","RO224"
57102282,"BG","BG3","BG34","BG343"
57102368,"BG","BG3","BG33","BG331"
57102386,"BG","BG3","BG33","BG333"
57102470,"BG","BG3","BG32","BG325"
57121474,"EL","EL4","EL43","EL431"
57122302,"BG","BG3","BG34","BG341"
57122330,"BG","BG3","BG34","BG341"
57122348,"BG","BG3","BG34","BG341"
57122438,"BG","BG3","BG33","BG333"
57141468,"EL","EL4","EL43","EL431"
57142286,"BG","BG3","BG34","BG341"
57142440,"BG","BG3","BG33","BG333"
57162300,"BG","BG3","BG34","BG341"
57162364,"BG","BG3","BG34","BG341"
57182422,"BG","BG3","BG33","BG331"
57182452,"BG","BG3","BG33","BG332"
57182484,"BG","BG3","BG32","BG325"
57202648,"RO","RO2","RO22","RO225"
57222448,"BG","BG3","BG33","BG332"
57222550,"RO","RO3","RO31","RO315"
57241480,"EL","EL4","EL43","EL431"
57241490,"EL","EL4","EL43","EL431"
57242282,"BG","BG3","BG34","BG341"
57242300,"BG","BG3","BG34","BG341"
57262276,"BG","BG3","BG34","BG341"
57262478,"BG","BG3","BG32","BG325"
57262538,"RO","RO3","RO31","RO315"
57282386,"BG","BG3","BG33","BG331"
57282404,"BG","BG3","BG33","BG331"
57282426,"BG","BG3","BG33","BG331"
57302330,"BG","BG3","BG34","BG341"
57322286,"BG","BG3","BG34","BG341"
57322470,"BG","BG3","BG33","BG332"
57342364,"BG","BG3","BG33","BG331"
57342408,"BG","BG3","BG33","BG331"
57342634,"RO","RO2","RO22","RO225"
57361504,"EL","EL4","EL43","EL432"
57362326,"BG","BG3","BG34","BG341"
57362448,"BG","BG3","BG33","BG332"
57382392,"BG","BG3","BG33","BG331"
57382428,"BG","BG3","BG33","BG331"
57382436,"BG","BG3","BG33","BG332"
57382482,"BG","BG3","BG33","BG332"
57422350,"BG","BG3","BG34","BG341"
57422462,"BG","BG3","BG33","BG332"
57442294,"BG","BG3","BG34","BG341"
57442366,"BG","BG3","BG33","BG331"
57442466,"BG","BG3","BG33","BG332"
57461486,"EL","EL4","EL43","EL432"
57462386,"BG","BG3","BG33","BG331"
57462398,"BG","BG3","BG33","BG331"
57462416,"BG","BG3","BG33","BG331"
57482360,"BG","BG3","BG34","BG341"
57482568,"RO","RO2","RO22","RO223"
57482576,"RO","RO2","RO22","RO223"
57482582,"RO","RO2","RO22","RO225"
57501486,"EL","EL4","EL43","EL432"
57522354,"BG","BG3","BG34","BG341"
57522444,"BG","BG3","BG33","BG332"
57542308,"BG","BG3","BG34","BG341"
57542394,"BG","BG3","BG33","BG331"
57542404,"BG","BG3","BG33","BG331"
57542430,"BG","BG3","BG33","BG332"
57621488,"EL","EL4","EL43","EL432"
57622520,"RO","RO2","RO22","RO223"
57641480,"EL","EL4","EL43","EL432"
57642434,"BG","BG3","BG33","BG332"
57662420,"BG","BG3","BG33","BG331"
57662474,"BG","BG3","BG33","BG332"
57682458,"BG","BG3","BG33","BG332"
57702274,"BG","BG3","BG34","BG341"
57722448,"BG","BG3","BG33","BG332"
57722452,"BG","BG3","BG33","BG332"
57742428,"BG","BG3","BG33","BG332"
57762456,"BG","BG3","BG33","BG332"
57762538,"RO","RO2","RO22","RO223"
57802466,"BG","BG3","BG33","BG332"
57821498,"EL","EL4","EL43","EL432"
57822440,"BG","BG3","BG33","BG332"
57841488,"EL","EL4","EL43","EL432"
57842460,"BG","BG3","BG33","BG332"
57842474,"BG","BG3","BG33","BG332"
57942502,"RO","RO2","RO22","RO223"
57962548,"RO","RO2","RO22","RO223"
57981484,"EL","EL4","EL43","EL432"
63581624,"CY","CY0","CY00","CY000"
63601614,"CY","CY0","CY00","CY000"
63621618,"CY","CY0","CY00","CY000"
63641606,"CY","CY0","CY00","CY000"
63661612,"CY","CY0","CY00","CY000"
63681618,"CY","CY0","CY00","CY000"
63741606,"CY","CY0","CY00","CY000"
63741622,"CY","CY0","CY00","CY000"
63761600,"CY","CY0","CY00","CY000"
63801598,"CY","CY0","CY00","CY000"
63881600,"CY","CY0","CY00","CY000"
63881608,"CY","CY0","CY00","CY000"
63921608,"CY","CY0","CY00","CY000"
63941646,"CY","CY0","CY00","CY000"
63961606,"CY","CY0","CY00","CY000"
63961622,"CY","CY0","CY00","CY000"
64041624,"CY","CY0","CY00","CY000"
64061606,"CY","CY0","CY00","CY000"
64061610,"CY","CY0","CY00","CY000"
64061656,"CY","CY0","CY00","CY000"
64081622,"CY","CY0","CY00","CY000"
64081650,"CY","CY0","CY00","CY000"
64101618,"CY","CY0","CY00","CY000"
64121612,"CY","CY0","CY00","CY000"
64141632,"CY","CY0","CY00","CY000"
64161652,"CY","CY0","CY00","CY000"
64161658,"CY","CY0","CY00","CY000"
64221650,"CY","CY0","CY00","CY000"
64241656,"CY","CY0","CY00","CY000"
64261646,"CY","CY0","CY00","CY000"
64261660,"CY","CY0","CY00","CY000"
64281654,"CY","CY0","CY00","CY000"
64301618,"CY","CY0","CY00","CY000"
64301648,"CY","CY0","CY00","CY000"
64341644,"CY","CY0","CY00","CY000"
64401622,"CY","CY0","CY00","CY000"
64401628,"CY","CY0","CY00","CY000"
64421628,"CY","CY0","CY00","CY000"
64441626,"CY","CY0","CY00","CY000"
64461632,"CY","CY0","CY00","CY000"
64501650,"CY","CY0","CY00","CY000"
64541646,"CY","CY0","CY00","CY000"
64561634,"CY","CY0","CY00","CY000"
64581660,"CY","CY0","CY00","CY000"
64601638,"CY","CY0","CY00","CY000"
64601644,"CY","CY0","CY00","CY000"
64621644,"CY","CY0","CY00","CY000"
64621658,"CY","CY0","CY00","CY000"
64641640,"CY","CY0","CY00","CY000"
64661656,"CY","CY0","CY00","CY000"
64661660,"CY","CY0","CY00","CY000"
64801668,"CY","CY0","CY00","CY000"
64821668,"CY","CY0","CY00","CY000"
64841666,"CY","CY0","CY00","CY000"
64841670,"CY","CY0","CY00","CY000"
64881666,"CY","CY0","CY00","CY000"
64901668,"CY","CY0","CY00","CY000"
64901672,"CY","CY0","CY00","CY000"
64961676,"CY","CY0","CY00","CY000"
64981672,"CY","CY0","CY00","CY000"
