"POINTID","BDfine_0_2","coarse_vol","geometry"
26581768,1.03768688200935,0.061007692307692,c(-8.775251839, 37.13910423)
26741814,1.29766523910083,0.025596153846154,c(-8.711708338, 37.57816004)
26761786,0.905129606229296,0.099046153846154,c(-8.621613437, 37.33676436)
26762002,1.33673682737502,0.065515384615385,c(-9.16526974, 39.22887796)
26841764,0.950184528664529,0.047469230769231,c(-8.481015615, 37.16096582)
26881938,1.16073765036282,0.052292307692308,c(-8.865543872, 38.69604951)
26942016,0.988188338138576,0.062855769230769,c(-8.998901767, 39.39184536)
26962018,0.96435478839555,0.075288461538462,c(-8.981530426, 39.41382056)
27001882,1.40184800311259,0.016401923076923,c(-8.591381992, 38.23186429)
27021938,1.45284248564238,0.046338461538462,c(-8.708951935, 38.72710826)
27022016,1.264175101947,0.096438461538462,c(-8.908556192, 39.40977721)
27061758,1.20535837474834,0.043840384615385,c(-8.225788031, 37.15573516)
27061970,1.282,0,c(-8.745206354, 39.01619339)
27081828,1.11847588350409,0.1313,c(-8.370764946, 37.77534776)
27101814,1.23097382816339,0.060646153846154,c(-8.314985341, 37.65667873)
27161812,1.19821699314695,0.048711538461538,c(-8.244007388, 37.65202644)
27162028,0.655485541948773,0.114946153846154,c(-8.781341154, 39.54593442)
27181846,1.36102426082624,0.096834615384615,c(-8.303628792, 37.95506483)
27182008,1.40970360581461,0.022092307692308,c(-8.707174304, 39.37538276)
27201772,0.98475134145438,0.091471153846154,c(-8.105164104, 37.30884037)
27201962,1.26246872628117,0.179084615384615,c(-8.567653831, 38.97699355)
27202006,0.886599638204147,0.074063461538462,c(-8.679456518, 39.36230016)
27221822,0.937075886677535,0.187275,c(-8.201674106, 37.75280367)
27221858,1.41057389398713,0.087375,c(-8.288325177, 38.06908735)
27241758,1.03040557775699,0.095307692307692,c(-8.02847573, 37.1941453)
27241916,1.1274050161206,0.065934615384615,c(-8.408011888, 38.58247455)
27281940,1.2200365470131,0.019176923076923,c(-8.422782643, 38.80165119)
27302020,1.05247676238823,0.130223076923077,c(-8.602248621, 39.50689337)
27321748,0.94619950063444,0.060346153846154,c(-7.917530136, 37.12302697)
27321784,1.36996987216025,0.055307692307692,c(-8.001415407, 37.43994321)
27341920,1.06585058917744,0.1259,c(-8.306084154, 38.63924275)
27361846,0.760990236026755,0.199569230769231,c(-8.104139267, 37.99370508)
27382028,0.892073832790445,0.079,c(-8.532099306, 39.59450173)
27401804,1.19579170311709,0.164653846153846,c(-7.960229523, 37.63287273)
27401840,0.900787869840326,0.075159615384615,c(-8.04546633, 37.94949001)
27402128,1.45306611480231,0.011276923076923,c(-8.769787704, 40.47345671)
27421740,1.29962385814078,0.0695,c(-7.789523471, 37.07357074)
27421780,1.26803165994746,0.090819230769231,c(-7.882013906, 37.42587121)
27421902,1.35349974919713,0.037705769230769,c(-8.172593972, 38.49848408)
27461842,1.09171210377303,0.084392307692308,c(-7.983712405, 37.97982158)
27461892,1.2208967173739,0.039230769230769,c(-8.103666991, 38.41923153)
27462138,1.33788369905712,0.010392307692308,c(-8.72738882, 40.57415894)
27481828,0.906598407281001,0.188615384615385,c(-7.92837558, 37.86093134)
27481894,1.12410404134542,0.092076923076923,c(-8.086193948, 38.44107094)
27482128,0.908483540730405,0.170271153846154,c(-8.677925269, 40.49121854)
27501780,1.40696237684676,0.099776923076923,c(-7.793951199, 37.44268222)
27501802,1.08698315467075,0.18375,c(-7.845168807, 37.63637118)
27501892,1.14632587859425,0.036923076923077,c(-8.059040764, 38.4277697)
27522114,1.18873750459732,0.069273076923077,c(-8.595175679, 40.37768345)
27541792,1.21048777607181,0.1533,c(-7.777729769, 37.55673214)
27541810,0.864907241431441,0.109557692307692,c(-7.819694228, 37.71519302)
27541828,0.998961543872214,0.097773076923077,c(-7.861935525, 37.87359195)
27542110,1.24352298296368,0.0667,c(-8.561770601, 40.34711342)
27561812,1.16596948003974,0.245134615384615,c(-7.802264626, 37.73699578)
27561952,1.29441190176514,0.116873076923077,c(-8.138163986, 38.9673951)
27561988,0.829079788712816,0.10075,c(-8.22738568, 39.28318073)
27562118,1.38593214391751,0.073775,c(-8.559769342, 40.42146744)
27601794,1.21031554617626,0.081446153846154,c(-7.716184921, 37.5868922)
27641752,0.994330688643369,0.092278846153846,c(-7.575663712, 37.22513623)
27641896,1.1809936420413,0.042992307692308,c(-7.912367462, 38.49264562)
27661882,0.844451104490242,0.127338461538462,c(-7.856539308, 38.37380684)
27681946,1.109321528901,0.096384615384615,c(-7.988548455, 38.94034874)
27702222,0.976359356457794,0.011480769230769,c(-8.674812639, 41.36098366)
27722056,0.669575373321098,0.262338461538462,c(-8.216930883, 39.91368778)
27722228,1.0805085021296,0.053630769230769,c(-8.667760969, 41.41779435)
27722242,0.765953588588558,0.064636538461538,c(-8.705776471, 41.53997645)
27741830,0.981315675831294,0.144984615384615,c(-7.644974287, 37.93306867)
27741866,0.884295043357242,0.101826923076923,c(-7.729403411, 38.24989582)
27741890,1.20514849367799,0.064775,c(-7.786313911, 38.46097827)
27741908,1.08518982145277,0.049055769230769,c(-7.829328729, 38.61921895)
27742232,0.589901850131013,0.035619230769231,c(-8.655287129, 41.45714479)
27762242,0.512744423700501,0.021442307692308,c(-8.659084, 41.54886066)
27781794,1.20083217753121,0.133413461538462,c(-7.517479223, 37.62426656)
27781902,1.08552013284498,0.183548076923077,c(-7.770210409, 38.57488475)
27782284,0.956713426853707,0.02695,c(-8.75063462, 41.91971201)
27801810,0.625727903623358,0.187801923076923,c(-7.532160065, 37.76937439)
27821838,1.13012569585145,0.022365384615385,c(-7.574821012, 38.02012413)
27821886,0.942019551815199,0.201136538461539,c(-7.68746079, 38.44255539)
27841822,1.20963462281568,0.104192307692308,c(-7.51554572, 37.88335187)
27842206,0.923339744314968,0.1161,c(-8.46897261, 41.25214945)
27842416,0.905198922174671,0.029384615384615,c(-9.052521428, 43.082807)
27862032,1.06990006157344,0.187961538461538,c(-7.997159656, 39.73333602)
27881848,1.12567945643485,0.076184615384615,c(-7.53140522, 38.12060219)
27881938,0.914228811684001,0.130961538461538,c(-7.744310472, 38.91231073)
27882298,0.764338290521256,0.116667307692308,c(-8.671696186, 42.06407222)
27901954,1.13673663522342,0.082188461538462,c(-7.760376461, 39.05710362)
27902146,0.8288645641988,0.030565384615385,c(-8.241522697, 40.74060181)
27921800,0.790427746420466,0.058617307692308,c(-7.376471987, 37.70594423)
27921848,0.855394733785173,0.089478846153846,c(-7.486914425, 38.12886698)
27921970,0.89805331719161,0.145390384615385,c(-7.776581692, 39.20186454)
27922046,0.541004766322254,0.038123076923077,c(-7.963795322, 39.86889223)
27922096,0.588887678396339,0.117403846153846,c(-8.089911916, 40.30714232)
27922412,0.934644801863334,0.022430769230769,c(-8.945357554, 43.06614317)
27961830,0.902684810592129,0.163384615384615,c(-7.400866372, 37.97854304)
27962406,1.09476019094253,0.030719230769231,c(-8.880337636, 43.02295198)
27981972,1.11491874874247,0.187586538461538,c(-7.713670721, 39.23202797)
27982170,0.976320246767375,0.162088461538462,c(-8.211525863, 40.96790225)
27982368,0.712897210561044,0.195592307692308,c(-8.748552828, 42.69653039)
28001832,1.17821991920996,0.074048076923077,c(-7.361045307, 38.00436825)
28002400,1.23193539984371,0.077163461538462,c(-8.815422826, 42.97971315)
28022110,0.697807066621273,0.192248076923077,c(-8.010723245, 40.45120013)
28022146,1.02658893606235,0.028861538461538,c(-8.102979965, 40.76648479)
28022250,1.04944542678026,0.042923076923077,c(-8.376746755, 41.6759665)
28022380,1.0406639894482,0.085828846153846,c(-8.7348188, 42.81000969)
28042122,0.726385809312639,0.098,c(-8.018305845, 40.56059987)
28082380,0.977040234602024,0.133065384615385,c(-8.663349068, 42.82338984)
28082404,0.92142528594646,0.184725,c(-8.731238933, 43.03246402)
28101854,0.995507866792683,0.135240384615385,c(-7.300388487, 38.21867155)
28102060,0.558891408722299,0.116411538461538,c(-7.793248633, 40.02982153)
28102114,0.987920175767929,0.134348076923077,c(-7.928871831, 40.50330277)
28102420,0.796146274533198,0.032903846153846,c(-8.752898803, 43.1762671)
28122020,0.60284142113466,0.274469230769231,c(-7.671810213, 39.68293879)
28142050,0.497066705145119,0.253661538461538,c(-7.722771242, 39.95049214)
28142338,0.627854395711122,0.009961538461538,c(-8.474975549, 42.47048879)
28162332,0.858080003491696,0.118788461538461,c(-8.434749495, 42.42253976)
28181964,0.806165825699631,0.122271153846154,c(-7.468486588, 39.20333372)
28182048,0.8898833963232,0.092751923076923,c(-7.672168018, 39.94132617)
28201948,1.03340380549683,0.090384615384615,c(-7.407858387, 39.06673816)
28202116,1.20545968138516,0.159221153846154,c(-7.818808675, 40.54203908)
28202196,0.740125882804882,0.153975,c(-8.023889996, 41.24276057)
28222270,0.710637728181947,0.023215384615385,c(-8.19578408, 41.89422623)
28222378,0.681679309986491,0.0377,c(-8.490892704, 42.83697702)
28241938,0.878907676138145,0.165646153846154,c(-7.339146943, 38.98697265)
28242042,0.82737454993969,0.151823076923077,c(-7.588942545, 39.90118363)
28262056,0.631627057147232,0.259032692307692,c(-7.600453995, 40.0282755)
28262080,0.567145968742678,0.113561538461538,c(-7.659742483, 40.23892377)
28262098,0.464669421487603,0.106461538461538,c(-7.704563866, 40.39684159)
28262354,0.714792691065265,0.060580769230769,c(-8.376691089, 42.63643594)
28281952,1.16803135703399,0.004517307692308,c(-7.327065208, 39.11836279)
28282042,0.859451743233008,0.118955769230769,c(-7.543287973, 39.90950945)
28282136,0.529963803008667,0.073446153846154,c(-7.777096453, 40.73425467)
28282190,0.742987456755682,0.095590384615385,c(-7.915247279, 41.20732272)
28282334,0.683995733805566,0.044365384615385,c(-8.298033609, 42.46625999)
28301756,1.00488767964577,0.093167307692308,c(-6.858424314, 37.39430662)
28302282,0.761555275882626,0.187084615384615,c(-8.133780206, 42.01639763)
28322234,1.48784062285322,0.160192307692308,c(-7.983146225, 41.60096343)
28322424,0.872406295505775,0.035942307692308,c(-8.500435638, 43.26003306)
28342404,0.685908063300678,0.037925,c(-8.420203055, 43.09010229)
28362148,0.75462539265024,0.115355769230769,c(-7.714967797, 40.85629928)
28362220,0.981795084425781,0.128046153846154,c(-7.899791819, 41.48698393)
28362360,0.975112197224413,0.080859615384615,c(-8.274261006, 42.71064701)
28362378,0.743795074846973,0.048057692307692,c(-8.323911903, 42.8677188)
28362414,0.681058929595935,0.061461538461538,c(-8.42427799, 43.18168656)
28382100,0.561713764813127,0.208894230769231,c(-7.571541371, 40.4394979)
28382160,0.747781432503189,0.083261538461538,c(-7.722229895, 40.96569098)
28382268,0.705591762966209,0.08705,c(-8.002371094, 41.91121174)
28402054,1.14273188028322,0.139828846153846,c(-7.435441499, 40.03978223)
28402306,0.620040080160321,0.040384615384615,c(-8.080119232, 42.24770771)
28402378,0.569205743773839,0.040030769230769,c(-8.276175142, 42.87645195)
28421754,1.21344512723125,0.033936538461538,c(-6.721746631, 37.40037811)
28422424,1.36880222841226,0.116307692307692,c(-8.380353098, 43.28205369)
28441774,0.846963111556893,0.1027,c(-6.743347982, 37.58107022)
28442408,0.654437248380886,0.033184615384615,c(-8.311575272, 43.14690911)
28482206,0.664804078149955,0.121019230769231,c(-7.723445629, 41.38981111)
28482326,0.772280508006626,0.0945,c(-8.039181389, 42.43969812)
28482368,0.893336937659687,0.117869230769231,c(-8.153230881, 42.80655165)
28501736,1.0180492861342,0.074244230769231,c(-6.59463209, 37.25693209)
28502024,1.17849831721533,0.169188461538462,c(-7.248743873, 39.79667943)
28502212,1.0079771869434,0.166469230769231,c(-7.715523427, 41.44658272)
28502280,0.885132398723624,0.010419230769231,c(-7.892831414, 42.04180912)
28522106,0.741432384483833,0.037430769230769,c(-7.425186888, 40.5212293)
28542018,1.11182677056755,0.27495,c(-7.188806116, 39.75207571)
28542144,0.532703858806094,0.143567307692308,c(-7.496487261, 40.85885734)
28542192,1.01368249263727,0.179861538461538,c(-7.617644148, 41.27974826)
28542210,0.863021470142319,0.213576923076923,c(-7.663657682, 41.43747713)
28542318,1.00833128100482,0.125446153846154,c(-7.94658216, 42.38264415)
28562290,1.09621061029119,0.074338461538462,c(-7.848472302, 42.14205449)
28582198,0.796436839804922,0.111203846153846,c(-7.586287699, 41.34070601)
28582414,1.08289738430583,0.044230769230769,c(-8.160282865, 43.22973941)
28601668,1.16170787450655,0.0374,c(-6.340807857, 36.67438127)
28602222,1.30024523674778,0.20485,c(-7.624298224, 41.55520217)
28602250,0.869224227374007,0.095492307692308,c(-7.696589842, 41.80044333)
28602334,0.937570295046606,0.026425,c(-7.918251953, 42.53533642)
28622188,0.820527109723402,0.124178846153846,c(-7.514255471, 41.26139044)
28622242,0.929654737505912,0.219323076923077,c(-7.652383136, 41.73459301)
28642186,0.920635006102376,0.142830769230769,c(-7.485892281, 41.24801479)
28642250,1.1299794049454,0.109196153846154,c(-7.649593597, 41.80885799)
28661678,0.891798087591787,0.074465384615385,c(-6.296082763, 36.77450182)
28661894,1.35221762270846,0.1545,c(-6.765229741, 38.68398208)
28662074,0.706838154287617,0.249403846153846,c(-7.185955982, 40.26888581)
28662146,0.919589926454201,0.137115384615385,c(-7.362426783, 40.90124972)
28662272,1.56817433364207,0.103046153846154,c(-7.683239196, 42.00569604)
28681916,1.40623632089492,0.074775,c(-6.792622865, 38.88197385)
28682284,0.858256378149945,0.017076923076923,c(-7.691005962, 42.11495355)
28721676,1.2643382990557,0.035309615384615,c(-6.226268618, 36.76826601)
28721752,0.911934329614818,0.0498,c(-6.386409578, 37.44122982)
28721932,1.45566218559428,0.116082692307692,c(-6.783998842, 39.03098603)
28722000,0.885104225571827,0.211030769230769,c(-6.941258418, 39.63007069)
28722138,1.01447166137132,0.249461538461539,c(-7.273082493, 40.84336641)
28722166,0.629796662871693,0.214548076923077,c(-7.342565209, 41.08913568)
28722202,0.752071429675465,0.253488461538461,c(-7.433006097, 41.4049234)
28722216,0.603356687027966,0.014596153846154,c(-7.468518101, 41.52766857)
28722300,0.859264094291416,0.071944230769231,c(-7.685689173, 42.26342012)
28742296,0.767654586255958,0.072773076923077,c(-7.651527299, 42.23262181)
28742340,1.37700348432056,0.116923076923077,c(-7.767835052, 42.61758521)
28742448,0.796212528034874,0.025938461538462,c(-8.062026983, 43.56105831)
28761906,1.05376282494061,0.086815384615385,c(-6.679916707, 38.80960861)
28762162,1.15919395465995,0.236538461538462,c(-7.286104566, 41.06226224)
28762194,1.12393951065932,0.081338461538462,c(-7.366115775, 41.34303938)
28762288,0.90222106640444,0.053469230769231,c(-7.606958963, 42.1667904)
28762374,0.610354170889077,0.022690384615385,c(-7.835185497, 42.91908519)
28782280,0.527055429631156,0.0294,c(-7.562503624, 42.100931)
28782298,0.747126904984784,0.018011538461538,c(-7.609432384, 42.2585327)
28782334,0.979419703243688,0.071628846153846,c(-7.704288061, 42.57356682)
28801616,1.08247382454315,0.053723076923077,c(-6.015987689, 36.25135201)
28802092,1.15777610230399,0.214407692307692,c(-7.068386658, 40.45555349)
28802416,0.72945189180614,0.030230769230769,c(-7.901381561, 43.29458066)
28822118,1.11621619195519,0.143069230769231,c(-7.108326512, 40.68811571)
28822226,0.786172428154935,0.0396,c(-7.376778635, 41.63607008)
28822460,0.743940588439343,0.024276923076923,c(-7.998696078, 43.68302514)
28862140,1.17038938810441,0.101153846153846,c(-7.115728921, 40.88952602)
28862294,0.670959924917472,0.112771153846154,c(-7.504314867, 42.2402476)
28882296,0.467759852962931,0.050998076923077,c(-7.485837328, 42.26193318)
28882332,0.798467966573816,0.116307692307692,c(-7.580042734, 42.57710793)
28901658,1.61313089864588,0.0252,c(-5.992368545, 36.64281418)
28901850,0.840979381443299,0.092676923076923,c(-6.398400661, 38.34255565)
28902202,1.07559182473166,0.162953846153846,c(-7.222622029, 41.44202201)
28902396,0.727832473824035,0.04015,c(-7.726847656, 43.14110222)
28921890,0.714342709803381,0.275053846153846,c(-6.464186566, 38.69974729)
28941694,1.32079320066128,0.076380769230769,c(-6.022445377, 36.96957192)
28941888,1.12961753731343,0.076430769230769,c(-6.437274992, 38.68597704)
28942306,0.854988338947914,0.03525,c(-7.440723215, 42.36200421)
28942378,0.725031083702193,0.033317307692308,c(-7.630526801, 42.99215988)
28962222,1.10932368494295,0.136298076923077,c(-7.2024936, 41.62979351)
28962240,0.80500065562579,0.076044230769231,c(-7.247870435, 41.78768818)
28962348,0.447099377619383,0.110734615384615,c(-7.526929234, 42.73388883)
29002384,0.427957353476674,0.091638461538462,c(-7.57465414, 43.05724983)
29002406,0.365488266289083,0.005823076923077,c(-7.633657985, 43.24964473)
29021660,1.52859724799383,0.042376923076923,c(-5.865255503, 36.68305592)
29021666,1.35190742624618,0.032123076923077,c(-5.877434135, 36.73628946)
29041888,1.0289043158505,0.127678846153846,c(-6.324876952, 38.70534404)
29042132,1.06358022966668,0.174053846153846,c(-6.887533901, 40.85558051)
29042168,0.8209355178189,0.060742307692308,c(-6.975055937, 41.17196535)
29042356,0.578854746019681,0.043611538461538,c(-7.452511062, 42.82060669)
29042420,0.700438726917954,0.055834615384615,c(-7.623265414, 43.38047049)
29061990,1.09391683312148,0.152769230769231,c(-6.531026492, 39.60937688)
29081716,1.50664077208141,0.029596153846154,c(-5.913899227, 37.19093008)
29082220,0.973870743571925,0.100625,c(-7.056708756, 41.636707)
29082288,0.699659483550051,0.078323076923077,c(-7.228393409, 42.23321012)
29082342,0.636836015268014,0.054332692307692,c(-7.368023646, 42.70634398)
29082382,0.617426231394412,0.080740384615385,c(-7.473387089, 43.05649378)
29082418,0.758192919387314,0.056361538461538,c(-7.569654223, 43.37139568)
29102206,1.28751111901797,0.135230769230769,c(-6.998495697, 41.51784815)
29102326,0.678334707080761,0.010753846153846,c(-7.302535454, 42.57033853)
29122076,1.09815170295618,0.123413461538462,c(-6.661643553, 40.37884915)
29122112,0.94562018220042,0.108125,c(-6.74687852, 40.69567099)
29122288,0.85286512286591,0.046725,c(-7.181021443, 42.24141281)
29122342,0.432588696979627,0.037561538461538,c(-7.3203035, 42.71462237)
29142114,0.900269771644003,0.088973076923077,c(-6.728497886, 40.71724237)
29142438,0.427781475031582,0.034857692307692,c(-7.551197859, 43.55886276)
29161684,0.881242604483852,0.024876923076923,c(-5.760540073, 36.92206541)
29161738,1.023914998022,0.037488461538462,c(-5.871087707, 37.40091942)
29162278,1.00479300357772,0.11955,c(-7.108231422, 42.1618939)
29181908,1.13279653454769,0.081926923076923,c(-6.211235434, 38.9089554)
29182100,1.40462737699221,0.225346153846154,c(-6.649004014, 40.60197479)
29182186,0.780790161848894,0.238130769230769,c(-6.855703558, 41.35827993)
29182358,0.713671944670142,0.029596153846154,c(-7.290385551, 42.86714733)
29201666,1.30066711404097,0.025653846153846,c(-5.68036453, 36.76972938)
29201738,0.755778368018537,0.063832692307692,c(-5.826902789, 37.40839424)
29221704,0.932853949574307,0.063969230769231,c(-5.735218825, 37.11062615)
29222204,0.470439314966493,0.096057692307692,c(-6.852970121, 41.52445163)
29222276,0.969588913443988,0.100226923076923,c(-7.03218093, 42.15655632)
29222392,0.544803212575134,0.105438461538462,c(-7.331767882, 43.17311481)
29242344,0.650561233710166,0.042288461538462,c(-7.182249589, 42.75684848)
29261662,1.28296607664773,0.063046153846154,c(-5.606641389, 36.74526991)
29261832,1.1490860670621,0.046807692307692,c(-5.957074641, 38.25218456)
29262270,1.10871231685106,0.080325,c(-6.969757339, 42.1120145)
29262306,0.679961183891315,0.207307692307692,c(-7.06082529, 42.427826)
29262342,0.669004906669436,0.037025,c(-7.153191141, 42.74342044)
29281750,1.30070321455562,0.015236538461538,c(-5.763180488, 37.52966525)
29281840,1.21105665555773,0.019038461538462,c(-5.951734048, 38.32674739)
29282088,0.907715294249481,0.176261538461538,c(-6.505275509, 40.51600911)
29301690,0.858181871959065,0.089744230769231,c(-5.61891898, 37.00118306)
29302338,0.571552880588813,0.198648076923077,c(-7.095117011, 42.71653714)
29322312,0.414228718945921,0.082246153846154,c(-7.00475849, 42.49263551)
29322442,0.482345568522083,0.018017307692308,c(-7.344123942, 43.63140426)
29342128,1.20386717715331,0.121501923076923,c(-6.529879053, 40.87995431)
29342200,0.951977725002047,0.060692307692308,c(-6.702561032, 41.51326139)
29342206,1.24551330688127,0.072342307692308,c(-6.71716932, 41.56599797)
29342332,1.70344827586207,0.219230769230769,c(-7.03197634, 42.67208198)
29361718,1.11758753870216,0.036030769230769,c(-5.609413709, 37.26068314)
29361938,0.899087809822169,0.206896153846154,c(-6.073698898, 39.20837036)
29381732,1.08016568424407,0.05845,c(-5.615753914, 37.38855887)
29382110,1.31138296090184,0.058680769230769,c(-6.441116348, 40.72931592)
29382188,0.829261849188276,0.187626923076923,c(-6.626633207, 41.41569461)
29382218,1.02266572407417,0.115913461538462,c(-6.699487839, 41.67941715)
29401708,1.23298300938513,0.004767307692308,c(-5.545124698, 37.17929393)
29402144,0.970277140656956,0.071007692307692,c(-6.498023298, 41.03255646)
29402258,0.642085544801748,0.076057692307692,c(-6.774328411, 42.03481527)
29402410,0.459180956004239,0.080025,c(-7.162459091, 43.36781151)
29422254,0.513695565176265,0.154246153846154,c(-6.740804055, 42.00367699)
29461660,0.851803724549541,0.185446153846154,c(-5.383591187, 36.76399804)
29461732,0.924319221495412,0.022188461538462,c(-5.527350292, 37.40324832)
29462254,0.467150635208711,0.152307692307692,c(-6.693554521, 42.01164484)
29482076,0.490952449775979,0.148430769230769,c(-6.246603616, 40.44916511)
29482396,0.273450054833217,0.098665384615385,c(-7.029371581, 43.26152295)
29482428,0.67748451814112,0.054103846153846,c(-7.113207482, 43.54183166)
29502304,0.943009941242415,0.118280769230769,c(-6.770408998, 42.45870065)
29521732,1.1447837189992,0.018015384615385,c(-5.461026443, 37.41421136)
29521930,1.01804462995666,0.041692307692308,c(-5.87495363, 39.16792909)
29541836,0.859763087333871,0.140059615384615,c(-5.652257316, 38.33988267)
29541908,1.05934151744787,0.108498076923077,c(-5.804846388, 38.97714068)
29542262,0.87925710449765,0.1062,c(-6.618666971, 42.09780997)
29542352,0.408988764044944,0.021,c(-6.843972194, 42.887917)
29562218,1.13331203067583,0.06115,c(-6.487854372, 41.71498243)
29581942,1.10805795214065,0.054923076923077,c(-5.832948596, 39.28527693)
29582204,0.813740458015267,0.118269230769231,c(-6.430661544, 41.59576262)
29582266,0.608241132814279,0.155269230769231,c(-6.581153205, 42.14087135)
29582312,1.03949002942138,0.117596153846154,c(-6.695193054, 42.54490141)
29621748,1.15376687704722,0.037153846153846,c(-5.382567622, 37.57438479)
29621878,1.12630163993189,0.055776923076923,c(-5.650701857, 38.72657321)
29622346,0.809041923695493,0.112765384615385,c(-6.732931427, 42.85131405)
29642098,1.04298998150303,0.080930769230769,c(-6.112117774, 40.67385538)
29661672,1.23425417924181,0.044844230769231,c(-5.187727211, 36.90664205)
29661762,0.972524510761298,0.015346153846154,c(-5.366421505, 37.70586743)
29662386,0.885703735671311,0.166713461538462,c(-6.786725618, 43.21023417)
29681740,0.983391565007425,0.023573076923077,c(-5.300047391, 37.51424028)
29682168,1.47695253797735,0.104223076923077,c(-6.228033459, 41.29833581)
29701724,1.09129593810445,0.030625,c(-5.246042532, 37.37578642)
29701918,0.844345906983336,0.050211538461538,c(-5.645289484, 39.09538267)
29701972,1.2643382990557,0.035309615384615,c(-5.761655838, 39.57292089)
29702110,1.00837144227196,0.073590384615385,c(-6.070077803, 40.79112312)
29702138,1.37180168466278,0.149567307692308,c(-6.134666333, 41.03791552)
29702264,0.470405121978143,0.128942307692308,c(-6.434138056, 42.14690774)
29702300,1.13708439897698,0.248076923076923,c(-6.522442765, 42.4632909)
29721970,1.03884623691806,0.020596153846154,c(-5.73450943, 39.55897477)
29722178,1.08216216216216,0.110576923076923,c(-6.204733215, 41.39411491)
29722312,1.1458472808847,0.122169230769231,c(-6.528307689, 42.57265318)
29741732,0.822493259725254,0.041353846153846,c(-5.217685116, 37.4540125)
29742308,1.16898667698601,0.130336538461539,c(-6.494561649, 42.54145434)
29761754,1.03146322493852,0.085134615384615,c(-5.239352241, 37.65292859)
29761880,1.27404232698761,0.073876923076923,c(-5.49718734, 38.77007189)
29761960,0.94475487612019,0.0515,c(-5.667289483, 39.4780049)
29762042,0.722610639538651,0.050276923076923,c(-5.847051383, 40.20254746)
29801730,1.13963543874523,0.0564,c(-5.147323961, 37.44699575)
29821720,1.00944778853703,0.059446153846154,c(-5.105491555, 37.36173444)
29822380,0.53143596377749,0.048615384615385,c(-6.578738779, 43.18949591)
29842170,0.960692570176793,0.178311538461538,c(-6.04551611, 41.34667503)
29862388,0.742244931597165,0.066615384615385,c(-6.550769133, 43.26763067)
29901692,1.19558808241678,0.075057692307692,c(-4.96256813, 37.1270662)
29901728,1.21730789738967,0.044255769230769,c(-5.032708362, 37.44702882)
29902060,0.871113670872821,0.081778846153846,c(-5.725747452, 40.38772144)
29902262,0.934691976243158,0.174326923076923,c(-6.192278414, 42.16821794)
29921750,1.20043475334281,0.028626923076923,c(-5.053832046, 37.64601061)
29921768,1.06398726621568,0.057625,c(-5.08949015, 37.80585444)
29922134,1.62495868469003,0.092346153846154,c(-5.869130613, 41.04451691)
29922218,0.960706432105553,0.104492307692308,c(-6.063946057, 41.78477209)
29922282,0.684506234223208,0.195507692307692,c(-6.216718577, 42.34802254)
29941704,1.11857763023493,0.036061538461538,c(-4.941694374, 37.24080186)
29941866,1.03630519370665,0.090615384615385,c(-5.265329746, 38.67878985)
29941888,1.16346219637359,0.100615384615385,c(-5.310800011, 38.8737391)
29942046,0.96122582047381,0.0798,c(-5.648653659, 40.27152011)
29942222,0.905784334333378,0.194907692307692,c(-6.049794621, 41.82382157)
29942392,0.777248677248677,0.069538461538462,c(-6.464333047, 43.31853154)
29962070,0.671141635350525,0.050215384615385,c(-5.678649537, 40.48721619)
29962260,1.36644074006228,0.055173076923077,c(-6.116347503, 42.16217667)
29962314,0.74961616102082,0.216919230769231,c(-6.246783342, 42.63717319)
29981914,1.29525547445256,0.1232,c(-5.31970175, 39.111298)
29982076,1.0853114416139,0.164184615384615,c(-5.668847234, 40.54392297)
29982144,1.13077536314411,0.071278846153846,c(-5.821956148, 41.14401898)
29982166,1.21483580596766,0.134759615384615,c(-5.872357382, 41.33801016)
29982246,1.24119624252102,0.024509615384615,c(-6.059310471, 42.04278576)
30001684,1.20357534891015,0.018923076923077,c(-4.836980239, 37.07348634)
30002386,0.885017460229477,0.132644230769231,c(-6.376825822, 43.27762902)
30002398,0.753735098791404,0.067576923076923,c(-6.406963205, 43.38300125)
30022058,0.925707973403648,0.091257692307692,c(-5.582806599, 40.39236333)
30022410,0.742244931597165,0.066615384615385,c(-6.413026557, 43.49228063)
30041718,1.10372085331569,0.069692307692308,c(-4.858307247, 37.38283422)
30042042,0.605208230582572,0.025211538461538,c(-5.524653866, 40.25468063)
30042190,1.0225510746801,0.200925,c(-5.857342746, 41.56090369)
30042214,1.50756302521008,0.048,c(-5.913110217, 41.77239714)
30042222,1.02123817782496,0.050838461538462,c(-5.931815677, 41.84287479)
30042244,1.20319289563773,0.092215384615385,c(-5.983558394, 42.03663636)
30042340,0.873752318042151,0.147573076923077,c(-6.214657861, 42.88125119)
30061648,1.09532840608005,0.117415384615385,c(-4.702619736, 36.76357878)
30061684,1.1064006594109,0.085430769230769,c(-4.770881688, 37.08395619)
30062134,1.04617454954198,0.141151923076923,c(-5.70589643, 41.0708043)
30081844,1.74899602778034,0.084023076923077,c(-5.062960524, 38.50882635)
30081890,1.11424820319469,0.085984615384615,c(-5.156772296, 38.9167019)
30082100,1.22284380576803,0.054936538461538,c(-5.6063322, 40.7744237)
30082276,1.48493205203678,0.072253846153846,c(-6.012063469, 42.32598746)
30102056,1.08080133555926,0.078461538461538,c(-5.486049428, 40.38945001)
30102228,1.17164319096324,0.052757692307692,c(-5.875007187, 41.90710331)
30102368,0.79218421343961,0.0967,c(-6.211477251, 43.13897712)
30121708,1.1785098726313,0.042905769230769,c(-4.750583582, 37.3078822)
30121722,0.943991405330741,0.02265,c(-4.777497205, 37.43238126)
30121830,1.00442623019585,0.083088461538462,c(-4.989852372, 38.39172098)
30121844,1.65086884930751,0.079684615384615,c(-5.018007412, 38.51594051)
30121906,1.31639548161701,0.093957692307692,c(-5.144477787, 39.06567433)
30122154,1.16840934371524,0.101,c(-5.681091436, 41.25846532)
30122158,1.08021582733813,0.1104,c(-5.69017135, 41.29375318)
30122270,0.893158725042832,0.093061538461538,c(-5.950237854, 42.2807952)
30122294,1.35767918088737,0.084375,c(-6.007467332, 42.49204907)
30122298,1.30756073820466,0.205765384615385,c(-6.017058368, 42.52724931)
30142056,0.996293137074202,0.102703846153846,c(-5.43985703, 40.39679549)
30142062,1.48943168865006,0.07885,c(-5.452959513, 40.44982262)
30142106,1.24652897100243,0.131492307692308,c(-5.549970883, 40.83851464)
30142232,1.44444444444444,0.102163461538462,c(-5.837076123, 41.94990418)
30161670,1.24717762639921,0.101138461538462,c(-4.634212417, 36.9767017)
30161748,1.10932884166883,0.050092307692308,c(-4.783417826, 37.67049818)
30161760,0.856887530314491,0.013546153846154,c(-4.806754607, 37.7771473)
30162054,0.669312022787514,0.027807692307692,c(-5.412402567, 40.38278194)
30162184,1.30033090784611,0.123623076923077,c(-5.702547087, 41.53055344)
30162192,1.10328947368421,0.064615384615385,c(-5.720883326, 41.60109898)
30162292,0.944527493801738,0.157642307692308,c(-5.954993137, 42.48207605)
30182092,1.2946801950782,0.142355769230769,c(-5.472504858, 40.72223981)
30182196,1.29104067098232,0.080567307692308,c(-5.706536888, 41.64011241)
30182326,0.564511556044026,0.034138461538462,c(-6.012754557, 42.78508164)
30202134,1.22711806852525,0.093876923076923,c(-5.54254231, 41.0968236)
30202184,1.17442437183899,0.095803846153846,c(-5.655548666, 41.53802175)
30202248,1.34240252902047,0.048582692307692,c(-5.803444645, 42.10218705)
30202274,1.06957094691101,0.077709615384615,c(-5.864594962, 42.33119743)
30202338,0.495523775271455,0.048219230769231,c(-6.017819505, 42.89446897)
30221758,1.37222591588673,0.097553846153846,c(-4.736115532, 37.7698361)
30222150,1.29055638975691,0.052269230769231,c(-5.555070352, 41.24175439)
30222222,1.37257359610786,0.067153846153846,c(-5.71929119, 41.87682137)
30241684,1.12451950705574,0.036246153846154,c(-4.572484304, 37.11508834)
30242074,1.1258638792319,0.175788461538462,c(-5.363460085, 40.57418218)
30242188,1.1579224658273,0.072865384615385,c(-5.617650544, 41.58075196)
30242206,1.2725515793839,0.091113461538462,c(-5.658823079, 41.7394991)
30242218,1.25118159142668,0.024701923076923,c(-5.686432567, 41.8453026)
30242236,0.874369543130436,0.068746153846154,c(-5.728090546, 42.003966)
30242254,1.45081299031424,0.122423076923077,c(-5.770043509, 42.16257923)
30261988,1.43291281423674,0.082330769230769,c(-5.156026683, 39.81709114)
30262168,1.46848383210903,0.022992307692308,c(-5.548783095, 41.40801221)
30262190,1.18748787776832,0.028326923076923,c(-5.59868403, 41.60211158)
30262322,0.776324708605439,0.069461538461538,c(-5.907288142, 42.76513552)
30282120,1.53742873856099,0.030182692307692,c(-5.418065808, 40.98793186)
30282128,1.5758160353741,0.043628846153846,c(-5.435803982, 41.05858669)
30282174,0.777570093457944,0.144,c(-5.538871332, 41.46465899)
30282318,0.838297359426254,0.106546153846154,c(-5.873753032, 42.7337263)
30282408,0.804544044252573,0.132253846153846,c(-6.092953564, 43.52527293)
30301704,1.14973093729364,0.041901923076923,c(-4.543990157, 37.30339101)
30302096,1.54188049286755,0.129115384615385,c(-5.341940473, 40.77955797)
30302136,1.12705262221243,0.092296153846154,c(-5.430235127, 41.132906)
30302158,1.4402028606905,0.045953846153846,c(-5.479382302, 41.32714153)
30302208,1.37156238662225,0.067107692307692,c(-5.592655093, 41.76830727)
30302240,1.28608285125341,0.074523076923077,c(-5.666318532, 42.05045074)
30302248,1.37528682837207,0.016096153846154,c(-5.684879206, 42.12096195)
30302258,1.0532199018701,0.166332692307692,c(-5.70816223, 42.2090871)
30302302,1.24801864801865,0.066925,c(-5.811704365, 42.59665505)
30303360,0.725435115566695,0.116061538461538,c(-8.972296895, 51.82516449)
30321738,0.778603006189213,0.0952,c(-4.586466301, 37.60931694)
30321828,1.36731674512441,0.084923076923077,c(-4.761402402, 38.4091416)
30322080,1.1131243314408,0.065153846153846,c(-5.283810495, 40.64178448)
30322206,1.39464917661492,0.021861538461538,c(-5.564496167, 41.75437996)
30322260,1.15521888675657,0.117167307692308,c(-5.689069949, 42.23045615)
30322278,1.41272482911878,0.132888461538462,c(-5.731185315, 42.3890486)
30322350,0.873556384582347,0.086561538461538,c(-5.902677458, 43.02292151)
30342192,1.14976184507395,0.018092307692308,c(-5.509083343, 41.63457718)
30342270,1.45229260995579,0.136103846153846,c(-5.688635336, 42.32231585)
30362098,0.900382180138041,0.157163461538462,c(-5.27657614, 40.80815328)
30362124,1.75857605177993,0.034375,c(-5.333615271, 41.03789638)
30362232,1.39409378033063,0.033092307692308,c(-5.576801225, 41.99109747)
30362254,1.20605333927134,0.214101923076923,c(-5.62760925, 42.18504831)
30381762,1.02201546735759,0.020269230769231,c(-4.565725811, 37.83307514)
30381978,1.21451812395042,0.087321153846154,c(-4.997674166, 39.74999876)
30382104,1.13104963239764,0.051023076923077,c(-5.266416142, 40.86481354)
30382238,0.796414561784784,0.146976923076923,c(-5.566918349, 42.04771574)
30382396,1.02215212350373,0.079442307692308,c(-5.942183932, 43.43895035)
30401728,1.04396082698585,0.081,c(-4.478656852, 37.53407708)
30402208,1.29182127495667,0.041415384615385,c(-5.474670424, 41.78681756)
30402322,1.04962620149519,0.135692307692308,c(-5.739519467, 42.79159645)
30421688,1.26560937465583,0.126942307692308,c(-4.381383817, 37.18142495)
30422170,1.34214161902052,0.108007692307692,c(-5.365503715, 41.45511185)
30422224,1.19351251899848,0.038384615384615,c(-5.487473825, 41.93165423)
30422296,1.38326195927168,0.104573076923077,c(-5.654171058, 42.56635162)
30441754,1.06162994677846,0.029817307692308,c(-4.483612143, 37.77221911)
30442082,1.21620845033632,0.116557692307692,c(-5.148926307, 40.68116933)
30442186,1.25224730424267,0.084030769230769,c(-5.377838849, 41.60002245)
30442240,0.692187066883143,0.028730769230769,c(-5.500400398, 42.07646614)
30462008,1.48007254590796,0.1178,c(-4.968548611, 40.02991034)
30462138,1.22965819434148,0.099859615384615,c(-5.247653476, 41.17977448)
30462170,1.40851756599486,0.125878846153846,c(-5.318529645, 41.46241948)
30462200,0.811992561664503,0.123046153846154,c(-5.385782163, 41.72725702)
30462264,1.34019598463249,0.095494230769231,c(-5.5319199, 42.2917855)
30481762,1.1746192893401,0.052884615384615,c(-4.454317182, 37.85021042)
30482108,1.27822865070081,0.115580769230769,c(-5.158704037, 40.91826065)
30482208,1.27094423840625,0.062492307692308,c(-5.380237587, 41.80152595)
30501774,0.899120234604106,0.1134,c(-4.454926757, 37.96035048)
30502124,1.32230551390971,0.076461538461538,c(-5.170226062, 41.06329825)
30502182,1.31648051274801,0.020661538461538,c(-5.298276241, 41.57567113)
30502200,1.12997185662044,0.087092307692308,c(-5.338607101, 41.73457918)
30502218,1.27770369864217,0.014971153846154,c(-5.379222622, 41.89343799)
30502250,1.35007872362759,0.083942307692308,c(-5.452139345, 42.17573226)
30502272,1.2764742759226,0.079730769230769,c(-5.502804551, 42.3697196)
30502304,1.46945912972753,0.077875,c(-5.577289522, 42.65175234)
30502308,1.37460291593887,0.244734615384615,c(-5.586666674, 42.68699556)
30521680,1.33959705214784,0.107825,c(-4.256182412, 37.12705438)
30521698,1.1458472808847,0.122169230769231,c(-4.289494645, 37.28738541)
30521788,0.64228017158236,0.162546153846154,c(-4.459407632, 38.08825784)
30522156,0.996356538711776,0.113269230769231,c(-5.217066407, 41.34967625)
30522202,1.24672800812157,0.045276923076923,c(-5.319508166, 41.75588658)
30522306,1.27733424800132,0.035659615384615,c(-5.558038606, 42.67309333)
30541738,0.98086078384227,0.040230769230769,c(-4.342089897, 37.64687796)
30542182,1.26733652713234,0.035390384615385,c(-5.251206361, 41.58294916)
30542362,0.747641467531314,0.134076923076923,c(-5.666474131, 43.17004767)
30561964,1.36675356892651,0.162778846153846,c(-4.762854995, 39.65770662)
30561996,1.14474747559957,0.088130769230769,c(-4.828677771, 39.9413009)
30562086,0.731112317115042,0.305469230769231,c(-5.018170646, 40.73806394)
30562152,1.10816002680454,0.173503846153846,c(-5.161360305, 41.32156917)
30562176,1.18619449937084,0.058569230769231,c(-5.214344239, 41.53358865)
30562194,0.960520089647688,0.075011538461538,c(-5.254408503, 41.69254596)
30562338,0.878051773903952,0.153865384615385,c(-5.585329692, 42.96244472)
30582118,1.55587879959407,0.204115384615385,c(-5.063800531, 41.02464536)
30582222,1.25684492490194,0.035107692307692,c(-5.293623931, 41.94336505)
30582240,1.24238860689194,0.009657692307692,c(-5.334357484, 42.10220832)
30582258,1.26764275256222,0.14625,c(-5.375380291, 42.2610028)
30601738,1.26243527643227,0.078923076923077,c(-4.275401988, 37.65701291)
30602044,1.10595309888519,0.107123076923077,c(-4.882703063, 40.37347829)
30602080,0.957543409229106,0.089169230769231,c(-4.958888204, 40.69210889)
30602110,1.25247486869108,0.004842307692308,c(-5.023186672, 40.95748338)
30602170,1.10306150424955,0.242453846153846,c(-5.154043721, 41.48782231)
30602224,1.31431237171114,0.031257692307692,c(-5.274457131, 41.96466198)
30602264,1.76807428098787,0.063017307692308,c(-5.365310241, 42.31759352)
30602278,1.37359716704025,0.038244230769231,c(-5.397448624, 42.4410628)
30621700,0.92331425789389,0.067803846153846,c(-4.182579004, 37.3219921)
30621992,1.19402418498048,0.033411538461538,c(-4.751535251, 39.91638711)
30622070,1.02939998752707,0.105755769230769,c(-4.914424643, 40.6071682)
30622096,1.21097183561265,0.110169230769231,c(-4.96981272, 40.83722206)
30622262,1.47885665214991,0.059442307692308,c(-5.336928462, 42.30361585)
30622304,1.19833207462279,0.281926923076923,c(-5.433664245, 42.67397458)
30623360,0.792898661740188,0.146423076923077,c(-8.520785318, 51.89852541)
30641768,1.13448611901551,0.013315384615385,c(-4.287283533, 37.93074496)
30642062,1.1981741201376,0.069784615384615,c(-4.874320258, 40.53989958)
30642134,1.41633340038342,0.063080769230769,c(-5.028374228, 41.17684975)
30642164,0.787572341734533,0.262315384615385,c(-5.093840758, 41.442014)
30642260,1.51913002725174,0.113676923076923,c(-5.308560881, 42.28962949)
30642296,1.30434147359633,0.0418,c(-5.391194112, 42.60712931)
30662054,0.819827631126442,0.077336538461538,c(-4.834314461, 40.47260657)
30662118,1.22119182151803,0.14165,c(-4.97042043, 41.03893819)
30662208,1.03097936096555,0.085098076923077,c(-5.167618223, 41.834295)
30663346,0.971464636896797,0.035636538461538,c(-8.413238204, 51.78639604)
30681774,0.910908851075056,0.066953846153846,c(-4.253954825, 37.99087471)
30682052,0.99538648320518,0.049615384615385,c(-4.806967944, 40.45841997)
30682088,1.31716774374824,0.144471153846154,c(-4.882945248, 40.77708962)
30682206,1.43418948324779,0.051732692307692,c(-5.139530161, 41.82024564)
30682278,1.20717434054384,0.092492307692308,c(-5.302002044, 42.45572194)
30701712,1.31918653437978,0.026009615384615,c(-4.116096403, 37.44224404)
30702094,1.34595992243051,0.0718,c(-4.872432313, 40.83372215)
30702108,1.30903021311033,0.087507692307692,c(-4.902290201, 40.95759161)
30702180,0.699791673781633,0.099046153846154,c(-5.058429385, 41.59416832)
30702274,1.39858626407191,0.118538461538462,c(-5.268999548, 42.42408623)
30702378,0.450528341528439,0.128623076923077,c(-5.511277432, 43.34076231)
30721674,1.10037615982613,0.079769230769231,c(-4.0245189, 37.106931)
30721702,0.94571817409723,0.060317307692308,c(-4.075566102, 37.35647901)
30721738,1.2472843424446,0.055973076923077,c(-4.141975445, 37.67714258)
30721756,1.35199334950661,0.037665384615385,c(-4.175512347, 37.83739715)
30722260,1.40887928697157,0.106303846153846,c(-5.213331301, 42.30419888)
30742058,1.24918302192018,0.101284615384615,c(-4.750048572, 40.52208679)
30742170,1.01822736490516,0.1617,c(-4.989439321, 41.51295442)
30742212,1.14233799671801,0.032011538461538,c(-5.081930866, 41.88404515)
30742224,1.34588770044977,0.031984615384615,c(-5.108637533, 41.99002278)
30761988,0.999791955617198,0.068246153846154,c(-4.582621032, 39.90529585)
30762208,1.39232417384777,0.016292307692308,c(-5.049409977, 41.85230548)
30762262,1.2650200052445,0.090623076923077,c(-5.170221777, 42.32910133)
30781768,1.13847173385934,0.013361538461538,c(-4.131008035, 37.9542453)
30781994,1.2085626911315,0.019,c(-4.57185265, 39.96195465)
30782134,0.851582278481013,0.027692307692308,c(-4.864534144, 41.2017551)
30782188,0.974125150122169,0.071269230769231,c(-4.981726067, 41.67917786)
30782390,0.809957820973465,0.138288461538462,c(-5.442872575, 43.46126133)
30801664,1.33888439773646,0.048461538461538,c(-3.918227795, 37.03094522)
30801772,0.995801747448382,0.015707692307692,c(-4.116147335, 37.99318734)
30801988,1.05963039047556,0.047955769230769,c(-4.536689952, 39.91220698)
30802052,1.15572027579431,0.123092307692308,c(-4.668039205, 40.47943362)
30802190,1.0817787572574,0.078526923076923,c(-4.962520684, 41.70042087)
30802214,1.33172218304287,0.015594230769231,c(-5.015367952, 41.91247668)
30802294,0.858623421172873,0.162444230769231,c(-5.19517191, 42.61871391)
30802312,1.01931695839872,0.094378846153846,c(-5.236417904, 42.77748722)
30802376,1.01630605721099,0.064528846153846,c(-5.385490403, 43.34162902)
30822264,0.766348986310864,0.112153846153846,c(-5.103242302, 42.35759404)
30823370,0.819178082191781,0.124,c(-8.274159418, 52.03011498)
30841686,1.24994016491533,0.061523076923077,c(-3.913686896, 37.23368286)
30842132,1.34214161902052,0.108007692307692,c(-4.790007366, 41.1946521)
30842234,1.31127307967979,0.047509615384615,c(-5.012309505, 42.09629907)
30842244,1.50773085013353,0.023592307692308,c(-5.034585821, 42.18461303)
30842252,1.50008421261208,0.029471153846154,c(-5.052470169, 42.2552536)
30842262,1.45752083491089,0.136526923076923,c(-5.074905119, 42.34354106)
30861660,1.11313290886751,0.035892307692308,c(-3.844920752, 37.00508784)
30861756,1.29132067598581,0.0414,c(-4.019416263, 37.86070877)
30862182,1.04895416825735,0.042903846153846,c(-4.874297406, 41.6403761)
30862278,1.27923871820744,0.115661538461538,c(-5.087097448, 42.48837614)
30881760,1.06917414815141,0.039080769230769,c(-4.004503883, 37.89963949)
30881910,1.36205560315352,0.021361538461538,c(-4.289906784, 39.23364565)
30882130,1.39419218320049,0.080284615384615,c(-4.738914928, 41.18398592)
30882342,0.674717927287923,0.079615384615385,c(-5.209411924, 43.05659795)
30882378,1.04932504734562,0.047511538461538,c(-5.293308639, 43.37393511)
30901972,1.09421748003867,0.140646153846154,c(-4.389724541, 39.78744292)
30901990,1.53291457484454,0.023976923076923,c(-4.425851076, 39.94713126)
30902056,1.16091883575517,0.083790384615385,c(-4.560459329, 40.53223786)
30902196,1.5413450010121,0.011953846153846,c(-4.857586194, 41.77122263)
30902242,1.6389670557665,0.045298076923077,c(-4.958807241, 42.17768568)
30902260,1.64315620030939,0.019171153846154,c(-4.998916951, 42.33665193)
30922090,1.36171871739003,0.078561538461538,c(-4.607853683, 40.83687937)
30922176,0.90906643827236,0.1827,c(-4.79058035, 41.5979299)
30922224,1.21275958545139,0.023961538461538,c(-4.895262893, 42.02222796)
30922248,1.42000064461025,0.045338461538462,c(-4.948348728, 42.23425023)
30922310,1.42955639163531,0.120846153846154,c(-5.087840103, 42.78158485)
30922324,0.969683173002391,0.057238461538462,c(-5.119816183, 42.905099)
30961768,1.18555525343485,0.038138461538462,c(-3.929946372, 37.9840841)
30962066,0.731138145726418,0.040325,c(-4.511496251, 40.63120884)
30962228,1.32849399010134,0.020846153846154,c(-4.856606027, 42.06467096)
30962246,1.51155458581475,0.035780769230769,c(-4.896317877, 42.22370675)
30962290,0.950388866148178,0.0228,c(-4.99458798, 42.61226213)
30962308,1.26003283140466,0.051096153846154,c(-5.035286009, 42.77113547)
30981646,1.58774712217484,0.315388461538462,c(-3.687907414, 36.89964175)
30981728,1.1266470628731,0.022298076923077,c(-3.834475931, 37.63099745)
30981866,1.2790477979657,0.068475,c(-4.091406968, 38.85944697)
30982262,1.38605176500533,0.032907692307692,c(-4.908004257, 42.36859442)
31001666,0.912393793353205,0.033542307692308,c(-3.701177471, 37.08135308)
31001850,1.11332319305955,0.180723076923077,c(-4.038352607, 38.72049429)
31002188,1.01498412267147,0.094015384615385,c(-4.722137372, 41.71811874)
31002206,1.30146738206052,0.005030769230769,c(-4.761113577, 41.87728111)
31002254,1.55991902045901,0.012096153846154,c(-4.866407731, 42.30148321)
31003478,0.178769601930036,0.003605769230769,c(-8.416390912, 53.0054671)
31021708,1.14164468446346,0.198069230769231,c(-3.753944803, 37.45921923)
31021866,1.14781379299328,0.036969230769231,c(-4.04614713, 38.86610978)
31022060,1.07387739922061,0.048569230769231,c(-4.429504473, 40.5883594)
31022078,1.12654023117495,0.1089,c(-4.466534485, 40.74787074)
31022172,1.18009394974762,0.033034615384615,c(-4.66415981, 41.58009869)
31022194,0.865828034282555,0.109661538461538,c(-4.711466198, 41.7746884)
31022252,1.36128088844098,0.026817307692308,c(-4.838158235, 42.28735972)
31022262,1.36972521578106,0.135965384615385,c(-4.860295818, 42.37570195)
31041882,0.759757330637007,0.049038461538462,c(-4.054030473, 39.01169752)
31042188,0.98404372313127,0.076707692307692,c(-4.674908354, 41.72512668)
31062246,1.38519430251107,0.050053846153846,c(-4.777305093, 42.24141317)
31062252,1.62004811547714,0.06475,c(-4.790506101, 42.29443269)
31062270,0.923298814588852,0.137592307692308,c(-4.830297469, 42.45346004)
31063480,1.29466371960846,0.025538461538462,c(-8.336991678, 53.03630996)
31081642,1.60847836554998,0.105415384615385,c(-3.570811818, 36.87999965)
31081962,1.13341649353331,0.087334615384615,c(-4.163569776, 39.72916986)
31082232,1.44980804593993,0.046246153846154,c(-4.722860159, 42.1211968)
31082236,1.25051156888035,0.072611538461538,c(-4.731595768, 42.15655421)
31083442,0.580927597338428,0.065907692307692,c(-8.166351019, 52.7117757)
31101964,1.40972783666474,0.174138461538462,c(-4.144576334, 39.75028722)
31102104,1.34022498098822,0.026413461538462,c(-4.42707114, 40.99196908)
31102202,1.24050021182119,0.019492307692308,c(-4.634111287, 41.85943513)
31102220,1.38034653514278,0.027182692307692,c(-4.673008828, 42.01861403)
31102270,1.42986947211288,0.134284615384615,c(-4.782515955, 42.46053226)
31102306,0.995734059450874,0.1186,c(-4.862714027, 42.77849067)
31103548,0.642604064775568,0.0799,c(-8.538749295, 53.63356837)
31122070,1.24225765200351,0.118757692307692,c(-4.33381061, 40.69409529)
31122088,1.29422307099049,0.162184615384615,c(-4.370703755, 40.85363052)
31122114,1.20784700236142,0.043926923076923,c(-4.424449022, 41.08398651)
31122280,1.32578562204046,0.0708,c(-4.780750476, 42.55240642)
31122298,1.02251160544562,0.187632692307692,c(-4.82080468, 42.71139398)
31122376,0.484939168260688,0.009721153846154,c(-4.997735107, 43.3998048)
31123392,1.05623074307266,0.066894230769231,c(-7.92680793, 52.28727705)
31141652,1.38531871458801,0.278411538461538,c(-3.522155397, 36.97886558)
31141720,1.06983242733276,0.143884615384615,c(-3.642179272, 37.58562888)
31141750,1.30234681958161,0.0583,c(-3.696095171, 37.85308975)
31141756,0.892922504265109,0.03285,c(-3.706950383, 37.90656522)
31141966,1.62780481474272,0.051630769230769,c(-4.102635249, 39.77475013)
31142216,1.29361672050857,0.074926923076923,c(-4.616906257, 41.9902302)
31142218,1.08162929921352,0.017038461538462,c(-4.621225314, 42.00791737)
31142272,1.40733944954128,0.056730769230769,c(-4.739136619, 42.4852536)
31142296,0.762328061293069,0.141576923076923,c(-4.792355974, 42.69726878)
31161704,1.34804905495191,0.160909615384615,c(-3.591478009, 37.44613693)
31161740,1.48220571613112,0.047230769230769,c(-3.655768235, 37.76718005)
31161848,1.23892508313094,0.077567307692308,c(-3.853874237, 38.72911314)
31162082,1.29299513733736,0.063507692307692,c(-4.311793702, 40.80727754)
31162160,0.63270723469811,0.026326923076923,c(-4.473798356, 41.49820652)
31162208,1.10620602734481,0.035676923076923,c(-4.575969038, 41.92295527)
31162316,1.05463780220772,0.148096153846154,c(-4.813040838, 42.87742952)
31163396,0.953173340123496,0.093711538461538,c(-7.88404535, 52.33074445)
31163428,1.08296521505857,0.053746153846154,c(-7.9998672, 52.60820924)
31181714,1.02968900819077,0.163223076923077,c(-3.587032116, 37.53854632)
31182138,1.43455488539338,0.134665384615385,c(-4.404134952, 41.3068521)
31182188,1.05548922200345,0.025257692307692,c(-4.509532166, 41.74947929)
31182246,1.08328295134009,0.239146153846154,c(-4.634408772, 42.26247574)
31201708,1.13961110149443,0.13345,c(-3.554173031, 37.4882285)
31201884,0.899716095958717,0.093680769230769,c(-3.87630729, 39.05594885)
31201952,0.93847126709351,0.051175,c(-4.006574174, 39.66040468)
31202126,1.34889734807245,0.032053846153846,c(-4.35570795, 41.20398886)
31202150,1.09212711927997,0.026111538461538,c(-4.405730805, 41.41655036)
31202176,1.07436900307843,0.048590384615385,c(-4.460452972, 41.64673142)
31221710,1.10920299280239,0.080357692307692,c(-3.535505379, 37.50926845)
31222070,0.754386432102259,0.075646153846154,c(-4.217521176, 40.71107121)
31222146,1.11393673661134,0.017538461538462,c(-4.373859403, 41.38455619)
31222178,1.03492259158036,0.051484615384615,c(-4.441080861, 41.66787895)
31241766,1.3167213467434,0.07035,c(-3.613274417, 38.01183252)
31242162,0.99128053801271,0.023757692307692,c(-4.383809803, 41.52966658)
31261692,1.40470438406916,0.202707692307692,c(-3.459426568, 37.35502593)
31261876,1.05917237419514,0.062192307692308,c(-3.793156285, 38.9946174)
31261890,1.00318375410924,0.049984615384615,c(-3.819500869, 39.11915912)
31262106,1.24742078805198,0.078057692307692,c(-4.244245711, 41.03698698)
31262268,1.3121924989918,0.070125,c(-4.586922247, 42.4709163)
31281644,0.924735631273186,0.320405769230769,c(-3.354003829, 36.92960204)
31281744,1.14003683278218,0.233542307692308,c(-3.529129377, 37.82211198)
31281834,1.49931350114416,0.126,c(-3.692385166, 38.62405931)
31282278,1.31378091872792,0.047596153846154,c(-4.584858685, 42.5627951)
31301736,1.13918444722301,0.046423076923077,c(-3.49259031, 37.75395799)
31301740,0.1027635832725,0.262384615384615,c(-3.499698483, 37.78963315)
31301872,0.840014100702517,0.083515384615385,c(-3.740305444, 38.965549)
31301938,0.693429906141516,0.102576923076923,c(-3.865152621, 39.55252581)
31302114,1.32731170501644,0.138830769230769,c(-4.213847899, 41.11466585)
31302214,1.12541921746074,0.06075,c(-4.422807804, 42.00025033)
31302240,1.29732892434628,0.041584615384615,c(-4.478493022, 42.23026862)
31302250,1.347487820956,0.043123076923077,c(-4.500063011, 42.31871165)
31321630,1.12604530169406,0.393807692307692,c(-3.285990522, 36.81080095)
31321900,0.806186213983699,0.019407692307692,c(-3.770131811, 39.21791512)
31322030,1.28998538131765,0.063369230769231,c(-4.021337018, 40.37299759)
31322314,0.779024477398606,0.138923076923077,c(-4.616087165, 42.88790985)
31341710,0.948808739885006,0.129719230769231,c(-3.402200687, 37.52834896)
31341722,0.946653571686008,0.146276923076923,c(-3.423286407, 37.63542648)
31341872,0.89410446088321,0.1078,c(-3.69494841, 38.97204808)
31361850,0.995810649660393,0.072740384615385,c(-3.631527686, 38.77945292)
31361918,0.923609053287692,0.058990384615385,c(-3.758548066, 39.38453376)
31361940,0.80254455905041,0.080088461538462,c(-3.800346437, 39.58014852)
31362128,1.24747788143308,0.089478846153846,c(-4.172239861, 41.24888478)
31362156,1.09454832927622,0.017238461538462,c(-4.229975322, 41.49698393)
31362210,0.89281847559846,0.065711538461538,c(-4.34312298, 41.97514559)
31362264,1.72903497411923,0.040719230769231,c(-4.458700162, 42.45289431)
31381772,1.01004659620411,0.1201,c(-3.46736549, 38.08772402)
31381934,0.687308512701183,0.047938461538462,c(-3.766046686, 39.53007414)
31382090,0.781818181818182,0.043,c(-4.071540939, 40.91535072)
31382312,1.05664280031822,0.05725,c(-4.539464314, 42.88069463)
31401864,1.1354977714449,0.051213461538462,c(-3.612091561, 38.91054372)
31402008,1.19377429751556,0.097228846153846,c(-3.885595608, 40.19093507)
31402026,1.11084736120808,0.107546153846154,c(-3.920850493, 40.35077082)
31402242,1.47689763420842,0.029028846153846,c(-4.363646821, 42.2651757)
31421694,0.852471898792476,0.198296153846154,c(-3.285501679, 37.39813052)
31421712,1.0633282710565,0.052823076923077,c(-3.316781468, 37.55881695)
31421824,0.829580426582997,0.078184615384615,c(-3.516172419, 38.5575368)
31421950,0.755863049816923,0.056198076923077,c(-3.750715414, 39.67885364)
31422138,0.974520035443536,0.023365384615385,c(-4.122297513, 41.34762239)
31422166,1.07872663669723,0.012669230769231,c(-4.179988647, 41.59572898)
31422198,1.2131440014564,0.049288461538462,c(-4.246699882, 41.87914337)
31422234,1.23181572974238,0.055317307692308,c(-4.322759637, 42.19781185)
31422252,1.27045454545455,0.079384615384615,c(-4.361196571, 42.35707775)
31422310,0.765369580030843,0.142061538461538,c(-4.486932377, 42.86995928)
31422336,0.781183224018072,0.118932692307692,c(-4.544247237, 43.09971934)
31441666,1.04666596328339,0.270923076923077,c(-3.215144248, 37.15119534)
31441882,0.7417097590494,0.0911,c(-3.600035106, 39.07721578)
31461986,1.2328130566577,0.055359615384615,c(-3.773751747, 40.00535348)
31462112,1.03811045260405,0.070676923076923,c(-4.022449086, 41.12382656)
31462234,1.04646667303589,0.033815384615385,c(-4.275129836, 42.20463888)
31462364,0.704759709577043,0.1323,c(-4.558130301, 43.35403028)
31482178,0.913292750551949,0.067117307692308,c(-4.134010326, 41.71216203)
31482262,1.0887831407206,0.094769230769231,c(-4.310940918, 42.45582033)
31501642,1.30106884763512,0.111192307692308,c(-3.108100524, 36.94605145)
31501706,0.89410446088321,0.1078,c(-3.217442768, 37.51778595)
31501742,1.3483067911404,0.054480769230769,c(-3.280091768, 37.83911168)
31501756,1.06774324565821,0.053030769230769,c(-3.30468183, 37.96401864)
31501858,0.794888178913738,0.2488,c(-3.487763855, 38.87316733)
31501886,1.00075957727873,0.068307692307692,c(-3.539258383, 39.12246696)
31501930,1.04082706619279,0.020634615384615,c(-3.621286174, 39.51399052)
31502084,0.884121809782787,0.060830769230769,c(-3.919462954, 40.88210963)
31521826,1.06925425207152,0.0828,c(-3.407009103, 38.59128751)
31521920,1.28260632970626,0.091767307692308,c(-3.57968546, 39.42825607)
31521980,0.977089584226318,0.0668,c(-3.693159434, 39.96181475)
31522114,1.20144011254183,0.054026923076923,c(-3.956201251, 41.15155675)
31522142,0.979501385041551,0.066953846153846,c(-4.012908471, 41.39983667)
31522178,0.932440399417057,0.127767307692308,c(-4.086734184, 41.7188913)
31522358,0.965229197646603,0.048184615384615,c(-4.472017422, 43.31145228)
31523384,0.803743730897178,0.088938461538462,c(-7.326852736, 52.30423525)
31523558,0.244188327611574,0.058923076923077,c(-7.958428781, 53.81443946)
31541666,1.06971230302154,0.3083,c(-3.104566199, 37.1667199)
31541840,0.855122636989798,0.020561538461538,c(-3.409735598, 38.71920287)
31541994,1.20257797431434,0.018907692307692,c(-3.696949812, 40.08949283)
31542128,0.944812237917867,0.014915384615385,c(-3.960997294, 41.27903891)
31542174,0.825506476253736,0.073538461538462,c(-4.054851382, 41.68680381)
31542242,1.22834751118313,0.029273076923077,c(-4.196731685, 42.28904382)
31542332,0.800964851826327,0.093125,c(-4.390487306, 43.08513885)
31542354,0.894545306851874,0.053038461538462,c(-4.438918849, 43.27956993)
31561686,0.800101974599055,0.170230769230769,c(-3.11647576, 37.34849795)
31561826,0.97339479749753,0.100580769230769,c(-3.36187607, 38.59762394)
31561880,1.0075723830735,0.050192307692308,c(-3.460011952, 39.07864837)
31561934,0.995226143523024,0.02385,c(-3.560166765, 39.5592447)
31561952,0.66977489698742,0.016176923076923,c(-3.594009906, 39.71934907)
31561978,0.705866934179017,0.049169230769231,c(-3.643305639, 39.95052808)
31561992,1.26681099457969,0.040646153846154,c(-3.67005277, 40.07496866)
31581774,1.29422307099049,0.162184615384615,c(-3.246811692, 38.13714156)
31581972,0.672774541810135,0.030990384615385,c(-3.608886712, 39.90042162)
31582170,0.913867591483803,0.010753846153846,c(-3.999385166, 41.65804463)
31601976,1.10963123896724,0.008634615384615,c(-3.593470903, 39.93921503)
31602000,1.12215870649386,0.050642307692308,c(-3.639229867, 40.1525564)
31602108,0.985285337655543,0.062682692307692,c(-3.850450282, 41.11157572)
31602144,1.02563470704582,0.051046153846154,c(-3.922843082, 41.43088235)
31602148,0.915227852868561,0.080884615384615,c(-3.930949618, 41.46634963)
31602166,1.14413425851218,0.046615384615385,c(-3.967586277, 41.62592472)
31602256,1.20842454291671,0.009396153846154,c(-4.154706945, 42.42312356)
31621666,1.3343545520592,0.187371153846154,c(-3.016073297, 37.17904644)
31621696,1.22665986026951,0.099640384615385,c(-3.066967119, 37.44709819)
31621746,1.1374752951908,0.01335,c(-3.153053449, 37.89354813)
31621846,1.12679517051472,0.0558,c(-3.330104311, 38.78532575)
31621858,0.977679998117611,0.100978846153846,c(-3.35179924, 38.89223959)
31621930,0.762373043716764,0.060473076923077,c(-3.484051014, 39.53328026)
31621980,0.716088191028844,0.008446153846154,c(-3.578040432, 39.97800487)
31622088,1.08888931130838,0.190661538461538,c(-3.787305674, 40.93738874)
31622092,0.812840195394278,0.118153846153846,c(-3.795224895, 40.97288969)
31641680,1.18870049727398,0.197548076923077,c(-3.017588157, 37.30722945)
31641834,1.1446293494705,0.046634615384615,c(-3.285909093, 38.68153902)
31641838,1.01659610499577,0.0552,c(-3.293085863, 38.71718835)
31641870,1.13123803160065,0.056007692307692,c(-3.350890008, 39.00229833)
31642018,1.19570375120231,0.0643,c(-3.627536102, 40.31899691)
31642144,0.904148485942062,0.062123076923077,c(-3.875759911, 41.43750688)
31661740,1.17711031213211,0.032953846153846,c(-3.09797445, 37.84619508)
31661818,1.02456652748925,0.065019230769231,c(-3.234755714, 38.54205334)
31661880,0.91428093225658,0.080807692307692,c(-3.346363601, 39.0945301)
31662172,0.856308774292348,0.063194230769231,c(-3.908955996, 41.6890815)
31662352,0.580429107985326,0.120357692307692,c(-4.289089628, 43.28252467)
31681822,0.925520003641163,0.154961538461538,c(-3.219311079, 38.58084592)
31681858,1.15265423242468,0.12875,c(-3.28379155, 38.90170395)
31681918,1.00330296036607,0.036761538461538,c(-3.393221314, 39.43604671)
31682218,1.03070169775999,0.046707692307692,c(-3.979748478, 42.10005831)
31682260,1.39455616593974,0.062171153846154,c(-4.067477116, 42.47201759)
31701848,1.25517683365706,0.024778846153846,c(-3.243148847, 38.81573503)
31701854,1.01978056446537,0.104871153846154,c(-3.253922574, 38.86920462)
31702250,0.980387822767005,0.081261538461538,c(-4.022559024, 42.38683021)
31702280,1.05905172413793,0.072,c(-4.085770154, 42.65242572)
31703420,0.766358362061717,0.085153846153846,c(-7.193745303, 52.65534195)
31721688,0.674415036440353,0.152725,c(-2.942385968, 37.39097339)
31721768,0.782247263931089,0.022144230769231,c(-3.079373462, 38.10539658)
31721774,0.645465950720129,0.041971153846154,c(-3.089812482, 38.1589398)
31721792,1.02972181551977,0.033292307692308,c(-3.121270003, 38.31953742)
31721930,0.750519637227044,0.011884615384615,c(-3.36963452, 39.54920728)
31721966,0.662022241260145,0.070680769230769,c(-3.436585446, 39.86953708)
31721984,0.783127831894034,0.025523076923077,c(-3.470407064, 40.02963242)
31722110,0.742483397061783,0.044423076923077,c(-3.713822764, 41.14901511)
31722120,0.982242317865261,0.048992307692308,c(-3.733654459, 41.23775954)
31722134,0.921346404957821,0.072173076923077,c(-3.761548906, 41.36197834)
31722156,0.866565772800745,0.141011538461538,c(-3.805692131, 41.55712428)
31722228,1.15921894751906,0.032469230769231,c(-3.952853205, 42.19531604)
31741664,1.1125731949812,0.229205769230769,c(-2.87994322, 37.17950053)
31741694,0.993513291593965,0.063173076923077,c(-2.930307474, 37.44764409)
31742108,1.09194962537861,0.05905,c(-3.686427334, 41.13452671)
31742212,1.29166255550074,0.025480769230769,c(-3.896013438, 42.05687687)
31742280,1.32028915502107,0.076353846153846,c(-4.037765219, 42.65914811)
31761666,1.37697917433992,0.269023076923077,c(-2.861146076, 37.20041865)
31761882,1.13149715256853,0.013280769230769,c(-3.236282288, 39.12809586)
31762164,1.17186590257209,0.013748076923077,c(-3.774599326, 41.63464974)
31762214,1.25667974307023,0.107807692307692,c(-3.876343561, 42.0779148)
31781976,0.476389794636463,0.038665384615385,c(-3.38625734, 39.96804639)
31782094,1.31420858241141,0.105998076923077,c(-3.612063983, 41.0167423)
31782138,0.959758820902189,0.1044,c(-3.698936941, 41.40728315)
31782238,1.40294280515782,0.027615384615385,c(-3.902030557, 42.29388325)
31782246,1.1019779658854,0.095807692307692,c(-3.91862661, 42.36475213)
31782310,0.901793713124297,0.025442307692308,c(-4.053312183, 42.93139036)
31783686,0.884557094329762,0.116846153846154,c(-8.064965698, 54.98097474)
31801764,0.774810736407433,0.049961538461538,c(-2.982787107, 38.08201974)
31801846,1.13423663198645,0.046230769230769,c(-3.126344685, 38.81352231)
31801858,1.07410266059233,0.039253846153846,c(-3.147725778, 38.92048902)
31801864,0.971967240100306,0.100448076923077,c(-3.158452599, 38.97396454)
31801876,1.05321738208235,0.057075,c(-3.179979156, 39.08089992)
31801908,1.20193345498311,0.009346153846154,c(-3.237862582, 39.36595926)
31801998,1.15347385664963,0.072605769230769,c(-3.404482757, 40.16690248)
31802196,1.04877587609285,0.096842307692308,c(-3.79202728, 41.92497204)
31802232,1.20866399708773,0.049115384615385,c(-3.86576871, 42.24403981)
31802268,1.0379326943076,0.029171153846154,c(-3.9405681, 42.56293112)
31802344,0.436650772124765,0.120807692307692,c(-4.102046355, 43.23557039)
31803412,1.02107937798557,0.0161,c(-7.02177841, 52.60674921)
31821784,0.960012721297572,0.0567,c(-2.994925427, 38.26360279)
31822338,0.837780518399056,0.087798076923077,c(-4.064906231, 43.18586502)
31841704,0.787534819646891,0.050740384615385,c(-2.835994322, 37.55221821)
31841902,1.04836216875763,0.016523076923077,c(-3.181327101, 39.31878416)
31842046,1.24754496840058,0.050615384615385,c(-3.449216032, 40.60001176)
31842060,1.06903940870744,0.109382692307692,c(-3.476058794, 40.7244198)
31842118,0.963410732174095,0.099651923076923,c(-3.588827998, 41.23953419)
31842178,1.14080313960072,0.110126923076923,c(-3.708198494, 41.77192247)
31842222,1.42074803707142,0.022261538461538,c(-3.797540913, 42.16202736)
31842298,1.01126461211477,0.131384615384615,c(-3.955572548, 42.83522614)
31861828,0.906946553768698,0.075634615384615,c(-3.026656685, 38.66231013)
31861900,1.04501194497076,0.066230769230769,c(-3.154897564, 39.30409069)
31862074,0.912532488427932,0.223096153846154,c(-3.479703864, 40.85201145)
31862134,1.34603300374076,0.077726923076923,c(-3.596852256, 41.3847958)
31862170,1.2092784993348,0.014180769230769,c(-3.668468516, 41.70422852)
31862210,1.1896691816599,0.1385,c(-3.749237927, 42.05894601)
31862228,1.23773404494053,0.014509615384615,c(-3.786001735, 42.21849787)
31862260,0.993898533625484,0.087230769230769,c(-3.852009958, 42.50203725)
31881848,0.993438112040919,0.049523076923077,c(-3.039270454, 38.84374908)
31881898,1.2378492694181,0.039753846153846,c(-3.128480727, 39.28938931)
31881944,0.693917178521894,0.107069230769231,c(-3.212058783, 39.69906196)
31882142,0.915800155599905,0.090369230769231,c(-3.589117298, 41.45903798)
31882258,0.818876860622463,0.090461538461538,c(-3.823914053, 42.48762619)
31901858,0.926210796222459,0.086503846153846,c(-3.034286665, 38.93599686)
31901900,0.900707673825616,0.033126923076923,c(-3.10926917, 39.31031885)
31901958,0.824349718288781,0.049080769230769,c(-3.214798197, 39.82682544)
31902066,1.15161007697822,0.179088461538462,c(-3.417646692, 40.78733282)
31902120,0.905911673390077,0.089480769230769,c(-3.522286794, 41.26697817)
31902138,1.42499573548644,0.154471153846154,c(-3.557658332, 41.42677077)
31902242,1.24469066677181,0.024576923076923,c(-3.766991065, 42.34915184)
31921700,1.15574215217672,0.032375,c(-2.740310526, 37.52854786)
31921978,0.693115316738331,0.013836538461538,c(-3.22867977, 40.00796553)
31942200,1.28883853052887,0.035969230769231,c(-3.633903961, 41.98334768)
31961694,1.12398567948008,0.031513461538462,c(-2.685859367, 37.48091281)
31961968,0.583847445864805,0.043971153846154,c(-3.164160024, 39.92523345)
31962040,1.18880695695131,0.096863461538462,c(-3.298305043, 40.56576215)
31962076,1.20055738114055,0.075346153846154,c(-3.366785404, 40.88575637)
31962130,1.37244727672237,0.123051923076923,c(-3.471315827, 41.36541327)
31962306,0.897300272016855,0.021553846153846,c(-3.827810753, 42.92599421)
31963440,1.17900383411305,0.125261538461538,c(-6.887089817, 52.8837647)
31981674,0.880162045828586,0.2101,c(-2.630648089, 37.30504988)
31981684,0.93497723903084,0.077790384615385,c(-2.64710699, 37.39448539)
31981858,1.09722597334982,0.054415384615385,c(-2.943502263, 38.94830726)
31982268,0.781208531898217,0.082357692307692,c(-3.724730736, 42.59268618)
31983538,0.272338287027066,0.196403846153846,c(-7.204517817, 53.74044902)
32001860,0.925936113021191,0.077096153846154,c(-2.924316035, 38.96920696)
32002162,1.06398726621568,0.057625,c(-3.487027523, 41.6559103)
32002166,1.02273307790549,0.132676923076923,c(-3.494930909, 41.69141148)
32002248,1.00594409819933,0.108876923076923,c(-3.659725251, 42.4187106)
32021898,1.04132229782137,0.020644230769231,c(-2.968776829, 39.3110497)
32021944,0.899475685808756,0.070580769230769,c(-3.051391738, 39.72088121)
32021988,1.20468313988757,0.048961538461538,c(-3.131781233, 40.11261554)
32022010,1.17385868645205,0.068465384615385,c(-3.172486677, 40.30838135)
32022028,1.52809018999098,0.042363461538462,c(-3.206048035, 40.46850339)
32022132,1.10328489802906,0.101365384615385,c(-3.404599865, 41.39277987)
32022172,0.975205081822389,0.085730769230769,c(-3.483133665, 41.74787822)
32022276,0.910703102761173,0.189307692307692,c(-3.693210304, 42.670127)
32022340,0.843881332282708,0.031101923076923,c(-3.826877198, 43.23694929)
32041778,1.13722930570252,0.082221153846154,c(-2.737422628, 38.24351922)
32041894,0.980577094190924,0.031753846153846,c(-2.938850401, 39.27846898)
32041972,1.34664784098825,0.174613461538461,c(-3.079347029, 39.97330741)
32042030,1.249293135752,0.11935,c(-3.186567544, 40.48943067)
32042062,1.52125081454719,0.067438461538462,c(-3.246756488, 40.77398915)
32042128,1.50117342181426,0.205971153846154,c(-3.373279238, 41.36044794)
32042170,0.989817793855335,0.077123076923077,c(-3.455506406, 41.7333408)
32042180,1.10356679636835,0.0748,c(-3.475284759, 41.82208972)
32061692,1.18409903286867,0.107988461538462,c(-2.57139304, 37.47794024)
32061916,0.850968803362157,0.013453846153846,c(-2.95517876, 39.47761213)
32061988,1.4278362534417,0.069669230769231,c(-3.085591144, 40.1188449)
32062006,1.56668226883962,0.096115384615385,c(-3.11875917, 40.2790401)
32062016,1.01458664967634,0.037159615384615,c(-3.137285173, 40.36801803)
32062178,1.18086756679115,0.096278846153846,c(-3.447623162, 41.80755211)
32062244,1.01115149578624,0.037038461538462,c(-3.579810633, 42.39301248)
32062352,0.984152021362479,0.19485,c(-3.803745551, 43.34979159)
32081958,1.40314471914762,0.0333,c(-3.007810487, 39.8548443)
32082012,0.921151467446306,0.1107,c(-3.106694226, 40.33554714)
32082146,0.573627909007554,0.119115384615385,c(-3.361161588, 41.52667055)
32082174,1.19856928963567,0.075230769230769,c(-3.416033112, 41.77525426)
32082228,0.713394435082816,0.064192307692308,c(-3.523579783, 42.25436893)
32101744,0.892504951527155,0.0407,c(-2.612881903, 37.94877265)
32101790,1.12877961724418,0.103465384615385,c(-2.690322647, 38.35970572)
32101880,1.03541166547719,0.051507692307692,c(-2.845752486, 39.1628239)
32102006,1.13158736505398,0.076553846153846,c(-3.072450324, 40.28526583)
32102064,1.4224183170248,0.063334615384615,c(-3.180539366, 40.80120505)
32102126,1.32130688849908,0.106509615384615,c(-3.298799909, 41.35221818)
32102154,0.789012407628049,0.130032692307692,c(-3.353152273, 41.60089224)
32102244,0.947199711867459,0.038903846153846,c(-3.53196502, 42.3994902)
32102252,0.839857832398578,0.153761538461538,c(-3.548169696, 42.47042451)
32121666,0.939663073386419,0.235396153846154,c(-2.462389451, 37.25420991)
32121918,1.3983100348768,0.050503846153846,c(-2.890090433, 39.50463351)
32122142,0.874628200827463,0.1057,c(-3.306196929, 41.49750562)
32141694,1.02991824016618,0.133484615384615,c(-2.485706338, 37.50766419)
32141874,0.733363403999399,0.181415384615385,c(-2.789706651, 39.11539311)
32141946,1.21212745855879,0.104384615384615,c(-2.917190941, 39.7571908)
32142000,0.923022245623272,0.050375,c(-3.015126236, 40.23806426)
32142004,0.777552277326451,0.082003846153846,c(-3.022461646, 40.27366847)
32142066,1.26472542168155,0.108423076923077,c(-3.137617941, 40.82525285)
32142076,0.951622116311354,0.130053846153846,c(-3.156451373, 40.91416889)
32142246,0.986235645429585,0.040442307692308,c(-3.488143143, 42.42368188)
32161894,0.955548586064503,0.04345,c(-2.801948803, 39.29678214)
32161998,1.11162295866801,0.06005,c(-2.988326155, 40.2233511)
32162002,1.28547899398812,0.135046153846154,c(-2.995643578, 40.25895841)
32162062,1.14809554551323,0.046769230769231,c(-3.106768564, 40.79280482)
32162134,0.97471134081662,0.090623076923077,c(-3.243574353, 41.43277441)
32162358,0.921652431293007,0.033871153846154,c(-3.694878199, 43.41937594)
32181698,1.50123650023478,0.04165,c(-2.447724015, 37.54933362)
32181716,0.965310870368669,0.099828846153846,c(-2.477157882, 37.71032356)
32181780,0.892922504265109,0.03285,c(-2.583420434, 38.28234997)
32181834,1.112429675063,0.113319230769231,c(-2.675076855, 38.76453788)
32181856,0.963899451492412,0.142778846153846,c(-2.712954693, 38.96086551)
32181892,0.961943024105186,0.031169230769231,c(-2.775618975, 39.28198116)
32181928,1.11732907448074,0.113761538461538,c(-2.839143791, 39.6029146)
32182014,1.05387335261974,0.102596153846154,c(-2.994475369, 40.36885949)
32182122,1.2974036836625,0.098723076923077,c(-3.196975953, 41.3293092)
32182144,1.37344941114082,0.129673076923077,c(-3.239279354, 41.52476321)
32201704,1.37336685969725,0.091415384615385,c(-2.435234984, 37.60594256)
32201740,0.784482663274899,0.09585,c(-2.494330721, 37.92785964)
32201782,1.44737078227197,0.022669230769231,c(-2.564283638, 38.30319182)
32202010,0.869953736506481,0.077192307692308,c(-2.963958873, 40.33634165)
32202034,1.01533480651627,0.064471153846154,c(-3.008087227, 40.54993718)
32202250,1.31798194971369,0.020684615384615,c(-3.424358498, 42.46880362)
32202258,0.958663816987256,0.125407692307692,c(-3.440466327, 42.53975375)
32202322,0.68901871368379,0.267915384615385,c(-3.57119771, 43.10705355)
32202340,0.793224592220828,0.0436,c(-3.608574398, 43.26651056)
32202352,0.711812819705339,0.096223076923077,c(-3.633643172, 43.37279191)
32221702,0.942622230346496,0.011088461538462,c(-2.409700367, 37.59098696)
32221796,0.990535529601695,0.237634615384615,c(-2.565305746, 38.43122278)
32221966,1.16494377385742,0.067980769230769,c(-2.861062427, 39.94760216)
32222012,0.857844176521298,0.067534615384615,c(-2.944434853, 40.3572247)
32222236,0.949732056575595,0.124384615384615,c(-3.372382219, 42.34781837)
32222272,1.38365431733314,0.038513461538462,c(-3.444746116, 42.66711384)
32222300,1.1025855475375,0.074738461538462,c(-3.501751841, 42.91533769)
32241830,1.06913524395485,0.149826923076923,c(-2.600307456, 38.73781199)
32241952,1.29199178644764,0.063461538461538,c(-2.81297503, 39.82592189)
32241980,1.08758362626148,0.152019230769231,c(-2.863192167, 40.07535975)
32242006,1.09959748763405,0.106573076923077,c(-2.910307331, 40.3068841)
32242250,0.846951010787603,0.016855769230769,c(-3.376440525, 42.47520873)
32242304,1.09986201349059,0.101082692307692,c(-3.485802809, 42.95401965)
32242312,1.07852086227083,0.083457692307692,c(-3.502206464, 43.02492235)
32243654,0.290657218179222,0.043667307692308,c(-7.243592788, 54.80377052)
32261702,1.47682211273077,0.059365384615385,c(-2.365146253, 37.59683977)
32261948,1.34457811604878,0.060076923076923,c(-2.782851795, 39.79331704)
32262048,0.929581269698334,0.1116,c(-2.96411701, 40.68377751)
32262092,1.19066353925743,0.058776923076923,c(-3.046116213, 41.07514951)
32262102,0.339706096318929,0.048353846153846,c(-3.064948675, 41.16406137)
32262242,0.888153767524828,0.040509615384615,c(-3.336502693, 42.40743108)
32262300,1.27466266866567,0.025153846153846,c(-3.453487214, 42.92178696)
32262314,0.981090717020996,0.053375,c(-3.482133651, 43.04587637)
32281694,0.922245433357577,0.172405769230769,c(-2.329939702, 37.52817901)
32281848,0.764818618049207,0.206890384615385,c(-2.585679404, 38.90445945)
32281852,0.942944234302128,0.201294230769231,c(-2.592520619, 38.94016193)
32281920,1.26217002435681,0.024913461538462,c(-2.710418644, 39.54676072)
32281970,1.24186758149153,0.034703846153846,c(-2.799073353, 39.9923792)
32282230,0.700547146286927,0.066836538461538,c(-3.288737453, 42.30413531)
32282252,1.28628516788935,0.030611538461538,c(-3.332508536, 42.49933389)
32282302,1.12482119291614,0.055707692307692,c(-3.433427004, 42.94273276)
32301972,1.55304870014494,0.036726923076923,c(-2.779584735, 40.0132356)
32302008,1.04895905402855,0.20505,c(-2.844413274, 40.33387596)
32302124,0.835490095968293,0.111084615384615,c(-3.059543195, 41.3658569)
32302160,1.4351809031556,0.095138461538462,c(-3.128308043, 41.68576094)
32321698,0.806848557306258,0.137830769230769,c(-2.291856792, 37.56978781)
32321760,0.952124506327887,0.047561538461538,c(-2.392854313, 38.12430374)
32321928,1.29579020890215,0.030830769230769,c(-2.678615519, 39.62411247)
32322300,1.09857355370798,0.135155769230769,c(-3.381072834, 42.93141803)
32341720,0.994066367685193,0.007742307692308,c(-2.305093885, 37.76952603)
32341732,0.707592938833985,0.366415384615385,c(-2.32458574, 37.87686216)
32341804,1.09898580121704,0.198875,c(-2.443385618, 38.52044465)
32341872,0.95225633071207,0.147015384615385,c(-2.558569495, 39.12759695)
32341984,0.896499734218199,0.044907692307692,c(-2.754875016, 40.12620852)
32341990,1.39163914315372,0.021815384615385,c(-2.765630223, 40.17965692)
32342056,0.859791769955379,0.1932,c(-2.885591747, 40.76726705)
32342110,0.778114801480194,0.154996153846154,c(-2.986047764, 41.24760316)
32342124,0.847882300490415,0.1028,c(-3.012438645, 41.37207127)
32342152,1.52829632057691,0.061307692307692,c(-3.065656004, 41.62092957)
32342242,1.34145209075417,0.037382692307692,c(-3.240739086, 42.42013317)
32342286,1.16338350037544,0.057507692307692,c(-3.328636996, 42.81047099)
32361730,1.07854141019654,0.093961538461538,c(-2.298966599, 37.86188429)
32361928,1.01797749184473,0.046157692307692,c(-2.632733571, 39.63012044)
32362122,0.648342129931282,0.206059615384615,c(-2.985110766, 41.35738952)
32362184,0.835720403188616,0.065907692307692,c(-3.103444273, 41.90834268)
32362256,1.08071679002727,0.012692307692308,c(-3.24454552, 42.54752774)
32381692,1.02807805494978,0.051161538461538,c(-2.215431041, 37.52477533)
32381710,1.12910760995194,0.114823076923077,c(-2.244298561, 37.68586052)
32382024,1.32659176029963,0.13225,c(-2.780571374, 40.48852955)
32382106,0.71807844342472,0.092682692307692,c(-2.931537487, 41.21820964)
32383504,0.804941860465116,0.026215384615385,c(-6.493861452, 53.52749837)
32401666,0.692888047593294,0.089723076923077,c(-2.151882077, 37.29488514)
32401696,0.844985309921453,0.166103846153846,c(-2.199556877, 37.56346072)
32401702,0.735829516032663,0.227538461538462,c(-2.209155515, 37.61716014)
32401720,0.793220338983051,0.092307692307692,c(-2.238079904, 37.77822715)
32401786,1.18997704061436,0.028384615384615,c(-2.345809159, 38.36840804)
32401822,1.04979124556811,0.071415384615385,c(-2.405700803, 38.69006364)
32401828,0.639100827414513,0.054515384615385,c(-2.415761699, 38.74365513)
32401886,1.12617160177197,0.076215384615385,c(-2.514199588, 39.2614463)
32401984,1.20585606423247,0.043857692307692,c(-2.685530995, 40.13527738)
32402074,1.12901913419363,0.092442307692308,c(-2.848652944, 40.93662557)
32402188,0.871464736082523,0.024607692307692,c(-3.063640941, 41.95011862)
32402210,0.90677708475287,0.119430769230769,c(-3.106249864, 42.14550871)
32402254,1.125580604787,0.004353846153846,c(-3.192590159, 42.53610045)
32402332,0.749946701409452,0.1557,c(-3.349423358, 43.22790059)
32402336,0.90132439661006,0.045138461538462,c(-3.357599234, 43.26335656)
32421826,0.928069833797594,0.091469230769231,c(-2.389760972, 38.72872932)
32421848,0.808990075890251,0.1435,c(-2.426753665, 38.92520448)
32421926,1.10966908127772,0.035784615384615,c(-2.5604172, 39.6212555)
32421998,1.28922373010605,0.046748076923077,c(-2.687373465, 40.26302217)
32422106,0.744906042574741,0.149369230769231,c(-2.88453281, 41.22436104)
32422124,0.867823057393302,0.169830769230769,c(-2.918204629, 41.38443329)
32422190,1.07260514111779,0.034630769230769,c(-3.043720684, 41.97100055)
32422232,0.817380235446972,0.123761538461538,c(-3.125312137, 42.34397489)
32423468,0.356578594779999,0.031167307692308,c(-6.312216728, 53.22165747)
32441714,1.15350714519472,0.0833,c(-2.183766479, 37.73031265)
32442092,0.728776828505939,0.0402,c(-2.835046292, 41.10289105)
32442260,1.13606103173433,0.008838461538462,c(-3.156450244, 42.59564614)
32461700,0.969151392847484,0.075634615384615,c(-2.139092876, 37.60788866)
32461726,0.97339479749753,0.100580769230769,c(-2.180685109, 37.84056766)
32461748,1.13780508619218,0.098615384615385,c(-2.21619389, 38.03737411)
32461888,1.13393818628906,0.092807692307692,c(-2.449145227, 39.28817527)
32461916,1.1499521808745,0.105201923076923,c(-2.497230981, 39.5380078)
32461996,1.40632797847183,0.056692307692308,c(-2.637482469, 40.25122431)
32462108,0.668009171017375,0.094975,c(-2.841236682, 41.24828022)
32462150,1.01722851345159,0.059876923076923,c(-2.919963126, 41.62174786)
32462154,1.37281891133336,0.027038461538462,c(-2.927528691, 41.65730415)
32462208,0.861122419307938,0.14025,c(-3.030838713, 42.13711009)
32463644,0.744403289821053,0.027536538461538,c(-6.87295248, 54.76320727)
32481818,0.580239374589928,0.103111538461538,c(-2.308510677, 38.66603648)
32481828,0.707723222578085,0.316696153846154,c(-2.325149682, 38.75537669)
32481972,1.34924680199536,0.026586538461538,c(-2.571867978, 40.04034061)
32482188,0.752640211974008,0.024553846153846,c(-2.968540631, 41.96254704)
32483682,1.38154053258172,0.085730769230769,c(-6.983547173, 55.09795444)
32501860,1.00502036511746,0.153907692307692,c(-2.356066363, 39.04410326)
32501940,1.30730175968505,0.093369230769231,c(-2.492876503, 39.75800807)
32501958,1.21564298406694,0.093080769230769,c(-2.524237367, 39.91851599)
32502018,1.33056477417107,0.094873076923077,c(-2.63035043, 40.45322602)
32521732,0.889762378103979,0.122636538461538,c(-2.123195765, 37.90287159)
32521764,1.45774756285274,0.040492307692308,c(-2.174784567, 38.1891276)
32521894,1.31540137066355,0.05885,c(-2.390848993, 39.35056243)
32521900,1.48678592681549,0.104844230769231,c(-2.401079574, 39.40411051)
32521936,1.26623522305635,0.108538461538462,c(-2.46295579, 39.72529553)
32521944,1.32326688725688,0.070675,c(-2.476821747, 39.79664597)
32522016,1.41264430259405,0.093784615384615,c(-2.603546286, 40.43841053)
32522074,1.00831548044116,0.054775,c(-2.70821843, 40.95488283)
32522116,0.932694385390165,0.117138461538462,c(-2.785501002, 41.32860224)
32522178,0.914286803614393,0.041651923076923,c(-2.901931231, 41.87986149)
32522262,0.704895385727481,0.042269230769231,c(-3.064290303, 42.62593624)
32522272,1.12105313562433,0.036138461538462,c(-3.083982509, 42.71469449)
32541738,1.01461506049479,0.041557692307692,c(-2.110420044, 37.95942201)
32541744,1.1046799478944,0.235280769230769,c(-2.12005066, 38.01310361)
32542338,1.07513155661178,0.093692307692308,c(-3.191650602, 43.3033435)
32543634,0.939088397790055,0.064369230769231,c(-6.715203723, 54.69277513)
32561764,1.31117579920629,0.081721153846154,c(-2.129831361, 38.19487785)
32561992,1.44146985529131,0.016857692307692,c(-2.514603749, 40.23052761)
32562168,1.05243047777529,0.038492307692308,c(-2.835521069, 41.7971197)
32582066,1.15503087540864,0.047038461538462,c(-2.623473102, 40.89271393)
32582074,1.11699061766197,0.070471153846154,c(-2.637974284, 40.96393689)
32582164,0.818217583045147,0.030184615384615,c(-2.804270557, 41.76461846)
32582246,1.0434168897542,0.012259615384615,c(-2.960999055, 42.49321699)
32601880,1.06543001686341,0.087692307692308,c(-2.275800533, 39.2372865)
32601908,1.26470945337922,0.014821153846154,c(-2.32315374, 39.48724111)
32601974,0.914754372750858,0.080846153846154,c(-2.436791377, 40.07599846)
32602178,0.549876136070583,0.015669230769231,c(-2.806912838, 41.89213417)
32602258,1.06273638260925,0.034323076923077,c(-2.960338242, 42.60287101)
32602304,0.844501278772379,0.097692307692308,c(-3.050797464, 43.01117679)
32602852,0.681078190180768,0.0651,c(-4.271528481, 47.85535528)
32621810,0.773559878113852,0.127811538461538,c(-2.136974374, 38.61480514)
32621858,1.23874345549738,0.118461538461538,c(-2.216189589, 39.04371693)
32621882,1.21043524195227,0.038907692307692,c(-2.256338989, 39.25805367)
32621922,1.35541972840752,0.032203846153846,c(-2.324072542, 39.61510657)
32621954,1.35950334829329,0.049171153846154,c(-2.379007535, 39.90059258)
32621966,1.12246444307229,0.081240384615385,c(-2.399782071, 40.00761423)
32622236,0.838930194494263,0.116446153846154,c(-2.893704484, 42.41058419)
32622246,1.38755940899238,0.032942307692308,c(-2.913023625, 42.49940225)
32622254,1.01396757972327,0.199575,c(-2.928534441, 42.57044757)
32641866,1.03112680870457,0.1223,c(-2.206750834, 39.11806832)
32642154,1.29128728507883,0.030726923076923,c(-2.714461001, 41.68483117)
32642280,1.09641180774195,0.064238461538462,c(-2.955180343, 42.80439128)
32642320,0.751334220591998,0.105571153846154,c(-3.034163273, 43.1593875)
32661818,1.0902974245455,0.089555769230769,c(-2.104795753, 38.69205793)
32662124,0.943248586271896,0.163423076923077,c(-2.635305152, 41.42098511)
32681868,0.971848157384317,0.132451923076923,c(-2.164507, 39.14171123)
32681896,1.25348399246704,0.019692307692308,c(-2.21131062, 39.39176322)
32682102,0.382487565590442,0.099892307692308,c(-2.571521849, 41.22820037)
32682108,0.797178015632702,0.126092307692308,c(-2.582449884, 41.28160509)
32682126,1.10998638220608,0.1188,c(-2.615388237, 41.44179129)
32682144,1.12982216196345,0.026988461538462,c(-2.648559686, 41.60193566)
32682156,0.956713426853707,0.02695,c(-2.67080459, 41.7086754)
32682270,1.06257419521336,0.143048076923077,c(-2.887478663, 42.72178757)
32682930,1.05370624975449,0.020884615384615,c(-4.363105188, 48.55592991)
32701756,1.22140699256223,0.129184615384615,c(-1.959693989, 38.14325554)
32701818,0.575169300225734,0.148076923076923,c(-2.059507094, 38.69778196)
32701918,1.22161068393363,0.049615384615385,c(-2.225493156, 39.59106265)
32701972,0.607067294870655,0.134692307692308,c(-2.317785584, 40.07287077)
32702142,1.12138447797529,0.026792307692308,c(-2.62121322, 41.58715719)
32702146,1.13756528726396,0.0044,c(-2.628597567, 41.62274222)
32702304,1.08692524641071,0.021528846153846,c(-2.929831194, 43.02672448)
32721856,1.44655192066568,0.156442307692308,c(-2.099084219, 39.04026078)
32721860,1.16000171005943,0.100346153846154,c(-2.105686202, 39.07599923)
32721874,1.49157985535134,0.072553846153846,c(-2.128872009, 39.2010666)
32721928,1.27227833894501,0.109,c(-2.21946627, 39.68321995)
32721968,1.06774324565821,0.053030769230769,c(-2.287786311, 40.04011742)
32721996,1.00721140909499,0.142384615384615,c(-2.336237575, 40.28981866)
32722098,1.22185876475632,0.123094230769231,c(-2.517237178, 41.1985715)
32722104,1.08610569122389,0.063673076923077,c(-2.528109313, 41.2519853)
32722108,0.670925691076778,0.087126923076923,c(-2.535371572, 41.28759192)
32722180,0.845529522825365,0.009957692307692,c(-2.668058977, 41.92815925)
32741830,1.26716634286334,0.025009615384615,c(-2.033729968, 38.81076143)
32741848,0.929987956643918,0.233538461538462,c(-2.063173464, 38.97163942)
32742034,0.625085322129542,0.063503846153846,c(-2.379529161, 40.63148176)
32742312,0.896397941680961,0.103076923076923,c(-2.897136311, 43.1039163)
32761948,1.45923316623764,0.077375,c(-2.207418709, 39.86750588)
32761976,1.31331075635523,0.031234615384615,c(-2.255327071, 40.11730795)
32762098,0.936777990539668,0.139321153846154,c(-2.470215714, 41.20452616)
32762234,1.21254060068561,0.059792307692308,c(-2.722153352, 42.41424431)
32762242,1.01382356911171,0.059688461538462,c(-2.737399551, 42.48533128)
32762332,1.22210951603198,0.105153846153846,c(-2.91232412, 43.28450985)
32781818,1.09323145024309,0.178042307692308,c(-1.968909573, 38.70916615)
32782118,0.926684168531591,0.086544230769231,c(-2.482846924, 41.38555291)
32782150,1.3933997053793,0.027432692307692,c(-2.541271083, 41.67033863)
32782222,0.829571984435797,0.110384615384615,c(-2.675450367, 42.3106306)
32782240,0.99584865571627,0.058692307692308,c(-2.709597731, 42.47060149)
32782906,0.972558838257386,0.039903846153846,c(-4.168964753, 48.36196835)
32801810,1.2913739354569,0.116630769230769,c(-1.933362816, 38.64045943)
32802074,1.0873317099676,0.044403846153846,c(-2.380260705, 40.99670947)
32802152,1.33037895481379,0.010334615384615,c(-2.521254712, 41.69112376)
32802920,0.889272271780484,0.052742307692308,c(-4.177689764, 48.48869715)
32821870,1.05753257604842,0.148442307692308,c(-2.008207842, 39.17964232)
32821942,1.0109870883082,0.050353846153846,c(-2.12814554, 39.82262982)
32821946,0.84660152931181,0.0584,c(-2.134905799, 39.858331)
32822060,0.774093983006763,0.046226923076923,c(-2.332009998, 40.87492741)
32822154,1.28520217896402,0.015057692307692,c(-2.501225975, 41.7119048)
32822198,0.801833591006136,0.111873076923077,c(-2.5826054, 42.10329465)
32822262,0.824282372953434,0.095576923076923,c(-2.703538632, 42.67215482)
32822932,1.18151509274907,0.028188461538462,c(-4.181427967, 48.59780655)
32841864,1.31538448477851,0.093892307692308,c(-1.975567671, 39.12887101)
32842038,1.07292396157577,0.109736538461538,c(-2.269966361, 40.68179783)
32842152,1.16339027728494,0.01365,c(-2.47386397, 41.69708769)
32842164,1.1565141794839,0.008996153846154,c(-2.495861272, 41.80386374)
32861814,1.21808843592007,0.065425,c(-1.871868929, 38.68469124)
32861850,1.13763256193379,0.104192307692308,c(-1.929965793, 39.00657771)
32862126,1.05871835002037,0.103019230769231,c(-2.402944954, 41.46863748)
32862174,0.833685980796683,0.016596153846154,c(-2.490500522, 41.89581451)
32882178,0.983792232776242,0.040346153846154,c(-2.474084945, 41.93438049)
32882938,1.14155886316908,0.022586538461538,c(-4.116485971, 48.66095549)
32901694,0.887772600916174,0.017653846153846,c(-1.639171738, 37.61595564)
32901744,0.878988591861059,0.096461538461538,c(-1.716234677, 38.06384451)
32901878,1.17836379475122,0.090484615384615,c(-1.930024368, 39.26248282)
32901910,1.18527597532644,0.063775,c(-1.982700104, 39.54836439)
32901942,1.01286564204264,0.069076923076923,c(-2.03602208, 39.83410928)
32901968,0.810515421237839,0.108123076923077,c(-2.079829372, 40.0661771)
32902000,1.00708400961519,0.063980769230769,c(-2.134349966, 40.35167695)
32902062,0.771761547887993,0.077253846153846,c(-2.241919742, 40.90445321)
32902068,1.22506355535337,0.065775,c(-2.252467633, 40.95792131)
32902116,1.06430080681754,0.012501923076923,c(-2.337744877, 41.38550002)
32902134,1.05382154394912,0.016607692307692,c(-2.370138877, 41.54576631)
32902166,1.24431434879287,0.029642307692308,c(-2.428296954, 41.83058293)
32902170,1.30046958679503,0.020415384615385,c(-2.435618395, 41.86617593)
32902202,0.525628491620112,0.118769230769231,c(-2.494608426, 42.15084767)
32902230,1.2743343456318,0.035578846153846,c(-2.546842089, 42.39983054)
32902270,0.808234522211597,0.103119230769231,c(-2.622479406, 42.75535165)
32902338,0.583073164815745,0.112015384615385,c(-2.753879952, 43.35928614)
32921902,1.38303680078899,0.032838461538462,c(-1.946557415, 39.47974494)
32922088,0.872608014895688,0.091115384615385,c(-2.264310707, 41.13904016)
32922100,1.04308264438024,0.038163461538462,c(-2.285607384, 41.24593758)
32922142,1.35145518044237,0.141,c(-2.360938397, 41.61993436)
32922214,0.9135639570657,0.099876923076923,c(-2.493010996, 42.26055463)
32941850,1.30179560861765,0.030969230769231,c(-1.83893751, 39.01784781)
32941940,0.529422875779495,0.128503846153846,c(-1.98661015, 39.82195954)
32942242,1.36002894251872,0.037880769230769,c(-2.521389424, 42.51250688)
32942926,1.05534930182474,0.012398076923077,c(-4.006120349, 48.56550763)
32961790,1.40283841059048,0.080742307692308,c(-1.720663596, 38.48394469)
32962124,0.734727626459144,0.051076923076923,c(-2.281271291, 41.4655464)
32962168,1.22934508267197,0.029296153846154,c(-2.360677259, 41.85725708)
32981822,1.43870489463832,0.169892307692308,c(-1.748654549, 38.77303601)
32981868,0.858803197234824,0.145415384615385,c(-1.822437988, 39.18437577)
32982084,0.87728654645037,0.171365384615385,c(-2.186775964, 41.1121402)
32982206,0.898212682608341,0.057461538461538,c(-2.40648199, 42.1983246)
33001754,0.882267054659572,0.132286538461538,c(-1.619414161, 38.16719332)
33001938,1.12267206875867,0.022221153846154,c(-1.914188047, 39.81261667)
33002136,1.24722344739831,0.014619230769231,c(-2.255474109, 41.57825918)
33002172,1.02875282709911,0.100396153846154,c(-2.320408299, 41.89874923)
33002856,1.15942161438783,0.057323076923077,c(-3.754300508, 47.95857247)
33003590,0.709439051658356,0.133061538461538,c(-5.865234196, 54.40165605)
33022016,0.763896169486507,0.116607692307692,c(-2.022243908, 40.51163875)
33022080,0.760564622849581,0.0932,c(-2.132793219, 41.0822886)
33022128,1.24712284042987,0.095261538461538,c(-2.21753351, 41.509934)
33022146,1.62009341943766,0.113180769230769,c(-2.249724487, 41.67022622)
33022188,0.728047081766263,0.116430769230769,c(-2.3257306, 42.04408397)
33023682,0.491695887790883,0.034769230769231,c(-6.156597229, 55.20873017)
33041814,1.52786234281932,0.01785,c(-1.667972763, 38.70978661)
33042072,0.754195198415972,0.067615384615385,c(-2.095368747, 41.01387024)
33042156,1.40819784316964,0.022069230769231,c(-2.243977298, 41.76218499)
33042166,0.932174682424319,0.026276923076923,c(-2.261997638, 41.85121115)
33042228,0.852413409868822,0.024082692307692,c(-2.37532948, 42.40289675)
33061854,0.707714701601165,0.207307692307692,c(-1.708729948, 39.0703642)
33061972,1.23615959779918,0.100334615384615,c(-1.901534864, 40.12468033)
33062008,0.564780678451467,0.145792307692308,c(-1.962112895, 40.44597317)
33062038,0.756468292880177,0.048836538461538,c(-2.013241879, 40.71358955)
33062044,0.739419224711961,0.095175,c(-2.023539176, 40.76709899)
33062062,0.825862960676688,0.077861538461538,c(-2.05457542, 40.92759971)
33062080,0.750890499901103,0.105515384615385,c(-2.085829792, 41.08805921)
33062106,1.09244094906608,0.059075,c(-2.1313643, 41.31976164)
33062278,0.993425148272447,0.209809615384615,c(-2.44463858, 42.8504417)
33081708,0.803253690601321,0.019338461538462,c(-1.459423568, 37.76599437)
33081874,1.07711965970663,0.088569230769231,c(-1.717958936, 39.25197413)
33081892,1.32582489283564,0.048011538461538,c(-1.746978454, 39.41288115)
33082116,0.874936363762814,0.032209615384615,c(-2.125399492, 41.41174957)
33082864,0.56476003400862,0.016086538461538,c(-3.667921422, 48.04244428)
33101854,1.13973512662661,0.066607692307692,c(-1.663161838, 39.07590633)
33102046,0.966083960699247,0.035446153846154,c(-1.980224426, 40.79065063)
33102114,1.11113061517594,0.060025,c(-2.09827597, 41.39681864)
33102208,0.866792456742383,0.072528846153846,c(-2.266740509, 42.23380467)
33122048,0.775427184708914,0.077592307692308,c(-1.960266634, 40.81133822)
33122098,1.13244555151051,0.036492307692308,c(-2.046669676, 41.25711782)
33122120,0.947756481522657,0.135115384615385,c(-2.085224929, 41.45316118)
33122156,1.31117647639447,0.025855769230769,c(-2.149038077, 41.77382912)
33141710,0.864433595054144,0.020780769230769,c(-1.395338631, 37.79202638)
33141740,1.09415788213249,0.084565384615385,c(-1.440656449, 38.06088473)
33141808,1.17477524041239,0.084705769230769,c(-1.545279412, 38.66984068)
33142100,1.12736641789292,0.017746153846154,c(-2.026605733, 41.27781232)
33142268,0.931851098970906,0.091807692307692,c(-2.329362662, 42.77339492)
33142852,1.00519592645645,0.019942307692308,c(-3.559942128, 47.94647337)
33161724,1.19573091849935,0.048615384615385,c(-1.394012703, 37.92020637)
33161742,1.02802186202529,0.016207692307692,c(-1.42123315, 38.08150897)
33161828,1.55795216802724,0.062423076923077,c(-1.553850537, 38.8515672)
33162048,1.1666715042017,0.032671153846154,c(-1.913490159, 40.81702316)
33162080,0.876058748039355,0.136861538461538,c(-1.968387898, 41.10238864)
33162228,1.2208967173739,0.039230769230769,c(-2.231451668, 42.42054454)
33181700,0.548739684058199,0.047171153846154,c(-1.335657043, 37.70774894)
33181812,1.05612982057493,0.192613461538462,c(-1.50618454, 38.7111052)
33182050,0.969115364718055,0.048369230769231,c(-1.89350385, 40.83769741)
33182064,0.975133273189535,0.062076923076923,c(-1.917411132, 40.96256373)
33182122,1.1284337281738,0.041157692307692,c(-2.017858768, 41.47960489)
33182158,1.20478725375644,0.014128846153846,c(-2.081364563, 41.80031635)
33182222,1.1475260480721,0.022701923076923,c(-2.196518313, 42.37007654)
33182230,1.19908740954457,0.018853846153846,c(-2.211119414, 42.44126144)
33202038,1.00365564725151,0.032476923076923,c(-1.849754281, 40.7334734)
33202088,0.975994075791236,0.044338461538462,c(-1.935177736, 41.17941034)
33221806,1.12044396472341,0.175090384615385,c(-1.451562407, 38.66283388)
33221838,1.01769992037311,0.1209,c(-1.501314904, 38.94924808)
33222072,0.992736939869292,0.097223076923077,c(-1.884189041, 41.03957909)
33222076,1.16187887715513,0.073096153846154,c(-1.891039192, 41.07525038)
33222206,1.16009315929156,0.147861538461538,c(-2.119625319, 42.23348722)
33222252,0.834115945254256,0.1013,c(-2.203368441, 42.64282988)
33222318,0.860636317414055,0.039303846153846,c(-2.326248299, 43.22970386)
33241804,1.42249281900365,0.126969230769231,c(-1.425824231, 38.64763794)
33241828,1.29983304437167,0.041661538461538,c(-1.462983429, 38.86247804)
33241858,1.08267308434705,0.063484615384615,c(-1.509908756, 39.13092018)
33242254,0.670829450139795,0.1416,c(-2.182961837, 42.66353901)
33261874,0.957894736842105,0.177884615384615,c(-1.512296501, 39.27677465)
33261978,0.626853473438412,0.1435,c(-1.679884, 40.20628735)
33262130,0.977542395741543,0.144507692307692,c(-1.937244001, 41.56232454)
33262202,1.23538129052177,0.034528846153846,c(-2.064604681, 42.20365729)
33262896,1.26828740149673,0.030196153846154,c(-3.506113989, 48.35446226)
33281826,1.19589183419476,0.120794230769231,c(-1.414442519, 38.84999928)
33282078,1.03137088167892,0.095388461538462,c(-1.823982948, 41.1015635)
33282856,0.842622371443718,0.042323076923077,c(-3.384494609, 48.00466205)
33301858,1.13552859618718,0.0768,c(-1.441473625, 39.1390856)
33301954,1.44279297672519,0.058076923076923,c(-1.594405771, 39.99743092)
33302242,1.33600471420153,0.020961538461538,c(-2.088855342, 42.56547535)
33322034,1.03687902996877,0.051576923076923,c(-1.702864558, 40.71460187)
33322042,0.95752688172043,0.084307692307692,c(-1.716246514, 40.78599916)
33322870,1.27653619955384,0.051730769230769,c(-3.364554142, 48.13476006)
33341696,0.631165288838752,0.086261538461538,c(-1.150976526, 37.69313879)
33341814,1.37901640512916,0.136761538461538,c(-1.327852804, 38.75065267)
33341832,1.03219100321557,0.151363461538462,c(-1.355529894, 38.91180396)
33342038,0.947457627118644,0.056,c(-1.686176633, 40.75308688)
33342062,1.38569852397852,0.050071153846154,c(-1.726433241, 40.96725373)
33342884,1.24169541646131,0.024519230769231,c(-3.371129574, 48.26160419)
33343208,1.2635203260753,0.0677,c(-4.198340473, 51.11625443)
33362046,1.53284887632889,0.142576923076923,c(-1.676152621, 40.82726734)
33362060,0.978274845522227,0.076292307692308,c(-1.699617954, 40.9521992)
33362096,1.05623808825685,0.160492307692308,c(-1.76054891, 41.27334072)
33363162,0.5323348930986,0.057632692307692,c(-4.045355469, 50.71508911)
33382002,1.11476611338651,0.107884615384615,c(-1.579966508, 40.43722255)
33382110,1.01832696352247,0.149634615384615,c(-1.760866079, 41.40099353)
33401850,1.00025906735751,0.049846153846154,c(-1.315008129, 39.08098697)
33402066,1.02560553633218,0.133,c(-1.662777101, 41.01130276)
33402202,1.30403852791795,0.064015384615385,c(-1.897203316, 42.223699)
33402246,0.984524697246789,0.076742307692308,c(-1.97578893, 42.61546688)
33421980,1.1258367417478,0.13205,c(-1.497644362, 40.24619956)
33422016,0.704008930304795,0.049046153846154,c(-1.55637052, 40.56775008)
33422866,0.569173572922314,0.031675,c(-3.222652503, 48.11557217)
33422880,1.14340998351558,0.051551923076923,c(-3.255426908, 48.2392177)
33422902,0.98548675368393,0.076811538461538,c(-3.307343087, 48.43347565)
33441690,0.799121753964744,0.026030769230769,c(-1.030525078, 37.65241868)
33441708,0.767452063698407,0.053230769230769,c(-1.056690514, 37.81390734)
33441780,1.07621576511646,0.188861538461538,c(-1.163128636, 38.45942267)
33442040,1.08731019327413,0.145892307692308,c(-1.572589303, 40.7847854)
33442076,1.00078040766032,0.063605769230769,c(-1.632582369, 41.10608249)
33442270,0.60595117770249,0.048669230769231,c(-1.970923869, 42.83480375)
33442932,1.34446324714946,0.037463461538462,c(-3.352164912, 48.70153973)
33461826,1.24974474373615,0.083876923076923,c(-1.209921642, 38.87413195)
33462052,0.819470568492613,0.192094230769231,c(-1.56906407, 40.89466085)
33462168,1.26084100078136,0.035215384615385,c(-1.76598473, 41.92926568)
33481922,1.24205431458717,0.050403846153846,c(-1.335664022, 39.73590271)
33502280,0.607791364570934,0.0759,c(-1.916487638, 42.93237671)
33502294,0.500513682929066,0.014282692307692,c(-1.941884613, 43.05696087)
33502852,1.19767719742168,0.069757692307692,c(-3.084297008, 48.00465823)
33521706,0.84000956213395,0.034653846153846,c(-0.964235306, 37.80637919)
33522038,1.181787809997,0.102038461538462,c(-1.475731988, 40.77790656)
33541946,1.17368394979829,0.107140384615385,c(-1.304340896, 39.95858086)
33542042,0.861884434051537,0.085503846153846,c(-1.458895395, 40.81635431)
33542230,1.01627168383354,0.003932692307692,c(-1.778882125, 42.49289175)
33542240,1.81377652016565,0.049888461538462,c(-1.796579227, 42.58195109)
33561702,0.815851588925868,0.009611538461538,c(-0.913699658, 37.77566091)
33562026,0.746304590401654,0.252034615384615,c(-1.409380889, 40.67619106)
33562196,1.07922549415087,0.0084,c(-1.695321479, 42.19279968)
33562836,1.1199410171119,0.102738461538462,c(-2.968439973, 47.87272613)
33562926,1.25317913376123,0.024740384615385,c(-3.177095181, 48.66792065)
33581802,1.37239378586895,0.085211538461538,c(-1.037575815, 38.67496304)
33581994,1.37705935775961,0.432515384615385,c(-1.334392961, 40.3930161)
33582000,1.13528371200707,0.164001923076923,c(-1.344025134, 40.44662991)
33582012,0.889808108478598,0.144248076923077,c(-1.363356689, 40.5538441)
33582174,1.00737136573922,0.148263461538462,c(-1.633386722, 41.99951033)
33582292,0.362653438708593,0.085076923076923,c(-1.841256784, 43.05055493)
33582814,1.32489975878209,0.036938461538462,c(-2.892391283, 47.68134564)
33582822,1.23596153531117,0.060876923076923,c(-2.910392664, 47.75208737)
33601746,0.872406295505775,0.035942307692308,c(-0.932490183, 38.1755522)
33601804,1.26223400837121,0.102234615384615,c(-1.017880509, 38.69549749)
33602008,0.923127035830619,0.262019230769231,c(-1.333601637, 40.5208082)
33602044,1.03657936155616,0.046961538461538,c(-1.391933106, 40.84237762)
33602260,1.37450880586379,0.055480769230769,c(-1.759771144, 42.76850411)
33621986,1.14208058825672,0.313748076923077,c(-1.275119805, 40.32689953)
33622266,0.885677165098579,0.111894230769231,c(-1.746282738, 42.82474353)
33622846,1.12204344841897,0.036169230769231,c(-2.911898108, 47.97055214)
33641826,1.19576235978396,0.097375,c(-1.005272429, 38.89783113)
33641952,1.32499484977265,0.094513461538462,c(-1.198208058, 40.02560403)
33641988,0.776153735635805,0.237051923076923,c(-1.255064178, 40.34745543)
33642042,1.21785498986135,0.122740384615385,c(-1.341845886, 40.82993085)
33642142,1.06734731115018,0.072523076923077,c(-1.507458802, 41.7224643)
33642298,0.497966807193554,0.06305,c(-1.779262842, 43.11244579)
33642852,1.19966506088862,0.069865384615385,c(-2.89906078, 48.02673068)
33662002,1.55887772119612,0.137469230769231,c(-1.254101709, 40.47525728)
33662020,0.676623180903831,0.413011538461538,c(-1.282926203, 40.63609916)
33662110,0.968735354146194,0.185907692307692,c(-1.430117461, 41.43971431)
33662236,1.25567628325215,0.024788461538462,c(-1.645143224, 42.56314607)
33681992,1.25925511346291,0.244076923076923,c(-1.214917268, 40.38855452)
33682010,1.23606728387013,0.2331,c(-1.24357325, 40.54942652)
33682052,1.43049917718047,0.0885,c(-1.31122049, 40.92463957)
33682898,1.23385877226708,0.039630769230769,c(-2.951234426, 48.43961704)
33702020,0.884187099627144,0.204167307692308,c(-1.236231627, 40.64146049)
33702206,1.11308243692024,0.031217307692308,c(-1.545041321, 42.30136338)
33721992,1.57994768962511,0.117692307692308,c(-1.168397292, 40.39388034)
33722082,1.09351093626392,0.100557692307692,c(-1.313122991, 41.19792265)
33722122,1.15259335213193,0.099769230769231,c(-1.379096458, 41.55496011)
33722150,0.998181533155667,0.141288461538462,c(-1.425899475, 41.80477276)
33722168,1.13376380057094,0.176803846153846,c(-1.456261622, 41.9653176)
33722284,0.720368047007593,0.026671153846154,c(-1.657235301, 42.99903283)
33722838,1.25043975770293,0.061546153846154,c(-2.76169861, 47.91538393)
33722906,1.28646662584201,0.0202,c(-2.916291853, 48.51660649)
33741972,1.06866660551516,0.098498076923077,c(-1.113716865, 40.2177153)
33742110,0.746540311824036,0.230088461538462,c(-1.335551189, 41.45057602)
33742170,0.978868145882488,0.265636538461538,c(-1.435803584, 41.98588818)
33742314,0.536574304874323,0.043338461538462,c(-1.686406332, 43.26892463)
33762022,1.26267721844669,0.132969230769231,c(-1.169359917, 40.66733434)
33762094,0.886665526247929,0.246790384615385,c(-1.285621493, 41.31044801)
33762144,1.00708466285492,0.050169230769231,c(-1.368309875, 41.75668885)
33762184,1.02049491239689,0.041788461538462,c(-1.435645722, 42.11346876)
33762252,1.26351466505401,0.090525,c(-1.552604165, 42.71956664)
33762288,0.613569199742749,0.031176923076923,c(-1.615825118, 43.04022655)
33762832,1.35604196958384,0.021269230769231,c(-2.695481915, 47.86848572)
33781948,1.09504071938728,0.159113461538462,c(-1.030080024, 40.00832128)
33781984,1.31318292765389,0.118367307692308,c(-1.086058857, 40.33029899)
33782062,1.28609926601599,0.195905769230769,c(-1.210055627, 41.02737139)
33782074,1.14269621005218,0.164896153846154,c(-1.229468429, 41.13454776)
33782872,0.971590485714846,0.019288461538462,c(-2.758678284, 48.22537983)
33802018,1.2158760203478,0.187211538461538,c(-1.116296935, 40.63689174)
33802032,0.388031723143475,0.333173076923077,c(-1.13852405, 40.76200988)
33802036,0.814621951543842,0.276903846153846,c(-1.144896902, 40.79775354)
33802810,1.26483796886961,0.035323076923077,c(-2.59415881, 47.6799518)
33803256,0.738609332113449,0.159230769230769,c(-3.678545639, 51.61719021)
33822024,1.33724069805729,0.065538461538462,c(-1.102436691, 40.69316324)
33822042,0.714392582574899,0.368638461538462,c(-1.131045529, 40.85401979)
33822298,1.1388109971019,0.017923076923077,c(-1.560665625, 43.13760798)
33822802,1.16296176672454,0.047346153846154,c(-2.550355526, 47.61219241)
33842164,0.997740684538864,0.087538461538462,c(-1.306519253, 41.94595055)
33842206,1.19858878871031,0.018846153846154,c(-1.377241234, 42.32054431)
33842218,1.10461015128458,0.054761538461538,c(-1.397665625, 42.42753362)
33842866,1.12465948763338,0.022259615384615,c(-2.665457383, 48.18157447)
33862010,1.2036881268198,0.048923076923077,c(-1.033665031, 40.57328972)
33862028,1.21238145780936,0.166557692307692,c(-1.062003366, 40.73419248)
33862060,0.819619707744099,0.379626923076923,c(-1.112875193, 41.02014511)
33862160,1.00539468464895,0.054625,c(-1.276022644, 41.91296036)
33862232,1.46945912972753,0.077875,c(-1.397549205, 42.55506313)
33863294,0.347867269333416,0.002723076923077,c(-3.695822833, 51.96185128)
33882026,1.24092090605273,0.124775,c(-1.035461941, 40.71894714)
33882074,0.956937168915665,0.217315384615385,c(-1.111793609, 41.14786249)
33882116,1.493025190938,0.029336538461538,c(-1.179769656, 41.5229378)
33882200,1.08371363169432,0.048992307692308,c(-1.319146618, 42.27246692)
33882218,1.12138447797529,0.026792307692308,c(-1.349622767, 42.43297391)
33901978,1.14506364467485,0.234330769230769,c(-0.937309457, 40.29235782)
33902036,1.32025312477081,0.082240384615385,c(-1.027829999, 40.81095697)
33902114,1.64901581486424,0.025746153846154,c(-1.152835104, 41.50774582)
33902140,1.30780712218287,0.156859615384615,c(-1.195361301, 41.73984873)
33902280,0.439394044653858,0.058828846153846,c(-1.432051886, 42.98828912)
33902770,1.50144642023952,0.03555,c(-2.376416412, 47.34093071)
33903630,0.193,0,c(-4.630917571, 54.92160253)
33921980,1.63800511986071,0.072240384615385,c(-0.917157381, 40.31284744)
33922020,1.22336040594045,0.223834615384615,c(-0.979287947, 40.67055305)
33922038,1.33148741264467,0.201426923076923,c(-1.007562889, 40.83145737)
33922196,1.02506527415144,0.116153846153846,c(-1.264504585, 42.24219067)
33923916,0.423544298334239,0.019736538461538,c(-5.590478094, 57.42975254)
33941950,0.960389883203092,0.084538461538462,c(-0.848038706, 40.04702197)
33941964,0.733947742748509,0.288873076923077,c(-0.869382064, 40.1722984)
33942022,1.58226272805668,0.090138461538462,c(-0.959044636, 40.69104573)
33942180,1.08152022315202,0.073415384615385,c(-1.21385183, 42.10214695)
33942216,1.39176125843275,0.044476923076923,c(-1.274167718, 42.42325652)
33943296,1.01328157630631,0.028498076923077,c(-3.586557051, 51.99286141)
33961984,1.56036161335188,0.159323076923077,c(-0.876817451, 40.35381382)
33962088,1.30974802070645,0.191630769230769,c(-1.039972574, 41.28348703)
33962116,0.974297103936218,0.053025,c(-1.085043834, 41.53356376)
33962134,0.904481511933053,0.146278846153846,c(-1.114281576, 41.69427881)
33962182,1.0432880085054,0.140817307692308,c(-1.193273631, 42.12266816)
33962884,1.41042790392323,0.050919230769231,c(-2.546026739, 48.35919191)
33981990,1.28579513671811,0.240225,c(-0.862775694, 40.41007205)
33982022,1.41111016805296,0.093692307692308,c(-0.912289123, 40.69625413)
33982230,1.23036792619051,0.039523076923077,c(-1.249713622, 42.55348687)
33983292,0.942447616854709,0.064584615384615,c(-3.518399276, 51.96428635)
34002034,1.42612173307567,0.127251923076923,c(-0.907596901, 40.80614165)
34002136,1.06299897270326,0.161353846153846,c(-1.070035724, 41.71743086)
34003176,0.950330088109122,0.026775,c(-3.186693641, 50.94504632)
34003734,0.680092744272789,0.008025,c(-4.817761869, 55.85178887)
34021832,1.3447354904982,0.0265,c(-0.581462147, 39.00023288)
34022002,1.48552697932426,0.145784615384615,c(-0.834637077, 40.5225741)
34022030,1.0780523881895,0.053515384615385,c(-0.877950102, 40.77297349)
34022044,0.852015724421254,0.348392307692308,c(-0.899784123, 40.89813797)
34022174,1.04225968886398,0.197234615384615,c(-1.108354909, 42.05927712)
34022278,0.637288740068554,0.029403846153846,c(-1.283131048, 42.98678893)
34041970,1.55302013422819,0.06875,c(-0.762490596, 40.23885047)
34041988,1.20557459372368,0.059469230769231,c(-0.789881314, 40.39990946)
34042006,1.51050906526159,0.304721153846154,c(-0.817463487, 40.56092927)
34042024,1.30974736110834,0.130790384615385,c(-0.845238922, 40.72191009)
34062008,1.4199067409589,0.039482692307692,c(-0.797199627, 40.58139133)
34082060,1.32126834204756,0.144855769230769,c(-0.854358294, 41.04894123)
34082176,1.12849614336326,0.086988461538462,c(-1.039962153, 42.08506588)
34082784,1.34528704777012,0.054365384615385,c(-2.170370839, 47.49173388)
34083428,0.11426088172709,0.037509615384615,c(-3.749583449, 53.1784178)
34102020,1.18656008977659,0.218573076923077,c(-0.768907994, 40.69385872)
34102106,0.892021401351517,0.040678846153846,c(-0.903283534, 41.46260968)
34102872,1.27553933669636,0.0683,c(-2.332989127, 48.27414434)
34102908,1.3081686960729,0.069925,c(-2.412400845, 48.59279862)
34121886,1.36404808834054,0.037988461538462,c(-0.545302656, 39.49677715)
34122012,1.01946438967592,0.207230769230769,c(-0.733277388, 40.624861)
34122850,1.42478215697436,0.033796153846154,c(-2.258551691, 48.08232947)
34122882,1.25421773408741,0.045536538461538,c(-2.328244768, 48.36567145)
34123300,1.05615337699875,0.057225,c(-3.338852794, 52.05786309)
34141774,0.846252789398867,0.050319230769231,c(-0.363017902, 38.49484144)
34143312,1.10798403193613,0.075076923076923,c(-3.342097379, 52.16689761)
34143322,0.909105608572969,0.029507692307692,c(-3.368899204, 52.25502145)
34161996,1.13829446832852,0.139361538461539,c(-0.6622788, 40.48680592)
34162018,1.38008190293631,0.117153846153846,c(-0.695698774, 40.68363686)
34162032,1.33993903483235,0.101630769230769,c(-0.717115276, 40.80886294)
34162184,1.27670400081215,0.014959615384615,c(-0.95736262, 42.16698777)
34162756,1.4884373425232,0.053584615384615,c(-2.007188401, 47.25526705)
34181898,1.32669826224329,0.026153846153846,c(-0.493805628, 39.61179972)
34182024,1.3449219168607,0.210407692307692,c(-0.681461154, 40.73985498)
34182132,1.67420326557277,0.046226923076923,c(-0.849790867, 41.70525946)
34182178,1.46380151870662,0.028778846153846,c(-0.923690087, 42.11604157)
34182744,1.01479627107135,0.059742307692308,c(-1.956380575, 47.15176337)
34201876,1.39573033483058,0.038836538461538,c(-0.439023333, 39.41712046)
34201972,0.844156429227384,0.112107692307692,c(-0.579671058, 40.27706036)
34202062,1.25803392303483,0.051019230769231,c(-0.716350984, 41.08224704)
34202146,1.22934508267197,0.029296153846154,c(-0.848333326, 41.83289944)
34202854,1.25230232512042,0.029826923076923,c(-2.160982991, 48.12961889)
34202866,1.3108673261635,0.036561538461538,c(-2.186832906, 48.23590788)
34221974,0.688278281204326,0.14475,c(-0.559411525, 40.29747904)
34222096,1.04114862732723,0.024923076923077,c(-0.745606977, 41.38874717)
34222150,1.1833356085042,0.013880769230769,c(-0.830906383, 41.87121449)
34222730,1.08704235240671,0.068711538461538,c(-1.875707733, 47.03336468)
34242002,1.22360830503374,0.105269230769231,c(-0.578030528, 40.55061069)
34242074,1.10025345063523,0.040171153846154,c(-0.687802175, 41.19464152)
34242272,0.558257694801829,0.053994230769231,c(-1.006249017, 42.96265997)
34261794,0.946755278368454,0.069405769230769,c(-0.254817144, 38.68900137)
34261924,1.2266070430408,0.1055,c(-0.439429378, 39.85469924)
34262082,1.25977469278605,0.056501923076923,c(-0.676592957, 41.26871232)
34262824,1.14486112328047,0.122076923076923,c(-2.017658404, 47.87261547)
34282152,1.14970581493085,0.093976923076923,c(-0.762605094, 41.89681574)
34282836,1.23251282534005,0.019369230769231,c(-2.01651553, 47.98188099)
34302328,0.913586065061906,0.076146153846154,c(-1.027640165, 43.46987701)
34302720,1.55425884815693,0.088684615384615,c(-1.751502098, 46.95608457)
34322080,1.28496667373231,0.020176923076923,c(-0.602714945, 41.25844336)
34322776,1.24628571894173,0.055930769230769,c(-1.838901995, 47.45573814)
34342040,1.45393750963982,0.052407692307692,c(-0.518263328, 40.90319354)
34342302,1.22156382298402,0.161005769230769,c(-0.934942756, 43.24333961)
34342702,1.04568771756153,0.051992307692308,c(-1.663724442, 46.80199878)
34362082,1.23376502158441,0.1429,c(-0.558578425, 41.28137458)
34362150,1.22736923407747,0.123580769230769,c(-0.664105867, 41.88918569)
34362178,1.19346236525085,0.028465384615385,c(-0.708390263, 42.13930909)
34362268,0.362622461158984,0.031678846153846,c(-0.854132369, 42.94268891)
34381810,0.756669177657454,0.075857692307692,c(-0.140554363, 38.84710909)
34381904,1.30366934449204,0.025711538461538,c(-0.272218952, 39.69023866)
34382138,1.3027966754253,0.030992307692308,c(-0.621481788, 41.78450251)
34382156,1.33845332977624,0.077323076923077,c(-0.649697887, 41.94533825)
34382818,1.27978419549349,0.030461538461538,c(-1.846522451, 47.83680449)
34383700,0.466829537762493,0.011330769230769,c(-4.112954364, 55.62170255)
34402006,1.17310520434146,0.246265384615385,c(-0.39719876, 40.60639003)
34402118,1.03496586617036,0.016315384615385,c(-0.566635819, 41.60827862)
34402168,1.07417840375587,0.016923076923077,c(-0.64472208, 42.05508873)
34402178,1.3108673261635,0.036561538461538,c(-0.660526059, 42.14441717)
34402298,1.23984490162148,0.039815384615385,c(-0.855190638, 43.21550139)
34402352,1.20179335285202,0.014094230769231,c(-0.945915612, 43.69698255)
34402712,1.16841722696711,0.047557692307692,c(-1.605672448, 46.89921693)
34403276,1.40846939683733,0.027721153846154,c(-2.874314396, 51.89126741)
34403672,0.964363057974266,0.056942307692308,c(-3.993681752, 55.37913502)
34422080,1.04900966537307,0.159569230769231,c(-0.48470806, 41.2710175)
34442320,1.14066918096928,0.046480769230769,c(-0.843039395, 43.4169105)
34442708,1.22586926286509,0.135817307692308,c(-1.545861418, 46.86930922)
34443266,1.21599250321222,0.004701923076923,c(-2.791564372, 51.80930265)
34461998,0.941171119669853,0.078265384615385,c(-0.315359012, 40.54216387)
34462890,1.33249948932292,0.020907692307692,c(-1.891290633, 48.48658099)
34482148,1.34189988398087,0.048565384615385,c(-0.51796161, 41.8864945)
34482192,1.19348645144508,0.053688461538462,c(-0.586815086, 42.27963068)
34482660,1.30484249060724,0.041815384615385,c(-1.401014983, 46.44854298)
34483296,1.24236662436472,0.034717307692308,c(-2.810581784, 52.08041134)
34483786,0.441496831649255,0.101692307692308,c(-4.233555411, 56.39476436)
34502056,1.3718112281478,0.061219230769231,c(-0.35427787, 41.06625291)
34502098,1.15242432276477,0.013523076923077,c(-0.417491611, 41.44197549)
34502224,0.787908585012697,0.110144230769231,c(-0.613553348, 42.56795691)
34503420,0.961683168908938,0.035290384615385,c(-3.108459156, 53.17748012)
34503730,0.872767986925742,0.020976923076923,c(-4.020590928, 55.90629901)
34522098,0.99540279735444,0.113173076923077,c(-0.393818715, 41.44445863)
34522176,1.55616359669939,0.055886538461538,c(-0.513766104, 42.14173499)
34522698,1.45272545506736,0.028567307692308,c(-1.422573404, 46.7916248)
34523724,0.739470934389265,0.09085,c(-3.970122374, 55.85704417)
34542034,1.20740946082411,0.028788461538462,c(-0.274652808, 40.87427331)
34542106,1.08100556198469,0.039496153846154,c(-0.382250198, 41.51848635)
34542712,1.24754496840058,0.050615384615385,c(-1.423817819, 46.91873112)
34543662,0.158637327635822,0.024315384615385,c(-3.74580804, 55.31530676)
34561990,0.247100979014297,0.033957692307692,c(-0.187050395, 40.48272265)
34562164,1.43269745920935,0.076075,c(-0.447273818, 42.03951085)
34562704,1.40083371649993,0.050590384615385,c(-1.382315673, 46.85043769)
34562818,1.2078964081575,0.127938461538462,c(-1.608573356, 47.86242525)
34562872,1.29734644646502,0.036198076923077,c(-1.719781084, 48.34136969)
34582042,1.39724281005839,0.080446153846154,c(-0.239474296, 40.950774)
34582172,1.61398584506872,0.044638461538462,c(-0.435744605, 42.11350309)
34582178,1.4632979565975,0.028769230769231,c(-0.445049253, 42.16712213)
34582186,1.10199059146,0.085119230769231,c(-0.4574901, 42.23860805)
34582352,1.0313052255353,0.070246153846154,c(-0.724875434, 43.72038919)
34582676,1.6419272929956,0.006338461538462,c(-1.302601537, 46.60443069)
34602092,1.22212642458907,0.093530769230769,c(-0.290115823, 41.40066024)
34602152,1.27480991947644,0.040892307692308,c(-0.381027338, 41.93722767)
34602236,0.557003877814817,0.095446153846154,c(-0.512000666, 42.68775677)
34602380,1.18932102834542,0.01395,c(-0.747106693, 43.97262688)
34621956,1.2100590463196,0.019023076923077,c(-0.068580307, 40.18532716)
34622132,1.20219575810267,0.048865384615385,c(-0.326688059, 41.76088556)
34622806,1.32416946053033,0.053557692307692,c(-1.505015471, 47.76436245)
34622842,1.18929432148301,0.114273076923077,c(-1.57798415, 48.08378878)
34623626,0.16425028806172,0.00195,c(-3.513616013, 55.01204085)
34642044,1.47150112200307,0.023038461538462,c(-0.171910065, 40.97597562)
34642088,1.17511538328775,0.052905769230769,c(-0.236833723, 41.36977106)
34642160,1.18086874335447,0.023346153846154,c(-0.345529772, 42.01369614)
34662148,1.47625113739763,0.053169230769231,c(-0.303344771, 41.90887973)
34662634,1.13126890044756,0.046115384615385,c(-1.120488658, 46.24195228)
34662858,1.13812481349252,0.104232692307692,c(-1.557509539, 48.23134885)
34663314,1.65407326105667,0.025823076923077,c(-2.596720332, 52.26744449)
34682152,1.45005873795094,0.011253846153846,c(-0.285563527, 41.94710412)
34682394,1.2635,0,c(-0.671787183, 44.10773452)
34702166,1.54595856970055,0.036565384615385,c(-0.282979323, 42.07473022)
34702666,1.27183481080046,0.035511538461538,c(-1.128722144, 46.53183252)
34703724,0.7944089236883,0.022480769230769,c(-3.687489375, 55.88799744)
34722748,0.118506821140529,0.001407692307692,c(-1.259072768, 47.26320526)
34723000,1.31077156655307,0.047492307692308,c(-1.775983796, 49.49878444)
34723198,0.7730099996461,0.021888461538462,c(-2.225996377, 51.25143969)
34742632,0.898207495926127,0.0795,c(-1.01408607, 46.23486591)
34742674,1.2342476094615,0.082923076923077,c(-1.092049797, 46.60832642)
34742884,1.22000059021176,0.087680769230769,c(-1.504017569, 48.47320825)
34743334,0.901385996654491,0.098676923076923,c(-2.531476025, 52.45645045)
34762078,1.37308354494068,0.021530769230769,c(-0.080247237, 41.29482115)
34762150,1.53251356537168,0.067903846153846,c(-0.187061699, 41.93900404)
34762196,0.96513751435289,0.120721153846154,c(-0.256918485, 42.35026866)
34762502,1.63490878970735,0.006311538461538,c(-0.756275918, 45.08045272)
34762730,1.214419736484,0.039030769230769,c(-1.172135584, 47.10872929)
34762834,1.43049415006749,0.039765384615385,c(-1.375893394, 48.03231507)
34762898,1.29446756387506,0.020323076923077,c(-1.506030326, 48.60019606)
34763312,1.12502177797959,0.013205769230769,c(-2.447049108, 52.26517642)
34763716,0.900737100737101,0.021634615384615,c(-3.568522159, 55.82777041)
34782164,1.34961628977796,0.060288461538462,c(-0.184269062, 42.06663303)
34782740,1.11211532835067,0.060075,c(-1.165189988, 47.20028701)
34802042,1.41047936467121,0.027759615384615,c(0.019054895, 40.97728323)
34802604,1.01436367560457,0.064413461538462,c(-0.886188934, 45.9937161)
34803004,1.07523892267593,0.008369230769231,c(-1.675313983, 49.54567174)
34822134,1.23031990685329,0.055253846153846,c(-0.09160946, 41.80315911)
34822350,1.36140423166479,0.010573076923077,c(-0.426668683, 43.73301367)
34842126,1.36275014444036,0.084663461538462,c(-0.055954104, 41.73399213)
34862308,0.89298317603611,0.0252,c(-0.310342926, 43.3631031)
34862890,1.20396261442929,0.038707692307692,c(-1.355511293, 48.54312429)
34862944,1.0535106236067,0.025211538461538,c(-1.466599188, 49.02218739)
34882068,1.13241548062142,0.031742307692308,c(0.075941494, 41.21961)
34882144,1.4815608142694,0.023192307692308,c(-0.034920375, 41.89983263)
34882166,0.87414502437637,0.039896153846154,c(-0.067639485, 42.09662181)
34882360,1.22540433281688,0.009526923076923,c(-0.36902884, 43.82973801)
34882720,1.00788790866632,0.073557692307692,c(-0.996691669, 47.0359674)
34883350,1.13568284810746,0.056215384615385,c(-2.368153391, 52.61925591)
34902136,1.30066711404097,0.025653846153846,c(0.000739266, 41.83065166)
34902366,1.54898470794685,0.018092307692308,c(-0.354083554, 43.88576769)
34902946,0.974199749003161,0.031553846153846,c(-1.41660602, 49.0455018)
34902982,0.95557337228317,0.030969230769231,c(-1.491915522, 49.36477442)
34922386,0.991251897108612,0.011653846153846,c(-0.361805793, 44.06670981)
34922452,1.25427721400334,0.056269230769231,c(-0.470558615, 44.6553415)
34922776,1.17909572879331,0.175876923076923,c(-1.050700143, 47.5390076)
34922866,1.12654023117495,0.1089,c(-1.226867691, 48.33834484)
34922890,1.07607456280828,0.039323076923077,c(-1.275050545, 48.55138286)
34942160,1.2788343876387,0.0357,c(0.013060816, 42.05014466)
34942744,1.05525456212841,0.066836538461538,c(-0.963557588, 47.25728822)
34942784,1.2783343271319,0.035686538461538,c(-1.03972921, 47.6127704)
34943222,0.522869876361778,0.036892307692308,c(-1.970447645, 51.49639057)
34962128,1.14129949477147,0.017961538461538,c(0.083927601, 41.76620024)
34982150,0.972093023255814,0.1615,c(0.075602359, 41.96543787)
34982298,0.802977936127067,0.047869230769231,c(-0.14810049, 43.28851983)
34982564,0.371455212729077,0.195663461538462,c(-0.585834154, 45.66095902)
34982730,1.15636937607253,0.105726923076923,c(-0.884979451, 47.138124)
34982780,1.32934233049888,0.031603846153846,c(-0.979384021, 47.58256908)
35002106,1.03041370953782,0.111230769230769,c(0.163336786, 41.57399342)
35002110,1.30447156386939,0.020476923076923,c(0.157578458, 41.60980329)
35002134,1.02394392877439,0.187846153846154,c(0.122836492, 41.82462613)
35002236,0.762855080913802,0.056688461538462,c(-0.028576505, 42.73693816)
35002314,0.751253809229789,0.034480769230769,c(-0.148626528, 43.43385776)
35002386,1.22025909161854,0.014307692307692,c(-0.262878334, 44.07662219)
35002620,0.844271424517594,0.132553846153846,c(-0.65872072, 46.16213925)
35021982,1.25748006780087,0.019753846153846,c(0.360763738, 40.46531071)
35023494,1.07114534006348,0.03915,c(-2.533734248, 53.91271538)
35042052,1.04726583595998,0.020759615384615,c(0.287315296, 41.09503266)
35042124,1.06063927090468,0.062273076923077,c(0.184957135, 41.73982437)
35042146,0.967748199032413,0.057130769230769,c(0.153095764, 41.93673209)
35042530,0.851509232954545,0.133538461538462,c(-0.451258877, 45.36568281)
35042884,1.24381520119225,0.029630769230769,c(-1.102128648, 48.51445035)
35042938,1.28604816295064,0.052096153846154,c(-1.210654743, 48.99381577)
35043748,1.07309874418308,0.034646153846154,c(-3.224870101, 56.15623318)
35062104,1.20266210509435,0.06465,c(0.237419229, 41.56310586)
35062540,1.01805691854759,0.020192307692308,c(-0.442978158, 45.45730806)
35062630,1.04379860183803,0.020692307692308,c(-0.599421767, 46.25886456)
35062950,1.04843784833912,0.033876923076923,c(-1.20801144, 49.10304307)
35063818,0.706035079007573,0.132507692307692,c(-3.409186883, 56.77610866)
35082276,1.17627035591199,0.058107692307692,c(0.007673384, 43.10403789)
35082550,0.777165473888793,0.050105769230769,c(-0.434687475, 45.54892739)
35082780,1.3378640776699,0.0318,c(-0.847671902, 47.5958095)
35082784,1.20647107877186,0.033748076923077,c(-0.855225934, 47.63136618)
35082924,1.24233980162482,0.039892307692308,c(-1.128261506, 48.87499279)
35102290,1.35691108492704,0.066438461538462,c(0.010649237, 43.23153645)
35102740,1.31536756557074,0.042138461538462,c(-0.746683077, 47.24277486)
35102926,1.01215232270278,0.154830769230769,c(-1.105273064, 48.89545506)
35103484,0.730440498436517,0.180823076923077,c(-2.3872517, 53.83672133)
35122538,0.990804597701149,0.053875,c(-0.363569057, 45.44701399)
35142092,1.30224863106183,0.047198076923077,c(0.349308323, 41.46490872)
35142218,0.64539263063829,0.113376923076923,c(0.167513392, 42.59263906)
35142542,0.661187835141674,0.111311538461538,c(-0.344988593, 45.48515963)
35162334,1.61850481125093,0.064692307692308,c(0.016372071, 43.63181505)
35162510,1.19360301034807,0.018769230769231,c(-0.266022225, 45.20240508)
35162564,0.92164283410386,0.105673076923077,c(-0.356913337, 45.68370492)
35162590,0.638265074021602,0.112265384615385,c(-0.401423185, 45.91534662)
35162680,1.10469911628559,0.040326923076923,c(-0.559376491, 46.71671401)
35162766,0.99927003305953,0.015761538461538,c(-0.716170337, 47.48179926)
35162802,1.40043111546182,0.027567307692308,c(-0.783580518, 47.80187851)
35182124,1.21862177801157,0.0495,c(0.351624146, 41.75609692)
35182620,0.546094731985171,0.033061538461538,c(-0.42772249, 46.18507305)
35183700,0.716220168757295,0.166303846153846,c(-2.861525433, 55.75582593)
35202306,1.6659195781147,0.066461538461538,c(0.108351907, 43.38642845)
35202360,1.67734780445034,0.026176923076923,c(0.02524739, 43.86882599)
35202624,0.616351270395038,0.126861538461538,c(-0.408992471, 46.22321525)
35202882,1.22958464901627,0.049923076923077,c(-0.88364992, 48.51808345)
35202904,1.05927474471336,0.043307692307692,c(-0.926690477, 48.71351035)
35202922,0.827529855436832,0.0454,c(-0.962224482, 48.87337561)
35203908,0.665013689121968,0.002576923076923,c(-3.469504454, 57.59205744)
35222956,1.01879649287717,0.050723076923077,c(-1.002967408, 49.17795702)
35223528,0.008547931470001,0.002682692307692,c(-2.322423254, 54.24376202)
35223718,1.19301507055323,0.038369230769231,c(-2.851144212, 55.92098658)
35242112,1.13669045374983,0.071625,c(0.43993214, 41.65551282)
35242302,1.66826118736295,0.052846153846154,c(0.163325429, 43.35541471)
35242486,1.41924488350063,0.033669230769231,c(-0.125730382, 44.99821389)
35242684,1.04783715012723,0.0568,c(-0.462752387, 46.76249591)
35262010,0.948193064907473,0.069503846153846,c(0.603471582, 40.74360632)
35262100,1.2378757395271,0.034596153846154,c(0.480447086, 41.55030006)
35263752,0.858606127827582,0.055067307692308,c(-2.888000347, 56.22726896)
35282092,1.33836546444788,0.031811538461538,c(0.515273744, 41.4808965)
35282704,0.989174681279356,0.140192307692308,c(-0.44633653, 46.94558636)
35302114,1.36002894251872,0.037880769230769,c(0.508493297, 41.68025264)
35302214,0.840533439135874,0.049996153846154,c(0.36646486, 42.57549752)
35302442,1.58447645495775,0.037442307692308,c(0.020331744, 44.61289769)
35302784,1.01242177304163,0.064298076923077,c(-0.565051051, 47.65995944)
35302960,0.76386606663639,0.068423076923077,c(-0.902213498, 49.22415588)
35303270,0.765578085396764,0.053107692307692,c(-1.566783841, 51.97335298)
35303690,1.18494329515017,0.190138461538462,c(-2.64452251, 55.68663104)
35303726,1.22889735051858,0.034353846153846,c(-2.748282338, 56.00430508)
35322282,1.046130851688,0.101919230769231,c(0.290959575, 43.18600956)
35322812,1.09504532005824,0.017246153846154,c(-0.590413094, 47.9115541)
35323658,0.990393540593808,0.032061538461538,c(-2.522816511, 55.40728863)
35323916,0.75705168630023,0.008925,c(-3.297971242, 57.68261202)
35342068,1.49208927438987,0.059942307692308,c(0.619231899, 41.27257442)
35342334,1.27066935597354,0.180038461538462,c(0.237458392, 43.65314639)
35342564,0.936659232304261,0.180865384615385,c(-0.127822829, 45.70595671)
35342626,0.937595907928389,0.0225,c(-0.232494467, 46.25849634)
35342676,1.07722204523734,0.0583,c(-0.31895912, 46.70384728)
35342752,0.888568404339772,0.069784615384615,c(-0.454030209, 47.38036976)
35342896,0.927229193455416,0.132576923076923,c(-0.722704114, 48.66088158)
35342964,0.805705016075285,0.016048076923077,c(-0.855740284, 49.26498453)
35362530,0.803921199425707,0.182942307692308,c(-0.046256049, 45.40523188)
35362710,0.990847711927982,0.015630769230769,c(-0.352757804, 47.00907427)
35363754,0.983030620838696,0.031830769230769,c(-2.735023083, 56.26087377)
35382120,1.20248712953252,0.033640384615385,c(0.595386468, 41.74302895)
35382192,0.450059896179955,0.075323076923077,c(0.494449521, 42.38777669)
35382238,0.485380961535756,0.179757692307692,c(0.428423075, 42.7994204)
35382378,1.09679670816188,0.04005,c(0.219728922, 44.05095582)
35382516,0.97827074991884,0.111442307692308,c(0.001885336, 45.28278214)
35382588,1.17263513513513,0.0528,c(-0.116885207, 45.92478334)
35382858,1.22851988391246,0.019307692307692,c(-0.596652957, 48.32830061)
35383678,1.1572429906542,0.078153846153846,c(-2.485286859, 55.59319884)
35402092,1.42746853998286,0.039684615384615,c(0.657589837, 41.49438068)
35402214,0.494633247646904,0.022973076923077,c(0.487167813, 42.58695692)
35402314,1.4445836436112,0.121961538461538,c(0.34111547, 43.48138403)
35402344,1.43306435462781,0.183759615384615,c(0.296129002, 43.74952037)
35402488,1.32125238722866,0.070575,c(0.072271966, 45.03538413)
35403654,0.989333003866728,0.003828846153846,c(-2.387157845, 55.38434755)
35422288,1.61387604070305,0.064519230769231,c(0.40407125, 43.25123259)
35422410,1.52012779552716,0.061,c(0.22005037, 44.34147161)
35422446,1.55552469577106,0.018167307692308,c(0.163955819, 44.66291165)
35422716,1.19460010348234,0.018784615384615,c(-0.285073922, 47.06999302)
35422752,1.53684618055694,0.036357692307692,c(-0.348986378, 47.39046126)
35423508,0.85286512286591,0.046725,c(-1.967949308, 54.09704369)
35442438,1.37408627426316,0.021546153846154,c(0.201468156, 44.59385236)
35442582,1.1340148600938,0.05115,c(-0.030215463, 45.87859644)
35442636,0.929622831187754,0.055003846153846,c(-0.120811557, 46.3599003)
35462116,1.02263595948792,0.079476923076923,c(0.696136483, 41.71612929)
35462218,0.351851787753972,0.111046153846154,c(0.553922147, 42.62956458)
35462350,1.4366655917446,0.045846153846154,c(0.360986814, 43.81010924)
35462962,1.0689564610776,0.062730769230769,c(-0.688407264, 49.26298062)
35482240,0.942667780409985,0.157380769230769,c(0.546721742, 42.82870902)
35482492,0.991123940104636,0.040634615384615,c(0.166603395, 45.0806032)
35482708,1.09039841185605,0.021596153846154,c(-0.192774439, 47.00620053)
35482790,1.195,0,c(-0.338243351, 47.73617575)
35482964,0.928741965105601,0.026182692307692,c(-0.665075703, 49.28335418)
35483636,0.669194035669038,0.013365384615385,c(-2.21351029, 55.2375531)
35483702,0.921544040918966,0.100661538461538,c(-2.395880269, 55.82061278)
35502098,1.38368174834362,0.050001923076923,c(0.768139859, 41.55924333)
35502398,1.70759440408113,0.040234615384615,c(0.337858442, 44.24363932)
35503514,0.560505861098273,0.084576923076923,c(-1.862347989, 54.16190906)
35503892,1.29053794026604,0.080538461538462,c(-2.92593789, 57.50061243)
35522294,1.61242782412047,0.057790384615385,c(0.517422179, 43.31633092)
35522406,1.49907566105591,0.029451923076923,c(0.350507424, 44.31742737)
35522518,1.29723759804822,0.047025,c(0.175664107, 45.31735583)
35522590,1.13340748391197,0.031769230769231,c(0.058831696, 45.959573)
35522672,0.939944559802788,0.059971153846154,c(-0.078680684, 46.69043931)
35522766,1.39008357568219,0.098698076923077,c(-0.242450148, 47.5275654)
35522780,1.12051574270046,0.031419230769231,c(-0.267423988, 47.65218155)
35522856,1.21837440433513,0.029042307692308,c(-0.405734391, 48.32839364)
35523608,0.944851528313769,0.047215384615385,c(-2.076348829, 54.99611217)
35523634,0.982269758831696,0.02765,c(-2.146048971, 55.2259296)
35542260,0.714035087719298,0.088,c(0.590918754, 43.01444597)
35542404,1.35296230092933,0.048946153846154,c(0.378409072, 44.30187812)
35542602,0.893136151744092,0.102740384615385,c(0.06464797, 46.0689693)
35562300,1.51131533297677,0.054363461538462,c(0.557603999, 43.37453409)
35562342,1.68313832553302,0.053292307692308,c(0.49606662, 43.75009522)
35562612,0.84753175567977,0.023948076923077,c(0.073774925, 46.16052711)
35562696,0.736335209505941,0.0406,c(-0.067786114, 46.90913371)
35562756,1.46583058023543,0.040707692307692,c(-0.172112003, 47.44349252)
35563854,0.507390548704792,0.070538461538462,c(-2.711233367, 57.17500812)
35563912,0.996889857369255,0.068061538461538,c(-2.889611003, 57.68669794)
35582326,1.32065518164777,0.138230769230769,c(0.544197796, 43.60931726)
35582524,1.05324975868628,0.047680769230769,c(0.242034669, 45.37798017)
35582566,0.89937522547637,0.061815384615385,c(0.174653217, 45.75269627)
35582584,1.18000008037584,0.042957692307692,c(0.145405292, 45.91324175)
35602122,1.33199877438464,0.0209,c(0.854778547, 41.78532542)
35602536,1.06389544412355,0.082419230769231,c(0.248280789, 45.48741379)
35602558,0.85049320181285,0.098317307692308,c(0.21304521, 45.68369955)
35602810,1.29432451085823,0.041492307692308,c(-0.215303281, 47.92914133)
35602950,1.00857042891903,0.032630769230769,c(-0.474691784, 49.17439943)
35603400,0.716623465348524,0.042942307692308,c(-1.432914582, 53.16722815)
35622352,1.50550487421139,0.133390384615385,c(0.555244358, 43.84632291)
35622370,1.61084823691961,0.006219230769231,c(0.528637924, 44.00723135)
35622640,0.99769252592756,0.023907692307692,c(0.104567056, 46.41733851)
35622658,1.20740946082411,0.028788461538462,c(0.074527852, 46.57778679)
35642746,1.30320390890166,0.015265384615385,c(-0.049494684, 47.36425457)
35642830,0.869240031074694,0.081617307692308,c(-0.19809357, 48.11209983)
35642962,0.838960758473534,0.038351923076923,c(-0.44318754, 49.28617358)
35662070,0.968143681598474,0.048323076923077,c(0.995030062, 41.32560703)
35662424,1.42201505477245,0.057288461538462,c(0.497501032, 44.49436119)
35662600,1.22257184138706,0.06565,c(0.221776952, 46.06542763)
35662844,1.08096165469075,0.083630769230769,c(-0.196698441, 48.23916933)
35663410,1.01137819953715,0.173182692307692,c(-1.367731192, 53.26424883)
35663500,1.10966908127772,0.035784615384615,c(-1.585432856, 54.06123814)
35682398,1.39912486832509,0.074425,c(0.561378402, 44.26430998)
35682434,1.53652038885205,0.048876923076923,c(0.507355979, 44.58598817)
35702140,0.832967763376537,0.074153846153846,c(0.950004642, 41.95752217)
35702180,1.00512991762872,0.032523076923077,c(0.896058241, 42.31594183)
35702222,1.07206467961868,0.043807692307692,c(0.838476836, 42.69210998)
35702280,1.13035143769968,0.061,c(0.7573393, 43.21129518)
35702420,1.53644188026104,0.024030769230769,c(0.553389446, 44.4631813)
35702806,1.22771419356526,0.117530769230769,c(-0.075466942, 47.90585927)
35722404,1.05330731323335,0.061869230769231,c(0.602167132, 44.32246432)
35722746,0.553227425736727,0.023096153846154,c(0.055579765, 47.37395465)
35742112,1.29620233390093,0.015184615384615,c(1.034890306, 41.71082658)
35742526,0.764326080782685,0.126478846153846,c(0.441591872, 45.41447036)
35742714,1.42696432111596,0.039671153846154,c(0.136333027, 47.09124517)
35742828,1.07417840375587,0.016923076923077,c(-0.061307372, 48.10661024)
35743146,0.930743501277358,0.050775,c(-0.669633514, 50.9337546)
35743470,1.09265966399651,0.012830769230769,c(-1.391675756, 53.80696451)
35762944,0.970975396727274,0.035619230769231,c(-0.245819217, 49.14125894)
35763316,0.901696458474972,0.041101923076923,c(-1.005012814, 52.44489589)
35763334,1.33736270284227,0.031788461538462,c(-1.045299562, 52.60450843)
35782180,0.793907614130875,0.075075,c(0.992266543, 42.32460935)
35782360,1.29951932952631,0.063807692307692,c(0.741055954, 43.93582993)
35782450,0.938267583327334,0.145169230769231,c(0.608327277, 44.740302)
35802082,1.14027468448404,0.171076923076923,c(1.145298848, 41.44816437)
35802352,1.26763406967474,0.114732692307692,c(0.777295978, 43.86650421)
35822308,1.44666313559322,0.070523076923077,c(0.864560091, 43.47508093)
35822566,1.02940018095694,0.06055,c(0.480750396, 45.78072553)
35823892,1.21249635765724,0.076038461538462,c(-2.40009514, 57.55133207)
35842124,1.37866741771948,0.044076923076923,c(1.138365998, 41.82907256)
35842502,0.775249653570308,0.099328846153846,c(0.605120702, 45.21160075)
35842712,1.23139089545729,0.034421153846154,c(0.270372902, 47.08529351)
35842898,1.2464920677264,0.019584615384615,c(-0.05286525, 48.74190328)
35843492,1.17158965620928,0.079046153846154,c(-1.29419309, 54.01587616)
35882060,1.49184814244819,0.035330769230769,c(1.268165205, 41.25917309)
35882194,0.652359255540968,0.128432692307692,c(1.093917873, 42.46077066)
35882514,0.895632090211263,0.150711538461538,c(0.63741623, 45.32329786)
35882622,1.03770392251716,0.065798076923077,c(0.469051188, 46.28735304)
35882698,1.45097806474227,0.034396153846154,c(0.345802758, 46.96518474)
35882802,1.46862826357232,0.0348,c(0.170378304, 47.89200039)
35883324,1.45989545081436,0.109730769230769,c(-0.847782406, 52.53200135)
35883900,0.868134756039642,0.028215384615385,c(-2.325169624, 57.63128985)
35902512,0.972436046994436,0.027380769230769,c(0.665769812, 45.30769018)
35903466,1.61466819346747,0.012515384615385,c(-1.141886766, 53.79381914)
35922084,1.44082559444841,0.095476923076923,c(1.28510104, 41.4786919)
35922162,0.619024860989844,0.163038461538462,c(1.184380821, 42.17821501)
35922202,0.946139312255952,0.236634615384615,c(1.131500887, 42.5367093)
35922210,0.922343198895875,0.184875,c(1.120822632, 42.60838934)
35922558,1.26494043455109,0.079067307692308,c(0.620746523, 45.72072173)
35922588,1.14561959130979,0.046673076923077,c(0.574130333, 45.98852774)
35922706,1.63861913743143,0.019119230769231,c(0.384826406, 47.04118203)
35922918,1.00053648817323,0.007792307692308,c(0.019060191, 48.92965927)
35942062,1.1981741201376,0.069784615384615,c(1.336612675, 41.28334901)
35942470,0.689382773683684,0.077261538461538,c(0.779259079, 44.93694246)
35942488,0.884100406351768,0.132525,c(0.752451765, 45.09777761)
35942542,1.31623287506846,0.118609615384615,c(0.670798632, 45.58011604)
35943240,0.1773885449398,0.010984615384615,c(-0.580319681, 51.7944284)
35943316,0.162302744904605,0.001926923076923,c(-0.742741062, 52.46900099)
35962500,0.408988764044944,0.1456,c(0.759732736, 45.20721678)
35962540,0.392475937760053,0.020169230769231,c(0.69928261, 45.56450417)
35963184,0.114286103951011,0.012959615384615,c(-0.435986509, 51.2996995)
35982096,1.20123899576133,0.115288461538462,c(1.341141319, 41.59258098)
35982118,1.35040233333466,0.032088461538462,c(1.313139564, 41.78994108)
35982132,1.51075184948829,0.023638461538462,c(1.2951925, 41.91550848)
36002938,0.444807231760381,0.087784615384615,c(0.091456379, 49.11736196)
36022114,1.1646237597682,0.123923076923077,c(1.365934571, 41.75819876)
36042102,1.20811861854408,0.070323076923077,c(1.40493619, 41.65259674)
36042956,0.667537974189466,0.063888461538462,c(0.113370469, 49.28239798)
36043406,1.06774324565821,0.053030769230769,c(-0.794681496, 53.28078133)
36062060,1.68107891627786,0.039634615384615,c(1.48108454, 41.27769956)
36062262,1.25717469113282,0.024817307692308,c(1.221113239, 43.08903667)
36062492,0.974606303696449,0.071301923076923,c(0.897896486, 45.14679194)
36062644,1.01673067633807,0.028592307692308,c(0.66652199, 46.50419833)
36062860,0.957390647271978,0.104169230769231,c(0.310324131, 48.43000264)
36083178,1.16968215158924,0.0184,c(-0.253343128, 51.26162635)
36102588,0.802402736892354,0.033153846153846,c(0.804788386, 46.00877927)
36122898,1.04039968620987,0.029238461538462,c(0.325068394, 48.77554183)
36142378,1.49352934183936,0.029346153846154,c(1.161154445, 44.1360021)
36142410,1.1589416092861,0.083659615384615,c(1.116380898, 44.42229721)
36142702,1.60133773785798,0.084275,c(0.678655699, 47.03075208)
36142788,0.569661516763895,0.040061538461538,c(0.538858618, 47.79770544)
36142824,1.24885544857489,0.034892307692308,c(0.478741244, 48.11859168)
36142842,0.710759441231544,0.071584615384615,c(0.448318506, 48.27899922)
36162114,1.27077199026799,0.133707692307692,c(1.53287874, 41.77250196)
36162924,1.06460915859576,0.021096153846154,c(0.333703804, 49.01181014)
36182272,1.37979605279875,0.016148076923077,c(1.354147621, 43.1911521)
36182386,1.33924977127173,0.054134615384615,c(1.19969447, 44.21182948)
36182776,0.831568016614746,0.074038461538462,c(0.611593349, 47.69529506)
36202514,1.09226062277329,0.044596153846154,c(1.042692523, 45.35865439)
36203536,0.855815815174755,0.039092307692308,c(-0.852576481, 54.45526387)
36242492,0.866034310933941,0.135507692307692,c(1.125161463, 45.16629864)
36242802,1.406162563066,0.033369230769231,c(0.648467976, 47.93395002)
36243140,1.35311335750314,0.078103846153846,c(0.047721835, 50.94363935)
36262836,0.955062251591723,0.043428846153846,c(0.618875211, 48.23934111)
36282144,0.830910405427952,0.10095,c(1.639061251, 42.05375795)
36282504,1.01706465465345,0.041653846153846,c(1.158484004, 45.27785367)
36282930,1.35040233333466,0.032088461538462,c(0.486207891, 49.07928075)
36302512,0.717097921520184,0.072176923076923,c(1.17231289, 45.35150457)
36302530,1.2068514972565,0.043892307692308,c(1.146333235, 45.51240791)
36302902,1.04501820028782,0.091307692307692,c(0.561452087, 48.83213225)
36303142,1.27853810895226,0.051807692307692,c(0.128629936, 50.96871962)
36303160,1.16891329806566,0.047576923076923,c(0.094162752, 51.12881462)
36322504,1.17701775980306,0.125076923076923,c(1.209109799, 45.28210711)
36342154,0.281919934255863,0.101411538461538,c(1.698649408, 42.14946094)
36342600,1.0307702014725,0.024680769230769,c(1.094803905, 46.14221289)
36342964,0.843991481594159,0.209855769230769,c(0.508906865, 49.38909458)
36362146,0.878210116731517,0.1776,c(1.732484383, 42.07965811)
36362152,0.506883758864543,0.033259615384615,c(1.72511547, 42.13349808)
36362380,1.37041437140647,0.010642307692308,c(1.431430472, 44.17692689)
36362452,0.863665091524561,0.017182692307692,c(1.332826802, 44.82125798)
36362512,0.609266447126503,0.058638461538462,c(1.24835599, 45.35786692)
36382312,1.25617574269629,0.024798076923077,c(1.546471652, 43.57001111)
36382514,0.717224950739641,0.149925,c(1.270862583, 45.37785817)
36382568,0.798302423591354,0.022588461538462,c(1.193138142, 45.86056721)
36382586,1.14323018402385,0.0273,c(1.166829823, 46.02141843)
36422180,0.740625423529731,0.148638461538462,c(1.762792125, 42.3906468)
36422392,1.02102577188058,0.02025,c(1.489842847, 44.29051548)
36442160,1.0661172507044,0.236251923076923,c(1.811383907, 42.21316231)
36442800,1.24099949005609,0.0195,c(0.917572322, 47.93851513)
36462156,1.42508902306859,0.205046153846154,c(1.840277964, 42.17922213)
36462238,1.28096714683833,0.020115384615385,c(1.739063725, 42.91480085)
36462652,1.21249635765724,0.076038461538462,c(1.172354431, 46.61958989)
36462778,1.15982791072869,0.106009615384615,c(0.979034749, 47.74443574)
36462948,0.167089643880475,0.060384615384615,c(0.700423645, 49.26030533)
36463488,1.53366861219456,0.042511538461538,c(-0.347963724, 54.06345805)
36482182,0.532909690822437,0.1817,c(1.832658984, 42.41448102)
36482794,1.34491602855919,0.048669230769231,c(0.980277343, 47.8893863)
36483460,1.3933997053793,0.027432692307692,c(-0.256376818, 53.81735483)
36502284,1.25377757763102,0.056248076923077,c(1.729761253, 43.33115101)
36502698,1.09513645244648,0.084634615384615,c(1.155294101, 47.03468452)
36502878,0.939427996309654,0.082846153846154,c(0.871655194, 48.64082235)
36502900,0.771321031562495,0.035369230769231,c(0.835394537, 48.8369743)
36502932,1.10784942862638,0.050028846153846,c(0.782000706, 49.12222865)
36522208,0.666342417457989,0.103253846153846,c(1.84910104, 42.65164341)
36523014,1.20329027702463,0.014111538461538,c(0.669173787, 49.8551724)
36542372,0.892360123085068,0.070061538461538,c(1.665485419, 44.12358702)
36542470,0.900707673825615,0.033126923076923,c(1.534419479, 45.00088382)
36562280,1.40582227386704,0.056673076923077,c(1.808253021, 43.30122114)
36562298,1.25118906980328,0.101430769230769,c(1.785524579, 43.46256901)
36562924,1.47472861352738,0.053117307692308,c(0.876970482, 49.05762582)
36562934,1.16360694519719,0.027773076923077,c(0.860330681, 49.14677322)
36563158,0.09049459176722,0.009167307692308,c(0.466647777, 51.14202752)
36582404,0.69274358461177,0.116007692307692,c(1.673156437, 44.41416032)
36582596,0.841392545650541,0.058061538461538,c(1.409184494, 46.1318536)
36602158,1.05054731294983,0.130015384615385,c(2.006074425, 42.21070059)
36602258,1.05710118021483,0.071876923076923,c(1.884593534, 43.10788329)
36602384,1.12558754942322,0.008757692307692,c(1.72431494, 44.23705412)
36602546,0.912913106561341,0.045692307692308,c(1.505517326, 45.68687559)
36602568,1.00125208093976,0.015792307692308,c(1.474631791, 45.88360252)
36602618,0.931099195710456,0.0302,c(1.403345654, 46.33057023)
36602982,1.14080177964376,0.017953846153846,c(0.834332665, 49.57908178)
36603000,1.08610067618332,0.017107692307692,c(0.803694354, 49.73949262)
36603158,1.41244858010156,0.050988461538462,c(0.523401739, 51.14669305)
36622782,1.06785970839681,0.025546153846154,c(1.184886882, 47.79746698)
36642840,1.41897729822343,0.057173076923077,c(1.120974162, 48.3172216)
36642912,1.12117126606278,0.0506,c(1.005369864, 48.95946516)
36642922,1.2985750822068,0.052576923076923,c(0.989013095, 49.04863878)
36643156,1.00097632968156,0.11915,c(0.583825266, 51.13352547)
36662416,1.07443419949707,0.2842,c(1.757242617, 44.52959044)
36662704,1.06805338577807,0.029992307692308,c(1.355617951, 47.10523238)
36662830,1.31964895173086,0.053384615384615,c(1.163487445, 48.23014694)
36662908,1.30243741038932,0.163046153846154,c(1.039010948, 48.92598184)
36682522,1.22402842375234,0.019238461538462,c(1.640541566, 45.48034184)
36702298,1.32030343362288,0.047821153846154,c(1.957334344, 43.47622944)
36702442,0.76340516885476,0.068384615384615,c(1.773163261, 44.76635863)
36702474,1.26251944012442,0.06765,c(1.730715376, 45.05281948)
36703150,1.10367136336575,0.030961538461538,c(0.679819296, 51.08700038)
36722164,0.690347741306467,0.260336538461538,c(2.143295334, 42.2759432)
36722782,0.804900765051558,0.0981,c(1.317556631, 47.80809653)
36722926,0.807307320206092,0.059794230769231,c(1.091285793, 49.09305143)
36722938,1.29761444229529,0.0694,c(1.071755315, 49.20007014)
36723010,1.08103104765067,0.073384615384615,c(0.952283427, 49.84199333)
36723172,1.07657900724897,0.053446153846154,c(0.668315986, 51.2851838)
36742492,1.24131964123641,0.029573076923077,c(1.757186689, 45.2179064)
36742604,0.903395740571858,0.103798076923077,c(1.603755411, 46.21980813)
36742852,1.18584903802603,0.023442307692308,c(1.236258856, 48.43503514)
36742982,1.13442769545222,0.036553846153846,c(1.026705412, 49.59459012)
36743000,1.17909297342246,0.037938461538462,c(0.996693479, 49.75506032)
36762164,0.985034206094572,0.157257692307692,c(2.191430257, 42.27969243)
36782572,0.859738416782952,0.024284615384615,c(1.699605162, 45.93767385)
36782716,1.15822644968699,0.018223076923077,c(1.49523829, 47.22490881)
36782730,1.25267973340695,0.024730769230769,c(1.474676558, 47.34997706)
36822342,0.623189907855743,0.049984615384615,c(2.050530095, 43.88219373)
36822426,0.937748212471868,0.034442307692308,c(1.944425364, 44.63484615)
36822792,0.865680252308922,0.114638461538462,c(1.435258391, 47.90786444)
36822814,1.35919507166679,0.060690384615385,c(1.401983093, 48.10429815)
36822868,1.58494546825846,0.031086538461538,c(1.318902726, 48.58631819)
36842308,0.423599819682579,0.010292307692308,c(2.117036766, 43.57927575)
36842488,0.885803774175867,0.017615384615385,c(1.888982013, 45.1919648)
36842826,1.54804789348004,0.088361538461538,c(1.410446258, 48.21352337)
36862270,1.16955596378551,0.181373076923077,c(2.187507769, 43.24034749)
36862396,1.0250276406559,0.012046153846154,c(2.032607937, 44.36995612)
36862590,0.527399252181138,0.0372,c(1.777592649, 46.10666538)
36862662,0.901313314969294,0.014238461538462,c(1.67744495, 46.75048844)
36882384,1.11791112603979,0.026711538461538,c(2.072597021, 44.26434248)
36882622,1.07606069299672,0.034738461538462,c(1.759317287, 46.39485342)
36882640,0.620092105799405,0.056269230769231,c(1.734304269, 46.55580945)
36882964,1.06927467870504,0.012559615384615,c(1.248330179, 49.44922342)
36902560,0.606218265955396,0.042523076923077,c(1.869594635, 45.84223464)
36922168,1.10111423311695,0.206076923076923,c(2.379470906, 42.3303833)
36922798,1.32747094709007,0.005130769230769,c(1.55934912, 47.97178241)
36922820,1.56571556379206,0.037015384615385,c(1.526490839, 48.16825354)
36922952,0.999246396475555,0.058880769230769,c(1.322342927, 49.34643096)
36942938,0.89926410466067,0.134492307692308,c(1.371875481, 49.22363313)
36962384,1.00854807305749,0.024161538461538,c(2.172160465, 44.27192447)
36962716,1.35754527162978,0.021292307692308,c(1.731556738, 47.24322145)
36962780,1.263,0,c(1.639096866, 47.81508639)
36962806,1.00783867021052,0.088346153846154,c(1.600778569, 48.04732842)
36962888,1.23680325782642,0.055528846153846,c(1.476959801, 48.77949781)
36962982,1.21664001764349,0.09315,c(1.329229374, 49.61829907)
36963004,1.17958122626373,0.053096153846154,c(1.293721702, 49.81453775)
36982404,1.11493442603518,0.026642307692308,c(2.172307568, 44.45304684)
36982782,1.03706691853434,0.128561538461538,c(1.662728323, 47.83498235)
37002426,1.22590555540067,0.034273076923077,c(2.169905551, 44.65206442)
37002606,0.91038421979112,0.053926923076923,c(1.936118555, 46.26358017)
37002984,1.11803762976551,0.031351923076923,c(1.381069434, 49.64036573)
37003278,1.43569388240895,0.095169230769231,c(0.877323544, 52.26084849)
37022386,1.20794545105321,0.038830769230769,c(2.244398493, 44.29547533)
37022674,1.27983455053827,0.035726923076923,c(1.869086117, 46.87372347)
37022938,1.19811632356067,0.059123076923077,c(1.481074682, 49.23200272)
37023010,1.12420321710461,0.076092307692308,c(1.366948487, 49.87441596)
37023016,1.05281463776477,0.066692307692308,c(1.357265148, 49.92793676)
37023294,1.50470226574064,0.054138461538462,c(0.876995467, 52.40558193)
37042554,1.08960626488102,0.100234615384615,c(2.056660948, 45.80213477)
37042680,1.1446293494705,0.046634615384615,c(1.886876968, 46.92934204)
37042806,1.19222652597836,0.064125,c(1.707482973, 48.05544753)
37042900,1.30680141950952,0.031084615384615,c(1.566924146, 48.89488608)
37062384,1.1256154411869,0.050790384615385,c(2.296647923, 44.28126769)
37062654,1.03086195319281,0.060630769230769,c(1.948677095, 46.6987902)
37082290,0.360965794768612,0.044230769230769,c(2.433379528, 43.44008028)
37082380,1.0912230590548,0.084357692307692,c(2.326397519, 44.24725936)
37082800,1.19551735458262,0.033451923076923,c(1.769563277, 48.00586321)
37082818,1.34441329206935,0.048651923076923,c(1.743343324, 48.16667163)
37082974,1.14111805900912,0.056469230769231,c(1.506939109, 49.55950227)
37102564,0.809219417153754,0.072192307692308,c(2.120389607, 45.89737948)
37102798,1.27003223648197,0.051480769230769,c(1.799111528, 47.9899918)
37103014,1.04357239797582,0.086048076923077,c(1.471239453, 49.91849434)
37122992,0.912098593994098,0.058298076923077,c(1.533718711, 49.72427222)
37142388,1.23354037267081,0.0662,c(2.391454668, 44.32449661)
37142694,1.11671075014012,0.022105769230769,c(1.998335467, 47.06429994)
37143022,1.20903997641013,0.086961538461539,c(1.513926353, 49.99403302)
37162926,0.703035624350958,0.137042307692308,c(1.690501035, 49.13925926)
37183012,0.97969587098869,0.111586538461538,c(1.585165099, 49.90893673)
37183026,1.16493838825243,0.023038461538462,c(1.563075087, 50.03386389)
37202358,0.690124514131366,0.065907692307692,c(2.501758513, 44.06093832)
37202566,0.618581958535799,0.122598076923077,c(2.245969526, 45.92473112)
37202638,1.06306764231716,0.048103846153846,c(2.152022607, 46.56913832)
37222482,0.863767782019553,0.031811538461538,c(2.377274148, 45.17428745)
37222540,0.9710407239819,0.116,c(2.304721933, 45.69379894)
37222666,1.05400525564034,0.025223076923077,c(2.140758387, 46.82155065)
37223008,0.867950060542592,0.059784615384615,c(1.646791868, 49.87734044)
37242460,0.808140224834421,0.040661538461538,c(2.429543319, 44.97899325)
37242510,0.52955007233945,0.027023076923077,c(2.367885463, 45.42696308)
37242618,1.09423274352316,0.044673076923077,c(2.230138056, 46.39394741)
37242640,0.888785121970856,0.044538461538462,c(2.201285013, 46.59082362)
37242856,1.16741920838664,0.068115384615385,c(1.902687414, 48.52207555)
37243036,1.07380014369064,0.025684615384615,c(1.630650835, 50.1292666)
37262116,1.37262780182471,0.043892307692308,c(2.844749984, 41.89317291)
37262440,1.06020378353974,0.131053846153846,c(2.478978761, 44.80156738)
37262830,0.9562918600035,0.098988461538462,c(1.966978804, 48.29172645)
37282430,0.811800775101408,0.064142307692308,c(2.516109591, 44.71373787)
37282438,0.466978058808712,0.099165384615385,c(2.506517258, 44.78544972)
37282474,0.660087544767211,0.033461538461538,c(2.462950617, 45.108092)
37282492,0.648652406888888,0.084478846153846,c(2.440918132, 45.2693761)
37282682,1.14606504031339,0.072173076923077,c(2.197715347, 46.97038177)
37282916,0.716556810024147,0.057046153846154,c(1.868936084, 49.0619949)
37302458,0.596840013725193,0.036023076923077,c(2.507603449, 44.96651723)
37322140,1.52533753739187,0.048538461538462,c(2.891328209, 42.11405091)
37322662,0.855134309266629,0.134030769230769,c(2.276383662, 46.79520407)
37322788,1.30646766169154,0.00505,c(2.106274302, 47.92214214)
37322932,1.10862394061489,0.031096153846154,c(1.899770491, 49.20885673)
37322942,1.02735832011724,0.042057692307692,c(1.884921717, 49.29816656)
37323018,1.38593479055373,0.010761538461538,c(1.769803918, 49.97673804)
37342314,0.251984605217121,0.010653846153846,c(2.72562177, 43.67861451)
37342350,1.075290427749,0.068019230769231,c(2.684657036, 44.00164578)
37342800,1.19194844520362,0.009269230769231,c(2.11625221, 48.03133721)
37362486,0.639967685700923,0.095423076923077,c(2.549572962, 45.22285691)
37362534,1.13107344632768,0.0088,c(2.490925814, 45.65291656)
37362588,1.19871426838637,0.048730769230769,c(2.423496551, 46.13653347)
37362642,0.990646492434663,0.245038461538462,c(2.354481867, 46.61994482)
37362918,0.846941054542825,0.042530769230769,c(1.974923484, 49.08774272)
37363038,1.27528470054382,0.030357692307692,c(1.794505451, 50.15928763)
37382484,0.403553790498549,0.059617307692308,c(2.577309426, 45.20672802)
37382566,0.916619124342662,0.095273076923077,c(2.476811592, 45.94135155)
37382578,1.05038255110198,0.1243,c(2.461807178, 46.04881667)
37382614,0.755722761775332,0.071723076923077,c(2.416326326, 46.37115121)
37422160,1.42528561761076,0.033807692307692,c(2.990588523, 42.30228177)
37422586,1.21238569429529,0.054492307692308,c(2.503244494, 46.1240938)
37422816,1.174,0,c(2.200950434, 48.1820052)
37423086,0.946288619089922,0.064830769230769,c(1.803744592, 50.59374643)
37442368,1.28616134410671,0.025375,c(2.788258488, 44.17187205)
37442606,0.909407408127363,0.010701923076923,c(2.503975558, 46.30499991)
37462124,1.43214457620444,0.121038461538462,c(3.075944863, 41.98194343)
37462370,1.15982791072869,0.106009615384615,c(2.810860599, 44.19154818)
37462484,0.486375152159914,0.047371153846154,c(2.678598662, 45.21384302)
37482812,1.33242322464525,0.042661538461538,c(2.286712736, 48.15190405)
37502154,1.59926295962657,0.084175,c(3.093171077, 42.25500537)
37502514,0.358285467135021,0.048496153846154,c(2.693622446, 45.48624588)
37503086,1.53087918543176,0.017884615384615,c(1.916148535, 50.60172785)
37522944,0.828997729484269,0.086957692307692,c(2.155688669, 49.33551591)
37542526,0.855737704918033,0.046875,c(2.730244854, 45.59730463)
37542814,1.2195,0,c(2.364261796, 48.17539062)
37542850,1.25427721400334,0.056269230769231,c(2.315151286, 48.49728298)
37562340,0.646270590412734,0.012913461538462,c(2.968451298, 43.9308825)
37562394,0.764172921337362,0.053015384615385,c(2.908395354, 44.41546353)
37562422,0.451897184822521,0.120153846153846,c(2.876719794, 44.66663832)
37562430,0.516555228670768,0.06525,c(2.867601292, 44.73839152)
37562466,0.512430748368215,0.103742307692308,c(2.826186849, 45.06122115)
37562596,1.04739398871887,0.012305769230769,c(2.671259236, 46.22620811)
37562704,1.22777225351149,0.044619230769231,c(2.535785153, 47.19315744)
37562776,0.855122636989798,0.020561538461538,c(2.441836155, 47.83737204)
37562812,1.20484195017412,0.081107692307692,c(2.393721887, 48.15935963)
37562974,1.22161068393363,0.049615384615385,c(2.167246589, 49.60737399)
37582414,0.647852093529092,0.0805,c(2.910861743, 44.59659093)
37582662,1.07703509060054,0.156907692307692,c(2.615309344, 46.81900643)
37582828,1.01447434734402,0.0079,c(2.398918894, 48.30429403)
37583008,1.06865688289752,0.034507692307692,c(2.145248467, 49.91301995)
37583076,1.16965956842127,0.052673076923077,c(2.043784223, 50.5203115)
37602280,1.62444159739395,0.031836538461538,c(3.082711569, 43.39551878)
37602420,0.384407888014713,0.153048076923077,c(2.929151131, 44.65211839)
37602424,0.249216114308394,0.030961538461538,c(2.924631073, 44.68799874)
37602640,0.75120573096485,0.055871153846154,c(2.668806037, 46.62380868)
37622476,0.355955690517942,0.100730769230769,c(2.890477684, 45.15605204)
37622758,1.35452294035347,0.043338461538462,c(2.545135409, 47.6818123)
37623064,0.810570557948934,0.0483,c(2.117927824, 50.41703536)
37623100,1.05587602841249,0.038613461538462,c(2.063570469, 50.73850122)
37642496,0.446369835539511,0.041153846153846,c(2.892727251, 45.33708344)
37642574,1.01881966776438,0.104782692307692,c(2.800912784, 46.03615486)
37642784,0.995719396680799,0.023861538461538,c(2.537730225, 47.91624179)
37642978,1.20378622224849,0.023788461538462,c(2.271684421, 49.65071913)
37662516,0.519574102475569,0.042023076923077,c(2.894944689, 45.51809268)
37682420,0.701689729031381,0.094984615384615,c(3.029480397, 44.65888437)
37682496,0.65537873965627,0.033230769230769,c(2.943503738, 45.34050242)
37682550,0.994362809139283,0.072642307692308,c(2.880711098, 45.82455569)
37682582,0.544462048799272,0.041126923076923,c(2.842810859, 46.1113057)
37682906,0.759591228617258,0.056459615384615,c(2.427599653, 49.01094905)
37702818,1.0726971869829,0.0935,c(2.573157235, 48.22582986)
37722426,0.149833419133002,0.010067307692308,c(3.073012376, 44.71606247)
37722504,0.869088518122791,0.064076923076923,c(2.985139338, 45.41562676)
37722648,0.936,0.038461538461538,c(2.815030654, 46.70600308)
37722822,0.997453974136889,0.045269230769231,c(2.594695234, 48.26341643)
37722832,1.19452189431757,0.033425,c(2.581506198, 48.35286763)
37742434,0.910908851075056,0.066953846153846,c(3.089275834, 44.78950198)
37742592,0.840468299934958,0.006553846153846,c(2.908231985, 46.20607697)
37742710,0.789421645004103,0.050855769230769,c(2.764760938, 47.26291741)
37742812,0.93754605432268,0.102230769230769,c(2.634595842, 48.1757552)
37743100,1.09510057545035,0.026180769230769,c(2.232762461, 50.75005591)
37762968,1.18407290866924,0.033142307692308,c(2.451108843, 49.57255373)
37763062,1.14968896200709,0.02745,c(2.316919513, 50.41251937)
37782406,1.01853464710722,0.041711538461538,c(3.170187117, 44.54157663)
37782456,0.909423438878342,0.053873076923077,c(3.115255407, 44.99018684)
37782982,1.13578022273441,0.027126923076923,c(2.459091804, 49.69953019)
37783050,1.11174405914798,0.022009615384615,c(2.362326237, 50.30718825)
37783054,0.743473423256359,0.014826923076923,c(2.356537607, 50.34292576)
37802332,0.876945961286282,0.017442307692308,c(3.274161884, 43.87890542)
37802434,0.584261695437336,0.041046153846154,c(3.164715233, 44.7944718)
37802452,0.969115364718055,0.048369230769231,c(3.14491212, 44.95596091)
37802632,0.772523961661342,0.021875,c(2.938320288, 46.56958971)
37822406,0.800349370214219,0.121496153846154,c(3.220262784, 44.54485473)
37822478,0.737908061292472,0.0994,c(3.141366781, 45.19083917)
37822910,1.31586893671699,0.042153846153846,c(2.61276489, 49.05948904)
37822928,1.26253192265597,0.051192307692308,c(2.588452105, 49.22044319)
37823096,1.02306278977037,0.016130769230769,c(2.351472821, 50.72188917)
37862420,1.07394825720563,0.237575,c(3.255299361, 44.67375528)
37862536,0.980853470675217,0.003796153846154,c(3.127172854, 45.7142775)
37862928,1.37879396179504,0.016136538461538,c(2.643124043, 49.22404879)
37863018,0.989099486142701,0.086846153846154,c(2.519388458, 50.02863763)
37863032,0.919787657077934,0.018278846153846,c(2.499670896, 50.15375965)
37863050,0.87613104524181,0.013846153846154,c(2.474128796, 50.31461694)
37882440,0.576703841387856,0.068846153846154,c(3.258830793, 44.85485323)
37882530,1.07427934384456,0.05815,c(3.159498445, 45.6621367)
37882584,1.28996678888566,0.020253846153846,c(3.098045131, 46.14623561)
37882782,1.08414403239784,0.063565384615385,c(2.85996445, 47.9196516)
37882980,1.01654998292189,0.037228846153846,c(2.59986013, 49.69078485)
37902328,0.610204081632653,0.095384615384615,c(3.40205689, 43.85098999)
37902390,1.31525031429785,0.076084615384615,c(3.337390284, 44.40771527)
37902540,1.10378094764241,0.064642307692308,c(3.173810639, 45.75345255)
37902958,0.862556585471007,0.0722,c(2.657426594, 49.49589246)
37902990,0.79945122724975,0.075559615384615,c(2.613736737, 49.78199109)
37903026,1.16792231352044,0.0629,c(2.563802166, 50.1037915)
37903116,1.1969407562699,0.009307692307692,c(2.435205625, 50.90802374)
37922340,0.553282568429718,0.0282,c(3.414458945, 43.96035319)
37922448,0.749136189337402,0.067192307692308,c(3.300575265, 44.92987835)
37922808,1.20790665422165,0.054301923076923,c(2.880658248, 48.15582612)
37923016,0.75547474679611,0.084046153846154,c(2.60554129, 50.01622195)
37923070,0.84565253168029,0.08855,c(2.529680097, 50.49885309)
37923106,0.782471499036357,0.058061538461538,c(2.478021083, 50.82053194)
37942418,1.11830954127405,0.11385,c(3.357820332, 44.66225682)
37942720,0.677040648211741,0.031180769230769,c(3.015848871, 47.36971676)
37942882,1.30333948783816,0.041769230769231,c(2.812883224, 48.81971582)
37943040,1.00650948589327,0.007838461538462,c(2.599972385, 50.23255742)
37943058,0.913631459057667,0.037576923076923,c(2.574708351, 50.3934364)
37962780,1.382856239127,0.027230769230769,c(2.969028119, 47.90864164)
37963036,0.746086404117817,0.055511538461538,c(2.63344855, 50.19861181)
37963072,1.19825025750681,0.115034615384615,c(2.582988447, 50.52037561)
37982642,1.0718198110005,0.025638461538462,c(3.160535626, 46.67434259)
37982764,1.03122715957841,0.05595,c(3.015305148, 47.76710158)
37982956,1.11912754536935,0.097153846153846,c(2.770070862, 49.48512968)
37983124,0.851962477393387,0.010032692307692,c(2.53692404, 50.98687688)
38002826,1.37108355725339,0.049569230769231,c(2.965290064, 48.32381766)
38003068,1.22123735109517,0.024125,c(2.644758673, 50.48824637)
38022398,0.750401936208834,0.110076923076923,c(3.479024202, 44.48906094)
38022408,0.872315689452798,0.10545,c(3.468637477, 44.5788394)
38022606,0.992055581226484,0.067753846153846,c(3.253672616, 46.35499137)
38023064,0.821538085141086,0.056769230769231,c(2.678397663, 50.45429173)
38042428,0.781032798628145,0.114057692307692,c(3.472872683, 44.75995046)
38042982,1.06569634976021,0.034415384615385,c(2.818038676, 49.72292974)
38043050,1.1074726186655,0.017438461538462,c(2.725800428, 50.33093241)
38062710,0.806882386399545,0.026276923076923,c(3.185864303, 47.29020081)
38062872,1.28334904231326,0.085938461538462,c(2.988313141, 48.74062777)
38082624,0.929631979695432,0.030153846153846,c(3.311068911, 46.52121747)
38083008,0.928643781654474,0.1115,c(2.838631643, 49.9589457)
38083026,0.835318024791709,0.053653846153846,c(2.814390396, 50.11990026)
38102416,0.519085779703982,0.059307692307692,c(3.560672172, 44.6569117)
38102758,0.741445332987607,0.021013461538462,c(3.181913926, 47.72344003)
38122788,1.14472049443836,0.027334615384615,c(3.172601195, 47.99375129)
38122792,1.14824401189793,0.04185,c(3.16778275, 48.02956841)
38142550,0.958663816987256,0.125407692307692,c(3.470164073, 45.86250233)
38162422,0.21517056580439,0.0297,c(3.629859256, 44.71541156)
38162602,1.06699723983528,0.048273076923077,c(3.43922407, 46.33040757)
38162848,1.08633464479314,0.084011538461538,c(3.153357207, 48.53426519)
38162866,1.1490860670621,0.046807692307692,c(3.131181811, 48.69538897)
38162902,1.16416549789621,0.078584615384615,c(3.086282737, 49.01758587)
38162926,1.25621568252113,0.045605769230769,c(3.055936964, 49.23234708)
38182406,1.28454578650546,0.052038461538462,c(3.671173096, 44.57327463)
38182982,0.97293246277735,0.035688461538462,c(3.011447343, 49.73505843)
38202488,0.736600720594165,0.112911538461538,c(3.612429909, 45.31093083)
38202974,1.29378879029826,0.030784615384615,c(3.049421879, 49.66519636)
38222384,0.871675982617747,0.091026923076923,c(3.743210506, 44.37872409)
38222752,0.872767986925742,0.020976923076923,c(3.348230254, 47.67952077)
38222806,1.40572818157255,0.07475,c(3.284745827, 48.16317517)
38242470,0.572517458832637,0.046107692307692,c(3.681715478, 45.15244245)
38242818,1.15412278665344,0.088788461538462,c(3.297268602, 48.2722674)
38262408,0.737688657366111,0.137630769230769,c(3.769443636, 44.59728715)
38262534,0.960903823065015,0.003719230769231,c(3.640877854, 45.72831823)
38262832,1.05780436133102,0.034169230769231,c(3.307440792, 48.39926215)
38263030,0.915944694615336,0.029723076923077,c(3.059902324, 50.17123771)
38263044,1.12487901141756,0.017707692307692,c(3.041524194, 50.29645886)
38282398,0.631034056165279,0.129492307692308,c(3.804393544, 44.50897017)
38282488,0.19491951104952,0.009180769230769,c(3.714007954, 45.31705001)
38282956,1.1063702132311,0.049965384615385,c(3.182583878, 49.51087597)
38302418,0.854502009684464,0.027784615384615,c(3.809718318, 44.69008807)
38302644,1.56875674034782,0.037084615384615,c(3.574947509, 46.71798735)
38302950,0.795780715626777,0.012592307692308,c(3.217612708, 49.45884512)
38302972,1.13588773351607,0.031836538461538,c(3.189959353, 49.65571359)
38322442,0.515990472730209,0.047269230769231,c(3.811057274, 44.90709994)
38322816,1.1964030440421,0.043528846153846,c(3.406989683, 48.26083108)
38322924,1.19103822005777,0.033330769230769,c(3.277291257, 49.22779759)
38323000,1.06551048604953,0.067442307692308,c(3.182092494, 49.90791255)
38342524,0.407129217059198,0.0574,c(3.753520374, 45.64468067)
38342686,1.23793660520305,0.136971153846154,c(3.581225036, 47.09762135)
38343016,1.31136829540442,0.036575,c(3.189441619, 50.05273133)
38362496,0.519598958835438,0.082388461538462,c(3.807535272, 45.39488235)
38362528,0.495860008536065,0.0628,c(3.774975749, 45.68208343)
38362762,1.03615622445716,0.134184615384615,c(3.522680759, 47.78028096)
38362906,1.06697670581684,0.067528846153846,c(3.353896534, 49.06993495)
38362928,1.15375571599764,0.032321153846154,c(3.327123281, 49.26687265)
38362960,1.32431882131697,0.047959615384615,c(3.287693088, 49.55328605)
38362988,1.0656652360515,0.1146,c(3.252709305, 49.80385849)
38382440,1.09208131295048,0.049351923076923,c(3.88866948, 44.89358962)
38382866,1.20157672592546,0.086471153846154,c(3.42896973, 48.71341073)
38422434,1.09596697536732,0.079475,c(3.944931762, 44.84263888)
38422548,0.900347566136613,0.145707692307692,c(3.831355864, 45.86605228)
38422560,0.24340615499601,0.047990384615385,c(3.819076177, 45.9737298)
38442450,0.928214971209213,0.038153846153846,c(3.954572463, 44.98779053)
38442534,0.555838072934092,0.080307692307692,c(3.871198826, 45.74190125)
38442850,1.15227839202403,0.037107692307692,c(3.528865285, 48.57489201)
38462430,0.825035952195977,0.069276923076923,c(3.999163252, 44.80961908)
38462488,1.08925724066484,0.146115384615385,c(3.942631581, 45.33046031)
38462556,0.728204844474444,0.131048076923077,c(3.874554657, 45.94081369)
38462664,1.00611389596516,0.063923076923077,c(3.762250717, 46.9095945)
38462746,1.11412271602968,0.035923076923077,c(3.673370004, 47.64468651)
38482508,0.667712634186623,0.056817307692308,c(3.948304522, 45.51147265)
38482526,0.839580684907395,0.016711538461538,c(3.930397958, 45.67304756)
38502676,0.936859071219905,0.0073,c(3.801863661, 47.02021335)
38522344,1.05866606413405,0.029736538461538,c(4.155006534, 44.04114532)
38522602,1.1889532446156,0.009246153846154,c(3.9050272, 46.35798648)
38522650,1.03622393604168,0.060926923076923,c(3.855396341, 46.78854965)
38522782,1.29546782248186,0.020338461538462,c(3.713392288, 47.97190832)
38522836,0.986258660508083,0.067384615384615,c(3.652849743, 48.45573588)
38522848,1.21697808775308,0.076298076923077,c(3.639194437, 48.56323272)
38522974,1.02945167543617,0.111138461538462,c(3.491204213, 49.69152644)
38523118,0.712196867730466,0.011284615384615,c(3.311100805, 50.98013865)
38542564,0.818530694822027,0.026646153846154,c(3.969321158, 46.01848555)
38542640,1.10939044481054,0.124519230769231,c(3.891876894, 46.70034415)
38542960,0.9575029563702,0.011261538461538,c(3.535629792, 49.56778087)
38562344,0.828682986240155,0.141034615384615,c(4.204687793, 44.04394582)
38562650,1.05883004879298,0.038717307692308,c(3.907595381, 46.79151656)
38582456,0.39313366658024,0.043213461538462,c(4.1256824, 45.05174127)
38582504,0.958746101215345,0.070223076923077,c(4.079655534, 45.48279134)
38582838,1.19402418498048,0.033411538461538,c(3.73145766, 48.47826427)
38582942,1.2565349544073,0.050961538461538,c(3.612004855, 49.40975936)
38602818,0.824282372953434,0.095576923076923,c(3.780656144, 48.30058762)
38622498,0.840438975723312,0.074769230769231,c(4.136375445, 45.43176314)
38622634,1.04708476685455,0.159323076923077,c(4.002212984, 46.65239093)
38662572,0.636731298393806,0.038338461538462,c(4.115889266, 46.09893202)
38722484,0.937177774244242,0.068751923076923,c(4.276768678, 45.31302884)
38722690,0.213161853996116,0.032401923076923,c(4.076053964, 47.16194492)
38722726,0.903955586398335,0.057807692307692,c(4.0390899, 47.48479993)
38722802,0.86051268355713,0.020688461538462,c(3.959085622, 48.16615334)
38723036,1.06447710510957,0.05765,c(3.694674387, 50.26224188)
38762644,0.995458936426707,0.036484615384615,c(4.174613991, 46.75213894)
38762662,0.898355719705957,0.084121153846154,c(4.156732019, 46.91363253)
38762680,0.334655463489414,0.207184615384615,c(4.138708472, 47.07510757)
38762780,0.977208037388113,0.053175,c(4.035925387, 47.97186586)
38782566,1.02558164240943,0.094903846153846,c(4.276256008, 46.05350016)
38782872,1.17230342124602,0.057923076923077,c(3.964353744, 48.7979009)
38802318,1.40669215158809,0.022046153846154,c(4.525188452, 43.82641843)
38822584,0.797668312152085,0.121138461538462,c(4.31070666, 46.21784913)
38822848,1.07854141019654,0.093961538461538,c(4.044437493, 48.58574793)
38842342,1.37033909371871,0.116423076923077,c(4.554286069, 44.04489504)
38842486,0.293501202165082,0.025796153846154,c(4.427416341, 45.33917627)
38842810,0.779249582257329,0.113826923076923,c(4.111566122, 48.24657823)
38843040,1.4605577689243,0.034615384615385,c(3.857818148, 50.30720554)
38862448,0.864907241431441,0.109557692307692,c(4.486913558, 44.9991004)
38862478,0.211295773197102,0.029180769230769,c(4.460058239, 45.26864918)
38863036,1.05271530983011,0.020865384615385,c(3.890437646, 50.27288833)
38882480,0.331958762886598,0.05425,c(4.483654871, 45.2879519)
38882614,1.20866399708773,0.049115384615385,c(4.359869495, 46.49125247)
38882650,0.721798429942114,0.029923076923077,c(4.32537424, 46.81434237)
38902586,1.00977391664796,0.109246153846154,c(4.412172459, 46.24126363)
38902676,1.24399532398654,0.019546153846154,c(4.326358254, 47.04901887)
38902826,0.975133273189535,0.062076923076923,c(4.175542369, 48.39429148)
38902838,0.818814142150111,0.134284615384615,c(4.163033564, 48.50186391)
38903014,0.784707498615924,0.062134615384615,c(3.971451772, 50.07883905)
38922362,1.02776403954996,0.046580769230769,c(4.636832598, 44.22995504)
38922584,0.662406542954325,0.049594230769231,c(4.439878252, 46.22465726)
38922812,0.690889716946405,0.106651923076923,c(4.216912542, 48.27019313)
38922830,0.980538907421157,0.101244230769231,c(4.198327745, 48.43156662)
38922992,1.03394451517683,0.051438461538462,c(4.024009635, 49.88325597)
38942352,0.827330164269812,0.16905,c(4.670170249, 44.14131102)
38942568,0.769344070254196,0.060992307692308,c(4.480474568, 46.08233909)
38942726,1.14327765834298,0.127836538461538,c(4.330128052, 47.5003427)
38943000,0.99584865571627,0.058692307692308,c(4.042849192, 49.95637661)
38943176,1.12844801906464,0.031634615384615,c(3.838048246, 51.53231618)
38962578,0.905860723330239,0.146469230769231,c(4.497075835, 46.17346418)
38982480,0.88291342498546,0.087407692307692,c(4.610667061, 45.2945347)
38982792,1.23008319332834,0.049942307692308,c(4.317698117, 48.09504931)
38982814,1.22289017711303,0.039292307692308,c(4.295477636, 48.29232187)
38982868,1.02993266750904,0.111184615384615,c(4.239990653, 48.77643749)
38982940,1.10411770450181,0.054738461538462,c(4.163849234, 49.42171695)
39002340,1.05153221256466,0.025165384615385,c(4.754754778, 44.03719608)
39002614,0.929925416911087,0.082076923076923,c(4.515675409, 46.499338)
39002952,1.37652664372544,0.055557692307692,c(4.178462657, 49.53066807)
39002980,0.949088080568235,0.060519230769231,c(4.148135877, 49.78154367)
39002992,1.28481435127242,0.0412,c(4.13501722, 49.88905192)
39003046,1.366462209961,0.032457692307692,c(4.075062251, 50.37276841)
39022590,1.24092325976585,0.077682692307692,c(4.563621186, 46.28518443)
39062614,1.05842501400583,0.052592307692308,c(4.593594249, 46.50329599)
39062686,0.640201005025126,0.0448,c(4.526910561, 47.1495732)
39062704,1.11705576327423,0.040759615384615,c(4.509907711, 47.31109783)
39062920,0.927838377438864,0.077242307692308,c(4.294824659, 49.24812348)
39082546,1.32515466631565,0.064984615384615,c(4.680369231, 45.89393806)
39082654,1.31378091872792,0.047596153846154,c(4.582957702, 46.86369172)
39082708,1.07378898473789,0.058125,c(4.532502585, 47.34832101)
39082754,1.19576235978396,0.097375,c(4.48856212, 47.76103095)
39082798,1.2129254314347,0.038984615384615,c(4.445680177, 48.15569618)
39082838,1.13839274306886,0.036676923076923,c(4.405953543, 48.51440069)
39082862,1.15714387424946,0.027623076923077,c(4.381769953, 48.7295872)
39103154,1.58767865943815,0.063538461538462,c(4.093561989, 51.34722646)
39122320,1.21180904522613,0.081538461538462,c(4.919798907, 43.86471713)
39122716,0.856506156876697,0.113561538461538,c(4.577784532, 47.42275198)
39122928,1.11722238423901,0.050430769230769,c(4.368759417, 49.32398135)
39123108,1.19260594847995,0.018753846153846,c(4.17454053, 50.93671902)
39162358,1.41414660877629,0.087576923076923,c(4.939264063, 44.20903458)
39162670,0.424852681835778,0.105807692307692,c(4.673029773, 47.01252341)
39162828,0.813674957247007,0.166725,c(4.523760892, 48.4301218)
39162930,1.12660327777181,0.050832692307692,c(4.421592467, 49.34464725)
39182614,1.00850515463918,0.0688,c(4.749462963, 46.51104235)
39202282,0.984377523486893,0.023596153846154,c(5.048250167, 43.52755061)
39202414,0.601005702974406,0.036265384615385,c(4.944337492, 44.71513229)
39222334,1.37282113474712,0.061261538461538,c(5.032829249, 43.99673074)
39222348,1.35969944516103,0.060711538461538,c(5.02189634, 44.12269583)
39222708,0.717191788224872,0.092578846153846,c(4.717278229, 47.3574601)
39222802,0.967446791160401,0.080275,c(4.629554657, 48.20088417)
39222852,1.3027966754253,0.030992307692308,c(4.581362524, 48.6493397)
39222870,1.18731753845106,0.096753846153846,c(4.563744011, 48.81075566)
39242962,0.839043824701195,0.034615384615385,c(4.499006741, 49.63690032)
39262484,1.48251327213544,0.041151923076923,c(4.963161117, 45.34810607)
39262586,1.42691922334602,0.088298076923077,c(4.877561564, 46.26460176)
39262766,0.985746923724398,0.040423076923077,c(4.716922483, 47.88050618)
39262964,0.695374747447327,0.008203846153846,c(4.524595518, 49.65616995)
39302608,1.09423274352316,0.044673076923077,c(4.910522632, 46.46467498)
39302712,0.711041246097671,0.128355769230769,c(4.819304373, 47.39844519)
39302766,0.908972394654378,0.195459615384615,c(4.770263119, 47.88306377)
39302924,1.03570728977193,0.037903846153846,c(4.619728561, 49.30022992)
39322368,0.947249185614162,0.064892307692308,c(5.13102148, 44.30855953)
39322890,1.13006139942045,0.050980769230769,c(4.680307653, 48.99666562)
39342876,1.29506365262508,0.080798076923077,c(4.72100391, 48.8724058)
39342958,0.861698151970807,0.017144230769231,c(4.641097055, 49.60768291)
39362548,1.13479268195254,0.061225,c(5.038418728, 45.92931444)
39362596,1.27355640337123,0.091178846153846,c(4.9985189, 46.3605562)
39362740,0.342068098793307,0.097182692307692,c(4.873682199, 47.65351518)
39362952,1.18546436931308,0.125861538461538,c(4.674623371, 49.55519701)
39382432,0.774994536387658,0.032057692307692,c(5.156753077, 44.88774181)
39382558,1.33134713688233,0.03165,c(5.055925423, 46.02036701)
39382738,0.736101005777873,0.281076923076923,c(4.902017232, 47.63680744)
39383058,1.22876927412537,0.044653846153846,c(4.595687768, 50.50667022)
39422452,0.630504657590337,0.098246153846154,c(5.191731516, 45.06992298)
39422614,1.26702427249564,0.067875,c(5.061320418, 46.52585629)
39442442,1.29946917109024,0.0204,c(5.224763075, 44.98115285)
39442712,0.800886135454729,0.153194230769231,c(5.004297303, 47.40709823)
39442798,1.12468735002682,0.114425,c(4.928417519, 48.17898189)
39462542,1.22286171569832,0.029146153846154,c(5.17177559, 45.88131649)
39462812,1.09156060865534,0.079180769230769,c(4.942682515, 48.30583919)
39482550,1.34623879453853,0.015761538461538,c(5.191091263, 45.95437792)
39482622,0.931772547897029,0.059480769230769,c(5.132734481, 46.60128209)
39482816,0.813245675961878,0.128307692307692,c(4.965994691, 48.34296028)
39522304,1.43233532934132,0.033969230769231,c(5.426959898, 43.74391982)
39522778,1.36128088844098,0.026817307692308,c(5.05327788, 48.0043738)
39523056,1.26827613206316,0.056861538461538,c(4.794602199, 50.49785126)
39542722,0.976162228112247,0.085807692307692,c(5.128022134, 47.50287126)
39562918,1.03186237692015,0.065451923076923,c(4.98198834, 49.26293631)
39582964,0.895919535014028,0.025280769230769,c(4.966865326, 49.67673409)
39583216,0.451664511026716,0.066253846153846,c(4.716682082, 51.93563916)
39602980,0.549038079564156,0.11895,c(4.979588433, 49.82145166)
39622348,0.38612227628517,0.0546,c(5.519886903, 44.14546139)
39622352,0.092639650367036,0.118196153846154,c(5.517063108, 44.18146548)
39622376,0.518680309943573,0.145253846153846,c(5.500021148, 44.3974672)
39622388,0.893071427757585,0.156086538461538,c(5.491435906, 44.50545353)
39622438,0.102926546597233,0.011042307692308,c(5.455195124, 44.95529468)
39622492,1.34501573976915,0.083653846153846,c(5.415185927, 45.44094413)
39622514,0.582139060174357,0.0594,c(5.398620596, 45.63874984)
39622528,0.886793142300314,0.179025,c(5.38799761, 45.76461107)
39622718,0.585530299143106,0.063028846153846,c(5.237271669, 47.47163893)
39622726,0.460402983413114,0.1017,c(5.230645443, 47.54347213)
39622978,0.443314653938829,0.166776923076923,c(5.009186743, 49.80474076)
39642470,0.358678251936823,0.101423076923077,c(5.456993131, 45.24420887)
39642830,0.80782558235928,0.072076923076923,c(5.169306205, 48.47820758)
39642992,0.580266830060559,0.083542307692308,c(5.023914853, 49.93151291)
39662496,0.44729586426299,0.057,c(5.463193816, 45.4791156)
39662870,1.4760275914202,0.023107692307692,c(5.161594239, 48.8383312)
39662878,1.53721941568159,0.042605769230769,c(5.154576725, 48.91011297)
39662924,0.745603860973806,0.011807692307692,c(5.113722559, 49.3228076)
39663018,1.02266572407417,0.115913461538462,c(5.027481981, 50.16588804)
39702792,1.04207723035952,0.06125,c(5.282324354, 48.14062552)
39722740,1.29650764440574,0.063669230769231,c(5.351854237, 47.67490456)
39742788,0.914771336263119,0.041673076923077,c(5.339261598, 48.10700067)
39742824,1.24281694160173,0.029607692307692,c(5.30932608, 48.43015856)
39742828,1.15358058451547,0.099846153846154,c(5.305969753, 48.46606146)
39762280,0.458665749656121,0.105230769230769,c(5.739729936, 43.54053321)
39762394,0.264132688320663,0.095625,c(5.662772828, 44.56690798)
39763194,1.50058850337844,0.029480769230769,c(4.999818125, 51.74987818)
39782470,1.39294523850257,0.010815384615385,c(5.634793279, 45.25173723)
39782614,0.93562845744053,0.022453846153846,c(5.529388996, 46.54637889)
39782890,1.02698585418934,0.116346153846154,c(5.307743299, 49.02477425)
39783064,1.15043081601622,0.0135,c(5.152973862, 50.58560494)
39783196,0.926489314950893,0.059163461538462,c(5.02674845, 51.76903309)
39802484,1.08189636023229,0.030369230769231,c(5.65028992, 45.37871235)
39802538,0.44841544440511,0.016771153846154,c(5.611518394, 45.86430972)
39802682,1.12487901141756,0.017707692307692,c(5.503594785, 47.15843364)
39802946,1.29181388608228,0.057855769230769,c(5.286868665, 49.5283863)
39803036,1.12605633802817,0.126153846153846,c(5.206778358, 50.33568639)
39803096,1.04708147259788,0.025061538461538,c(5.151465461, 50.87373688)
39803204,0.996929347446412,0.036536538461538,c(5.047798058, 51.84196423)
39822308,1.1595567867036,0.166923076923077,c(5.795445266, 43.79576856)
39822552,0.162190097366535,0.082373076923077,c(5.627066173, 45.99123873)
39842378,0.791255888506288,0.174565384615385,c(5.773929145, 44.42702911)
39842492,1.07043678421086,0.048421153846154,c(5.695593487, 45.45275589)
39842798,1.01290720378173,0.064326923076923,c(5.465243247, 48.2023764)
39882450,1.0036379078491,0.130523076923077,c(5.775543434, 45.07700279)
39882750,1.1395525718388,0.008865384615385,c(5.556720394, 47.7735497)
39882756,0.680787265643833,0.010792307692308,c(5.552043419, 47.82743327)
39882832,0.597061468302396,0.041907692307692,c(5.491697908, 48.50981799)
39902596,0.718322802986789,0.1295,c(5.698548948, 46.3909784)
39922842,0.785108583247156,0.070192307692308,c(5.537734468, 48.60177616)
39942574,0.223686514886165,0.016123076923077,c(5.766073123, 46.19527614)
39942730,0.941943816596707,0.047076923076923,c(5.651836363, 47.59712596)
39942766,1.20567823343849,0.049,c(5.624337114, 47.9204592)
39943050,1.39264245607965,0.021830769230769,c(5.390842141, 50.46932346)
39962440,0.880168723692659,0.137415384615385,c(5.883508224, 44.9910514)
39982520,0.835190945019995,0.013207692307692,c(5.855080646, 45.71173339)
39982712,1.02615677160363,0.089807692307692,c(5.718338999, 47.43753027)
39982762,1.15451846389692,0.008980769230769,c(5.680793273, 47.88665118)
39982874,0.579850167915267,0.03225,c(5.593564805, 48.89227909)
39982916,0.576098999899774,0.021444230769231,c(5.559689849, 49.2692571)
40002632,0.702771243908635,0.008290384615385,c(5.802811322, 46.71970533)
40002704,0.917559926192359,0.095361538461538,c(5.750692989, 47.36669554)
40002938,1.25771433407623,0.045657692307692,c(5.569227822, 49.46778171)
40022234,0.867605633802817,0.077,c(6.088067969, 43.13882821)
40022388,0.796678694354612,0.075317307692308,c(5.992911405, 44.52597365)
40022438,0.927817830831659,0.218984615384615,c(5.960679959, 44.97600582)
40022914,0.828882833787466,0.0825,c(5.616168388, 49.25346297)
40042506,1.09569023018431,0.106234615384615,c(5.94129953, 45.5887857)
40062714,0.874397529783383,0.024688461538462,c(5.822736246, 47.45960948)
40062742,1.19848787903032,0.038538461538462,c(5.802309939, 47.71115212)
40062904,1.30820573714143,0.015323076923077,c(5.67894131, 49.1658316)
40082242,0.747579536645162,0.114401923076923,c(6.156831985, 43.21372358)
40082404,0.564776118033719,0.161517307692308,c(6.05811116, 44.67287949)
40082758,1.29078701976874,0.030715384615385,c(5.817198957, 47.85589543)
40082884,0.894699011680144,0.036826923076923,c(5.72194857, 48.98734744)
40102270,0.894354870408075,0.021484615384615,c(6.16486506, 43.4669772)
40102396,0.557003877814817,0.095446153846154,c(6.088260418, 44.6018094)
40102530,1.25879479473129,0.029976923076923,c(6.002219737, 45.80758126)
40102612,0.086345497474757,0.027511538461538,c(5.947081083, 46.54492913)
40102680,1.05275909348831,0.047659615384615,c(5.899839703, 47.1561185)
40102842,0.669174097834466,0.086919230769231,c(5.781381382, 48.61130223)
40122406,0.530079612322603,0.111076923076923,c(6.107163559, 44.69277209)
40142776,1.07928624427089,0.048801923076923,c(5.884208323, 48.02060803)
40162700,1.04052714575355,0.1122,c(5.964910581, 47.33880585)
40162726,0.782737614563815,0.018853846153846,c(5.946663272, 47.57242555)
40162748,1.20442994972143,0.009365384615385,c(5.931057571, 47.77007919)
40162772,1.17789294307615,0.096059615384615,c(5.913857317, 47.98567633)
40202910,1.14869332613263,0.088407692307692,c(5.86608105, 49.22692242)
40222524,0.481143830874913,0.06105,c(6.160039567, 45.75929757)
40242526,0.842826131198697,0.092861538461538,c(6.184426529, 45.77821484)
40242846,1.28936848035121,0.010019230769231,c(5.968041785, 48.65426394)
40242886,0.550544174135723,0.038769230769231,c(5.938749772, 49.01344797)
40243026,0.352842565137514,0.086178846153846,c(5.831858735, 50.27013687)
40262632,0.315208233054042,0.097073076923077,c(6.142211375, 46.73240226)
40262704,1.41852082653293,0.027913461538462,c(6.094286641, 47.37957462)
40262884,0.828777406660273,0.069569230769231,c(5.967516531, 48.99647814)
40283004,1.17831962203059,0.068707692307692,c(5.904920076, 50.07472065)
40302636,0.208589951377634,0.050769230769231,c(6.191852066, 46.77022298)
40303288,1.34797153385848,0.089876923076923,c(5.700081736, 52.62365077)
40322818,0.99923367992623,0.032338461538462,c(6.096109921, 48.4066558)
40322908,0.883197309470521,0.032503846153846,c(6.032049024, 49.21490462)
40343302,1.27905716968121,0.074146153846154,c(5.746898234, 52.75132418)
40383202,1.35353662370324,0.021230769230769,c(5.889929749, 51.8564008)
40383360,1.50926317808895,0.017636538461538,c(5.755447796, 53.27360116)
40402890,0.939724820845769,0.117917307692308,c(6.15437098, 49.05708955)
40442268,1.15840540266546,0.013592307692308,c(6.584677565, 43.46376133)
40442740,0.913396261395971,0.045715384615385,c(6.309194773, 47.71140897)
40442880,1.07815199699512,0.016984615384615,c(6.215918187, 48.96914578)
40443286,0.287420584498094,0.001115384615385,c(5.908205097, 52.6129664)
40462302,0.410156225512804,0.141034615384615,c(6.591380464, 43.77101034)
40462418,0.514781464724131,0.134623076923077,c(6.528273084, 44.81590444)
40462544,0.37307782192101,0.177115384615385,c(6.456135047, 45.9499396)
40462680,0.845529522825365,0.009957692307692,c(6.373746927, 47.17300398)
40462774,1.17784600468611,0.047923076923077,c(6.313849192, 48.01783473)
40482646,0.535414728838921,0.048961538461538,c(6.420988916, 46.86819714)
40503370,1.47362028113778,0.011434615384615,c(5.926566539, 53.36946972)
40522348,0.865628219002266,0.187890384615385,c(6.641541452, 44.18792233)
40522484,0.575757020934848,0.075703846153846,c(6.567436052, 45.41255363)
40522492,0.852873755472575,0.080203846153846,c(6.562942661, 45.48455614)
40522906,0.812671084411965,0.006338461538462,c(6.307570453, 49.20630316)
40523276,1.56073643845794,0.006026923076923,c(6.034248217, 52.52723861)
40542300,0.425548129579482,0.044126923076923,c(6.691460577, 43.75621745)
40542494,0.510862673261805,0.103457692307692,c(6.587348671, 45.50338401)
40542512,0.33365349879938,0.095019230769231,c(6.577248819, 45.66537706)
40562500,0.582274452632608,0.134669230769231,c(6.609548168, 45.55820632)
40562532,0.761060369792827,0.1022,c(6.591627118, 45.84617559)
40562852,1.02663962136579,0.089846153846154,c(6.397915485, 48.72305328)
40562870,1.10352766431489,0.026376923076923,c(6.386173015, 48.88474551)
40563266,1.43344220997414,0.016765384615385,c(6.101043702, 52.43946429)
40563284,0.954761960118729,0.007438461538462,c(6.086738866, 52.60095605)
40582782,1.22373135210768,0.024173076923077,c(6.469489449, 48.09499291)
40602702,1.00047648917709,0.028148076923077,c(6.545020118, 47.37680036)
40602750,0.553124497647651,0.102778846153846,c(6.515998202, 47.80826326)
40602894,0.918074406081337,0.054357692307692,c(6.425074148, 49.10207622)
40622664,0.700438726917954,0.055834615384615,c(6.593831182, 47.03598089)
40622908,0.689805779111487,0.089359615384615,c(6.443337356, 49.22869397)
40623226,0.882821781458728,0.073771153846154,c(6.219800114, 52.08340249)
40642274,0.860772493860236,0.1042,c(6.828074162, 43.52576197)
40662694,0.662826809702529,0.030546153846154,c(6.629014667, 47.30736547)
40682674,0.754262592660712,0.038053846153846,c(6.66692896, 47.12835358)
40682902,0.722537123112994,0.064961538461538,c(6.529433803, 49.17737673)
40682920,0.976980530641583,0.015415384615385,c(6.517959871, 49.33905606)
40702664,0.977571880770245,0.066830769230769,c(6.698917032, 47.03923726)
40702880,1.32495088810255,0.059251923076923,c(6.570618857, 48.98059391)
40722296,0.304707578941062,0.101203846153846,c(6.916208395, 43.72708305)
40722884,1.36353014711981,0.049309615384615,c(6.595433251, 49.01736217)
40723226,1.24099949005609,0.0195,c(6.365525391, 52.08797324)
40743266,1.20842454291671,0.009396153846154,c(6.365454898, 52.44783326)
40782846,1.44247341694899,0.016869230769231,c(6.700153528, 48.67840811)
40782882,1.26471019809244,0.0459,c(6.678578981, 49.00185829)
40783066,1.20744754069498,0.038815384615385,c(6.562506423, 50.65437973)
40783218,0.965207618826174,0.007519230769231,c(6.458655315, 52.0188295)
40803286,1.18186472383578,0.023365384615385,c(6.439141755, 52.62997896)
40822300,0.535820193992223,0.099884615384615,c(7.038100441, 43.76677374)
40822302,0.370713859987097,0.138513461538462,c(7.037177302, 43.78480189)
40822860,0.918112633181126,0.0145,c(6.746197623, 48.80580135)
40882330,0.999308192715385,0.068215384615385,c(7.098815482, 44.03929002)
40883024,0.85188850557356,0.006642307692308,c(6.73005161, 50.28135716)
40902848,1.14561959130979,0.046673076923077,c(6.861797781, 48.70109171)
40903100,1.15404604011366,0.004463461538462,c(6.710584991, 50.96460607)
40922518,0.740482659421448,0.037384615384615,c(7.061005373, 45.73399391)
40962778,0.421729150726855,0.195692307692308,c(6.981190868, 48.07419212)
40963282,1.57498296505403,0.012211538461538,c(6.677943824, 52.60087972)
40982812,1.12901913419363,0.092442307692308,c(6.989870231, 48.38054799)
40982890,0.8404046154183,0.121673076923077,c(6.947208545, 49.08152025)
40983280,1.33122169824221,0.015588461538462,c(6.708778371, 52.58374461)
41022358,0.476746927092103,0.086307692307692,c(7.260941398, 44.29638173)
41042398,0.583738517757564,0.099571153846154,c(7.268621731, 44.65745825)
41062772,1.01213876471699,0.083673076923077,c(7.118293321, 48.02384419)
41062784,0.910465023256877,0.158644230769231,c(7.112170959, 48.13172663)
41062870,0.978880339612629,0.05775,c(7.067307164, 48.90472178)
41063212,1.30770552794243,0.015317307692308,c(6.869975888, 51.97648288)
41082390,0.724437870186171,0.061348076923077,c(7.322354699, 44.58668526)
41082462,0.705632175387956,0.117911538461538,c(7.291134962, 45.23524934)
41083172,1.53187405821239,0.030076923076923,c(6.923613113, 51.618117)
41102514,0.546162464053205,0.191513461538462,c(7.293619533, 45.70412844)
41122308,0.406914375528125,0.105598076923077,c(7.40638441, 43.84891483)
41122362,0.705550933079758,0.029269230769231,c(7.384268609, 44.33565357)
41122412,0.707515655571539,0.020071153846154,c(7.363341271, 44.78617443)
41162386,0.608395957501943,0.072355769230769,c(7.424497073, 44.55317642)
41182814,0.256096425430655,0.03345,c(7.258626129, 48.40553564)
41183292,0.90368340560708,0.021703846153846,c(6.996273843, 52.69924338)
41183328,1.29278815247498,0.030761538461538,c(6.973939153, 53.02243325)
41222794,0.448563162559452,0.277459615384615,c(7.322158833, 48.22705309)
41242442,0.863694191309897,0.035596153846154,c(7.502591653, 45.0601417)
41242460,0.869108986131341,0.028246153846154,c(7.495294982, 45.22227313)
41242892,0.854953156197205,0.123519230769231,c(7.30185019, 49.10862433)
41243258,0.640589373557457,0.010161538461538,c(7.105081025, 52.39617052)
41262512,0.567635485742056,0.018630769230769,c(7.499527798, 45.69115803)
41263244,1.32082403488012,0.031407692307692,c(7.142544955, 52.27117669)
41283342,1.355,0,c(7.114492778, 53.15177734)
41302368,0.710850897736144,0.03925,c(7.60713585, 44.39515727)
41302764,1.11644100580271,0.045538461538462,c(7.443340415, 47.95985668)
41303178,1.43430779279031,0.022469230769231,c(7.237790706, 51.67990242)
41322778,1.10487032038493,0.1479,c(7.463831336, 48.08636703)
41323026,0.929960114153124,0.091638461538462,c(7.346000293, 50.3152994)
41342746,1.07371363575023,0.201984615384615,c(7.504755177, 47.7992145)
41342782,1.14264910546804,0.046557692307692,c(7.488873305, 48.12294941)
41342812,1.1840637195317,0.038092307692308,c(7.475440295, 48.39268971)
41362526,0.713671944670141,0.029596153846154,c(7.622192843, 45.82016273)
41382474,0.743332107862726,0.037523076923077,c(7.667882458, 45.35245724)
41382834,1.07786990248319,0.078265384615385,c(7.519650364, 48.59170093)
41383284,1.39916475945544,0.021930769230769,c(7.296365611, 52.63446537)
41402524,0.623141677005952,0.020415384615385,c(7.67434455, 45.80329257)
41403088,0.779496212788444,0.039276923076923,c(7.42793796, 50.87483445)
41403316,1.30486936789916,0.010138461538462,c(7.308268731, 52.92247142)
41403376,1.10542038468331,0.085361538461538,c(7.274454427, 53.46121102)
41442404,0.696301811863986,0.070230769230769,c(7.76967777, 44.7234845)
41442462,0.941986108147832,0.026546153846154,c(7.748707842, 45.24603082)
41462518,0.717598543440034,0.011369230769231,c(7.753623569, 45.75092461)
41463292,1.04772942238539,0.107436538461539,c(7.410228763, 52.70891902)
41482416,0.76425435958497,0.056786538461538,c(7.815856171, 44.8326796)
41502450,0.92809159423161,0.068130769230769,c(7.829217718, 45.13953367)
41523334,0.332077869562706,0.001288461538462,c(7.477215484, 53.08797473)
41543076,1.10448962337266,0.017392307692308,c(7.632228983, 50.77127831)
41562402,0.826555977379058,0.023369230769231,c(7.921482558, 44.70857892)
41582462,0.833382570162481,0.023557692307692,c(7.926693859, 45.24968654)
41582848,1.35598086124402,0.04905,c(7.784996972, 48.72329658)
41602484,0.79261836033878,0.009340384615385,c(7.94476201, 45.44835852)
41603342,0.732335087009308,0.0116,c(7.592558458, 53.16225708)
41622476,0.829769124043213,0.013123076923077,c(7.972933072, 45.37679109)
41642752,0.755722761775332,0.071723076923077,c(7.902645817, 47.86156154)
41642978,1.19550247196045,0.038446153846154,c(7.814925742, 49.89347668)
41643072,0.581487984748909,0.080015384615385,c(7.775640238, 50.73815944)
41643396,1.19879966217336,0.014059615384615,c(7.625612583, 53.64838771)
41663232,0.743940588439343,0.024276923076923,c(7.733779992, 52.17604985)
41681964,0.772019985724483,0.137846153846154,c(8.196251124, 40.75760047)
41682400,0.735422743457183,0.044019230769231,c(8.073204707, 44.6934523)
41683290,1.13946819583429,0.013373076923077,c(7.736517091, 52.69755388)
41702430,0.932077417307845,0.030230769230769,c(8.089196733, 44.96426413)
41722428,0.67740863129984,0.028134615384615,c(8.115103942, 44.94670033)
41722878,1.23803122405806,0.066425,c(7.964118108, 48.99665223)
41743306,1.41848975448885,0.011011538461538,c(7.81807925, 52.84290865)
41762422,0.915964165768713,0.021992307692308,c(8.167459137, 44.8935298)
41763118,0.940437452860683,0.107596153846154,c(7.927211251, 51.15462441)
41763334,1.3059676250302,0.005048076923077,c(7.835266057, 53.09493419)
41782388,0.757416083337927,0.09285,c(8.202545042, 44.58754073)
41782412,0.784645929847783,0.070153846153846,c(8.195629309, 44.80385003)
41782754,0.63393500583628,0.090569230769231,c(8.088921918, 47.88296642)
41783032,1.42101013682294,0.045369230769231,c(7.989317885, 50.38236788)
41783068,0.867654964567891,0.055615384615385,c(7.975449471, 50.70586968)
41783204,1.43964177922913,0.028317307692308,c(7.920836837, 51.92774942)
41783356,0.239118778412402,0.010115384615385,c(7.855312224, 53.29306377)
41822402,0.63694089921536,0.090959615384615,c(8.248894425, 44.71458206)
41822414,0.77922547248132,0.015528846153846,c(8.245521829, 44.82273295)
41822870,1.38034653514278,0.027182692307692,c(8.103457523, 48.92712459)
41823036,1.41446955111967,0.051057692307692,c(8.044049601, 50.41928745)
41862472,0.909628980495719,0.025657692307692,c(8.27992631, 45.34618907)
41881876,0.750776468338774,0.034459615384615,c(8.451394349, 39.96538979)
41881930,0.655592465867189,0.073753846153846,c(8.439558058, 40.45406647)
41883064,0.649875545587046,0.015703846153846,c(8.118411606, 50.672323)
41883154,0.987707460322698,0.067476923076923,c(8.085234529, 51.481013)
41883208,1.41748781787282,0.011003846153846,c(8.064621866, 51.96615758)
41902400,0.872411352081858,0.043753846153846,c(8.350176829, 44.69819612)
41902558,0.710662263086139,0.008382692307692,c(8.307033155, 46.12160609)
41903350,1.07998034880865,0.021394230769231,c(8.037657717, 53.24222227)
41922420,0.855815815174755,0.039092307692308,c(8.370136654, 44.87884768)
41922438,0.883677176240952,0.006888461538462,c(8.365399469, 45.04105895)
41941786,1.5490425775122,0.024223076923077,c(8.53956136, 39.15141517)
41963126,1.00012006603632,0.103057692307692,c(8.21021133, 51.23125447)
41981900,0.747757255936675,0.067076923076923,c(8.562970777, 40.18439233)
41981944,0.775863375213082,0.025292307692308,c(8.553984545, 40.5825138)
41982722,0.861938688270977,0.055269230769231,c(8.36530609, 47.59939062)
42022404,0.815603653589468,0.044775,c(8.500309106, 44.73652863)
42061858,0.941319367060397,0.1026,c(8.664306671, 39.80552586)
42081910,0.724231771954685,0.017469230769231,c(8.677918567, 40.2765342)
42083224,0.528262408558169,0.022076923076923,c(8.350276881, 52.11432488)
42101830,1.29562686337534,0.075034615384615,c(8.715764981, 39.55259938)
42101916,0.717598543440034,0.011369230769231,c(8.700212477, 40.33114234)
42121948,0.848458675102375,0.071103846153846,c(8.717813702, 40.62097678)
42141800,0.644193700047014,0.018307692307692,c(8.767150606, 39.28145508)
42141848,0.690062999975486,0.058607692307692,c(8.758940364, 39.7162065)
42142394,0.818530694822027,0.026646153846154,c(8.653664627, 44.64844734)
42143270,1.45842825766939,0.022838461538462,c(8.423249902, 52.52880251)
42161822,0.835534047843046,0.061755769230769,c(8.786517178, 39.48103367)
42181938,1.30701281186784,0.087384615384615,c(8.790107253, 40.53139961)
42181952,0.847506658056565,0.088726923076923,c(8.787690981, 40.65805446)
42182510,0.987206532834297,0.044825,c(8.679363518, 45.69439919)
42182748,0.913358988455195,0.125480769230769,c(8.624809245, 47.83698589)
42183148,0.870278274297439,0.090894230769231,c(8.518759803, 51.43336942)
42223056,1.17139045281106,0.063075,c(8.601438468, 50.60726911)
42241882,0.994966177723489,0.063259615384615,c(8.869556303, 40.0254451)
42241966,0.90984892504358,0.152738461538462,c(8.856013818, 40.78553715)
42242404,0.775474847015815,0.032076923076923,c(8.777515772, 44.74013969)
42242422,0.806128884563623,0.029751923076923,c(8.773976855, 44.90238602)
42262432,0.965594913642372,0.035428846153846,c(8.797314942, 44.99280818)
42263760,1.39100163378158,0.005375,c(8.441016762, 56.93347589)
42303034,1.18923367049546,0.102615384615385,c(8.719814656, 50.41083803)
42321952,0.848247795613837,0.149423076923077,c(8.952452423, 40.65994131)
42322510,1.11065866734746,0.035815384615385,c(8.858841301, 45.696483)
42323042,1.41723348516674,0.022207692307692,c(8.74603739, 50.48305909)
42323086,1.28028920696577,0.057369230769231,c(8.735411506, 50.87854167)
42361906,1.11150693183761,0.055084615384615,c(9.006040165, 40.24419758)
42362456,1.27066435221714,0.025076923076923,c(8.919707727, 45.21047688)
42401958,1.19236283398825,0.145021153846154,c(9.045787863, 40.71517442)
42402468,1.33800787296399,0.020992307692308,c(8.968527688, 45.31912243)
42403002,1.34473684724694,0.015744230769231,c(8.867354054, 50.1246571)
42403026,1.26620858742416,0.014838461538462,c(8.862202636, 50.34040805)
42403584,1.16145496058498,0.022971153846154,c(8.723527104, 55.35446148)
42422416,0.807296089523786,0.067888461538462,c(9.002423692, 44.85071886)
42423538,1.02037228541882,0.033,c(8.767710907, 54.94146599)
42443112,0.571195647178846,0.163053846153846,c(8.900368219, 51.11396598)
42443656,1.39912159957989,0.033207692307692,c(8.76659342, 56.00204432)
42462906,1.42505638874599,0.028038461538462,c(8.969795243, 49.26228976)
42463162,0.844115398860511,0.023853846153846,c(8.918386093, 51.56359765)
42463356,0.954264590203319,0.007434615384615,c(8.874941422, 53.30682904)
42481804,1.09087289347503,0.039842307692308,c(9.158402836, 39.32188595)
42482476,1.16582144986015,0.161192307692308,c(9.069178067, 45.39215773)
42482812,0.829204091501415,0.009767307692308,c(9.014186203, 48.41708053)
42483154,1.28036967829908,0.00995,c(8.948883656, 51.49196437)
42483322,1.31911701812679,0.064707692307692,c(8.912649459, 53.00161124)
42501808,1.10578531895441,0.021894230769231,c(9.181007929, 39.358322)
42502820,0.966780877794094,0.057076923076923,c(9.03981867, 48.48928324)
42503186,0.209478672985782,0.026153846153846,c(8.971188523, 51.77979982)
42522534,0.814348026075785,0.030046153846154,c(9.111741014, 45.9151348)
42543054,0.850223806756608,0.020446153846154,c(9.053803998, 50.59389624)
42543086,0.53605915615485,0.027346153846154,c(9.04796887, 50.88153691)
42543140,1.08692510723855,0.039703846153846,c(9.037916446, 51.36688582)
42543680,1.41047936467121,0.027759615384615,c(8.920809321, 56.21916178)
42562962,1.56845482366317,0.012161538461538,c(9.097850758, 49.76702472)
42581922,0.400744886570374,0.059226923076923,c(9.261616019, 40.39126883)
42583038,1.03297877310741,0.012138461538462,c(9.113000293, 50.45051683)
42583080,1.10865203083225,0.040465384615385,c(9.105836397, 50.82805911)
42583236,1.25334909016268,0.035013461538462,c(9.077918595, 52.23008358)
42602746,1.31397827504143,0.020623076923077,c(9.185798597, 47.82458463)
42603190,1.25022270660545,0.045398076923077,c(9.115374278, 51.81692562)
42603492,1.40897198587628,0.010938461538462,c(9.057999827, 54.53058699)
42621864,0.851976032378167,0.050642307692308,c(9.314115252, 39.8665902)
42623116,1.24522550301516,0.014596153846154,c(9.156744928, 51.15206736)
42623368,1.14106166135443,0.022576923076923,c(9.11270304, 53.41664479)
42643222,0.568661002704522,0.034380769230769,c(9.168074855, 52.1049232)
42662462,1.32793989166521,0.119538461538462,c(9.300280753, 45.26777197)
42682790,0.952784946704028,0.026842307692308,c(9.287054685, 48.22122929)
42683042,0.836633159932726,0.016653846153846,c(9.253215375, 50.48747753)
42683078,1.20677698975571,0.023846153846154,c(9.248046884, 50.81109238)
42683096,1.3453861343653,0.031973076923077,c(9.245429085, 50.97288993)
42683482,1.42881017878968,0.033888461538462,c(9.183307444, 54.44160796)
42721934,0.792646387336653,0.115557692307692,c(9.424716582, 40.50095409)
42722438,0.938134919405636,0.068817307692308,c(9.37903231, 45.05194907)
42722500,0.980466328078623,0.067015384615385,c(9.372725019, 45.61066608)
42722532,0.707714701601164,0.075192307692308,c(9.369403623, 45.89895649)
42722806,1.15716798239626,0.042161538461538,c(9.338978782, 48.36551222)
42723522,1.1313466734542,0.017807692307692,c(9.238314898, 54.80142341)
42723778,1.51568602094918,0.048246153846154,c(9.19235457, 57.1020883)
42743070,1.14582993881887,0.036907692307692,c(9.334194444, 50.73970212)
42763074,1.09559619258264,0.026192307692308,c(9.362034855, 50.77581896)
42763084,1.15598197240755,0.022865384615385,c(9.360804732, 50.86570957)
42763282,1.40134669601974,0.016396153846154,c(9.335175903, 52.64521359)
42763458,1.41587508132726,0.039375,c(9.310163878, 54.22670426)
42782380,0.697963244387855,0.157219230769231,c(9.460114596, 44.52950168)
42782484,1.20977755582563,0.014186538461538,c(9.450974062, 45.46692673)
42783592,1.49366388850647,0.092048076923077,c(9.321100343, 55.43098188)
42802392,0.516034435315854,0.021576923076923,c(9.484238655, 44.63782495)
42802824,0.732990834257692,0.077669230769231,c(9.445112804, 48.52803778)
42822448,1.58194022694582,0.037384615384615,c(9.50495604, 45.14275321)
42823644,0.615952769752544,0.020184615384615,c(9.376956583, 55.89861239)
42842416,0.885214423980495,0.111842307692308,c(9.532762142, 44.85442975)
42843218,1.14363918752647,0.046596153846154,c(9.460399141, 52.07066744)
42843682,1.33844143962381,0.037301923076923,c(9.403723581, 56.24027982)
42862808,0.787158292111429,0.054523076923077,c(9.527667889, 48.38447238)
42863186,0.725058009321846,0.046903846153846,c(9.492815929, 51.78320611)
42863320,1.326197411163,0.026144230769231,c(9.478855088, 52.98742006)
42863582,1.88656337916551,0.029346153846154,c(9.448639891, 55.34173183)
42863654,1.46447994835794,0.046692307692308,c(9.439575629, 55.9887789)
42882534,0.675790800469646,0.108984615384615,c(9.575166996, 45.91799478)
42883694,1.71036384041117,0.054107692307692,c(9.466703629, 56.34841417)
42903450,0.542497735694532,0.046659615384615,c(9.525589937, 54.15583067)
42903702,1.39760168530222,0.07435,c(9.498091653, 56.42044647)
42903756,1.13930868104238,0.017930769230769,c(9.491691529, 56.90581832)
42923736,1.49234372476175,0.047538461538462,c(9.526723231, 56.72616783)
42942490,1.15465860864681,0.027565384615385,c(9.654920593, 45.52185581)
42942810,0.674934396795801,0.108861538461538,c(9.635497544, 48.40287369)
42942840,0.64539263063829,0.113376923076923,c(9.633530647, 48.67275769)
42943084,1.06470963116387,0.034384615384615,c(9.616477132, 50.86684024)
42963748,1.11071692535107,0.167384615384615,c(9.590846015, 56.83425285)
42982530,0.860125524500391,0.134707692307692,c(9.70409907, 45.88239682)
43002406,0.709250888835295,0.011238461538462,c(9.735234346, 44.76498593)
43022470,1.38118461290842,0.044153846153846,c(9.757958253, 45.34191481)
43022488,1.1594358629953,0.083692307692308,c(9.757245159, 45.50411848)
43022722,1.03595934706522,0.029117307692308,c(9.747450877, 47.61132489)
43022764,1.07872715918656,0.008396153846154,c(9.745583466, 47.98929011)
43023088,1.37208084714983,0.021515384615385,c(9.72990393, 50.90311828)
43023106,0.727865627006552,0.020636538461538,c(9.728960856, 51.06492096)
43023370,1.23288718929254,0.034461538461538,c(9.71412843, 53.43752308)
43042466,1.29520220265177,0.015173076923077,c(9.783577322, 45.30592254)
43043086,1.4287827523802,0.022384615384615,c(9.758428202, 50.88520267)
43043486,1.42083163473298,0.094276923076923,c(9.737804833, 54.47996571)
43062380,0.677584536382133,0.047292307692308,c(9.81166543, 44.53073047)
43083104,0.532927406379153,0.024707692307692,c(9.814623724, 51.04711144)
43083270,1.47049532702922,0.023023076923077,c(9.808404767, 52.53906787)
43083598,1.5414692671512,0.030259615384615,c(9.794468908, 55.48655689)
43083770,1.53887081645279,0.036403846153846,c(9.786126319, 57.03248123)
43122426,1.06672925712945,0.016807692307692,c(9.886163262, 44.94555634)
43122714,0.747899131056434,0.096161538461538,c(9.880537765, 47.53954963)
43123092,1.1881195569526,0.018684615384615,c(9.871960406, 50.93931968)
43123120,0.61966515233345,0.031476923076923,c(9.87126248, 51.19100966)
43123686,1.30108199183939,0.052673076923077,c(9.85482253, 56.27752964)
43143096,0.827256705092721,0.077982692307692,c(9.900336512, 50.97530426)
43162914,1.15266677706584,0.094196153846154,c(9.931214671, 49.33893917)
43163458,1.38786576719804,0.104884615384615,c(9.923349374, 54.22860846)
43163818,1.56251089799477,0.0824,c(9.916788887, 57.46414308)
43182496,1.27428105241689,0.057115384615385,c(9.961619853, 45.57647566)
43182690,0.726166944658816,0.073023076923077,c(9.960344663, 47.32358721)
43182820,1.25648100193041,0.019738461538462,c(9.959426918, 48.49343209)
43183752,1.2582139208341,0.045675,c(9.950854592, 56.87084073)
43202452,0.957494139077774,0.043534615384615,c(9.987298167, 45.17996972)
43202710,0.707239682699066,0.042403846153846,c(9.98673564, 47.50361239)
43202746,0.906747412945418,0.014323076923077,c(9.986651958, 47.82760571)
43203016,1.15875597542467,0.052207692307692,c(9.985978687, 50.25615159)
43203586,1.46194734853256,0.022892307692308,c(9.984232435, 55.37888094)
43223216,0.882521388502121,0.044238461538462,c(10.01457821, 52.05392305)
43223266,1.33141943466872,0.042630769230769,c(10.01472613, 52.5032738)
43223702,1.25274791722655,0.084061538461538,c(10.01619085, 56.42141926)
43223738,0.762567275287963,0.00595,c(10.0163278, 56.74500428)
43262402,0.749086073788874,0.031019230769231,c(10.06299926, 44.72924009)
43262410,0.980273963858474,0.035948076923077,c(10.06308012, 44.80136341)
43262834,0.826937313623754,0.037823076923077,c(10.06779193, 48.61936548)
43263126,0.844356333061029,0.034826923076923,c(10.07160466, 51.24499074)
43283052,0.669301719181466,0.050084615384615,c(10.09882346, 50.57976424)
43283592,1.38013367411834,0.038419230769231,c(10.11052159, 55.43275432)
43303764,1.19780181199349,0.014048076923077,c(10.14785572, 56.97863627)
43303776,0.725861026011279,0.014480769230769,c(10.14827823, 57.08650851)
43342562,0.539800663673171,0.015386538461538,c(10.16814159, 46.17092951)
43343760,0.950821032663466,0.026788461538462,c(10.21336653, 56.94258891)
43343818,1.3565,0,c(10.21634835, 57.46399253)
43362402,0.846994610877795,0.107532692307692,c(10.18899747, 44.72908814)
43362694,0.490494137353434,0.081538461538462,c(10.19841354, 47.35941868)
43382354,0.588253704526574,0.004596153846154,c(10.21256675, 44.29622267)
43382422,0.967075836556247,0.085076923076923,c(10.21488607, 44.9093402)
43402550,0.656578766180116,0.106215384615385,c(10.24525359, 46.06269076)
43403168,1.24055728808068,0.050346153846154,c(10.27435101, 51.62219834)
43403554,1.52709766162311,0.0549,c(10.29745107, 55.09095824)
43403558,1.36153601675858,0.037921153846154,c(10.29771545, 55.1269039)
43423280,0.871953501302255,0.024621153846154,c(10.31013078, 52.62868622)
43443572,1.30835006021678,0.041923076923077,c(10.36151704, 55.25255005)
43502416,1.33020449675629,0.026221153846154,c(10.36621503, 44.85483194)
43503136,1.57929185765885,0.050169230769231,c(10.41611594, 51.33415553)
43542718,0.896374120798479,0.040869230769231,c(10.43832919, 47.57473671)
43543126,1.26247586758958,0.019830769230769,c(10.47258486, 51.24405372)
43543590,1.29246714090545,0.020292307692308,c(10.52078813, 55.4137572)
43562354,0.955022473592799,0.011232692307692,c(10.43763419, 44.29551783)
43562476,0.735871536860596,0.194261538461538,c(10.44629988, 45.39531906)
43582384,1.01030591801356,0.073721153846154,c(10.46485051, 44.56593137)
43583284,0.941349907861449,0.014861538461538,c(10.54686127, 52.66378496)
43583564,1.05718931089282,0.004090384615385,c(10.58052722, 55.1798371)
43602380,1.08023752087586,0.025834615384615,c(10.48966479, 44.52974986)
43622348,0.829204091501415,0.009767307692308,c(10.51216942, 44.24106382)
43622366,0.917851707337003,0.058644230769231,c(10.51363085, 44.40338918)
43622524,0.452287548622916,0.163994230769231,c(10.52694676, 45.82744853)
43622816,1.06769594060496,0.039028846153846,c(10.55409257, 48.45606867)
43623598,1.15352062933942,0.008973076923077,c(10.6481984, 55.48506575)
43623698,1.61294036004409,0.057807692307692,c(10.66318953, 56.38376611)
43662364,0.928890342628179,0.059307692307692,c(10.56356081, 44.38509448)
43662400,1.33185082214311,0.048219230769231,c(10.56680259, 44.70968979)
43663254,1.48005165842442,0.023169230769231,c(10.66104641, 52.39359669)
43663296,1.08023752087586,0.025834615384615,c(10.66673287, 52.77101949)
43663318,0.889954124145679,0.014061538461538,c(10.66975963, 52.96871151)
43682430,1.02324279019353,0.084513461538462,c(10.59485393, 44.97998781)
43682854,0.976892224091086,0.048738461538462,c(10.6395324, 48.79746434)
43722430,1.14926399736778,0.018084615384615,c(10.64547772, 44.97968844)
43723014,1.4448582537109,0.022630769230769,c(10.71479589, 50.23593622)
43742350,0.46623144574306,0.005515384615385,c(10.66227597, 44.25825215)
43742362,0.837891603560461,0.061919230769231,c(10.66353483, 44.36646791)
43782552,0.687915328397344,0.034823076923077,c(10.7359874, 46.07844879)
43782612,0.782466285125849,0.028903846153846,c(10.74344133, 46.61878932)
43802266,1.39409378033063,0.033092307692308,c(10.72763067, 43.49999276)
43802352,0.7715471524095,0.1326,c(10.73747976, 44.27578288)
43802474,1.08620258958426,0.008453846153846,c(10.75207423, 45.37555908)
43802576,0.691923490804742,0.008163461538462,c(10.76487203, 46.29442355)
43802684,0.635285503655931,0.041336538461538,c(10.7790551, 47.26679362)
43802766,0.625868043998387,0.017796153846154,c(10.79028519, 48.00474266)
43803090,1.06623699577296,0.098296153846154,c(10.83901336, 50.91837108)
43822404,1.19360301034807,0.018769230769231,c(10.76881421, 44.7444623)
43822458,0.994966177723489,0.063259615384615,c(10.77554315, 45.23118983)
43822800,1.15061939342161,0.099615384615385,c(10.82201339, 48.31044871)
43842966,1.37700816706296,0.0327,c(10.87504555, 49.80320762)
43843470,1.42002888400894,0.027942307692308,c(10.9682488, 54.3326751)
43862296,1.26221101368708,0.014792307692308,c(10.80536367, 43.77011622)
43862872,1.23446496580532,0.060807692307692,c(10.88733194, 48.95768734)
43863456,1.60940120881311,0.044517307692308,c(10.99596982, 54.20663961)
43882828,1.20784700236142,0.043926923076923,c(10.90739236, 48.56170253)
43902582,0.983792232776242,0.040346153846154,c(10.8954023, 46.347452)
43922404,1.24742078805198,0.078057692307692,c(10.89483975, 44.74345914)
43922494,0.703264389570397,0.008296153846154,c(10.90799329, 45.55456517)
43942340,0.74484618347917,0.09145,c(10.91073507, 44.16617295)
43942996,0.648133302337159,0.181040384615385,c(11.01964097, 50.07177141)
43943536,1.32112917023097,0.0648,c(11.13821025, 54.92438155)
43962488,0.993,0,c(10.95820016, 45.50005436)
43962526,0.667329159917699,0.121423076923077,c(10.96421322, 45.84239887)
43962530,0.548567939674618,0.020440384615385,c(10.9648519, 45.87843078)
43962560,0.619820150486328,0.014988461538462,c(10.96967729, 46.14864441)
43962614,0.635285503655931,0.041336538461538,c(10.97852271, 46.63491829)
43982388,1.16427781340518,0.106373076923077,c(10.96797345, 44.59854166)
43982406,1.17305656017284,0.027992307692308,c(10.97076414, 44.76081357)
43982428,1.1850677869009,0.033169230769231,c(10.97420386, 44.95912044)
43983288,1.05845747094687,0.025326923076923,c(11.13892778, 52.69556264)
44002614,0.891788944121699,0.036711538461538,c(11.03070488, 46.63443103)
44022576,0.819178082191781,0.124,c(11.05004999, 46.29200522)
44023246,1.06342997655401,0.12565,c(11.1878905, 52.31759962)
44023516,1.43132808332073,0.033946153846154,c(11.25737805, 54.74349141)
44042974,0.906151391597235,0.045369230769231,c(11.15452498, 49.87265039)
44043276,0.562048690788,0.004392307692308,c(11.22465385, 52.58686347)
44062500,0.536920370962584,0.037846153846154,c(11.08808544, 45.60693326)
44062504,0.602258268844152,0.022396153846154,c(11.0888012, 45.64296961)
44062508,0.322744537884599,0.162588461538462,c(11.08951819, 45.67900513)
44062594,0.60589884816052,0.311469230769231,c(11.10523627, 46.45357238)
44062810,1.53346973103236,0.048784615384615,c(11.14743365, 48.39752894)
44082612,1.10530221479123,0.160365384615385,c(11.13468217, 46.61537352)
44102458,1.22053550421157,0.019184615384615,c(11.13149059, 45.22796562)
44102480,0.750274654212688,0.055805769230769,c(11.13555476, 45.42620225)
44103574,1.23488244245616,0.034515384615385,c(11.39938211, 55.26327821)
44122502,0.614010803511141,0.043046153846154,c(11.16526398, 45.62413413)
44123180,1.23585389298302,0.039692307692308,c(11.31699651, 51.72299169)
44123522,1.61291818482941,0.018825,c(11.41443601, 54.79573588)
44142272,1.21826240996387,0.014284615384615,c(11.1479634, 43.55029906)
44143298,0.549134021850362,0.002128846153846,c(11.37836254, 52.78292374)
44143586,1.2968281485762,0.041569230769231,c(11.46619031, 55.37037912)
44162580,1.00305444887118,0.073230769230769,c(11.2323399, 46.32609054)
44163086,0.888962010170506,0.074246153846154,c(11.34982453, 50.87757821)
44163400,1.06755919280111,0.029978846153846,c(11.43825375, 53.69897082)
44182560,0.948573895658871,0.011157692307692,c(11.2540744, 46.1456826)
44202498,0.380265920223933,0.106875,c(11.2668555, 45.58692231)
44202554,0.77835832230347,0.113711538461538,c(11.27864688, 46.09134043)
44203300,1.73516483075825,0.040857692307692,c(11.46787002, 52.7998373)
44222484,0.941455882494861,0.003644230769231,c(11.2894817, 45.46048363)
44223286,1.35174638656743,0.015825,c(11.49322517, 52.67368988)
44242414,1.25871344390031,0.014751923076923,c(11.30017325, 44.82936525)
44242446,1.12259543939564,0.008734615384615,c(11.30690176, 45.1177666)
44242450,1.04191139092011,0.016423076923077,c(11.30774925, 45.1538127)
44242558,0.617938835341604,0.028536538461538,c(11.33118763, 46.12673203)
44242606,0.952494462609429,0.0519,c(11.34196019, 46.55895038)
44244052,0.885475792988314,0.078461538461538,c(11.81758054, 59.55679749)
44262222,0.665589924274731,0.071034615384615,c(11.28613382, 43.09734441)
44262496,0.51377245508982,0.165,c(11.34317957, 45.56795802)
44262538,0.594646041699999,0.014388461538462,c(11.35252233, 45.94628339)
44262618,0.704840204023913,0.014067307692308,c(11.37079401, 46.66665852)
44264058,0.837489450333331,0.006530769230769,c(11.85576832, 59.61029457)
44282288,0.833151600180971,0.158388461538462,c(11.3240294, 43.69256742)
44282494,0.82237722996828,0.013007692307692,c(11.36830993, 45.54961253)
44283610,1.85094190165622,0.043465384615385,c(11.69596674, 55.58324201)
44302538,0.348719388792594,0.007009615384615,c(11.40403658, 45.94561625)
44304076,0.09873417721519,0.0125,c(11.93556133, 59.77122432)
44322650,0.754017975854917,0.05985,c(11.45702478, 46.95369155)
44322920,1.03881856540084,0.1231,c(11.52852354, 49.38254761)
44342190,1.43466966896262,0.101542307692308,c(11.37738158, 42.80721689)
44342402,1.19147068021583,0.028419230769231,c(11.42363621, 44.71955881)
44342474,0.579145978152929,0.1944,c(11.44030106, 45.36840765)
44343058,0.844969583528311,0.178076923076923,c(11.5968954, 50.62267109)
44362440,1.1965943835552,0.018815384615385,c(11.45771434, 45.06169448)
44363574,1.31439663274897,0.058807692307692,c(11.80804532, 55.25808061)
44382616,0.87514391351149,0.013830769230769,c(11.52690187, 46.64654503)
44384020,0.337732208980303,0.011169230769231,c(12.04740457, 59.26560831)
44402394,1.22360369111219,0.049692307692308,c(11.49729349, 44.64639033)
44402962,1.00021622996693,0.032369230769231,c(11.65145058, 49.75858497)
44403106,1.4050125972346,0.005428846153846,c(11.69728887, 51.05282373)
44403826,0.712399456805599,0.0427,c(11.98376598, 57.52125788)
44403838,0.384605093782692,0.011011538461538,c(11.98954786, 57.62909713)
44422216,0.492005054133736,0.068546153846154,c(11.48071891, 43.04053427)
44422522,0.827797783285788,0.013092307692308,c(11.55444825, 45.79936072)
44442424,1.27183481080046,0.035511538461538,c(11.55507578, 44.91604943)
44442510,0.722670627896427,0.135207692307692,c(11.57700986, 45.69089532)
44444080,0.693478184108003,0.019680769230769,c(12.18632322, 59.80354236)
44463286,1.41974383988419,0.022246153846154,c(11.84792247, 52.668736)
44464042,0.16776782957703,0.003384615384615,c(12.19983093, 59.46127562)
44482376,1.05056990675767,0.076434615384615,c(11.59334836, 44.48263875)
44482626,1.01403578555786,0.149098076923077,c(11.66018396, 46.73463293)
44482636,0.78759302042559,0.036088461538462,c(11.66301037, 46.82464674)
44482834,1.30035020503457,0.036278846153846,c(11.72163603, 48.60605049)
44483006,0.837636106724296,0.074538461538462,c(11.77702961, 50.15241221)
44483096,1.29030999208079,0.057792307692308,c(11.80784457, 50.96123993)
44483176,1.39711032787277,0.033161538461538,c(11.83637585, 51.68005903)
44484206,0.128905651025734,0.006715384615385,c(12.33543613, 60.93579568)
44522366,1.1589956807815,0.047192307692308,c(11.64091092, 44.39170781)
44522402,1.29560545825723,0.0693,c(11.6503514, 44.7162227)
44522406,0.895601990820536,0.006980769230769,c(11.65140918, 44.75227515)
44522550,0.78176116407426,0.018830769230769,c(11.69071146, 46.04956663)
44542404,1.29496730750275,0.005005769230769,c(11.67607717, 44.73384784)
44544060,0.640832709956394,0.156784615384615,c(12.3515507, 59.62082053)
44562976,1.08445595854922,0.035,c(11.87831359, 49.8809741)
44564034,0.668518901766004,0.107938461538462,c(12.3707565, 59.38645437)
44564074,0.858344304189576,0.006692307692308,c(12.39567782, 59.74610353)
44582206,0.804794163626889,0.0405,c(11.67391239, 42.9472498)
44582466,0.719376782971253,0.0886,c(11.74384273, 45.29171534)
44602356,1.26703156358329,0.051365384615385,c(11.7383337, 44.29992411)
44602522,1.05304820212124,0.107923076923077,c(11.78561669, 45.79572471)
44602536,0.740197390952396,0.011723076923077,c(11.78975944, 45.92180714)
44603022,0.922414254472978,0.166361538461538,c(11.9507598, 50.29347128)
44603962,0.513888574980224,0.149134615384615,c(12.39629665, 58.73801644)
44604030,0.712399456805599,0.0427,c(12.43841564, 59.34927605)
44604052,0.868295379173115,0.0954,c(12.45241591, 59.54706603)
44604070,0.981469786416145,0.019480769230769,c(12.46401093, 59.70890563)
44604174,0.163,0,c(12.53358646, 60.6441972)
44623090,1.5763244360615,0.043642307692308,c(12.00472116, 50.90404692)
44624094,0.148282991276285,0.00845,c(12.51532032, 59.92407509)
44624292,0.5246106258814,0.012715384615385,c(12.65590912, 61.70522788)
44624422,0.56279048106925,0.008938461538462,c(12.75856556, 62.87560031)
44643268,1.59681497850207,0.006165384615385,c(12.10614742, 52.50264897)
44643358,1.50984559123123,0.041878846153846,c(12.14558376, 53.31102703)
44662456,1.17086868269323,0.013736538461538,c(11.84264, 45.19988822)
44662492,1.05598390087993,0.025269230769231,c(11.85349343, 45.52419711)
44663338,1.49670075004306,0.017492307692308,c(12.16653167, 53.13086078)
44663914,0.113967772015135,0.001823076923077,c(12.46969346, 58.30478636)
44663942,1.05336688539211,0.034030769230769,c(12.48706621, 58.55641537)
44682440,1.21077568633112,0.014198076923077,c(11.86321028, 45.05528104)
44683766,0.481588316986714,0.022380769230769,c(12.4152404, 56.97442991)
44683820,0.608820723593495,0.058598076923077,c(12.4466617, 57.45955205)
44683856,0.45805921896649,0.02565,c(12.46815282, 57.78299671)
44684198,0.372116958141919,0.024634615384615,c(12.696937, 60.85741998)
44702302,0.677135573670385,0.007990384615385,c(11.84761294, 43.81083737)
44702374,1.1952337638712,0.048596153846154,c(11.86867649, 44.46002062)
44702410,1.06681787880948,0.082626923076923,c(11.8794485, 44.78449289)
44723916,1.1778497118844,0.013817307692308,c(12.57308487, 58.32085225)
44724132,0.733684220862751,0.020798076923077,c(12.7209965, 60.26245602)
44742228,1.19545423952935,0.028511538461538,c(11.87562845, 43.14238228)
44742400,0.849244179198241,0.020423076923077,c(11.92679529, 44.6934523)
44743884,0.667428328403797,0.005211538461538,c(12.58652969, 58.03266784)
44743890,1.03618837232654,0.042403846153846,c(12.59036415, 58.08657825)
44744208,0.898603904368428,0.017865384615385,c(12.81464669, 60.94526658)
44762530,0.429782420548381,0.268967307692308,c(11.99371079, 45.86411304)
44762764,0.568913755018461,0.045830769230769,c(12.07502674, 47.97000493)
44782216,1.21951139665262,0.060115384615385,c(11.92112097, 43.03318467)
44782356,1.15455732984991,0.062225,c(11.96335881, 44.29591156)
44783296,1.37929500435882,0.016142307692308,c(12.32547864, 52.75030802)
44783818,0.648220704704198,0.012951923076923,c(12.61170075, 57.43840736)
44802442,1.20628428305023,0.014146153846154,c(12.0158999, 45.07049196)
44802636,1.10035086518219,0.101123076923077,c(12.08186335, 46.81737776)
44803324,1.81416324414849,0.035423076923077,c(12.36869996, 53.00119596)
44804076,0.569010774138118,0.026336538461538,c(12.8226503, 59.75615118)
44823334,1.42201505477245,0.057288461538462,c(12.40344626, 53.09041263)
44824420,0.490175930991287,0.029776923076923,c(13.14746909, 62.85001611)
44843230,1.57225763126254,0.043534615384615,c(12.38215234, 52.15579274)
44844134,0.906138978226168,0.021761538461538,c(12.93857536, 60.27612864)
44844188,0.689607745448411,0.019573076923077,c(12.98195176, 60.76169898)
44862512,0.84717952749715,0.217261538461538,c(12.11597944, 45.69953101)
44862602,0.365144165470139,0.008884615384615,c(12.14797108, 46.50982643)
44863766,0.98620476851687,0.027757692307692,c(12.71072576, 56.9686447)
44864414,0.297764894347395,0.016825,c(13.21978946, 62.79436511)
44882226,0.760508248955055,0.008965384615385,c(12.04656002, 43.12103955)
44882352,1.09176764220442,0.044576923076923,c(12.08703989, 44.25741307)
44883234,1.49046941678521,0.053653846153846,c(12.44253493, 52.19052828)
44884030,0.096613582280798,0.001951923076923,c(12.92910338, 59.33976986)
44884274,0.694634748454021,0.058973076923077,c(13.12903263, 61.53366682)
44904150,0.7015,0,c(13.05977804, 60.41769988)
44922166,1.05515115354017,0.071753846153846,c(12.07656224, 42.5785452)
44922328,1.02036575579676,0.089346153846154,c(12.12894364, 44.04002771)
44922480,1.19844240583761,0.028580769230769,c(12.18140482, 45.40977032)
44922558,0.836387579594819,0.042023076923077,c(12.20966986, 46.11215657)
44922728,0.857743761358451,0.039176923076923,c(12.27469785, 47.64196001)
44923890,1.13734481458001,0.041469230769231,c(12.89480327, 58.08036261)
44923902,1.27737035727744,0.009926923076923,c(12.90341614, 58.18816487)
44924046,0.440906794900289,0.048211538461538,c(13.01167456, 59.48206395)
44924280,0.868234853684408,0.013723076923077,c(13.20932085, 61.5860245)
44942142,0.783495123244714,0.082578846153846,c(12.09328204, 42.36137391)
44942422,1.30746774081319,0.005053846153846,c(12.18625163, 44.88674217)
44942712,0.478828407115153,0.079753846153846,c(12.29488336, 47.49747927)
44943874,0.950821032663465,0.026788461538462,c(12.91710018, 57.93590108)
44962522,0.8441200324412,0.2602,c(12.2478603, 45.78694333)
44963130,0.741541631785691,0.044369230769231,c(12.50721986, 51.25398038)
44963904,0.91299631996901,0.007115384615385,c(12.97273126, 58.20465152)
44963908,1.09662220883208,0.004242307692308,c(12.97568627, 58.24058481)
44964210,0.569464115313144,0.00445,c(13.22061885, 60.95480426)
44982564,0.703198888476912,0.056042307692308,c(12.2894517, 46.16453805)
44983828,0.73288813624309,0.037015384615385,c(12.95117894, 57.52124378)
45002386,1.18904785397139,0.033276923076923,c(12.24903414, 44.56073557)
45002638,0.316036772216548,0.021,c(12.34438732, 46.8300065)
45003106,1.19271168274384,0.102884615384615,c(12.55253496, 51.03715458)
45004036,1.05420173431408,0.020894230769231,c(13.14420506, 59.38908054)
45004078,0.736894040253739,0.017769230769231,c(13.17893007, 59.76652439)
45004144,0.236903678517905,0.006811538461538,c(13.23534093, 60.35976101)
45023176,0.931618907665932,0.018509615384615,c(12.61667231, 51.66525261)
45023284,1.38900019141198,0.005367307692308,c(12.67411138, 52.63512968)
45023756,0.098059909979823,0.008769230769231,c(12.96627352, 56.87314155)
45024130,0.196279452554674,0.009244230769231,c(13.25914422, 60.23308831)
45042534,1.27220971094583,0.046159615384615,c(12.35523249, 45.89276465)
45042696,0.441100063745416,0.070823076923077,c(12.42072863, 47.35068321)
45044198,0.058048009632026,0.003325,c(13.35651524, 60.84355663)
45062500,1.42881017878968,0.033888461538462,c(12.36764265, 45.58604515)
45062550,0.566211548462715,0.008992307692308,c(12.38729114, 46.03623942)
45062554,0.631325805426603,0.007453846153846,c(12.38888137, 46.07224928)
45063274,1.28666140489345,0.025384615384615,c(12.727588, 52.54400022)
45063428,0.717548360663733,0.014317307692308,c(12.81654292, 53.92671596)
45063878,0.164592809949551,0.007763461538462,c(13.12226836, 57.96727018)
45064062,0.462502479763187,0.011226923076923,c(13.27155955, 59.62028477)
45064102,0.747547939946251,0.048288461538462,c(13.30626029, 59.97975594)
45102102,1.18954542470593,0.033290384615385,c(12.27320449, 41.99599202)
45102336,1.08092708836311,0.044153846153846,c(12.35588371, 44.10729274)
45102516,1.06966677480651,0.004138461538462,c(12.42518048, 45.72896114)
45102976,1.06585058917744,0.1259,c(12.62914091, 49.86607269)
45103836,0.420209394680894,0.041192307692308,c(13.15712854, 57.5884867)
45104136,0.142354541519817,0.004738461538462,c(13.40846592, 60.28363335)
45122134,0.921922127162739,0.054573076923077,c(12.30820931, 42.28439874)
45122296,0.362478485370052,0.106153846153846,c(12.36594285, 43.74608727)
45122434,1.26681099457969,0.040646153846154,c(12.41826453, 44.98985563)
45122530,1.31420504960878,0.070225,c(12.45650236, 45.85442264)
45122538,1.15703087505999,0.06235,c(12.45976033, 45.92644718)
45123304,0.532938089221499,0.010673076923077,c(12.83330183, 52.81130913)
45123664,1.05458999978696,0.097326923076923,c(13.06361708, 56.04329814)
45123700,0.549699459729163,0.013315384615385,c(13.08917569, 56.36651398)
45123718,1.21643483817794,0.034017307692308,c(13.10214661, 56.52812661)
45124060,0.689920357603803,0.022553846153846,c(13.37573996, 59.59978821)
45124114,0.10919669633426,0.004136538461538,c(13.42424744, 60.08504168)
45124270,0.510246335713554,0.099415384615385,c(13.57394773, 61.48742971)
45142936,1.16995450915649,0.142684615384615,c(12.66485678, 49.50535005)
45143760,0.073,0,c(13.16568636, 56.90444745)
45143854,0.560680989055533,0.051153846153846,c(13.23800933, 57.74852588)
45162820,1.07401557998079,0.098942307692308,c(12.63624948, 48.46209643)
45163932,1.0819644102937,0.021432692307692,c(13.3352191, 58.44821322)
45182534,1.5069326518836,0.066846153846154,c(12.53529771, 45.88862301)
45183250,1.46857429090226,0.017169230769231,c(12.89023487, 52.32434083)
45183658,0.605292884661173,0.014642307692308,c(13.15539655, 55.98710028)
45183718,1.01900454658048,0.037315384615385,c(13.1994736, 56.52575991)
45183892,0.316945527739338,0.006375,c(13.3360119, 58.08812864)
45184078,1.07412385123551,0.053330769230769,c(13.49810873, 59.75891108)
45184186,0.683275397215675,0.092723076923077,c(13.6009983, 60.72948505)
45202942,1.21085615020471,0.122121153846154,c(12.75068415, 49.55727805)
45203698,0.225821228376831,0.042826923076923,c(13.21690869, 56.34540214)
45203792,0.659793569818484,0.027423076923077,c(13.28890891, 57.18933917)
45203834,0.357388932113417,0.023682692307692,c(13.3223323, 57.56645573)
45203870,0.912395949624929,0.018134615384615,c(13.35162691, 57.88972152)
45203882,0.224777183600713,0.007461538461538,c(13.36152768, 57.99748195)
45203924,1.1198958279818,0.026757692307692,c(13.39672929, 58.37466557)
45204248,0.107974263989082,0.013653846153846,c(13.70042709, 61.28590658)
45222326,1.30036872554619,0.010103846153846,c(12.5014392, 44.013638)
45222602,1.012120260617,0.020076923076923,c(12.61631129, 46.49943282)
45222812,1.16367081844592,0.078553846153846,c(12.71341771, 48.38822096)
45242518,1.09567271697513,0.008526923076923,c(12.60556033, 45.74271007)
45242722,0.254104120089428,0.036615384615385,c(12.69724159, 47.57832152)
45242946,0.956239145348407,0.245936538461538,c(12.80800561, 49.59185947)
45242968,1.24280476900834,0.163348076923077,c(12.81951116, 49.78952476)
45243630,1.34195391506211,0.037396153846154,c(13.23068894, 55.73335149)
45243882,0.679806219332965,0.010776923076923,c(13.42899556, 57.99577271)
45243904,1.16319726368954,0.037446153846154,c(13.44769347, 58.1933301)
45244598,1.08692510723855,0.039703846153846,c(14.19117885, 64.43309527)
45264114,0.432346799390809,0.020138461538462,c(13.67480733, 60.07873852)
45282148,1.57213069150207,0.018357692307692,c(12.50669872, 42.40617185)
45282274,0.366302559852747,0.076419230769231,c(12.55527051, 43.54296919)
45282706,0.708509251570016,0.052863461538462,c(12.74270783, 47.43310202)
45283408,1.49892013462428,0.035492307692308,c(13.13773966, 53.73904779)
45283926,0.684347526827895,0.016523076923077,c(13.53483215, 58.38913222)
45284100,0.983240378569504,0.057992307692308,c(13.6968032, 59.9520172)
45303820,0.791481047284095,0.015769230769231,c(13.47724057, 57.43648416)
45303910,1.02441638732211,0.041942307692308,c(13.55472579, 58.24456284)
45304234,0.208217168011739,0.011825,c(13.87085968, 61.15523061)
45304270,0.344417932146074,0.026415384615385,c(13.91009511, 61.47883988)
45322594,0.900605046475324,0.057605769230769,c(12.74267578, 46.4241947)
45323152,1.39402164576533,0.138044230769231,c(13.03554683, 51.4392894)
45323652,0.782737614563815,0.018853846153846,c(13.37469704, 55.92752948)
45323656,0.248730120231454,0.000965384615385,c(13.37778498, 55.96343304)
45323868,0.541719355197853,0.015440384615385,c(13.55167679, 57.86655256)
45342100,1.10371106586942,0.040292307692308,c(12.56093343, 41.97098805)
45342510,1.13433219245138,0.017853846153846,c(12.73021457, 45.66745915)
45342706,1.07704813516098,0.034769230769231,c(12.82213968, 47.43107322)
45362066,1.19712230215827,0.059076923076923,c(12.57204007, 41.6633081)
45362200,0.908368687488686,0.075744230769231,c(12.62401753, 42.87299179)
45364090,0.722719065535572,0.046759615384615,c(13.82924909, 59.85836452)
45364600,0.167536254272308,0.004096153846154,c(14.4411054, 64.44442115)
45382568,0.59038828550609,0.113261538461538,c(12.80832996, 46.18819758)
45382978,0.999069814468429,0.239192307692308,c(13.01940026, 49.87435918)
45383788,0.43672257093638,0.028788461538462,c(13.58251116, 57.14566911)
45383878,0.378066760089904,0.009196153846154,c(13.66147988, 57.95361164)
45383972,0.466310999529264,0.019538461538462,c(13.74847259, 58.79761429)
45403874,0.506655840909364,0.038380769230769,c(13.69153772, 57.91677571)
45422942,1.36151444352794,0.109396153846154,c(13.05447991, 49.54946768)
45423634,1.10546392773918,0.107080769230769,c(13.51993003, 55.76166946)
45423684,0.735390067226015,0.04055,c(13.56046093, 56.21040953)
45423958,1.02089077956025,0.02445,c(13.80393381, 58.66999807)
45442766,0.59036421358263,0.035646153846154,c(12.98566922, 47.96704562)
45443304,1.03937090920371,0.008092307692308,c(13.30742454, 52.79916576)
45444258,0.654600606673407,0.049038461538462,c(14.15736441, 61.36377851)
45444294,1.15617614345887,0.042126923076923,c(14.19986254, 61.68733738)
45462120,1.52880703120198,0.061326923076923,c(12.71315332, 42.14777986)
45462542,1.37510538060997,0.038284615384615,c(12.89919183, 45.95143126)
45462760,1.11741497996507,0.0267,c(13.00923883, 47.91237505)
45463614,0.856289861877372,0.017038461538462,c(13.56734692, 55.58041262)
45463704,0.134803334307485,0.006367307692308,c(13.64162294, 56.38810394)
45463966,0.112640628193904,0.002757692307692,c(13.88049361, 58.73988835)
45464052,0.812267113250994,0.0446,c(13.96720937, 59.51212184)
45464154,0.213118736714242,0.0121,c(14.07611841, 60.42827314)
45482304,1.20457275478681,0.018938461538462,c(12.81506071, 43.80699979)
45482530,1.13506838678274,0.004390384615385,c(12.91912946, 45.84271796)
45482566,1.04184558096236,0.14065,c(12.93665018, 46.16672082)
45482622,0.608925128092116,0.022638461538462,c(12.96445362, 46.67059222)
45483874,0.70459587955626,0.029230769230769,c(13.82614094, 57.91299256)
45483892,0.865749073583907,0.0555,c(13.84313739, 58.07457186)
45484288,1.06977209786042,0.012565384615385,c(14.26773234, 61.6312487)
45502518,1.53439876272716,0.030125,c(12.93899463, 45.73399391)
45502702,1.02698585418934,0.116346153846154,c(13.03182701, 47.38941082)
45502846,1.51118091821668,0.029682692307692,c(13.10993952, 48.68388105)
45502954,1.26227444329384,0.056607692307692,c(13.17197492, 49.65422139)
45503652,1.01924987155335,0.079234615384615,c(13.66212724, 55.91961847)
45503854,0.602734363473625,0.022413461538462,c(13.84094542, 57.73250467)
45503926,0.83455530261402,0.020076923076923,c(13.909812, 58.37881167)
45522910,0.864319960910858,0.055413461538462,c(13.17377617, 49.25817306)
45522960,1.17703662078845,0.028084615384615,c(13.20321517, 49.70733735)
45523324,0.808331975360949,0.055907692307692,c(13.44005528, 52.97533354)
45542560,1.30059855175589,0.081115384615385,c(13.01118148, 46.11056617)
45544090,0.907117070654977,0.045415384615385,c(14.14913962, 59.84926538)
45562852,1.28516125213342,0.025355769230769,c(13.19478697, 48.73549081)
45562946,1.39012634730038,0.080069230769231,c(13.25016175, 49.58000278)
45562960,0.709434552273507,0.052928846153846,c(13.25861695, 49.70575596)
45562982,0.867181729422252,0.003357692307692,c(13.27201577, 49.90335581)
45563756,0.352228890177214,0.018138461538462,c(13.84978183, 56.85007521)
45564112,0.284008368984792,0.014676923076923,c(14.20916286, 60.04577469)
45564170,0.464934931594753,0.026025,c(14.27535203, 60.56669351)
45564266,0.051776015981023,0.014215384615385,c(14.39037373, 61.4291309)
45564332,0.880882381726007,0.017519230769231,c(14.47368849, 62.02223889)
45564350,0.909259814204375,0.037403846153846,c(14.49704527, 62.18402345)
45581630,1.21699188295691,0.004705769230769,c(12.66824548, 37.71013656)
45582938,1.40918083929552,0.033438461538462,c(13.27294215, 49.50734391)
45583928,0.427446230399057,0.060092307692308,c(14.04813904, 58.39275333)
45584576,0.435498338484419,0.006930769230769,c(14.85683846, 64.21521251)
45601646,0.972574889153239,0.110865384615385,c(12.6964357, 37.85463222)
45602298,0.977336888988174,0.035844230769231,c(12.96097718, 43.74874531)
45602518,1.19809661709677,0.086242307692308,c(13.06721207, 45.73036258)
45603022,0.830040473936743,0.057323076923077,c(13.35277836, 50.26096132)
45603882,0.776313266387445,0.00915,c(14.03592309, 57.97886327)
45604130,0.051715626966075,0.006586538461538,c(14.30126514, 60.20526407)
45622768,0.759803164876841,0.018311538461538,c(13.22754121, 47.97821812)
45622926,1.1294952941824,0.126490384615385,c(13.32075489, 49.39793908)
45642750,0.861281540171213,0.119178846153846,c(13.24400882, 47.8156297)
45643686,0.74566475799566,0.017976923076923,c(13.91605904, 56.21807351)
45643866,0.912036273701566,0.0296,c(14.0872449, 57.8332268)
45662196,0.63067514534176,0.012605769230769,c(12.98804239, 42.82680654)
45662242,1.22737639540657,0.039430769230769,c(13.00908502, 43.24169757)
45662592,0.578035808533961,0.052653846153846,c(13.18311355, 46.39399408)
45663622,1.08837209302326,0.073846153846154,c(13.89090627, 55.64289064)
45683638,0.305435417884278,0.012884615384615,c(13.93686714, 55.78546002)
45683670,0.315022381655547,0.005023076923077,c(13.96575864, 56.07255141)
45702042,1.5810096696709,0.063288461538462,c(12.96801816, 41.43526487)
45702780,0.196897687936907,0.030003846153846,c(13.34162619, 48.08287618)
45702964,1.07120401281686,0.082938461538462,c(13.45506618, 49.73593117)
45703360,1.36526803337959,0.015980769230769,c(13.73550631, 53.29039241)
45703900,0.877458492975734,0.0604,c(14.22313415, 58.13520457)
45704062,0.953579736365986,0.047630769230769,c(14.40083921, 59.58920059)
45704188,0.085,0,c(14.55165529, 60.7205041)
45704742,0.466711319490958,0.081230769230769,c(15.38696136, 65.70133524)
45721660,1.27634515601677,0.134215384615385,c(12.83698262, 37.97766248)
45722614,0.16096041005747,0.012521153846154,c(13.27310089, 46.58955263)
45723844,1.14710510389348,0.046730769230769,c(14.19891872, 57.63164496)
45724726,0.639931804041661,0.047992307692308,c(15.40078257, 65.55589833)
45742046,0.957999070293946,0.011267307692308,c(13.01741661, 41.46996371)
45742568,0.738402934537246,0.127630769230769,c(13.27374174, 46.17494248)
45743608,1.48313746978874,0.017336538461538,c(14.00503424, 55.51335316)
45743828,0.663223787167449,0.078365384615385,c(14.21592453, 57.48702883)
45743978,0.416486799466724,0.011913461538462,c(14.37557161, 58.83302032)
45744008,0.194524522361801,0.003107692307692,c(14.40922535, 59.10226549)
45762134,1.1675866210606,0.042525,c(13.08101475, 42.26374329)
45762794,1.27178575961416,0.030276923076923,c(13.4305462, 48.2062195)
45763046,1.21119169923375,0.098507692307692,c(13.59324995, 50.46964178)
45763604,1.16097856364297,0.047269230769231,c(14.03299971, 55.47646837)
45763802,0.6502016497896,0.032976923076923,c(14.22267548, 57.25270016)
45763820,0.791308929168482,0.050971153846154,c(14.24098025, 57.41419081)
45764378,0.11002643288165,0.009828846153846,c(14.91857918, 62.423616)
45764468,0.824963876847838,0.1003,c(15.05238658, 63.23246424)
45784048,0.735331169700344,0.008671153846154,c(14.52529816, 59.45901591)
45784336,0.939042110627808,0.026465384615385,c(14.89684322, 62.04501098)
45784544,1.1163785693821,0.194538461538462,c(15.21243709, 63.91440921)
45784746,0.885474082442267,0.048425,c(15.56682608, 65.73166117)
45821652,1.33800787296399,0.020992307692308,c(12.94679757, 37.9016936)
45822828,0.227267281845694,0.017588461538462,c(13.5325144, 48.50918011)
45823278,0.978955328517751,0.023469230769231,c(13.84958578, 52.54904187)
45823296,1.36756909725498,0.021446153846154,c(13.86376072, 52.71053826)
45823804,0.791898474554544,0.039876923076923,c(14.3238728, 57.26742487)
45823962,0.814537742026917,0.016221153846154,c(14.49531119, 58.68496272)
45824010,0.503836813987372,0.010096153846154,c(14.55061446, 59.11568627)
45842754,0.836826941003,0.092261538461538,c(13.51312906, 47.84336232)
45842808,1.33687611048296,0.07135,c(13.54684775, 48.32862057)
45843352,1.40479267689857,0.039078846153846,c(13.93858552, 53.21197074)
45843766,0.637998108319283,0.064730769230769,c(14.31766231, 56.92546506)
45844024,0.635922707819997,0.050953846153846,c(14.60194603, 59.24016338)
45863044,1.02634386540829,0.100184615384615,c(13.73252252, 50.44719469)
45863868,0.693895603042601,0.008186538461538,c(14.45856769, 57.83935008)
45864106,0.646048537647791,0.0358,c(14.73743718, 59.97489247)
45864696,1.01960479440937,0.099592307692308,c(15.64376421, 65.27590982)
45882610,0.550856387176588,0.098403846153846,c(13.47913314, 46.54702765)
45882618,0.836604218524826,0.045875,c(13.48384238, 46.61897682)
45882676,0.375673073937211,0.009138461538462,c(13.51848206, 47.1405132)
45883824,0.363045675658601,0.025907692307692,c(14.4443531, 57.44353089)
45883896,1.21513563813647,0.049365384615385,c(14.52317119, 58.08940574)
45884278,0.287912316243312,0.03745,c(15.00321645, 61.5177605)
45884526,0.487681100899649,0.047492307692308,c(15.38418405, 63.74576849)
45902272,0.575176441956681,0.114984615384615,c(13.31884542, 43.50305337)
45902624,0.140545993512641,0.008723076923077,c(13.51347386, 46.67208777)
45902768,1.06607669616519,0.029938461538462,c(13.60202602, 47.9665807)
45903046,1.07474660911973,0.012623076923077,c(13.79021448, 50.46330279)
45903064,0.795717674209885,0.040061538461538,c(13.80326038, 50.62487391)
45903754,0.191211938092507,0.000742307692308,c(14.40342299, 56.81455092)
45904000,0.103496597670987,0.000401923076923,c(14.67769806, 59.02129217)
45904180,0.850122620761673,0.027646153846154,c(14.90539561, 60.63665682)
45904216,0.518087924044299,0.031419230769231,c(14.95407017, 60.95982524)
45904450,0.333630437378441,0.049801923076923,c(15.29980256, 63.06139734)
45922694,0.666757123473541,0.07875,c(13.58221638, 47.30060871)
45923018,1.0177162563995,0.028619230769231,c(13.79812619, 50.21102417)
45923114,0.579899536501479,0.009207692307692,c(13.86859458, 51.0726899)
45923252,1.33793971354947,0.037288461538462,c(13.97578645, 52.31094528)
45923270,1.35489769264258,0.010523076923077,c(13.99031145, 52.47242904)
45924062,0.623141677005952,0.020415384615385,c(14.78854827, 59.57640634)
45924116,0.589917760962638,0.063471153846154,c(14.85727095, 60.06099199)
45924670,0.998097116667633,0.171298076923077,c(15.72158536, 65.03762514)
45944144,0.215099754754451,0.019036538461538,c(14.92981656, 60.31103858)
45962662,0.827761234760135,0.041607692307692,c(13.6150654, 47.01118125)
45963310,1.50524279978781,0.017590384615385,c(14.08232502, 52.82925931)
45963382,1.64167245564282,0.058776923076923,c(14.14384729, 53.47506769)
45963860,0.397060024499796,0.0204,c(14.6173277, 57.76188382)
45964246,0.095448644729199,0.013396153846154,c(15.10653046, 61.22530034)
45964616,0.577808172613893,0.049546153846154,c(15.70464052, 64.54910502)
45964850,0.586781571956198,0.050276923076923,c(16.17344791, 66.65405795)
45982782,0.537791601866252,0.010769230769231,c(13.71817178, 48.08881509)
45982944,1.09467145254314,0.134740384615385,c(13.82874793, 49.54385972)
45982980,1.34451653795473,0.077646153846154,c(13.85446101, 49.86707447)
45983142,0.751876582600126,0.129657692307692,c(13.9757312, 51.32106209)
45983214,1.07516347462409,0.073015384615385,c(14.03273651, 51.96706621)
45984276,0.111584512517493,0.010615384615385,c(15.18700646, 61.49330722)
46002792,0.863807410677292,0.006734615384615,c(13.75161667, 48.17775205)
46002900,0.752156769970822,0.024538461538462,c(13.82527615, 49.1478285)
46002912,1.30029167601526,0.142884615384615,c(13.83368741, 49.25558748)
46003030,1.2639382771473,0.079009615384615,c(13.91894495, 50.31495816)
46003080,1.05910750515646,0.087217307692308,c(13.95652302, 50.76371508)
46003740,0.165436260983016,0.000642307692308,c(14.55168461, 56.68338554)
46003818,0.399952184801822,0.018657692307692,c(14.63685712, 57.38287495)
46004196,0.532395584702493,0.004161538461538,c(15.10942152, 60.77390288)
46004610,0.553191376217718,0.059755769230769,c(15.77609252, 64.49220435)
46004632,0.867831026155573,0.095353846153846,c(15.81715994, 64.68997227)
46022134,0.433940465156381,0.107826923076923,c(13.39482093, 42.25366115)
46022620,0.220905580013032,0.031984615384615,c(13.66750419, 46.63089403)
46023042,0.939905425347911,0.030476923076923,c(13.95598983, 50.42169954)
46023898,0.505300066536196,0.014417307692308,c(14.76202357, 58.09916448)
46024108,0.320217698044749,0.0078,c(15.02521508, 59.98294064)
46024234,1.10062344139651,0.074615384615385,c(15.20014422, 61.11364812)
46024690,0.924509810049441,0.076986538461538,c(15.97093729, 65.20991906)
46024708,0.462454270717353,0.032769230769231,c(16.00677449, 65.37177909)
46043728,0.063395024506393,0.004969230769231,c(14.60381119, 56.57348647)
46043778,0.156008462295514,0.007361538461538,c(14.658379, 57.02183699)
46044606,1.215766689362,0.014255769230769,c(15.851005, 64.45325097)
46062258,0.974511728531079,0.039980769230769,c(13.50842572, 43.37029659)
46063266,1.37349226102203,0.032619230769231,c(14.19263415, 52.42947736)
46063684,0.300479992579825,0.004792307692308,c(14.58915049, 56.17780473)
46063842,0.161736417988043,0.03825,c(14.76384075, 57.59455946)
46064206,0.745156036223858,0.055446153846154,c(15.23324849, 60.85970165)
46064260,0.159183673469388,0.02,c(15.31229285, 61.34433167)
46064580,0.112414073066512,0.000436538461538,c(15.8435848, 64.218082)
46082614,1.1285766712379,0.004365384615385,c(13.74189902, 46.57424737)
46082678,0.441121734895286,0.024725,c(13.78295124, 47.14962803)
46082830,1.1539765542784,0.057069230769231,c(13.88525065, 48.51539121)
46082944,1.17517752392714,0.202707692307692,c(13.96673217, 49.53909321)
46083880,0.172115010807533,0.010661538461538,c(14.84187887, 57.93411387)
46084690,1.07967501261185,0.058425,c(16.09776225, 65.20523438)
46102726,0.474823743461451,0.154423076923077,c(13.84104915, 47.58010261)
46102852,0.426461593229664,0.049246153846154,c(13.92778205, 48.71203121)
46102910,1.41200262892403,0.081226923076923,c(13.96940478, 49.23286222)
46102964,1.02035177273484,0.168169230769231,c(14.0091702, 49.71766416)
46103252,1.22186445243792,0.029123076923077,c(14.23932488, 52.30182378)
46103960,0.627364691622768,0.009953846153846,c(14.97358847, 58.65030061)
46104050,0.598579965682504,0.024942307692308,c(15.08960643, 59.45749977)
46104170,1.1286347944963,0.022336538461538,c(15.25450462, 60.53400587)
46104418,0.645227223309415,0.0802,c(15.63791649, 62.7599433)
46104530,0.346414369998387,0.034205769230769,c(15.83303811, 63.7658406)
46104554,0.0945,0,c(15.87686735, 63.98144879)
46121612,1.30714747736093,0.191323076923077,c(13.26793774, 37.52788386)
46122272,0.541166949906935,0.049461538461538,c(13.58993932, 43.4939217)
46122606,0.10672878661483,0.022569230769231,c(13.78885106, 46.50048633)
46123910,0.892436079192408,0.032832692307692,c(14.94564433, 58.20066919)
46124594,0.200748523420596,0.013442307692308,c(15.9925775, 64.33930437)
46142788,1.21598193003091,0.076240384615385,c(13.93676805, 48.1352633)
46142896,1.49250814332248,0.079,c(14.01395884, 49.1052085)
46142982,1.06952480900371,0.109426923076923,c(14.07822268, 49.87725941)
46144022,1.219870068135,0.029076923076923,c(15.12253773, 59.20378459)
46144062,0.090223850725129,0.000707692307692,c(15.17597436, 59.56253494)
46144080,0.903783243850668,0.014276923076923,c(15.20044701, 59.7239822)
46163088,0.668803752931978,0.016153846153846,c(14.1894247, 50.8275023)
46163970,0.410269254852849,0.017230769230769,c(15.08935037, 58.73616966)
46164168,1.10769009859919,0.035723076923077,c(15.3602737, 60.51201842)
46164258,0.742378127418107,0.03075,c(15.4948646, 61.31949906)
46181644,1.12043753598158,0.1315,c(13.34932448, 37.81573174)
46182544,0.325773115470109,0.013730769230769,c(13.82695676, 45.94013037)
46183002,1.1752706246218,0.084738461538462,c(14.14931752, 50.05475108)
46183264,1.39925403596955,0.038930769230769,c(14.36700957, 52.40520144)
46183872,0.502428079485704,0.014336538461538,c(15.00023416, 57.85619227)
46183938,1.51385965839987,0.05445,c(15.08262903, 58.44794928)
46183974,0.469085567847991,0.015446153846154,c(15.12893122, 58.77074875)
46184632,0.753997707176795,0.105905769230769,c(16.19048867, 64.67601975)
46202044,1.12985401917173,0.017784615384615,c(13.56437997, 41.43381132)
46202106,0.589008137386663,0.006957692307692,c(13.5970107, 41.99346369)
46202116,0.173390444026487,0.159526923076923,c(13.6023499, 42.08370133)
46202440,0.768049948597076,0.002975,c(13.78767817, 45.00344896)
46202812,1.29420209483789,0.015161538461538,c(14.03441481, 48.34792763)
46203042,1.19463767523603,0.058961538461538,c(14.20890681, 50.41268881)
46203078,1.0813181415315,0.099548076923077,c(14.23795664, 50.73570951)
46203982,0.834645204393965,0.009830769230769,c(15.17384406, 58.84118292)
46204126,0.813065405215216,0.016192307692308,c(15.37162135, 60.1325526)
46204204,0.42458544714086,0.012142307692308,c(15.48629552, 60.83221512)
46224444,0.139865271495409,0.009403846153846,c(15.91669176, 62.984493)
46224682,0.576253298153034,0.0525,c(16.37664683, 65.12203565)
46241610,1.27728472525365,0.057242307692308,c(13.40167107, 37.50500784)
46244008,1.0212609446949,0.003951923076923,c(15.27771975, 59.07167189)
46244076,0.521766649602085,0.008292307692308,c(15.37162894, 59.68141598)
46262056,1.34523749047498,0.01575,c(13.64219386, 41.53956911)
46262660,0.22812732469363,0.017653846153846,c(14.00742325, 46.97932748)
46263316,1.33087924387514,0.010338461538462,c(14.53223673, 52.86709891)
46263700,0.030418719211823,0.000615384615385,c(14.92844288, 56.309344)
46263934,1.2047831054726,0.023807692307692,c(15.21384182, 58.40689695)
46263946,1.04638242894057,0.0712,c(15.22953765, 58.51447652)
46264636,0.676973495555283,0.061115384615385,c(16.36452309, 64.70547166)
46282550,0.787994878093397,0.043325,c(13.95954517, 45.98938519)
46282726,0.234895643780559,0.027738461538462,c(14.0798686, 47.57143692)
46282880,0.974726569072859,0.085692307692308,c(14.19315539, 48.95453917)
46283032,1.26029334210954,0.030011538461538,c(14.31309177, 50.31877944)
46283230,1.26283937328071,0.035269230769231,c(14.48286679, 52.09483631)
46284116,0.095587271168491,0.00855,c(15.50009397, 60.03735648)
46284248,0.308568561033747,0.018953846153846,c(15.70146814, 61.22122634)
46302152,0.409646452821353,0.1458,c(13.74271535, 42.40408067)
46302542,0.121111976971644,0.032630769230769,c(13.98001032, 45.91647508)
46302682,0.393983229344673,0.032192307692308,c(14.07524146, 47.1750839)
46303244,1.20942322998971,0.009403846153846,c(14.52471837, 52.21926789)
46304558,0.666212354013582,0.033761538461538,c(16.28927729, 64.00171278)
46322834,0.978663850013203,0.05325,c(14.21256397, 48.53946822)
46322896,1.49555090343692,0.053826923076923,c(14.26007047, 49.09611484)
46323072,1.10313288306616,0.054692307692308,c(14.40260366, 50.6755168)
46323328,1.01711292655279,0.016038461538462,c(14.63261748, 52.97128887)
46323742,0.140032768134535,0.004661538461538,c(15.07452784, 56.68202946)
46323810,0.57725304182398,0.016436538461538,c(15.15705999, 57.29148241)
46323922,1.04534752059065,0.008138461538462,c(15.30015167, 58.29535251)
46323954,0.205641399023811,0.001611538461538,c(15.34277078, 58.58219452)
46324314,0.125985079661429,0.019407692307692,c(15.88402333, 61.81032972)
46324552,0.252536010340637,0.006161538461538,c(16.31787244, 63.94621961)
46324670,1.10361479941407,0.186038461538462,c(16.56126493, 65.00586517)
46342786,1.24202490960225,0.066625,c(14.2035016, 48.1073876)
46342980,1.23160837957586,0.105884615384615,c(14.35440057, 49.84898778)
46362660,0.2593470083992,0.021426923076923,c(14.13857867, 46.97438527)
46362688,0.155253974408686,0.008076923076923,c(14.15852243, 47.22600082)
46362900,1.44800821833846,0.108934615384615,c(14.3179017, 49.12992643)
46363020,1.2332489012648,0.082861538461538,c(14.41520594, 50.20683127)
46363102,1.07431188874675,0.067961538461538,c(14.48492468, 50.94244603)
46363782,0.170719729909458,0.02255,c(15.18835889, 57.03794335)
46364254,0.362047372719848,0.08175,c(15.85917188, 61.26915396)
46364574,1.14404803140515,0.1339,c(16.44304739, 64.14044571)
46381602,1.17900659058029,0.042923076923077,c(13.55494864, 37.42668585)
46382836,0.703788904477722,0.059703846153846,c(14.29521362, 48.55431481)
46382944,1.2856255784353,0.091963461538462,c(14.38053016, 49.52378265)
46382970,1.04969644405898,0.113076923076923,c(14.40171215, 49.75710808)
46383088,0.717973519384762,0.029769230769231,c(14.50116171, 50.81576558)
46383352,1.03917138664942,0.024876923076923,c(14.7452977, 53.18296004)
46383708,0.069617004793492,0.007067307692308,c(15.13123365, 56.37349438)
46383790,0.2195,0,c(15.23113784, 57.10833057)
46383874,0.546549660949342,0.035769230769231,c(15.33838083, 57.86112005)
46383946,1.07101883171214,0.030073076923077,c(15.43452237, 58.50641198)
46384162,0.805426968954894,0.026230769230769,c(15.74898117, 60.44269088)
46384288,0.341234874340676,0.008307692307692,c(15.95283428, 61.57258335)
46384540,0.418689930675675,0.004955769230769,c(16.41499547, 63.83358097)
46401640,1.51365487812763,0.048184615384615,c(13.59524765, 37.77042098)
46402688,0.571029461127321,0.031775,c(14.21122967, 47.22396819)
46402932,1.12048962213944,0.0605,c(14.39835703, 49.41501398)
46403724,0.254514889150217,0.025361538461538,c(15.18275685, 56.51558289)
46403760,0.253342787994636,0.001984615384615,c(15.22671431, 56.83818048)
46403836,0.325437415881561,0.0341,c(15.32248077, 57.51923434)
46403872,0.639545874300614,0.07955,c(15.36930799, 57.84185)
46422624,1.16697411283542,0.089688461538462,c(14.19149875, 46.64780123)
46422690,0.229763469119579,0.016553846153846,c(14.23904299, 47.24091212)
46422942,1.23740395977842,0.124465384615385,c(14.43404575, 49.50367852)
46423788,0.1415,0,c(15.29439144, 57.08776856)
46424094,0.124913565182022,0.0166,c(15.716427, 59.83016345)
46424152,0.354713991443511,0.029076923076923,c(15.80551332, 60.35010254)
46424310,0.791400127091718,0.092115384615385,c(16.06536277, 61.7668271)
46424620,0.633214135422109,0.054040384615385,c(16.66188792, 64.54834206)
46442642,0.568013155879437,0.045761538461538,c(14.23047478, 46.80855783)
46442920,1.25151677564583,0.0671,c(14.44357061, 49.30515624)
46442992,1.45217093137885,0.102653846153846,c(14.50330498, 49.95124149)
46444288,0.331098926558035,0.003923076923077,c(16.06495223, 61.5679868)
46461650,1.41651022245082,0.027875,c(13.66763071, 37.85849208)
46462856,1.32080529321948,0.047838461538462,c(14.41925342, 48.72962107)
46462862,0.863157790993115,0.024378846153846,c(14.42404274, 48.78348227)
46462874,1.44543390816042,0.034269230769231,c(14.43366082, 48.8912003)
46463090,0.482256906927039,0.024669230769231,c(14.6162615, 50.82922694)
46463396,1.18699008066878,0.028315384615385,c(14.90972145, 53.5725554)
46463428,1.42761305391553,0.051507692307692,c(14.94308949, 53.85933833)
46463828,0.122506722787326,0.013115384615385,c(15.41175395, 57.44350405)
46463950,0.609740411054667,0.009676923076923,c(15.57672649, 58.53670859)
46464140,0.135046593960313,0.001603846153846,c(15.85860307, 60.23956969)
46464292,0.442098635225967,0.022661538461538,c(16.10923052, 61.6023033)
46464656,0.60116776956014,0.051446153846154,c(16.82339998, 64.86804308)
46464716,0.597765541457186,0.036076923076923,c(16.95984973, 65.40673703)
46482134,0.723241466956453,0.002801923076923,c(13.94977149, 42.23343225)
46482866,1.42958199356913,0.028125,c(14.45442829, 48.8183053)
46483298,0.72299492208563,0.008526923076923,c(14.84037041, 52.69299271)
46483856,0.185758960789031,0.000721153846154,c(15.481999, 57.69302041)
46484090,0.982922621875789,0.101465384615385,c(15.8166662, 59.78992866)
46502082,0.077730812797786,0.127373076923077,c(13.94339543, 41.76335642)
46502158,0.674,0,c(13.98818382, 42.44893138)
46502720,0.278571428571429,0.02,c(14.36709679, 47.50624219)
46502906,1.42125826918331,0.033715384615385,c(14.51433313, 49.17622842)
46503018,1.50724538077238,0.054225,c(14.60923771, 50.18114843)
46503054,1.38411530205459,0.0217,c(14.64081538, 50.50406743)
46503198,1.41341000856479,0.056961538461538,c(14.77270206, 51.79536298)
46503360,1.01856843949199,0.011971153846154,c(14.93263058, 53.24748039)
46503450,0.876200766132993,0.021057692307692,c(15.02729104, 54.05401405)
46503878,0.564351853711641,0.042565384615385,c(15.54512072, 57.88875289)
46503972,0.79732896818214,0.022561538461538,c(15.67647702, 58.73101126)
46504048,1.21502962065918,0.059907692307692,c(15.78814332, 59.41205318)
46504238,0.079781523242458,0.015561538461538,c(16.09109682, 61.1150377)
46504246,0.516536580289312,0.0391,c(16.10466265, 61.18675687)
46522626,0.692165523417941,0.055211538461538,c(14.32328565, 46.66061565)
46522722,0.703909802426896,0.132161538461538,c(14.39511742, 47.52314219)
46522836,0.701266625919197,0.090709615384615,c(14.48449934, 48.54682264)
46523016,1.44444444444444,0.102163461538462,c(14.63544074, 50.16207489)
46524186,0.690977065738346,0.058680769230769,c(16.04090759, 60.64736411)
46524204,0.271125713838692,0.016692307692308,c(16.07070997, 60.80870696)
46542614,0.51566246204889,0.016953846153846,c(14.34053549, 46.55171767)
46543398,1.33947435570299,0.005176923076923,c(15.03233651, 53.58555241)
46543710,0.610158008932183,0.058719230769231,c(15.3918111, 56.3808855)
46543926,0.551341456213216,0.023019230769231,c(15.67923689, 58.3159888)
46543992,0.321015814849033,0.009207692307692,c(15.774442, 58.9073284)
46544236,0.6585,0,c(16.16135689, 61.09399068)
46544244,0.308512467755804,0.015923076923077,c(16.17506718, 61.16570173)
46544532,0.698396355190139,0.032132692307692,c(16.72006118, 63.74827891)
46562146,0.455738596787688,0.066811538461538,c(14.05350749, 42.33782603)
46562632,1.16387884525918,0.057530769230769,c(14.37987973, 46.71242592)
46562722,0.406145637782828,0.026826923076923,c(14.44811846, 47.52099275)
46562902,1.34780344939798,0.054461538461538,c(14.5931121, 49.13699443)
46563820,0.562565510356876,0.036778846153846,c(15.56688826, 57.36493906)
46564018,0.719178172689437,0.068492307692308,c(15.84773941, 59.13881984)
46564612,1.1352862849534,0.06125,c(16.93269672, 64.46426833)
46581654,1.24622446350926,0.014607692307692,c(13.80489206, 37.88943737)
46582562,0.061142194783729,0.002898076923077,c(14.35442359, 46.08219651)
46583886,0.317098918946353,0.01485,c(15.69057148, 57.9547736)
46584516,0.978774343398249,0.138923076923077,c(16.76672012, 63.601289)
46602010,0.823362715985878,0.013023076923077,c(14.02062805, 41.10870081)
46602676,0.437913293183903,0.035653846153846,c(14.46548297, 47.10562096)
46602982,1.34849264410322,0.043153846153846,c(14.71700434, 49.85249847)
46603756,0.077475730414648,0.008334615384615,c(15.54794553, 56.78884686)
46604040,0.610177167111681,0.052176923076923,c(15.95091598, 59.33294911)
46604152,0.564351853711641,0.042565384615385,c(16.12947937, 60.33647271)
46604310,0.1175,0,c(16.40363949, 61.75251011)
46622038,0.894570522009438,0.044815384615385,c(14.06076778, 41.36051159)
46622560,0.141597903116202,0.009519230769231,c(14.40453666, 46.06209688)
46623028,1.52233499338082,0.023815384615385,c(14.78596475, 50.26393765)
46642802,0.655293525768009,0.021446153846154,c(14.61858827, 48.23494302)
46642928,1.27203720621211,0.073769230769231,c(14.72499588, 49.36573982)
46643006,1.53448655118314,0.048815384615385,c(14.79403083, 50.06544676)
46643036,1.28479744689013,0.057559615384615,c(14.82126093, 50.33450791)
46643090,0.829873155578566,0.03425,c(14.87125978, 50.81874432)
46643168,1.39791967410864,0.027519230769231,c(14.94579983, 51.51804321)
46643788,0.447526732825602,0.025075,c(15.65583248, 57.07266657)
46643918,0.394291860211367,0.013015384615385,c(15.83742146, 58.23707142)
46644422,1.11607699841164,0.065315384615385,c(16.6933525, 62.75318717)
46644472,1.26894197952218,0.121,c(16.79448829, 63.2014785)
46644692,1.08890235346642,0.035138461538462,c(17.28413264, 65.174731)
46662682,0.372563710750727,0.024663461538462,c(14.54903322, 47.15623747)
46662794,0.80819712538943,0.048165384615385,c(14.63886538, 48.16199724)
46663262,0.916946939546005,0.022015384615385,c(15.06876574, 52.35932895)
46664162,0.491236793039155,0.009846153846154,c(16.25425028, 60.42136058)
46664594,0.521964348465003,0.036830769230769,c(17.09734073, 64.29375121)
46682050,1.21062088881758,0.06505,c(14.13933535, 41.4658806)
46682698,0.85418492120578,0.058892307692308,c(14.58797894, 47.29884348)
46682946,1.04903292136997,0.102173076923077,c(14.79585009, 49.52489845)
46683238,1.18108108108108,0.038,c(15.07345214, 52.14299382)
46683878,0.514481695951487,0.071453846153846,c(15.84721313, 57.87586115)
46683954,0.695559821700764,0.066392307692308,c(15.95854348, 58.55655166)
46684188,0.128509498032633,0.001007692307692,c(16.33484501, 60.65271028)
46702674,0.407554336357881,0.0522,c(14.59533803, 47.08215585)
46703178,0.979448197089348,0.023480769230769,c(15.04199564, 51.60399368)
46703376,0.880573519201816,0.013915384615385,c(15.24904694, 53.37824876)
46703898,0.5224796210974,0.045015384615385,c(15.90975246, 58.05350416)
46703970,0.440716809771531,0.022592307692308,c(16.01694001, 58.69834682)
46704528,1.11051486584481,0.045307692307692,c(17.03205283, 63.69826146)
46704726,0.480677327414835,0.036484615384615,c(17.49487109, 65.47403589)
46722576,0.873010157152083,0.017365384615385,c(14.54554301, 46.20050025)
46722638,0.927613709762293,0.068098076923077,c(14.59328973, 46.75763449)
46722642,0.872890484739677,0.035961538461538,c(14.59641469, 46.79357148)
46722786,1.35303120116398,0.07215,c(14.71266799, 48.0867641)
46722792,0.964561027837259,0.066,c(14.71767565, 48.14062552)
46723066,1.15454548966732,0.004465384615385,c(14.96166134, 50.59872549)
46723200,1.06637486334053,0.025511538461538,c(15.09294632, 51.79992683)
46723944,1.16841722696711,0.047557692307692,c(16.01180867, 58.46397232)
46724182,0.260413354531002,0.032307692307692,c(16.39701551, 60.59572237)
46724682,0.864907241431441,0.109557692307692,c(17.42816793, 65.0774148)
46741570,0.98351822503962,0.0535,c(13.94168484, 37.12046836)
46742002,0.981090717020996,0.053375,c(14.18156839, 41.02961674)
46742542,0.990085079168201,0.007711538461538,c(14.54559777, 45.89378738)
46742758,1.1180447766281,0.040794230769231,c(14.7161331, 47.83424481)
46742980,1.31237027588644,0.036601923076923,c(14.90945896, 49.82631225)
46743172,1.17081622155635,0.057853846153846,c(15.09357999, 51.54772131)
46743736,0.103991996767926,0.000403846153846,c(15.74907914, 56.59982296)
46744302,0.064222358188164,0.000503846153846,c(16.65138905, 61.66915964)
46744684,1.16990394877268,0.063,c(17.47507747, 65.09342654)
46761582,1.03881856540084,0.1231,c(13.97016681, 37.22837742)
46762986,1.16021862814038,0.037353846153846,c(14.94273402, 49.87891818)
46764066,0.992108917824967,0.027919230769231,c(16.27263803, 59.5534831)
46764124,1.13577991424539,0.061275,c(16.36931427, 60.07294752)
46764408,1.02563470704582,0.051046153846154,c(16.8973501, 62.61726073)
46782910,1.40598272593217,0.087115384615385,c(14.90113701, 49.19601998)
46782946,0.464257163544033,0.030548076923077,c(14.93369025, 49.51895076)
46783180,0.640836803291025,0.041682692307692,c(15.15925838, 51.61689718)
46783194,1.2602124490894,0.045744230769231,c(15.17357284, 51.74236259)
46784508,1.17386848847139,0.0632,c(17.14792261, 63.51168359)
46802648,0.21970117595683,0.013569230769231,c(14.70573746, 46.84296037)
46802974,1.23730213351686,0.05555,c(14.9870943, 49.76886788)
46803982,0.245417915073871,0.0321,c(16.20732974, 58.79810247)
46804024,0.433900533761248,0.037671153846154,c(16.27428427, 59.17418939)
46804054,0.856289861877372,0.017038461538462,c(16.3231503, 59.44283207)
46804126,0.291127629289894,0.027230769230769,c(16.4441238, 60.08761181)
46804612,1.06925425207152,0.0828,c(17.42563907, 64.44205448)
46822568,0.719439931925427,0.005615384615385,c(14.66851387, 46.12302424)
46822808,0.521722271588981,0.047769230769231,c(14.86554239, 48.27840372)
46823014,1.54178576163863,0.042726923076923,c(15.05251091, 50.1263363)
46823086,0.519001294309215,0.078807692307692,c(15.12220762, 50.77184279)
46823428,1.29184086311531,0.03605,c(15.48875811, 53.83605858)
46823954,1.25438020701843,0.00975,c(16.19777941, 58.54582718)
46823996,0.20558907589711,0.000798076923077,c(16.26399074, 58.9218866)
46842128,0.571029461127321,0.031775,c(14.37991957, 42.1613698)
46842534,0.264435609682452,0.00645,c(14.66789674, 45.81630266)
46842660,0.293531262518036,0.011042307692308,c(14.76779589, 46.94845087)
46843046,1.2065676603886,0.018969230769231,c(15.1112731, 50.41199966)
46843298,1.07105400174865,0.021221153846154,c(15.37154148, 52.67029191)
46843766,0.244489919125632,0.018896153846154,c(15.95305881, 56.86111275)
46861592,1.22903960699522,0.071453846153846,c(14.08715678, 37.31430066)
46862528,1.26720803938487,0.01485,c(14.68890836, 45.76123757)
46862582,0.837228972276297,0.083261538461538,c(14.73117528, 46.24655977)
46862586,0.155028419155589,0.001215384615385,c(14.73434552, 46.28250289)
46863932,1.16965339812195,0.032751923076923,c(16.231703, 58.34572602)
46863958,1.09958779884584,0.09025,c(16.27241074, 58.57849688)
46864012,0.746683688317534,0.008803846153846,c(16.35897881, 59.06195655)
46864094,0.252928143806666,0.020907692307692,c(16.49590512, 59.79614184)
46864678,1.33091702149756,0.0371,c(17.71184627, 65.02785248)
46864688,1.19054060774854,0.033317307692308,c(17.73725111, 65.11749569)
46882520,0.205986867044107,0.056396153846154,c(14.70832948, 45.68818828)
46882726,0.847683235046335,0.0504,c(14.87536709, 47.53878371)
46884096,0.932448511156567,0.014723076923077,c(16.53474423, 59.81239934)
46884150,0.115582913519681,0.009023076923077,c(16.62934794, 60.29589757)
46884672,0.964029381332404,0.061413461538462,c(17.73850931, 64.97207385)
46901572,1.14556722552026,0.056676923076923,c(14.12115254, 37.13098407)
46902810,1.00150564617315,0.141692307692308,c(14.97484889, 48.29155823)
46902972,1.2880516160448,0.052173076923077,c(15.12370063, 49.7447475)
46903264,1.10918902910545,0.064938461538462,c(15.42239989, 52.36171814)
46903344,1.41495415948311,0.045184615384615,c(15.51194482, 53.07829199)
46903444,1.23583045366642,0.029446153846154,c(15.62908818, 53.97382961)
46903710,0.259084056683117,0.030507692307692,c(15.97224767, 56.35530582)
46903998,0.131455500284909,0.001030769230769,c(16.40533964, 58.93339738)
46904136,0.333719664468208,0.038953846153846,c(16.64030047, 60.16886399)
46904416,0.790365650365339,0.012507692307692,c(17.18445062, 62.67632041)
46921612,1.41310418904404,0.069,c(14.16510806, 37.49270225)
46922116,0.521293507200187,0.010442307692308,c(14.46828693, 42.04892635)
46923460,1.13390350624562,0.031782692307692,c(15.67889139, 54.11569436)
46923874,0.85806248920027,0.020630769230769,c(16.24356947, 57.82180732)
46923892,0.195973782771536,0.014153846153846,c(16.27119298, 57.9829287)
46924036,1.17098497081108,0.009107692307692,c(16.50296007, 59.27194363)
46924050,1.16396031153313,0.0627,c(16.52656825, 59.39727097)
46924162,0.914117294435008,0.037596153846154,c(16.72286024, 60.39995218)
46924438,0.986432081153907,0.05365,c(17.27050678, 62.87153093)
46924564,0.505294311081881,0.040915384615385,c(17.55617971, 64.00029179)
46924576,0.680348821188618,0.050869230769231,c(17.58472166, 64.10780909)
46924698,0.779320238790525,0.018773076923077,c(17.88933132, 65.20107018)
46941586,1.31347785108388,0.020615384615385,c(14.17334042, 37.25598606)
46942572,0.574354458617422,0.082761538461538,c(14.8265475, 46.15207451)
46942670,0.286422424295586,0.013432692307692,c(14.9071984, 47.0323917)
46942846,0.506304198765781,0.046423076923077,c(15.06110589, 48.61213016)
46943850,0.564351853711641,0.042565384615385,c(16.24047666, 57.60541628)
46944012,1.18634712143441,0.023451923076923,c(16.49759806, 59.05546376)
46944048,0.955201499531396,0.015076923076923,c(16.5581521, 59.37771348)
46944268,0.365460968606163,0.040294230769231,c(16.95876089, 61.34728069)
46963846,0.13538371502056,0.001061538461538,c(16.26769074, 57.56804353)
46963986,1.00414705508205,0.032492307692308,c(16.48908911, 58.82110021)
46982044,0.685081798694727,0.034684615384615,c(14.492605, 41.39626638)
46982080,0.839616969157109,0.1019,c(14.51633438, 41.72103322)
46982534,0.923007978507822,0.003573076923077,c(14.84749351, 45.80824863)
46983928,0.155078460457491,0.014692307692308,c(16.42910074, 58.30035567)
47002510,0.148,0,c(14.85392226, 45.59136487)
47003108,0.765578085396764,0.053107692307692,c(15.39963898, 50.95739399)
47003450,1.214419736484,0.039030769230769,c(15.7884497, 54.02047101)
47004058,1.04404943287625,0.091230769230769,c(16.68036248, 59.46220091)
47004152,0.375533575445725,0.019315384615385,c(16.84846811, 60.30354576)
47022062,0.889364420312999,0.036615384615385,c(14.55212485, 41.55649859)
47022650,0.508524087431352,0.016723076923077,c(14.99507212, 46.84798219)
47022884,0.720380829433597,0.046615384615385,c(15.20494258, 48.94799358)
47023028,1.55011772251243,0.088469230769231,c(15.3456569, 50.23910802)
47023118,1.08494993941713,0.035015384615385,c(15.43855795, 51.04566902)
47024648,0.05928338762215,0.00225,c(17.96856057, 64.7428258)
47024684,0.083240461594501,0.007453846153846,c(18.06272432, 65.06531586)
47041596,1.17439582615544,0.023221153846154,c(14.29063235, 37.34165091)
47042658,0.371416920229618,0.019107692307692,c(15.02807888, 46.91860612)
47042914,1.19746257068176,0.053857692307692,c(15.26087803, 49.21576215)
47043220,1.43301958709958,0.011123076923077,c(15.57784086, 51.9580937)
47043788,0.138996547640047,0.007925,c(16.31227012, 57.04266259)
47043994,0.976368878360154,0.027488461538462,c(16.64022909, 58.88607284)
47044134,0.552529508998207,0.008776923076923,c(16.88700529, 60.13895763)
47044570,0.049398991857309,0.008076923076923,c(17.8132264, 64.04217258)
47044660,0.076485891534921,6e-04,c(18.04128275, 64.84824918)
47064096,0.242079806529625,0.045769230769231,c(16.85331895, 59.79714522)
47082858,1.05030609442892,0.047553846153846,c(15.26185432, 48.71096538)
47083048,0.704266765225247,0.063423076923077,c(15.45018216, 50.4143898)
47083830,0.11122618541562,0.004730769230769,c(16.4422672, 57.41528667)
47084016,0.843243243243243,0.066461538461538,c(16.74697275, 59.07955729)
47084448,0.104982800680277,0.000407692307692,c(17.60432382, 62.9458351)
47102944,1.16741920838664,0.068115384615385,c(15.37258004, 49.48085727)
47103196,1.44385329765465,0.022615384615385,c(15.63791483, 51.73898512)
47103862,0.532027377861695,0.022230769230769,c(16.52575162, 57.69997627)
47103916,0.463800723182001,0.042692307692308,c(16.61287119, 58.18312332)
47104042,0.903266186293589,0.04935,c(16.82717555, 59.3104833)
47122698,0.282059702879804,0.006876923076923,c(15.16817196, 47.27277908)
47122726,0.645489388107705,0.051680769230769,c(15.19329717, 47.52410118)
47122882,1.13295405890059,0.092734615384615,c(15.33919359, 48.92362338)
47123314,1.25221871779658,0.014676923076923,c(15.8032872, 52.7942638)
47123404,0.996723524307375,0.082503846153846,c(15.9129387, 53.59997521)
47123976,0.317149046319395,0.016361538461538,c(16.74724386, 58.71825886)
47124138,1.00272341093485,0.019894230769231,c(17.03744604, 60.16769233)
47124462,0.7765,0,c(17.71463666, 63.06723367)
47124588,0.091308510102282,0.00765,c(18.02033075, 64.19519966)
47142600,1.36148349778836,0.005261538461538,c(15.10855772, 46.39158751)
47142960,1.13448611901551,0.013315384615385,c(15.44373234, 49.62164934)
47143018,1.88178529609406,0.044157692307692,c(15.50306348, 50.14150751)
47143068,0.880905630134241,0.040192307692308,c(15.55552443, 50.5895607)
47143320,0.93655023759369,0.018605769230769,c(15.84004556, 52.84654411)
47143860,0.139593111808772,0.010123076923077,c(16.58927879, 57.67878798)
47144152,0.434158704491211,0.010546153846154,c(17.09978895, 60.29116309)
47161630,1.23370981412493,0.024365384615385,c(14.44457641, 37.64361575)
47162890,1.13932584269663,0.041538461538462,c(15.40148245, 48.99274007)
47163154,0.59751902880817,0.041938461538462,c(15.67737067, 51.35861974)
47163286,1.1142224493272,0.096769230769231,c(15.82897002, 52.54069762)
47164000,0.37805251201533,0.004476923076923,c(16.85750124, 58.9295389)
47164636,0.556579758389039,0.073367307692308,c(18.2266565, 64.62074191)
47182862,1.13787218151155,0.031890384615385,c(15.40128492, 48.74033774)
47182946,1.07704813516098,0.034769230769231,c(15.48472942, 49.49347839)
47183240,1.0307702014725,0.024680769230769,c(15.80414731, 52.12738896)
47184004,1.08189636023229,0.030369230769231,c(16.8990428, 58.96358556)
47184076,1.07119853528003,0.016876923076923,c(17.0285617, 59.60766069)
47184094,0.846067521987202,0.023907692307692,c(17.0618311, 59.76868274)
47184638,0.592265576041426,0.067107692307692,c(18.27323958, 64.63651802)
47201648,0.924772233261137,0.010880769230769,c(14.50016383, 37.8045822)
47202848,0.839592275928508,0.009888461538462,c(15.41474181, 48.61346751)
47204720,0.600506361162099,0.027753846153846,c(18.54098267, 65.36838768)
47221592,1.42122960440396,0.069369230769231,c(14.48958917, 37.29604327)
47221618,1.13338361671227,0.041330769230769,c(14.50486644, 37.53169724)
47222114,1.37349006264017,0.005307692307692,c(14.82738559, 42.01420845)
47222546,0.212523934090235,0.001665384615385,c(15.16550168, 45.90154626)
47222554,0.808295410219737,0.216109615384615,c(15.17235951, 45.97341517)
47223018,1.17703662078845,0.028084615384615,c(15.61469236, 50.13606079)
47223706,0.720970888940919,0.014384615384615,c(16.48155826, 56.29460105)
47224120,0.089856588133903,0.007028846153846,c(17.18169575, 59.9976523)
47224696,0.696420797486824,0.035238461538462,c(18.51531343, 65.1513515)
47242494,0.216,0,c(15.14696822, 45.43306281)
47242774,0.57296806893465,0.046142307692308,c(15.39733381, 47.94708374)
47242926,0.756794900793287,0.056263461538462,c(15.54687688, 49.31015066)
47244024,0.399584631360332,0.037,c(17.03859412, 59.13720054)
47244096,0.798390333894216,0.051403846153846,c(17.17161903, 59.78116827)
47261442,1.24922148536455,0.014642307692308,c(14.44813591, 35.93292101)
47262412,0.668758044256982,0.007892307692308,c(15.1043261, 44.69469889)
47262606,0.030367473142635,0.002386538461538,c(15.26941058, 46.43793021)
47262900,1.44613458089981,0.040182692307692,c(15.54786147, 49.07571679)
47263030,1.87312757030698,0.074115384615385,c(15.68335177, 50.24081614)
47263380,0.584817555498852,0.035323076923077,c(16.09294827, 53.37476062)
47264416,0.22942514434573,0.010788461538462,c(17.87967059, 62.64162061)
47264650,0.067360028948459,0.011505769230769,c(18.47106368, 64.73528068)
47264686,0.118653828291898,0.006184615384615,c(18.57110418, 65.05743789)
47264704,0.22666022699831,0.004567307692308,c(18.62212543, 65.21852201)
47264722,0.642306097055164,0.0356,c(18.67383167, 65.37960974)
47282424,0.111918641563449,0.000434615384615,c(15.1393345, 44.80136116)
47282530,0.206013502721192,0.012734615384615,c(15.22872407, 45.75403215)
47282676,0.701419878296146,0.014,c(15.35870234, 47.06508257)
47282938,1.2643382990557,0.035309615384615,c(15.61411675, 49.41498686)
47283082,0.606121219619543,0.051848076923077,c(15.76813938, 50.70526143)
47284000,0.826301144627838,0.026892307692308,c(17.06450365, 58.91899987)
47284036,0.753961136023916,0.011938461538462,c(17.12998269, 59.24094265)
47284582,0.463772820751223,0.023746153846154,c(18.32960743, 64.12466369)
47284720,0.709327724744453,0.032619230769231,c(18.71039546, 65.35946357)
47301568,0.848589040027049,0.038775,c(14.56474562, 37.074176)
47302554,0.100039157947497,0.017784615384615,c(15.27525182, 45.96836011)
47302694,0.624724946308365,0.066965384615385,c(15.40164026, 47.22532737)
47303044,1.63828998165166,0.012696153846154,c(15.75451171, 50.36344156)
47304102,1.25484722144719,0.035053846153846,c(17.28917064, 59.8293372)
47304642,0.2883723240451,0.032067307692308,c(18.53178242, 64.6593126)
47304858,0.743618864062631,0.034142307692308,c(19.1767812, 66.59207836)
47321578,1.43310246566668,0.028192307692308,c(14.59297566, 37.16375788)
47322802,1.21464610269828,0.093011538461538,c(15.53143347, 48.19292023)
47323986,0.945682293916337,0.073938461538462,c(17.10814992, 58.79023223)
47324008,0.724399800853663,0.076828846153846,c(17.14804659, 58.98695196)
47342890,1.43616033279051,0.045830769230769,c(15.64678034, 48.98060487)
47344000,0.806186213983699,0.019407692307692,c(17.16796084, 58.91361332)
47344078,1.0764046537729,0.078167307692308,c(17.31370947, 59.61103542)
47361656,1.38965060609147,0.056057692307692,c(14.68522597, 37.86834532)
47362636,0.681768342470547,0.010807692307692,c(15.42655909, 46.70080052)
47364080,0.225711096988204,0.007492307692308,c(17.35272327, 59.62706261)
47364724,0.672609962671657,0.013432692307692,c(18.89154288, 65.38614632)
47382700,0.984209580740523,0.058046153846154,c(15.51265654, 47.27386952)
47382884,1.45091087329466,0.058384615384615,c(15.69506846, 48.92405208)
47383388,1.39780535375405,0.050486538461538,c(16.28316523, 53.43715642)
47384720,0.712141992739008,0.0084,c(18.92200989, 65.34806369)
47401614,1.12801029009092,0.013240384615385,c(14.70422644, 37.48564446)
47402096,0.785108583247156,0.070192307692308,c(15.03015174, 41.84133378)
47402582,0.89505279010397,0.044838461538462,c(15.42910477, 46.21335049)
47402590,0.951496043647828,0.060663461538462,c(15.43637881, 46.28518443)
47402604,0.872478753892023,0.068607692307692,c(15.44916917, 46.41088472)
47402702,0.383692560702282,0.062178846153846,c(15.54092189, 47.29047316)
47402780,0.721877672262478,0.145423076923077,c(15.61683824, 47.9901826)
47403158,0.701961926656064,0.022938461538462,c(16.02565012, 51.37717373)
47403238,1.03686556321297,0.020557692307692,c(16.12196665, 52.09331647)
47403374,0.579408081416547,0.029492307692308,c(16.29469777, 53.31034177)
47404098,1.20491822753732,0.028730769230769,c(17.45823688, 59.78424001)
47404116,1.00172732677191,0.068369230769231,c(17.49377777, 59.94515554)
47404156,0.158534626552171,0.003876923076923,c(17.5741794, 60.30274803)
47404678,0.083492494484642,0.002784615384615,c(18.840932, 64.97012969)
47404804,0.82405365329198,0.037696153846154,c(19.22301216, 66.09702733)
47422412,0.7215,0,c(15.30541055, 44.68466192)
47443048,1.64731490947397,0.072621153846154,c(15.95523297, 50.38922533)
47443326,0.673865569612422,0.005261538461538,c(16.29161026, 52.87776391)
47443426,1.21139604976019,0.028880769230769,c(16.42438931, 53.77238542)
47443998,0.89738852090134,0.029138461538462,c(17.33658814, 58.88658515)
47461998,1.14714064914992,0.06185,c(15.02968861, 40.95393894)
47462578,0.169254536020941,0.014088461538462,c(15.50292417, 46.17346418)
47462636,0.768903931207269,0.009063461538462,c(15.55689744, 46.69414396)
47462746,0.36250917864261,0.0467,c(15.66310175, 47.68111841)
47462830,1.12985809749474,0.060975,c(15.74777325, 48.43438076)
47462992,1.12984293193717,0.081730769230769,c(15.92048964, 49.8861675)
47463010,1.37308354494068,0.021530769230769,c(15.94049151, 50.04740784)
47463226,1.54771120208411,0.049215384615385,c(16.19434705, 51.98136145)
47463250,0.896867928650572,0.014169230769231,c(16.22422602, 52.19615006)
47463358,0.891533318546215,0.028953846153846,c(16.36317229, 53.16249892)
47464006,0.533015444203948,0.054661538461538,c(17.38606753, 58.95623504)
47464032,0.727503487090648,0.054203846153846,c(17.4354266, 59.18862545)
47464150,0.408,0,c(17.66944272, 60.24331644)
47482810,1.28070293266067,0.015005769230769,c(15.75417784, 48.25366633)
47484016,0.785278514047204,0.058257692307692,c(17.43955856, 59.04374269)
47484120,0.768174860814425,0.085338461538462,c(17.64386917, 59.9732426)
47484138,0.317677874409368,0.101353846153846,c(17.68056241, 60.13411747)
47502046,1.01017018200408,0.037003846153846,c(15.11230619, 41.38447376)
47502586,0.159546825458201,0.005307692307692,c(15.5619823, 46.2426133)
47504008,0.720848333010618,0.026688461538462,c(17.45888964, 58.9703644)
47504040,0.524256217322302,0.045161538461538,c(17.52038005, 59.2563483)
47504058,1.27033525734964,0.035471153846154,c(17.5554899, 59.41721342)
47522416,1.162,0,c(15.43453076, 44.71414728)
47522710,0.318113834648941,0.0372,c(15.70695091, 47.35405148)
47522738,0.975642885401556,0.066707692307692,c(15.73476033, 47.60520776)
47522908,1.14793906373356,0.013471153846154,c(15.91131036, 49.12923431)
47523010,1.46138740334503,0.096707692307692,c(16.02401833, 50.04301341)
47524702,0.666683650722884,0.033784615384615,c(19.16316747, 65.17075843)
47541538,0.960389883203092,0.084538461538462,c(14.81341337, 36.78884558)
47542880,1.47784105526821,0.065640384615385,c(15.90847447, 48.87687516)
47542970,0.481047338304144,0.001865384615385,c(16.00681642, 49.6832554)
47542978,0.742415712127671,0.021040384615385,c(16.01575755, 49.75491663)
47542996,1.33148947133807,0.059526923076923,c(16.03599734, 49.91614464)
47544094,0.911917873410837,0.094830769230769,c(17.69742805, 59.735065)
47544130,0.192592592592593,0.003076923076923,c(17.7710469, 60.05675194)
47544566,1.08765057560534,0.049161538461538,c(18.81172973, 63.95292797)
47562650,0.969295890976667,0.0314,c(15.70074642, 46.81296314)
47563046,1.35238064838754,0.096278846153846,c(16.12114743, 50.36243449)
47564108,1.00802081612424,0.068769230769231,c(17.76126869, 59.85820534)
47564180,1.01210972930482,0.045903846153846,c(17.9121198, 60.5015358)
47582082,0.958917390426177,0.047884615384615,c(15.23488432, 41.70409046)
47582914,1.1147550477795,0.050325,c(15.99985094, 49.17863294)
47583122,1.26544156033997,0.079096153846154,c(16.23944204, 51.04133221)
47583292,1.10614747997976,0.031028846153846,c(16.4537652, 52.56256295)
47584120,0.511786610990879,0.067863461538462,c(17.82145807, 59.96345107)
47584184,0.459618717504333,0.023538461538462,c(17.95681127, 60.53526169)
47584660,0.143330938464825,0.009634615384615,c(19.16239865, 64.78831154)
47584804,0.583613315469443,0.0297,c(19.61405859, 66.07504535)
47602098,0.880139243730559,0.003407692307692,c(15.27117915, 41.84704006)
47602574,1.19830073416398,0.014053846153846,c(15.67980124, 46.12807846)
47621670,1.15401954468188,0.008976923076923,c(14.98736634, 37.98022402)
47622390,0.925002219485928,0.003580769230769,c(15.53722576, 44.47382601)
47622700,0.773302107728337,0.028575,c(15.82881114, 47.25734612)
47622718,0.932733518730574,0.059538461538462,c(15.84697644, 47.4187931)
47622754,0.062531742374477,0.019298076923077,c(15.88374465, 47.7416345)
47623012,1.23398252044852,0.004771153846154,c(16.1655137, 50.05346306)
47623038,1.0541635427705,0.081726923076923,c(16.19581477, 50.28627415)
47623218,0.904947692929701,0.01065,c(16.41620322, 51.89734757)
47625018,0.653101624967759,0.045661538461538,c(20.47895912, 67.9817172)
47642424,0.71119347664937,0.014192307692308,c(15.59252547, 44.77807326)
47642728,0.260923888715025,0.029103846153846,c(15.88359546, 47.50705186)
47642862,0.93012103618395,0.030169230769231,c(16.02476493, 48.70829192)
47642916,1.06657084799524,0.029951923076923,c(16.08411895, 49.19212478)
47643172,1.24651985211381,0.06685,c(16.38675192, 51.48417002)
47644036,0.771385045067919,0.015375,c(17.75590879, 59.20710456)
47644078,0.976892224091086,0.048738461538462,c(17.84084239, 59.58228953)
47644644,0.487129053441321,0.016030769230769,c(19.23876937, 64.63824499)
47644662,0.644193700047014,0.018307692307692,c(19.29270227, 64.79903936)
47644756,0.242086963720276,0.070788461538462,c(19.58622809, 65.63874004)
47662698,1.03554596280896,0.151780769230769,c(15.87945824, 47.23656434)
47662860,1.07043678421086,0.048421153846154,c(16.04967587, 48.68889773)
47663044,0.871703596077007,0.152923076923077,c(16.2588746, 50.33694196)
47663058,0.653583188525919,0.062636538461538,c(16.27553883, 50.46227797)
47663076,1.24602030701637,0.066825,c(16.29712708, 50.62341299)
47663278,1.0834525587611,0.021461538461538,c(16.55265747, 52.43091063)
47664160,0.655948555547373,0.007742307692308,c(18.04891669, 60.31274218)
47681988,0.92847525773429,0.149578846153846,c(15.2817817, 40.85019057)
47682402,0.843571952037173,0.013338461538462,c(15.62305053, 44.57765384)
47682690,0.58061806321421,0.016530769230769,c(15.89765686, 47.16337965)
47682888,1.29053794026604,0.080538461538462,c(16.10759263, 48.938298)
47683090,0.737844905622423,0.082246153846154,c(16.34229439, 50.7471788)
47684022,0.453881278538813,0.00355,c(17.79730135, 59.0781227)
47684814,0.750459317060691,0.037869230769231,c(19.86497972, 66.15175039)
47702092,0.85418492120578,0.058892307692308,c(15.38615377, 41.78659698)
47702576,1.36098324843166,0.005259615384615,c(15.81066743, 46.13907968)
47702884,1.49690796594562,0.047676923076923,c(16.13035783, 48.90096806)
47704630,0.720595083376851,0.020434615384615,c(19.32035954, 64.50602623)
47721542,0.99307980674779,0.040711538461538,c(15.01565672, 36.81466721)
47722586,0.592,0,c(15.84621437, 46.22742363)
47722924,0.845162013050662,0.107325,c(16.20260578, 49.25778578)
47724104,0.395184005162617,0.004678846153846,c(18.03587892, 59.80648075)
47724116,0.373781958747905,0.007509615384615,c(18.06137686, 59.91364567)
47742642,0.829151220304899,0.053278846153846,c(15.92771236, 46.72849651)
47742758,0.595091926492452,0.085494230769231,c(16.04745715, 47.7687947)
47743406,1.07991813357238,0.030315384615385,c(16.84855137, 53.56887845)
47744090,0.712687890953226,0.011292307692308,c(18.04157111, 59.67942464)
47744144,0.664474636224777,0.043153846153846,c(18.15730702, 60.16163252)
47744162,0.569563985026341,0.016221153846154,c(18.19674742, 60.32236587)
47744846,0.826236211449941,0.019880769230769,c(20.1073171, 66.42971225)
47762636,1.22236307814202,0.029134615384615,c(15.94772984, 46.67322866)
47762888,1.386435511526,0.010765384615385,c(16.21644011, 48.93228364)
47762968,1.19563145288525,0.059007692307692,c(16.3083493, 49.64877826)
47763032,0.858927318988047,0.108882692307692,c(16.38437178, 50.22177033)
47764062,0.219846261355695,0.009307692307692,c(18.01799184, 59.4273638)
47764076,0.52870008824845,0.045526923076923,c(18.04725751, 59.55237551)
47764876,0.875780225438688,0.043915384615385,c(20.25910734, 66.69487488)
47765016,0.879286598881465,0.024823076923077,c(20.79781487, 67.9444084)
47783448,0.984209580740523,0.058046153846154,c(16.97041836, 53.94087817)
47784042,0.516138472854751,0.016969230769231,c(18.01137933, 59.24675489)
47802318,0.616448436316416,0.004815384615385,c(15.69755952, 43.81432962)
47802696,0.653952989314297,0.039334615384615,c(16.06162634, 47.20848131)
47802732,0.814759059773655,0.068473076923077,c(16.09950134, 47.53127198)
47803020,0.888466405558938,0.232559615384615,c(16.42568468, 50.11121405)
47803344,1.51269448022991,0.029711538461538,c(16.8496094, 53.0095271)
47803416,1.22855307531717,0.06595,c(16.95338599, 53.6531401)
47804614,0.515703376038059,0.078346153846154,c(19.47681651, 64.35106988)
47821962,1.04600703164239,0.042788461538462,c(15.42654041, 40.60669649)
47822602,0.81465620016412,0.006353846153846,c(15.99140313, 46.36384004)
47822764,0.684738778726388,0.201936538461538,c(16.16029648, 47.81664234)
47822830,1.02949996982728,0.012098076923077,c(16.23266131, 48.40811053)
47822974,1.17753434272536,0.079415384615385,c(16.39828254, 49.69783961)
47823064,1.1639986648347,0.009053846153846,c(16.50754725, 50.50344683)
47823106,1.15067858325058,0.128557692307692,c(16.56014691, 50.8792833)
47823196,1.06917414815141,0.039080769230769,c(16.67648803, 51.68442248)
47842050,1.00667955221098,0.019971153846154,c(15.51955317, 41.39894621)
47842612,1.05259578012215,0.113353846153846,c(16.02742283, 46.45210677)
47843026,0.911688311688312,0.076,c(16.48874731, 50.16175737)
47844048,0.458380757867185,0.030173076923077,c(18.12823955, 59.29420925)
47844700,0.834123550787334,0.110923076923077,c(19.82799068, 65.11365412)
47864116,0.143134549778627,0.000555769230769,c(18.30938247, 59.89914118)
47864818,0.717716548002937,0.036276923076923,c(20.27049408, 66.16396085)
47882038,0.843759801359122,0.058215384615385,c(15.55739025, 41.28813326)
47882408,0.538197970765925,0.002086538461538,c(15.8793984, 44.61771258)
47883118,1.0356976463973,0.042384615384615,c(16.66051957, 50.98177755)
47884100,0.467726376363103,0.035536538461538,c(18.30967288, 59.75422537)
47884132,0.301282254234605,0.028153846153846,c(18.3802633, 60.03983972)
47884810,0.706506062287028,0.029307692307692,c(20.28557131, 66.0899257)
47884996,0.480869386918187,0.0246,c(20.99473201, 67.74892696)
47902078,0.927582807570978,0.063630769230769,c(15.61379479, 41.6472924)
47903014,1.40385761456068,0.044846153846154,c(16.55760702, 50.04956201)
47904130,0.536718498575342,0.020007692307692,c(18.41134812, 60.01986353)
47904770,0.824843382928739,0.056984615384615,c(20.18884365, 65.73044845)
47904850,0.782819762437597,0.050451923076923,c(20.47340029, 66.44403773)
47904922,0.876076200396627,0.039980769230769,c(20.7450424, 67.08618136)
47923082,1.04056350757104,0.080757692307692,c(16.67090251, 50.6564329)
47924096,1.20993725188885,0.038892307692308,c(18.37139569, 59.71430589)
47942316,0.555585305351026,0.023192307692308,c(15.86891977, 43.78661361)
47942784,0.941485986250661,0.069046153846154,c(16.34222748, 47.98675742)
47942860,1.18032846494152,0.048019230769231,c(16.42865737, 48.66760092)
47942870,1.50094113893763,0.035538461538462,c(16.44025251, 48.75716362)
47942996,1.22079513164991,0.044376923076923,c(16.5909997, 49.88524262)
47943040,0.683730587677209,0.010838461538462,c(16.64575267, 50.27900529)
47944796,0.207648144351035,0.0246,c(20.36574763, 65.95702666)
47944962,0.356409244466896,0.025446153846154,c(20.99414844, 67.43717829)
47982796,1.22722336641078,0.024240384615385,c(16.40918794, 48.09117243)
47982846,0.912646800173656,0.136221153846154,c(16.46649408, 48.5390661)
47983048,0.978640249905046,0.007623076923077,c(16.71183136, 50.34731389)
47983080,0.876713696945202,0.010321153846154,c(16.75286051, 50.6336015)
47983110,0.910068496921178,0.021853846153846,c(16.79189525, 50.90195798)
47983236,0.985856548594479,0.023630769230769,c(16.96213043, 52.02867733)
47984874,0.680834150622,0.03135,c(20.73942128, 66.6470298)
47984970,0.545617872333557,0.046915384615385,c(21.11813559, 67.5027247)
48002872,1.05370664969774,0.0571,c(16.52392271, 48.77033238)
48002880,1.48244032881054,0.029134615384615,c(16.53336151, 48.84197028)
48004126,0.854063434450935,0.031465384615385,c(18.57986189, 59.97341578)
48004600,0.176,0,c(19.84047097, 64.2013065)
48004654,0.596586854217304,0.03315,c(20.01159239, 64.68284093)
48004770,0.712408205538045,0.056734615384615,c(20.40275729, 65.71712628)
48004842,0.509526015130462,0.02845,c(20.66321891, 66.35899239)
48004986,0.389350177604192,0.042815384615385,c(21.23016765, 67.64239547)
48021928,1.16799074670662,0.009084615384615,c(15.63403165, 40.28675727)
48022972,1.47867245905991,0.145209615384615,c(16.67203814, 49.66395509)
48042028,0.926259446700873,0.010898076923077,c(15.73887566, 41.18720536)
48043464,0.988861000290629,0.053775,c(17.38967846, 54.0606912)
48044728,0.120945385846201,0.002442307692308,c(20.34159634, 65.3373429)
48044814,0.508193484698914,0.025961538461538,c(20.64697517, 66.10389283)
48063208,1.28278439431568,0.030530769230769,c(17.03885305, 51.77147225)
48082834,0.718231285329389,0.05355,c(16.58726406, 48.42364179)
48082906,1.34497604578631,0.043046153846154,c(16.67337578, 49.06830945)
48083158,1.18575967541348,0.069111538461538,c(16.99845058, 51.32274143)
48084692,0.407940868396609,0.026942307692308,c(20.30283315, 65.01113024)
48084764,0.193345424979674,0.016061538461538,c(20.55233739, 65.65280266)
48084860,0.819620994528329,0.041215384615385,c(20.90677007, 66.50821132)
48103388,1.4408988638762,0.034165384615385,c(17.36156554, 53.37637292)
48122780,0.996046107639892,0.028026923076923,c(16.57783537, 47.93677674)
48122896,1.48012399144428,0.017301923076923,c(16.71568817, 48.97552382)
48122968,0.579102956167176,0.019,c(16.80499178, 49.61992102)
48123032,0.715239199475727,0.046298076923077,c(16.88691328, 50.19251399)
48124678,0.74335815831855,0.059053846153846,c(20.33880536, 64.88103965)
48124750,0.581326781326781,0.021634615384615,c(20.58766125, 65.52258754)
48124778,0.841076509811615,0.009905769230769,c(20.68809099, 65.7720519)
48124868,0.101997484356335,0.027623076923077,c(21.02576361, 66.57378439)
48124966,0.798390333894216,0.051403846153846,c(21.42145371, 67.44653731)
48142494,0.857,0,c(16.29214078, 45.37090188)
48142980,0.749699170399427,0.129330769230769,c(16.84780228, 49.72562517)
48142998,1.0855724063884,0.068625,c(16.87081525, 49.88666944)
48143826,1.16887431293371,0.013713461538462,c(18.18559202, 57.28229707)
48162584,0.547220419640926,0.004276923076923,c(16.41208309, 46.17684235)
48162858,1.28986845070204,0.010023076923077,c(16.72379813, 48.63205722)
48164902,0.622745572054878,0.023140384615385,c(21.24882275, 66.8707845)
48184716,0.571889790129556,0.034569230769231,c(20.59439449, 65.21148829)
48184896,1.0595798854233,0.0574,c(21.26928226, 66.81443882)
48184914,0.956306352989947,0.0351,c(21.34207164, 66.97468527)
48184932,0.617390280285782,0.020230769230769,c(21.41590644, 67.13492125)
48203382,1.44744979647759,0.034315384615385,c(17.50170531, 53.31359162)
48204714,0.64084765964324,0.048057692307692,c(20.62932061, 65.1909348)
48204840,0.373790251799263,0.014019230769231,c(21.09295459, 66.31296148)
48222820,1.15647946782653,0.022875,c(16.75881338, 48.28689838)
48222982,1.49971767567014,0.041609615384615,c(16.96091563, 49.73676416)
48223270,1.35598086124402,0.04905,c(17.36041182, 52.31135577)
48223392,1.53288390998315,0.030096153846154,c(17.54732615, 53.40103162)
48242800,1.19314719152553,0.058892307692308,c(16.76163138, 48.10616571)
48242890,1.36701318186689,0.0669,c(16.87148961, 48.9118739)
48243208,1.65103412947429,0.038953846153846,c(17.29851132, 51.75559311)
48244900,0.084335791369675,0.000661538461538,c(21.41904107, 66.84120101)
48263042,0.783162413546387,0.032384615384615,c(17.09557654, 50.26996536)
48263050,1.45109949960854,0.096092307692308,c(17.10633137, 50.34150216)
48263072,0.842528555781568,0.016769230769231,c(17.13611722, 50.53821368)
48263276,1.28681600821593,0.041261538461538,c(17.42780123, 52.36130963)
48264962,0.07,0,c(21.72341036, 67.38984077)
48282506,1.04770724398137,0.004053846153846,c(16.48274977, 45.46778894)
48282884,1.38164243671513,0.038459615384615,c(16.91832421, 48.85481169)
48282902,1.31437440486766,0.036655769230769,c(16.9409533, 49.01589545)
48283352,1.08071679002727,0.012692307692308,c(17.57381488, 53.03823366)
48302874,1.31882023141126,0.031361538461538,c(16.93293113, 48.76362629)
48303040,0.631781649055526,0.057269230769231,c(17.14875373, 50.24859235)
48304692,0.198622498523391,0.039509615384615,c(20.76078605, 64.9812446)
48304706,1.0784646643465,0.044057692307692,c(20.81029367, 65.10586889)
48304768,0.310256076953074,0.053169230769231,c(21.03579585, 65.65771743)
48304850,0.059808063783775,0.000469230769231,c(21.35065393, 66.38741655)
48322710,1.23286130778842,0.0396,c(16.76146998, 47.29349658)
48323286,1.01310960651555,0.020096153846154,c(17.53070679, 52.44509626)
48323862,0.553227425736727,0.023096153846154,c(18.55562944, 57.58446531)
48342036,1.05202966245525,0.076532692307692,c(16.10116761, 41.23809221)
48342670,1.22472902132356,0.024192307692308,c(16.74135329, 46.93347395)
48342706,1.32569656997295,0.026134615384615,c(16.78312171, 47.25601844)
48343344,0.967197460868622,0.007534615384615,c(17.6501818, 52.96115771)
48344622,0.181837197478334,0.005236538461538,c(20.60203164, 64.35262152)
48344758,0.318456036694395,0.010538461538462,c(21.08364095, 65.56300832)
48344784,0.055903569600223,0.008292307692308,c(21.18134293, 65.79434973)
48344794,0.451687911249563,0.032030769230769,c(21.21943254, 65.88332183)
48362026,0.979951558715524,0.015461538461538,c(16.11600579, 41.1465402)
48363340,1.01162560222935,0.020067307692308,c(17.6734718, 52.92355093)
48381694,0.446867516286236,0.081338461538462,c(15.86310001, 38.1485395)
48383062,1.23583045366642,0.029446153846154,c(17.29078454, 50.43820463)
48383094,1.29684586898225,0.036184615384615,c(17.33547378, 50.72423215)
48383224,1.3526074259491,0.078076923076923,c(17.52422613, 51.88576741)
48402618,1.05767821290613,0.029709615384615,c(16.75995054, 46.46255175)
48403140,1.2104219325731,0.009411538461538,c(17.42936807, 51.13349667)
48403162,1.04049954388769,0.047130769230769,c(17.46130091, 51.330062)
48403252,1.49841491376732,0.035480769230769,c(17.59553619, 52.13398685)
48404692,0.356821829855538,0.041538461538462,c(20.96862909, 64.96723519)
48421886,0.829873155578566,0.03425,c(16.06511759, 39.87995066)
48422020,1.02741935483871,0.008,c(16.18163985, 41.08807938)
48422818,1.85896805896806,0.021634615384615,c(17.02470785, 48.25221417)
48423136,0.983308559732912,0.011561538461538,c(17.45202462, 51.09592879)
48423254,1.3932138284251,0.038769230769231,c(17.62767085, 52.1499724)
48423448,0.704371378180902,0.023015384615385,c(17.93967317, 53.8817503)
48442898,1.4255313882615,0.005507692307692,c(17.15357907, 48.96635022)
48442996,1.12239377312747,0.2163,c(17.28378758, 49.84280985)
48443522,1.10876451330653,0.021951923076923,c(18.09775908, 54.53998777)
48444854,0.424933687002653,0.0198,c(21.6730828, 66.40209471)
48462300,0.772,0,c(16.49536351, 43.60417593)
48462686,0.314061562980062,0.063623076923077,c(16.91716404, 47.0668822)
48462776,1.21581363905242,0.044203846153846,c(17.02603165, 47.87283272)
48464702,0.150590349871394,0.007107692307692,c(21.12959348, 65.04763842)
48464972,0.118118966005831,0.009219230769231,c(22.2225188, 67.44756318)
48482748,0.99055839955448,0.102173076923077,c(17.01818973, 47.62044204)
48483018,1.1845159944206,0.004580769230769,c(17.36943795, 50.03590677)
48483256,1.34689054726368,0.010461538461538,c(17.71800909, 52.16215988)
48501738,0.696534508649102,0.013903846153846,c(16.03420754, 38.53783343)
48504726,0.725386805297685,0.005661538461538,c(21.30186614, 65.25525991)
48523134,1.1694726726931,0.095438461538462,c(17.59117954, 51.06882589)
48523170,0.923251754775103,0.072311538461538,c(17.64463788, 51.39038765)
48523322,1.17007201076205,0.027923076923077,c(17.88096383, 52.747503)
48523386,0.774831295815049,0.009132692307692,c(17.98591884, 53.31865493)
48524748,0.659211293444547,0.010453846153846,c(21.42706975, 65.44789893)
48524838,0.073224111474495,0.007430769230769,c(21.78230634, 66.24773849)
48524866,0.700676279188465,0.035446153846154,c(21.89788225, 66.49651133)
48524898,0.0736595645048,0.014384615384615,c(22.03307797, 66.78078083)
48524982,0.71988582302569,0.029846153846154,c(22.40464804, 67.52675156)
48542012,0.869088518122791,0.064076923076923,c(16.31619222, 41.00705828)
48542026,0.88530655929871,0.056682692307692,c(16.32896665, 41.13317181)
48542772,1.06714389125714,0.043615384615385,c(17.12750635, 47.83014262)
48543070,1.23832536093751,0.029503846153846,c(17.52644612, 50.49517735)
48543106,1.33697355372859,0.005167307692308,c(17.57848623, 50.81682709)
48543226,1.29232188999631,0.041430769230769,c(17.75857701, 51.88857914)
48543334,1.5226791578057,0.036034615384615,c(17.9299244, 52.85265085)
48544698,0.546932776359558,0.030475,c(21.28136064, 65.00051385)
48544798,0.275455259225489,0.012925,c(21.66435827, 65.88928017)
48544816,0.107135617507602,0.009573076923077,c(21.73639515, 66.04921827)
48544950,0.386863675415444,0.006161538461538,c(22.30531217, 67.23942039)
48562914,1.30860927152318,0.163692307692308,c(17.33808593, 49.09885315)
48564876,0.803216947822676,0.044125,c(22.02783352, 66.57913281)
48564930,0.081743602492192,0.009830769230769,c(22.26139491, 67.05865208)
48583324,1.18804146138588,0.038215384615385,c(17.97261928, 52.75948217)
48584620,0.21276242346988,0.004288461538462,c(21.08263343, 64.30136485)
48584908,0.644345094248429,0.045076923076923,c(22.20953551, 66.86014488)
48584940,0.682000430106678,0.025286538461538,c(22.35072954, 67.14423077)
48603376,1.29286835439104,0.010046153846154,c(18.08843911, 53.22148232)
48622646,0.746657500739403,0.037684615384615,c(17.0784286, 46.69500225)
48622960,1.12482119291614,0.055707692307692,c(17.48276193, 49.50471683)
48623122,1.22784874322483,0.029261538461538,c(17.71523488, 50.95224458)
48623230,1.15921894751906,0.032469230769231,c(17.88047518, 51.9165903)
48623384,1.38747501665556,0.061875,c(18.13175313, 53.29084664)
48623474,1.39015565153614,0.056076923076923,c(18.2878723, 54.09357479)
48624986,0.676026355803345,0.0135,c(22.65147886, 67.54594211)
48644756,0.095,0,c(21.71160231, 65.5010518)
48662892,1.30521773355362,0.184032692307692,c(17.44458942, 48.89310023)
48664768,0.067165390994486,0.000526923076923,c(21.80129253, 65.60458733)
48664836,0.674251546053979,0.060884615384615,c(22.07813239, 66.20834263)
48681954,1.53188484689462,0.017896153846154,c(16.42791313, 40.4738047)
48683412,1.16444072634221,0.023028846153846,c(18.26954109, 53.53450901)
48684852,0.63339244103904,0.060819230769231,c(22.18899422, 66.34721871)
48701838,0.495437380053241,0.130223076923077,c(16.34745141, 39.42617432)
48702630,1.03461979242329,0.046876923076923,c(17.16312338, 46.54478258)
48702840,1.25986412401962,0.120238461538462,c(17.42908789, 48.42442446)
48702966,1.32589974293059,0.042461538461538,c(17.60112917, 49.55097564)
48703152,1.63283735248846,0.0255,c(17.8742223, 51.21248885)
48703210,1.19551735458262,0.033451923076923,c(17.96444667, 51.73026422)
48703278,1.24319299732865,0.024548076923077,c(18.07352092, 52.3371267)
48704820,0.098047333407721,0.000380769230769,c(22.09801613, 66.06006085)
48722938,1.45951255356247,0.052598076923077,c(17.58940879, 49.29885532)
48723124,1.70950817289936,0.047155769230769,c(17.85988883, 50.96054871)
48724914,1.01776844186334,0.003938461538462,c(22.54751823, 66.89088896)
48724996,0.108872960758802,0.000853846153846,c(22.9273598, 67.61797202)
48742590,1.79627106025539,0.049430769230769,c(17.16674593, 46.18298221)
48743058,1.14675724764934,0.041798076923077,c(17.78917753, 50.36920684)
48743116,0.641848697237326,0.021015384615385,c(17.8760459, 50.88718365)
48743134,1.14503954980127,0.022653846153846,c(17.90349556, 51.04790265)
48763252,1.42901103004091,0.011092307692308,c(18.11849338, 52.09914702)
48763266,1.36898747025127,0.005290384615385,c(18.14135441, 52.22406125)
48763414,0.645978798147169,0.010246153846154,c(18.39300809, 53.54409705)
48781756,0.789029950059956,0.036151923076923,c(16.36790195, 38.67985815)
48781948,1.03426384511481,0.1116,c(16.53938924, 40.41200704)
48782686,0.621711712960305,0.028705769230769,c(17.33643573, 47.03922112)
48782830,1.36476715530601,0.015975,c(17.52325374, 48.32770319)
48782998,0.922111714423956,0.105721153846154,c(17.75711167, 49.82941425)
48801836,0.731633314640355,0.077536538461538,c(16.46084721, 39.40051733)
48802924,0.949148540211714,0.038980769230769,c(17.67917973, 49.16626573)
48803000,1.25570506438871,0.101759615384615,c(17.78768116, 49.84538126)
48803078,0.718401514286181,0.057184615384615,c(17.90310124, 50.54205738)
48803234,1.27128595848983,0.030265384615385,c(18.14718554, 51.93453369)
48803330,1.52635400125703,0.017832692307692,c(18.30686259, 52.79090774)
48804824,0.725184234975066,0.054040384615385,c(22.33054615, 66.07974463)
48804914,1.006437512583,0.073459615384615,c(22.7254369, 66.87776614)
48822296,0.774025588254015,0.002998076923077,c(16.9343925, 43.53920961)
48823118,0.337752133228341,0.015801923076923,c(17.9922452, 50.89725305)
48823460,1.00027575047059,0.068276923076923,c(18.56595411, 53.94787336)
48843166,1.28620207589756,0.015069230769231,c(18.09562623, 51.32373039)
48844930,0.576042680267087,0.082984615384615,c(22.88795735, 67.0129147)
48861746,0.70837673438556,0.032576923076923,c(16.45030604, 38.58345978)
48864834,0.226171425013232,0.011723076923077,c(22.50291811, 66.15877656)
48881748,0.754481855746021,0.059884615384615,c(16.47479835, 38.59999013)
48881820,0.695972778476398,0.090086538461538,c(16.53854215, 39.24996732)
48882576,1.34188942583894,0.089507692307692,c(17.3300528, 46.04528746)
48883192,1.22834751118313,0.029273076923077,c(18.19439969, 51.55174292)
48883296,1.24672395252937,0.014613461538462,c(18.36654402, 52.47945763)
48884898,0.956796166212701,0.060980769230769,c(22.82999369, 66.72270807)
48902764,1.11755026102856,0.040776923076923,c(17.59536297, 47.7263464)
48902836,1.49662162423548,0.005780769230769,c(17.69252093, 48.37024191)
48902848,1.41798878423259,0.011007692307692,c(17.70902136, 48.47752768)
48902970,1.22161068393363,0.049615384615385,c(17.88198747, 49.56779931)
48903124,0.702593454871719,0.005484615384615,c(18.11476041, 50.94290681)
48903214,1.17788103723247,0.023288461538462,c(18.25889174, 51.74600204)
48903376,1.3042042276626,0.015276923076923,c(18.53485692, 53.19066428)
48903448,0.967657875380897,0.0483,c(18.66487488, 53.83238936)
48903466,1.24568916227992,0.024596153846154,c(18.69813198, 53.99278923)
48904906,0.437623762376238,0.053125,c(22.91075903, 66.79024261)
48923022,1.41488405199133,0.016551923076923,c(17.98648934, 50.03030656)
48923094,1.06558255804963,0.029925,c(18.09622958, 50.67314096)
48923224,1.00763971734447,0.011844230769231,c(18.3041527, 51.8331718)
48923238,1.181640331076,0.018584615384615,c(18.32733331, 51.95805136)
48924916,0.069053175690011,0.002942307692308,c(23.00125236, 66.87545345)
48924934,0.984003803586994,0.053525,c(23.08536266, 67.03485546)
48941776,1.27478160839831,0.057136538461538,c(16.56788778, 38.84817328)
48941830,0.494910773298083,0.068923076923077,c(16.61654355, 39.33550652)
48942888,1.29782971619366,0.0416,c(17.81889379, 48.83128675)
48942960,1.30263879185253,0.06965,c(17.92236632, 49.47460652)
48943234,1.24718697936691,0.024625,c(18.34960377, 51.92032071)
48944890,0.878410021287048,0.060461538461538,c(22.92586679, 66.64182104)
48962830,1.3394449338679,0.037328846153846,c(17.76480493, 48.31095431)
48963460,0.966253389223677,0.043915384615385,c(18.77777559, 53.93283365)
48964996,1.00816326530612,0.02,c(23.47573041, 67.57673681)
48982754,0.800958650728933,0.033096153846154,c(17.68804394, 47.62947139)
48982838,1.51915836958772,0.005867307692308,c(17.80274576, 48.38057606)
48983302,1.27378051889515,0.057094230769231,c(18.52324118, 52.5225455)
49003136,1.13769989312146,0.046365384615385,c(18.27545927, 51.03993844)
49022788,1.34138621249869,0.010419230769231,c(17.78721773, 47.92976795)
49024904,0.129821227151223,0.004323076923077,c(23.16690333, 66.7522391)
49024940,0.844366021063162,0.031119230769231,c(23.33742359, 67.0708103)
49042854,1.50772457862928,0.011696153846154,c(17.90590567, 48.51784737)
49043232,1.10659725198931,0.012992307692308,c(18.49073322, 51.89212204)
49062684,0.700363762772046,0.070611538461538,c(17.70032613, 46.99579353)
49062756,1.2683360480718,0.035417307692308,c(17.79666362, 47.63983432)
49063030,1.02676872155565,0.0332,c(18.19315139, 50.08787574)
49063498,0.773777315296566,0.039,c(19.00192668, 54.26029567)
49064428,1.15366458497305,0.027542307692308,c(21.36954311, 62.52712847)
49064982,0.139170205437939,0.000540384615385,c(23.63330965, 67.4352837)
49081786,0.786519089272744,0.025630769230769,c(16.73685563, 38.9273828)
49082872,0.169435035902994,0.006403846153846,c(17.98553092, 48.67482556)
49083010,1.1210122450289,0.040898076923077,c(18.19019157, 49.90733112)
49084870,0.338670981180668,0.015844230769231,c(23.14121991, 66.44111838)
49101820,0.837492247666449,0.020146153846154,c(16.79118837, 39.23255184)
49102936,1.31861404215773,0.064684615384615,c(18.10616084, 49.24458134)
49142992,1.20990099009901,0.028846153846154,c(18.24555865, 49.74061307)
49144846,0.214513623844471,0.000832692307692,c(23.1619299, 66.2185529)
49161826,0.848107424657096,0.038753846153846,c(16.86572425, 39.28180645)
49162664,1.50822624709096,0.0117,c(17.80444364, 46.80745406)
49162820,1.42254251204384,0.027990384615385,c(18.01876873, 48.20236228)
49162978,0.938477021133848,0.082769230769231,c(18.25169263, 49.61361588)
49163194,1.33550394418429,0.020953846153846,c(18.59908852, 51.54068151)
49163482,1.36406039978305,0.021392307692308,c(19.12287614, 54.10659448)
49164374,0.274006482251533,0.010315384615385,c(21.38049584, 62.03354457)
49164932,0.61766899288451,0.100553846153846,c(23.61103283, 66.97557832)
49184882,0.773900049100186,0.099173076923077,c(23.41558754, 66.53006343)
49184918,0.735194072440741,0.051107692307692,c(23.58741057, 66.84830741)
49203018,0.489423758791287,0.077976923076923,c(18.3688414, 49.96658625)
49203212,1.27528470054382,0.030357692307692,c(18.68719789, 51.69690379)
49203356,0.946790882185277,0.014946153846154,c(18.94358957, 52.98006021)
49203450,1.43251150624682,0.039819230769231,c(19.12117086, 53.81717016)
49204444,0.26620130955424,0.021980769230769,c(21.69155208, 62.64843329)
49242634,1.36526803337959,0.015980769230769,c(17.86860983, 46.5314452)
49243008,1.27053241960991,0.0515,c(18.40854988, 49.87324126)
49262008,1.04793455496309,0.061573076923077,c(17.16137712, 40.91316241)
49262866,1.44203975261582,0.011192307692308,c(18.21974919, 48.603456)
49263016,1.11720747295969,0.022115384615385,c(18.44883973, 49.9425681)
49282846,1.22536471930325,0.123403846153846,c(18.21724793, 48.4228088)
49283238,0.965664764817756,0.019173076923077,c(18.8477337, 51.92000411)
49302672,1.73464447806354,0.033923076923077,c(17.99773126, 46.86561142)
49302960,0.993720764290811,0.054025,c(18.41630943, 49.43868869)
49303252,1.23188964616187,0.034434615384615,c(18.90146231, 52.04256537)
49322920,1.37248947301263,0.005303846153846,c(18.38209685, 49.07958371)
49323304,1.09564590598274,0.012865384615385,c(19.02449895, 52.50358885)
49324888,0.419350128955401,0.041111538461538,c(23.75063534, 66.55845254)
49342622,1.0154590895473,0.024323076923077,c(17.98208644, 46.4144874)
49342736,1.62408101395427,0.038342307692308,c(18.13889426, 47.4339294)
49342798,1.2269027648338,0.0343,c(18.2275364, 47.98799433)
49342852,0.098555414307177,0.001576923076923,c(18.30676463, 48.47036469)
49342934,1.45139123932465,0.022730769230769,c(18.43083218, 49.20250645)
49343050,1.29636841880325,0.010073076923077,c(18.61451734, 50.23753978)
49343216,1.0941527588108,0.012848076923077,c(18.89544604, 51.71741881)
49343288,0.787292029789257,0.029076923076923,c(19.0244621, 52.35885367)
49343312,0.649,0,c(19.06849119, 52.57260899)
49344824,0.859968382223784,0.124153846153846,c(23.49189819, 65.98957914)
49364510,1.12267206875867,0.022221153846154,c(22.23631018, 63.20874762)
49364810,0.034910245921363,0.001009615384615,c(23.47033438, 65.86239993)
49384418,0.661458224679253,0.078173076923077,c(21.94463793, 62.39088013)
49384832,0.14756773042249,0.004253846153846,c(23.61484961, 66.05324344)
49385056,1.12247794604964,0.065665384615385,c(24.75711223, 68.02935512)
49402656,1.02393390377898,0.007973076923077,c(18.10607478, 46.71276252)
49423282,1.44946587749835,0.034361538461538,c(19.130034, 52.29647003)
49423480,0.501086974261886,0.057369230769231,c(19.51321547, 54.05877671)
49423488,1.52578710352907,0.011834615384615,c(19.52952051, 54.12994284)
49424542,0.801514689694402,0.009444230769231,c(22.47381655, 63.48252601)
49425064,0.844065021634896,0.013346153846154,c(24.89464084, 68.09209904)
49442934,1.29484369887393,0.036130769230769,c(18.56726007, 49.19213605)
49443136,0.688899745983702,0.031709615384615,c(18.89886213, 50.99357508)
49443178,1.43964177922913,0.028317307692308,c(18.971868, 51.36784634)
49443502,1.43503351967616,0.039886538461538,c(19.5886604, 54.25210319)
49464312,0.827896311225016,0.030530769230769,c(21.73522615, 61.43980143)
49464498,0.035806353394905,0.0147,c(22.38624389, 63.0867795)
49482568,1.3158776486371,0.036696153846154,c(18.08991827, 45.91773662)
49483014,0.891218418708459,0.017721153846154,c(18.75021193, 49.90159134)
49483302,1.43481011662129,0.022476923076923,c(19.25472929, 52.46775432)
49503208,1.11310014629605,0.060125,c(19.11101584, 51.62843775)
49504222,1.12714255925488,0.114646153846154,c(21.51916834, 60.63645577)
49504478,0.910917868719214,0.018105769230769,c(22.38947853, 62.90346047)
49522970,0.937540141954223,0.059826923076923,c(18.73390934, 49.50487808)
49523266,1.32489637222454,0.042430769230769,c(19.24579655, 52.14268457)
49523276,1.27371010343368,0.046211538461538,c(19.26439333, 52.23171701)
49523284,1.23774571199594,0.044965384615385,c(19.27933663, 52.30293927)
49523302,1.2989689750214,0.020392307692308,c(19.31317497, 52.46317749)
49524464,0.498836154424707,0.007930769230769,c(22.37643482, 62.7764154)
49544434,1.08858504668509,0.017146153846154,c(22.30554483, 62.5077981)
49564412,1.17067849474163,0.018415384615385,c(22.26460995, 62.30998024)
49565214,0.577626023852604,0.011557692307692,c(26.1383109, 69.38229132)
49582782,1.39544915488193,0.010834615384615,c(18.52317426, 47.82064023)
49583316,1.42400068448932,0.011053846153846,c(19.42759243, 52.58085455)
49584522,1.28720199625897,0.015080769230769,c(22.71052242, 63.27982943)
49601964,0.842528555781568,0.016769230769231,c(17.51436106, 40.48745766)
49603476,1.33593699774992,0.042769230769231,c(19.77749005, 54.00169772)
49604566,1.34893857911124,0.048807692307692,c(22.92195137, 63.66551302)
49604884,0.175729461427842,0.005061538461538,c(24.34231553, 66.47224842)
49623502,1.1607164684312,0.018261538461538,c(19.86250883, 54.23040455)
49624302,0.634825870646766,0.0352,c(21.99628073, 61.32712617)
49625026,1.21375682225681,0.023980769230769,c(25.14089735, 67.71860035)
49643278,1.4605577689243,0.05875,c(19.44256953, 52.23569721)
49644354,0.110889199946825,0.016315384615385,c(22.21061357, 61.78427363)
49663176,1.13598068088573,0.013332692307692,c(19.28198581, 51.32537202)
49663270,1.36809962031019,0.043753846153846,c(19.4564169, 52.16217289)
49663284,1.60940337224384,0.051076923076923,c(19.48308629, 52.28676216)
49664548,1.24904284412033,0.050673076923077,c(22.96865956, 63.49650223)
49664566,0.439318531189681,0.001703846153846,c(23.04043669, 63.65553838)
49682686,0.93562845744053,0.022453846153846,c(18.51335534, 46.95274405)
49684564,0.569502564202562,0.013788461538462,c(23.07187262, 63.63452622)
49684592,0.285622808354932,0.01615,c(23.18547885, 63.88184381)
49701980,0.915017736551509,0.025805769230769,c(17.64870269, 40.62238356)
49703144,1.57313732250885,0.018369230769231,c(19.28103279, 51.03585215)
49703500,1.48810131367546,0.023292307692308,c(19.9798441, 54.2027926)
49704544,1.05086472992306,0.061734615384615,c(23.03127699, 63.45450804)
49704562,1.26303180169041,0.051211538461538,c(23.10326536, 63.61350839)
49724396,1.05932751607017,0.012444230769231,c(22.50901358, 62.14319772)
49724528,0.867178448161761,0.055586538461538,c(23.00705949, 63.30983414)
49724574,1.02735336491868,0.037609615384615,c(23.19130735, 63.71612234)
49741978,0.858611191269446,0.047025,c(17.69338939, 40.60073603)
49741988,0.771761547887993,0.077253846153846,c(17.70436762, 40.69068545)
49742582,0.912738710402157,0.1098,c(18.44252758, 46.01698651)
49744242,0.876393812695738,0.032261538461538,c(22.01574819, 60.77778742)
49744314,0.136693875971991,0.005807692307692,c(22.25746483, 61.41483425)
49744548,0.803738824166893,0.006269230769231,c(23.125702, 63.48314486)
49763232,1.12645427307404,0.041088461538462,c(19.52893195, 51.81231928)
49763304,1.19011343058941,0.018715384615385,c(19.6675282, 52.45290587)
49763448,0.212034520720901,0.000823076923077,c(19.96002056, 53.73325276)
49764590,0.777800227301427,0.025353846153846,c(23.33622052, 63.85059045)
49783174,1.28333556055073,0.035821153846154,c(19.44923274, 51.29376615)
49783246,1.15117973217746,0.027484615384615,c(19.58436825, 51.93454539)
49783488,1.25417796401282,0.024759615384615,c(20.07541792, 54.08622337)
49784290,0.294284281774881,0.018092307692308,c(22.24875983, 61.19631721)
49784578,0.374161163312366,0.019246153846154,c(23.32634822, 63.74124932)
49803016,1.23271179090945,0.024346153846154,c(19.1961105, 49.88431474)
49804816,0.643288648614669,0.021061538461538,c(24.43570094, 65.8360593)
49822698,1.00569045867059,0.019951923076923,c(18.7139645, 47.04532722)
49823260,1.426292574959,0.033830769230769,c(19.66908083, 52.05436236)
49824264,0.133419577404053,0.001046153846154,c(22.23360824, 60.96013401)
49824592,0.983940217124812,0.019528846153846,c(23.46367447, 63.85794033)
49825168,1.27420485869794,0.014930769230769,c(26.46684376, 68.92374647)
49843216,1.30447156386939,0.020476923076923,c(19.61357677, 51.66053135)
49844454,0.335128384159234,0.022240384615385,c(22.95165851, 62.63629395)
49844566,1.42500272242187,0.011061538461538,c(23.39542698, 63.62507665)
49862710,1.17462432814541,0.032886538461538,c(18.78432384, 47.14825201)
49862930,0.987512802033153,0.188830769230769,c(19.13300428, 49.11111504)
49863322,1.27416284460226,0.025144230769231,c(19.84941898, 52.60095695)
49864226,1.01318553400884,0.055025,c(22.17906575, 60.61783828)
49864414,1.13617683736928,0.056238461538462,c(22.83881103, 62.27968401)
49864510,1.28296684748903,0.020146153846154,c(23.2081197, 63.12742525)
49865206,0.957725196075178,0.130778846153846,c(26.8147317, 69.24761196)
49882700,1.21139604976019,0.028880769230769,c(18.79542677, 47.05682091)
49883266,0.961472029876293,0.011307692307692,c(19.76760808, 52.10055542)
49883510,1.29679098968958,0.030853846153846,c(20.27525123, 54.2690399)
49884814,0.915641586013113,0.014461538461538,c(24.59574189, 65.80347064)
49902530,1.2985,0,c(18.57396392, 45.53554683)
49902614,1.31439663274897,0.058807692307692,c(18.69404962, 46.28645617)
49903118,1.5918034690134,0.006146153846154,c(19.51630011, 50.78130444)
49904342,0.153582891049426,0.017338461538462,c(22.65075876, 61.63707129)
49904446,0.968805590851334,0.031384615384615,c(23.03545524, 62.55570433)
49922748,1.16675154601673,0.106575,c(18.92123718, 47.48106441)
49923342,1.32887811096084,0.010323076923077,c(19.9779237, 52.77142146)
49924566,0.56812266168347,0.016180769230769,c(23.55297317, 63.61127966)
49942602,1.25527655394748,0.056311538461538,c(18.72809433, 46.17500762)
49942944,0.971609699764407,0.044148076923077,c(19.26549867, 49.22692423)
49962684,1.27166387217674,0.025096153846154,c(18.87573716, 46.90537595)
49963038,0.850223806756608,0.020446153846154,c(19.45605252, 50.06204599)
49963164,1.62748229591887,0.031894230769231,c(19.68647835, 51.18362946)
49963192,0.67881905098786,0.064898076923077,c(19.73958472, 51.43273978)
49963200,1.10926107986944,0.021961538461538,c(19.75488965, 51.50390564)
49964622,0.267058643079912,0.02205,c(23.8705286, 64.09796658)
49982656,1.15465860864681,0.027565384615385,c(18.85957754, 46.65317496)
49982916,0.259212160349709,0.032163461538462,c(19.27261785, 48.97285749)
49982998,0.821884498480243,0.013,c(19.41323871, 49.70348446)
49983196,1.0866878082608,0.012761538461538,c(19.77579428, 51.46592525)
49983234,1.05630608620115,0.008223076923077,c(19.84937198, 51.80390023)
49983280,1.52934960397316,0.030028846153846,c(19.94027558, 52.2129154)
49984222,1.27916152897657,0.025240384615385,c(22.38097882, 60.56381112)
49984648,0.958603601169071,0.074873076923077,c(24.02492239, 64.32347577)
49984978,1.01879649287717,0.050723076923077,c(25.68242988, 67.22494995)
50001942,0.948366445698027,0.026721153846154,c(17.95720948, 40.2526724)
50003206,1.04820628278924,0.004055769230769,c(19.82364224, 51.55246397)
50003296,1.13682033930166,0.017892307692308,c(20.00149452, 52.35269299)
50003436,0.838598138152233,0.016692307692308,c(20.2943473, 53.59657803)
50004308,0.986389741906749,0.015561538461538,c(22.71377312, 61.32057821)
50004394,0.279894385974982,0.061896153846154,c(23.02739474, 62.08001356)
50004552,0.349498046662205,0.011553846153846,c(23.65178138, 63.47390608)
50004646,0.623941771009108,0.007367307692308,c(24.05631174, 64.30225573)
50022582,1.09038476870824,0.035184615384615,c(18.80166701, 45.98780649)
50022924,1.21926073910482,0.014296153846154,c(19.34044635, 49.03961561)
50022946,1.10658017888971,0.054853846153846,c(19.37800539, 49.23564832)
50022978,0.962766056324937,0.172384615384615,c(19.4333168, 49.52072951)
50023072,1.59758548173534,0.012384615384615,c(19.60060939, 50.35777132)
50023320,1.33070542696896,0.026230769230769,c(20.07951215, 52.56352766)
50023768,1.11214316488216,0.035861538461538,c(21.11152481, 56.53936687)
50024284,1.07677099453621,0.025753846153846,c(22.6656846, 61.10534932)
50024584,0.101647321202291,0.01355,c(23.8260808, 63.7524454)
50024652,0.417702272903576,0.008384615384615,c(24.12337018, 64.35148425)
50042692,1.47459983249712,0.017238461538462,c(18.99230335, 46.96814262)
50042998,0.88125310553451,0.032434615384615,c(19.4958306, 49.69655446)
50062712,1.60454470139892,0.025069230769231,c(19.04935078, 47.14448277)
50063150,1.05927474471336,0.043307692307692,c(19.8017495, 51.04712018)
50063158,1.29396744635244,0.020315384615385,c(19.81696245, 51.11828485)
50063180,1.21426932711141,0.014238461538462,c(19.8590992, 51.31396757)
50063194,1.06857502112026,0.021173076923077,c(19.88614579, 51.43847766)
50063396,0.270626132474331,0.0066,c(20.29765434, 53.23369572)
50084240,1.00668856125826,0.078334615384615,c(22.62157255, 60.70704469)
50084306,0.582678663442863,0.029653846153846,c(22.85310203, 61.28993629)
50084338,0.736184541683301,0.002851923076923,c(22.96888028, 61.57244771)
50084576,0.455460335663035,0.007246153846154,c(23.91029106, 63.67130773)
50102734,1.1666933095115,0.018353846153846,c(19.13627402, 47.33640276)
50102888,1.04093139163617,0.012230769230769,c(19.38775974, 48.70966954)
50102914,0.139670838732706,0.008669230769231,c(19.43196035, 48.94135496)
50102928,1.13140344683719,0.041261538461538,c(19.45597786, 49.0660895)
50103184,1.03274664689574,0.024726923076923,c(19.92377681, 51.34468363)
50103238,1.15401954468188,0.008976923076923,c(20.02990595, 51.82479976)
50123124,0.590716997517882,0.016813461538462,c(19.83719676, 50.80860444)
50123764,1.26666666666667,0.025,c(21.26164438, 56.48995855)
50124194,1.107713758087,0.064857692307692,c(22.53682124, 60.29430062)
50124366,0.899648013059226,0.057548076923077,c(23.14648996, 61.81292198)
50124636,0.647898056542759,0.038984615384615,c(24.25267806, 64.19242393)
50141940,0.919404076913093,0.022073076923077,c(18.117984, 40.22128954)
50142760,1.34388812449958,0.010438461538462,c(19.23032814, 47.56390376)
50142882,0.117717530825781,0.011192307692308,c(19.43154711, 48.65161597)
50142940,0.969128131490854,0.349121153846154,c(19.5311537, 49.16835768)
50143092,1.50873781818468,0.023607692307692,c(19.80515055, 50.52150694)
50143110,1.27166387217674,0.025096153846154,c(19.8389036, 50.68164892)
50143146,1.12615015440294,0.022288461538462,c(19.90727822, 51.00187147)
50143296,0.626901566881605,0.028938461538462,c(20.20523578, 52.33527322)
50143314,1.20169834209462,0.048846153846154,c(20.24247484, 52.49519059)
50143404,0.949699592996963,0.047446153846154,c(20.43373805, 53.2944935)
50143512,1.68505646789241,0.013053846153846,c(20.67500093, 54.25304481)
50143726,1.25621568252113,0.045605769230769,c(21.19500193, 56.15047869)
50144222,1.09708746120158,0.095423076923077,c(22.66744207, 60.53844773)
50144226,0.602258268844152,0.022396153846154,c(22.68116087, 60.57377538)
50144242,1.03422910373005,0.024761538461538,c(22.73637723, 60.71507568)
50163222,1.43452286030999,0.011134615384615,c(20.08422297, 51.67515744)
50163370,0.724231771954685,0.017469230769231,c(20.3899939, 52.99002925)
50163796,1.2972114593843,0.092715384615385,c(21.41076841, 56.7677421)
50164284,0.906976744186047,0.018028846153846,c(22.92032298, 61.08263766)
50164494,1.2833691391454,0.009973076923077,c(23.72292215, 62.93472673)
50183044,1.14121593498749,0.066688461538462,c(19.77201093, 50.08959345)
50184210,0.263152965395413,0.170463461538462,c(22.69782056, 60.42605153)
50203270,0.921575234284511,0.0503,c(20.23885632, 52.09672018)
50203822,0.723403168114461,0.036553846153846,c(21.54589567, 56.99222311)
50203858,1.03128491620112,0.139423076923077,c(21.64525137, 57.31089725)
50204184,0.611431232667923,0.091557692307692,c(22.64507102, 60.19323481)
50204400,0.714780806268623,0.020273076923077,c(23.42506577, 62.09928537)
50204418,0.413360942313311,0.019271153846154,c(23.49504976, 62.25797193)
50204476,0.883068024190221,0.021219230769231,c(23.72626444, 62.76912356)
50224522,0.081084232002332,0.010288461538462,c(23.95484051, 63.17076608)
50224612,0.253823723805451,0.010730769230769,c(24.34482089, 63.96291274)
50241908,1.02879394309825,0.024634615384615,c(18.19749453, 39.92377016)
50241926,1.00722231178462,0.045692307692308,c(18.21819128, 40.0856644)
50241938,1.16189761125574,0.057438461538462,c(18.23206939, 40.19357449)
50241952,1.41148440822462,0.027778846153846,c(18.2483423, 40.31945008)
50242604,1.26337537434889,0.009819230769231,c(19.11689069, 46.16050817)
50242658,1.13437380890289,0.041365384615385,c(19.19995559, 46.64260631)
50242736,1.11809074246115,0.004325,c(19.32342917, 47.33856974)
50243204,1.04055465342121,0.033630769230769,c(20.16282136, 51.50522103)
50243682,1.12734013707618,0.026930769230769,c(21.24066809, 55.74666091)
50243736,0.840772360782316,0.003255769230769,c(21.38011981, 56.22499078)
50243812,0.999196718376624,0.011746153846154,c(21.58345904, 56.89791523)
50244526,0.874394127308685,0.082061538461538,c(24.01045671, 63.2024137)
50263082,1.46596964161995,0.022953846153846,c(19.95410869, 50.41803062)
50263798,1.02702998553501,0.016192307692308,c(21.57765778, 56.77109172)
50263838,0.821391774672475,0.012992307692308,c(21.68759086, 57.12513129)
50265008,0.33132581815345,0.013961538461538,c(26.48505177, 67.42934127)
50282676,1.31420870475551,0.015392307692308,c(19.28010734, 46.79877137)
50282716,1.31446851116635,0.005080769230769,c(19.34374344, 47.15564319)
50282744,1.31687172732821,0.042184615384615,c(19.38895619, 47.40538051)
50283112,1.44397880360472,0.016886538461538,c(20.03926629, 50.68239022)
50283482,0.367555105470686,0.107480769230769,c(20.81795228, 53.96828278)
50284232,1.09365505472199,0.012842307692308,c(22.95275729, 60.60403422)
50284328,0.852221990067343,0.042784615384615,c(23.30012512, 61.4508654)
50284436,0.41220079864868,0.011792307692308,c(23.71717136, 62.40273329)
50284502,0.494633247646904,0.022973076923077,c(23.98692726, 62.98396967)
50284620,0.146077372030967,0.006896153846154,c(24.50016858, 64.02219064)
50303214,1.3718112281478,0.061219230769231,c(20.26869646, 51.58655638)
50303660,1.04091907998154,0.016407692307692,c(21.27898485, 55.54335424)
50303674,1.24181872948935,0.029584615384615,c(21.31461586, 55.66736912)
50304402,0.137212449255751,0.005192307692308,c(23.62017894, 62.09970818)
50322648,1.4134946146162,0.027817307692308,c(19.28799857, 46.5444031)
50322756,1.19291354389722,0.080369230769231,c(19.46122529, 47.50781242)
50322774,1.50022393630256,0.041623076923077,c(19.49090274, 47.6682938)
50322994,0.894545306851874,0.053038461538462,c(19.87364947, 49.62782325)
50323462,0.971892611130672,0.011428846153846,c(20.83219444, 53.78553363)
50323806,1.3173810184529,0.036736538461538,c(21.69648682, 56.83317529)
50324550,0.143134549778627,0.000555769230769,c(24.26877091, 63.39917666)
50324560,0.121332166116728,0.000471153846154,c(24.31229279, 63.48714312)
50324578,1.26420975373612,0.014815384615385,c(24.39138487, 63.64545904)
50324884,0.576957860304022,0.040553846153846,c(25.90237221, 66.33149278)
50343244,1.19460010348234,0.018784615384615,c(20.3873737, 51.84799204)
50343760,0.500717703349282,0.035384615384615,c(21.60349529, 56.42315095)
50343800,0.588024508702758,0.006946153846154,c(21.71229572, 56.77715611)
50344270,0.181467303992542,0.030403846153846,c(23.19626968, 60.92932588)
50344366,1.03349297080179,0.02905,c(23.55483709, 61.7755917)
50361942,1.16170787450655,0.0374,c(18.3763925, 40.2176772)
50363022,1.11820094790458,0.022134615384615,c(19.9803919, 49.87210855)
50363026,1.04947783968418,0.038388461538462,c(19.98784712, 49.90769296)
50363130,1.47954862232162,0.023161538461538,c(20.18665495, 50.83250929)
50363490,0.902701257651466,0.021680769230769,c(20.95729246, 54.02844626)
50363736,0.803229201142329,0.029648076923077,c(21.57118039, 56.20782137)
50364240,0.810560392850987,0.085188461538462,c(23.1244643, 60.66141055)
50364250,0.153323065434519,0.011107692307692,c(23.16022745, 60.7496068)
50364606,0.856448805190695,0.027846153846154,c(24.59563407, 63.88421273)
50364624,0.746152128872056,0.017988461538462,c(24.67768621, 64.04240206)
50364678,0.168632589472386,0.002001923076923,c(24.93012361, 64.5167678)
50382636,1.29811675576928,0.069425,c(19.34675452, 46.43054431)
50382730,1.47337109359528,0.028961538461538,c(19.4974925, 47.2690803)
50382960,0.722769647846414,0.026757692307692,c(19.89388077, 49.31799862)
50383086,1.50147353454405,0.047815384615385,c(20.12928769, 50.43885264)
50383320,1.22976636699264,0.044688461538462,c(20.60552474, 52.51764914)
50383432,0.893904684622827,0.014123076923077,c(20.85348908, 53.51140637)
50384260,1.19531430034567,0.023625,c(23.23226845, 60.83444879)
50423230,0.941380985397975,0.073626923076923,c(20.47335003, 51.71339451)
50423474,0.466348708652167,0.011319230769231,c(21.01034281, 53.87843365)
50423510,0.985170495015133,0.036121153846154,c(21.0952924, 54.197554)
50424512,0.557365892714171,0.039230769230769,c(24.29892042, 63.04669296)
50424782,1.14503966098012,0.008907692307692,c(25.569676, 65.41746878)
50424986,0.849213861449036,0.031292307692308,c(26.70986602, 67.20265001)
50443648,1.18904785397139,0.033276923076923,c(21.46723376, 55.41727392)
50443654,1.33,0,c(21.48265619, 55.47039866)
50444306,0.087339549763958,0.014192307692308,c(23.51058595, 61.22973809)
50463076,0.628037119111337,0.047142307692308,c(20.22158103, 50.33998334)
50463772,1.06110336747268,0.048019230769231,c(21.82833911, 56.51179323)
50464184,1.09966055668703,0.008557692307692,c(23.10497537, 60.15093519)
50464192,0.100356645756301,0.002457692307692,c(23.13295531, 60.22148517)
50464202,1.45954917412333,0.034592307692308,c(23.16812306, 60.30966612)
50464206,0.734801468134802,0.077846153846154,c(23.18225055, 60.34493647)
50464368,0.627879762469848,0.007413461538462,c(23.78500757, 61.77236611)
50464692,0.598917588776977,0.051263461538462,c(25.2001477, 64.6203233)
50483070,0.885167656832142,0.0069,c(20.23782082, 50.28414098)
50483656,0.853727225192511,0.003305769230769,c(21.55032911, 55.48237627)
50484302,0.874156812579951,0.013815384615385,c(23.56842401, 61.18763101)
50484402,0.695381583340799,0.055453846153846,c(23.95696074, 62.06813885)
50503494,0.451564315931384,0.007184615384615,c(21.17820821, 54.04472264)
50503900,0.982812150407303,0.011555769230769,c(22.25919376, 57.63744792)
50504250,0.417702552719201,0.029692307692308,c(23.41181865, 60.72606004)
50504280,0.394935084168436,0.026105769230769,c(23.52240461, 60.99038926)
50504566,1.36194413088065,0.032353846153846,c(24.69085501, 63.50651921)
50523028,1.41924488350063,0.033669230769231,c(20.21258986, 49.90573106)
50523678,1.20229097105261,0.023759615384615,c(21.67045991, 55.67132033)
50523746,1.31587226336937,0.010223076923077,c(21.85293836, 56.27294512)
50523782,1.2044604132324,0.038723076923077,c(21.95230139, 56.59133531)
50523872,0.789222809422317,0.029146153846154,c(22.20949858, 57.38695288)
50524474,0.796217437469563,0.036469230769231,c(24.32891712, 62.6942911)
50524618,0.658092997981064,0.030334615384615,c(24.96795365, 63.95933907)
50524662,0.157274198003393,0.025269230769231,c(25.17613993, 64.34544634)
50543112,1.50825804809772,0.017625,c(20.40401755, 50.64983641)
50543998,0.981742738589211,0.09625,c(22.62591178, 58.4967738)
50544534,0.225049860390905,0.035769230769231,c(24.62637629, 63.21791753)
50562996,1.05017954099953,0.113123076923077,c(20.20691823, 49.61619181)
50563432,1.25847916503178,0.019769230769231,c(21.12201282, 53.48696707)
50564166,0.055451943495522,0.000215384615385,c(23.21831776, 59.97560385)
50583782,1.30976859497458,0.047457692307692,c(22.04863855, 56.58234912)
50584610,1.71826615732439,0.013307692307692,c(25.04949359, 63.87760539)
50584702,1.04484944839754,0.008134615384615,c(25.49299343, 64.68437834)
50584756,0.714780806268623,0.020273076923077,c(25.76709141, 65.15743985)
50603248,0.865299414974035,0.063815384615385,c(20.76972972, 51.84969402)
50603288,1.17534540709726,0.068546153846154,c(20.85612728, 52.204614)
50603758,1.02702998553501,0.016192307692308,c(22.01360262, 56.36716184)
50603794,1.22548692264886,0.004738461538462,c(22.11464314, 56.68541194)
50604374,0.772824486136902,0.038953846153846,c(24.06814191, 61.80040215)
50604436,0.589406567311473,0.002284615384615,c(24.32109455, 62.34561755)
50604518,1.21083395023979,0.044030769230769,c(24.67183651, 63.06615461)
50604584,0.612296739745975,0.049153846153846,c(24.96847291, 63.6456076)
50604656,0.238042256021779,0.025173076923077,c(25.30774837, 64.27719769)
50604770,0.163055801133704,0.03855,c(25.88136412, 65.27594503)
50622776,1.1037740573417,0.101405769230769,c(19.89068612, 47.65082109)
50623316,0.876624622656963,0.013853846153846,c(20.94675301, 52.45030239)
50623666,0.560902468294388,0.020890384615385,c(21.79546641, 55.55054753)
50623694,1.27097052705938,0.019961538461538,c(21.87026809, 55.7982269)
50624582,1.60685469101564,0.04445,c(24.99851414, 63.62422548)
50642762,1.10017899567156,0.054553846153846,c(19.8929777, 47.52370718)
50642960,0.138566062641341,0.009317307692308,c(20.24855952, 49.2860565)
50643216,1.19253114014408,0.033371153846154,c(20.75896649, 51.56040994)
50643238,0.945820953365198,0.047261538461538,c(20.80578867, 51.75565003)
50643432,0.728915872985083,0.008596153846154,c(21.24126495, 53.47591523)
50643772,1.52685677587112,0.017838461538462,c(22.11670996, 56.48490527)
50662872,1.36128088844098,0.026817307692308,c(20.1134607, 48.50069909)
50663322,0.74592056845578,0.014875,c(21.01840206, 52.49810247)
50663642,0.867741407145698,0.013715384615385,c(21.79449156, 55.332363)
50663688,0.845433356821508,0.006592307692308,c(21.91702091, 55.73924053)
50663710,0.865494728160644,0.081294230769231,c(21.97669454, 55.93378545)
50663796,1.44654747390248,0.135638461538462,c(22.21689603, 56.69397531)
50664456,0.77716503999603,0.108805769230769,c(24.51850825, 62.51036878)
50664618,0.688033012379642,0.0549,c(25.24544356, 63.93227113)
50664744,0.597065297138665,0.014446153846154,c(25.86970867, 65.03612201)
50682696,1.36178243256595,0.026826923076923,c(19.83335584, 46.93082968)
50682936,1.38799948183623,0.005363461538462,c(20.25804592, 49.06760733)
50683074,0.811449322429217,0.022951923076923,c(20.52396069, 50.29428877)
50683644,1.09586776859504,0.069230769230769,c(21.8308933, 55.34711928)
50683780,0.928832094070211,0.042286538461538,c(22.20342113, 56.54954013)
50683798,0.437031601448466,0.035584615384615,c(22.25481571, 56.70859261)
50684398,0.220883459519718,0.006353846153846,c(24.3139735, 61.99701459)
50684542,0.416869931677415,0.036246153846154,c(24.93327028, 63.26174417)
50684686,0.792863192296517,0.066755769230769,c(25.61583144, 64.5242461)
50702782,1.01215555989838,0.015961538461538,c(20.00679185, 47.69459832)
50702848,1.42276843467012,0.03375,c(20.1237562, 48.28218061)
50702998,0.80559769814282,0.04425,c(20.40286883, 49.61635981)
50703016,0.992829233221844,0.015661538461538,c(20.43766583, 49.7763491)
50703124,0.809013973627239,0.022884615384615,c(20.65267733, 50.73579455)
50703742,0.638879449998025,0.026576923076923,c(22.12836468, 56.21067291)
50704620,1.1510034831647,0.072461538461538,c(25.33416493, 63.94197909)
50722734,1.42526731551492,0.022330769230769,c(19.95006758, 47.26464069)
50742712,1.101,0,c(19.93865759, 47.06622442)
50743180,0.923251754775103,0.072311538461538,c(20.82528438, 51.22766162)
50744454,0.907669838914042,0.025603846153846,c(24.66129592, 62.47794225)
50744692,0.655518478520262,0.049103846153846,c(25.76709064, 64.56471216)
50763638,1.27637061467402,0.009919230769231,c(21.93941865, 55.28223707)
50764612,1.52393710570756,0.120869230769231,c(25.41463275, 63.86006663)
50764718,0.742494632051532,0.014807692307692,c(25.94001793, 64.78818141)
50782712,1.3275,0,c(19.99089359, 47.06139423)
50783186,1.28786859260756,0.010007692307692,c(20.89473963, 51.27557645)
50783212,1.4160075962889,0.027865384615385,c(20.95031088, 51.50625643)
50783266,1.1486951741811,0.027426923076923,c(21.0679758, 51.98521012)
50783306,0.811538911097085,0.012838461538462,c(21.15714643, 52.3398604)
50784566,0.963373141946896,0.125946153846154,c(25.23735497, 63.45298596)
50784598,0.932106862901936,0.038307692307692,c(25.38742047, 63.73345227)
50803744,1.47962176569355,0.017296153846154,c(22.29293837, 56.21312852)
50804666,1.15150495419705,0.022778846153846,c(25.75758997, 64.32500357)
50804738,0.710765912650525,0.026325,c(26.12552794, 64.95487304)
50822626,1.19281291140475,0.013990384615385,c(19.89797654, 46.29013601)
50822946,1.35698719452511,0.049084615384615,c(20.46705064, 49.13884157)
50823826,0.867263294530405,0.072565384615385,c(22.5624466, 56.93419156)
50824548,0.893308405648437,0.070130769230769,c(25.23189315, 63.28741474)
50824584,0.882441425557718,0.056509615384615,c(25.39967449, 63.60291162)
50843088,0.827761234760135,0.041607692307692,c(20.77498637, 50.39777989)
50844708,0.830456564892712,0.023476923076923,c(26.05106163, 64.68429846)
50862724,1.07265104488284,0.053261538461538,c(20.1161309, 47.15853801)
50863110,1.12299420007267,0.031486538461538,c(20.8481521, 50.59043645)
50863206,1.06871552526778,0.016838461538462,c(21.05140219, 51.44223025)
50863842,0.824355527748722,0.016413461538462,c(22.67504352, 57.06911097)
50864658,0.380952567084254,0.016019230769231,c(25.83777062, 64.24285288)
50864794,0.99276005263697,0.023792307692308,c(26.54992311, 65.43155196)
50882638,1.50224912106083,0.041676923076923,c(19.99528527, 46.38988779)
50883178,1.12801029009092,0.013240384615385,c(21.01949615, 51.19115925)
50883724,1.4065,0,c(22.36324335, 56.0241701)
50883804,0.871073425563752,0.047675,c(22.59420787, 56.73056217)
50902644,0.9075,0,c(20.03117849, 46.44093977)
50902936,1.13126890044756,0.046115384615385,c(20.55650267, 49.03970245)
50903242,1.58000506200962,0.01225,c(21.18741672, 51.75599888)
50903664,1.07091462763993,0.062838461538462,c(22.22766884, 55.49104503)
50903826,1.12075980555371,0.075876923076923,c(22.69186018, 56.92157404)
50904192,0.709965993115426,0.075413461538462,c(23.91027124, 60.14633694)
50904750,0.895919535014028,0.025280769230769,c(26.39396182, 65.0388632)
50923428,0.626344268884697,0.004892307692308,c(21.64844945, 53.40090819)
50924584,1.26201903740448,0.067625,c(25.59527735, 63.58311193)
50943118,1.10858870842036,0.013015384615385,c(20.97681605, 50.65074675)
50943268,1.28283537436675,0.035807692307692,c(21.30299674, 51.98093646)
50943800,1.00366320935456,0.068492307692308,c(22.67888151, 56.68579546)
50944648,0.629422594867291,0.023382692307692,c(25.9473479, 64.13910036)
50962748,1.49919681215366,0.011630769230769,c(20.28933446, 47.35986284)
50962762,1.1413241984919,0.093355769230769,c(20.3142959, 47.4844788)
50963150,1.17611587701192,0.032926923076923,c(21.07263453, 50.93194775)
50963348,0.600442680625345,0.009530769230769,c(21.51613922, 52.68687463)
50963682,0.800421306048751,0.0031,c(22.3712677, 55.64088728)
50964968,0.273483927423664,0.006669230769231,c(27.79023995, 66.92531389)
50983316,0.511031145303387,0.008123076923077,c(21.4706127, 52.40062077)
50983738,1.05481162623853,0.008211538461538,c(22.56151419, 56.13227176)
50983816,1.13992944543766,0.115796153846154,c(22.79105027, 56.82061235)
51002852,1.24768627141702,0.024634615384615,c(20.5319373, 48.28009009)
51003392,0.748367952522255,0.014923076923077,c(21.67967975, 53.07072832)
51003396,0.988866314506298,0.0156,c(21.68934253, 53.10613449)
51004476,0.703041227657385,0.035561538461538,c(25.24984906, 62.62142284)
51004580,0.812910692774642,0.022992307692308,c(25.732338, 63.53209641)
51004598,0.559369785401063,0.008884615384615,c(25.81933315, 63.68957891)
51023088,1.03339485397894,0.008046153846154,c(21.02573964, 50.3737744)
51023376,1.2094967231359,0.004676923076923,c(21.67063077, 52.92621799)
51023502,0.943007354879839,0.022626923076923,c(21.98278013, 54.04102047)
51023782,1.06857502112026,0.021173076923077,c(22.75380354, 56.51427458)
51023840,1.18181818181818,0.048076923076923,c(22.92851209, 57.02587524)
51024492,1.18447167395861,0.043113461538462,c(25.35999015, 62.75770159)
51024572,1.53647020247561,0.061615384615385,c(25.73293352, 63.45807883)
51043770,0.87687966376201,0.032278846153846,c(22.75025773, 56.40521979)
51044200,0.524695150330448,0.008338461538462,c(24.18707106, 60.19184301)
51044218,0.54507364020804,0.010913461538462,c(24.25548588, 60.35001413)
51044466,0.808056862302019,0.063865384615385,c(25.28079153, 62.5260322)
51044560,1.04404266859519,0.042711538461538,c(25.71448623, 63.34906599)
51044766,0.305764685923056,0.025165384615385,c(26.76824668, 65.14870157)
51063100,1.25097539059103,0.004836538461538,c(21.10668891, 50.47482578)
51063710,1.25817367896901,0.024836538461538,c(22.6074634, 55.87257736)
51063768,1.31297743498716,0.020607692307692,c(22.77625055, 56.38439246)
51064546,1.00610929351171,0.050123076923077,c(25.68677493, 63.22255694)
51082954,1.41299204810697,0.027807692307692,c(20.83591742, 49.17616887)
51083148,1.23966319786698,0.100590384615385,c(21.23730777, 50.89780773)
51083368,1.26081449414783,0.040461538461538,c(21.73953986, 52.84674879)
51083476,0.980302580836547,0.027596153846154,c(22.0067146, 53.80220199)
51084210,0.999262296690145,0.019826923076923,c(24.2957056, 60.27251628)
51084714,0.521977597528003,0.029125,c(26.56871102, 64.68652196)
51084772,0.1545,0,c(26.8836762, 65.19237408)
51102712,0.888307482529402,0.097384615384615,c(20.4084638, 47.02184775)
51102942,1.04400305698409,0.033738461538462,c(20.839371, 49.06694118)
51103122,1.10760566426921,0.004284615384615,c(21.20939307, 50.66449848)
51103198,1.179,0,c(21.37522574, 51.3382766)
51103216,0.398529127153087,0.006346153846154,c(21.41538922, 51.49779198)
51103302,0.834295415959253,0.003230769230769,c(21.61216905, 52.25958792)
51103642,0.422203102462231,0.012075,c(22.47820792, 55.26601836)
51104260,0.737381205041958,0.017780769230769,c(24.52549115, 60.70798225)
51104382,0.401901712322081,0.015057692307692,c(25.02609651, 61.77830119)
51104602,0.739019618627089,0.020946153846154,c(26.03494403, 63.70420693)
51122668,1.2287200914502,0.024269230769231,c(20.35678385, 46.627605)
51123226,1.72682293595506,0.013373076923077,c(21.46640853, 51.58358906)
51123280,0.54080677824073,0.008592307692308,c(21.58989626, 52.06191556)
51124252,0.400431861056111,0.013215384615385,c(24.52969335, 60.63407607)
51124792,0.935415365396627,0.014769230769231,c(27.07818736, 65.35792697)
51142628,0.844493995227477,0.016807692307692,c(20.31308793, 46.26886193)
51142754,1.19024012393493,0.064025,c(20.53643045, 47.39052834)
51142790,1.20806392171315,0.018992307692308,c(20.6025326, 47.71075546)
51142978,1.27728472525365,0.057242307692308,c(20.96552011, 49.38131831)
51143024,1.47420237010027,0.071769230769231,c(21.0591512, 49.78964095)
51143060,0.861206441135612,0.017134615384615,c(21.13382686, 50.10908208)
51143162,1.47061194476974,0.011411538461538,c(21.35235676, 51.01362115)
51143330,0.430589401316773,0.022084615384615,c(21.7362909, 52.50173071)
51143438,1.10898229616489,0.026503846153846,c(22.00031675, 53.45726233)
51143450,1.39861876365025,0.033196153846154,c(22.03054235, 53.5633793)
51144410,0.202732728159476,0.002405769230769,c(25.22094992, 62.01601421)
51144548,0.831721386808502,0.016557692307692,c(25.85070008, 63.22396255)
51163280,0.645783085585147,0.012903846153846,c(21.64758679, 52.05620138)
51163334,0.608197521225725,0.014711538461538,c(21.7749648, 52.53424003)
51163690,0.802761464572931,0.015990384615385,c(22.70720054, 55.68032542)
51164450,0.160011754879822,0.005323076923077,c(25.43523505, 62.36245503)
51183382,0.930703436508234,0.026236538461538,c(21.92048033, 52.95604492)
51183646,1.21554628438784,0.019107692307692,c(22.6135139, 55.28886587)
51183664,1.3335021124658,0.059611538461538,c(22.66430576, 55.44773164)
51183718,1.31779440928313,0.047734615384615,c(22.8196281, 55.92418137)
51184026,0.922440931155111,0.007188461538462,c(23.79906275, 58.6373344)
51184210,0.478795030958169,0.022253846153846,c(24.47237747, 60.2543546)
51184746,0.234155380885464,0.003738461538462,c(26.94503972, 64.94407056)
51184760,0.729019087475758,0.057980769230769,c(27.0224451, 65.06604353)
51184832,0.396504342282788,0.119126923076923,c(27.43313001, 65.69281143)
51203696,1.08641376561254,0.073723076923077,c(22.78717583, 55.72692212)
51203750,0.958170485964666,0.015123076923077,c(22.9455483, 56.20319559)
51204510,0.433263348299364,0.047415384615385,c(25.78607782, 62.87954674)
51222948,1.44786604043292,0.058269230769231,c(21.01406543, 49.10424553)
51223012,0.893769401147807,0.065776923076923,c(21.14432315, 49.67230846)
51223278,0.619530460993459,0.009830769230769,c(21.72941058, 52.02987203)
51223308,0.673597784152735,0.027980769230769,c(21.80019073, 52.29542137)
51223350,0.681293959793826,0.005319230769231,c(21.90104526, 52.66707595)
51223644,1.20229232173648,0.0141,c(22.66994159, 55.26493413)
51223648,1.0874213836478,0.021538461538462,c(22.68122749, 55.30023405)
51223738,1.33442802386455,0.037194230769231,c(22.94160359, 56.09415746)
51223828,1.00526467111778,0.036830769230769,c(23.21492207, 56.88745045)
51224358,0.52961385515105,0.019748076923077,c(25.14460631, 61.54498924)
51224448,0.978505589331241,0.019423076923077,c(25.53889578, 62.33313302)
51224476,0.94890889026675,0.140871153846154,c(25.66632318, 62.57814052)
51224604,0.935173089212944,0.073176923076923,c(26.27995906, 63.69691272)
51242884,1.28905346454296,0.052211538461538,c(20.91437715, 48.53319874)
51243226,1.43754389764693,0.005553846153846,c(21.63767566, 51.56657059)
51243394,1.23845630821407,0.060992307692308,c(22.0384429, 53.05331996)
51243634,1.2335,0,c(22.67277946, 55.1735362)
51243714,1.33635998903635,0.031765384615385,c(22.90242121, 55.87929864)
51244042,1.13826324862018,0.027184615384615,c(23.95645112, 58.76758368)
51244342,0.372292826383783,0.0479,c(25.11334954, 61.40095378)
51262936,1.30353581142339,0.1176,c(21.04421024, 48.99232845)
51264012,0.251524870254825,0.010634615384615,c(23.88538561, 58.50030333)
51264430,0.482908148463339,0.005711538461538,c(25.53287857, 62.1677035)
51264552,0.48542354449062,0.009730769230769,c(26.10148191, 63.23447706)
51264574,0.789428257309301,0.156896153846154,c(26.20901591, 63.42664119)
51264588,0.51186275401323,0.006051923076923,c(26.27828327, 63.54889307)
51264736,0.116,0,c(27.05286514, 64.83951964)
51282726,1.07055818614064,0.021211538461538,c(20.66863177, 47.12344317)
51282946,1.51054355153309,0.035757692307692,c(21.09141502, 49.07840886)
51283140,0.769510019772558,0.006003846153846,c(21.50093559, 50.79903961)
51283288,0.6905,0,c(21.83950102, 52.10969315)
51283450,0.929153605015674,0.018461538461538,c(22.23919337, 53.54239551)
51284364,0.966702044576166,0.039673076923077,c(25.28027883, 61.5859766)
51284746,0.464657433862537,0.013273076923077,c(27.14890553, 64.92220822)
51303466,1.31297743498716,0.020607692307692,c(22.31033722, 53.68074983)
51323096,0.635285503655931,0.041336538461538,c(21.46048585, 50.40346231)
51323126,0.889590034107141,0.010471153846154,c(21.52612875, 50.66934003)
51323464,0.837198947581461,0.049807692307692,c(22.33502126, 53.66003406)
51323614,1.18545902027538,0.009219230769231,c(22.74010246, 54.98443455)
51323646,0.76456502880073,0.064526923076923,c(22.83067162, 55.26674695)
51324422,0.637534863932179,0.023676923076923,c(25.60887392, 62.08583465)
51324680,0.20613298405116,0.001615384615385,c(26.87026614, 64.33865743)
51343172,1.28720199625897,0.015080769230769,c(21.65683465, 51.07402683)
51343702,0.411607659703418,0.010003846153846,c(23.02427055, 55.75736423)
51344234,1.16163214490105,0.042317307692308,c(24.8497979, 60.43531289)
51362806,1.43695411932457,0.016805769230769,c(20.92347503, 47.82425422)
51362942,1.5542233288642,0.006001923076923,c(21.19171513, 49.0320448)
51363072,0.9725,0,c(21.46407278, 50.1851165)
51363194,1.21093324795902,0.038923076923077,c(21.73510091, 51.26599004)
51363198,1.17439582615544,0.023221153846154,c(21.74425476, 51.30140849)
51363266,0.521682375728773,0.006167307692308,c(21.90258723, 51.90332944)
51363302,0.703359756050128,0.011146153846154,c(21.98854023, 52.22184664)
51363400,0.834065852117292,0.020065384615385,c(22.23035397, 53.08840895)
51363628,1.15075756388763,0.018107692307692,c(22.84130976, 55.1015966)
51364282,0.605817506105683,0.002348076923077,c(25.08018784, 60.85226884)
51364602,1.11174405914798,0.022009615384615,c(26.54366026, 63.65011952)
51364706,0.290205011389522,0.01225,c(27.09060376, 64.55641885)
51364876,0.762955402075742,0.080588461538462,c(28.07615578, 66.0339447)
51383160,1.10865203083225,0.040465384615385,c(21.68615794, 50.96202188)
51383448,0.942141276351619,0.034598076923077,c(22.38291992, 53.50952046)
51383678,1.26594271752409,0.079125,c(23.01641097, 55.53930774)
51402742,0.810061246435083,0.012815384615385,c(20.85510312, 47.25008624)
51402954,1.48001681025426,0.084807692307692,c(21.27046174, 49.13305969)
51403188,1.28996678888566,0.020253846153846,c(21.77802246, 51.20709732)
51403314,0.731383179926869,0.008625,c(22.075512, 52.32206824)
51403564,1.09821021802799,0.054461538461538,c(22.72347711, 54.53061223)
51403654,1.36847055643234,0.032503846153846,c(22.97775212, 55.32448005)
51403810,1.16420282246374,0.018315384615385,c(23.44829398, 56.69896786)
51404082,0.876691209404295,0.021069230769231,c(24.37243795, 59.09055237)
51404250,0.39955796350265,0.016788461538462,c(25.02078914, 60.56424848)
51404326,0.268770960741764,0.025192307692308,c(25.33660365, 61.22995304)
51404520,0.686340297611929,0.051294230769231,c(26.21533669, 62.9261748)
51404560,1.12048962213944,0.0605,c(26.410798, 63.27530683)
51404736,0.798397774400453,0.029475,c(27.33702, 64.80866487)
51404766,0.111,0,c(27.50657822, 65.06953015)
51423100,0.801020400239181,0.009438461538462,c(21.60847096, 50.42480151)
51423424,1.23420884048687,0.024375,c(22.38024227, 53.2913811)
51423430,0.849982456550724,0.013438461538462,c(22.39572069, 53.34438752)
51423466,0.288575960385315,0.005807692307692,c(22.48957748, 53.66236638)
51423624,1.32837783745341,0.010319230769231,c(22.92250514, 55.05672618)
51423746,0.582678663442863,0.029653846153846,c(23.28211633, 56.13201296)
51424072,0.415234126223497,0.066948076923077,c(24.36992769, 58.99913708)
51424242,1.0498787388844,0.086523076923077,c(25.02391261, 60.49034709)
51424438,0.501864626839989,0.016507692307692,c(25.86778039, 62.20575839)
51424546,0.67135067767565,0.03715,c(26.38023144, 63.14896586)
51443008,1.13479268195254,0.061225,c(21.43754089, 49.60651056)
51443772,1.37482605945604,0.027076923076923,c(23.39366289, 56.35768128)
51444012,1.27728435708761,0.030403846153846,c(24.18794559, 58.46860024)
51444480,0.121857240991694,0.014584615384615,c(26.10050844, 62.56865387)
51444592,1.1243469848436,0.045846153846154,c(26.64883502, 63.54597217)
51462892,1.20892388451444,0.0094,c(21.22541693, 48.5746094)
51463266,0.563220680001143,0.057580769230769,c(22.04619927, 51.88861708)
51463464,0.883646624212238,0.010401923076923,c(22.54400935, 53.63852034)
51463642,0.966089143714165,0.015246153846154,c(23.03601917, 55.20899322)
51464094,0.752640211974008,0.024553846153846,c(24.51937012, 59.18499209)
51464746,0.795924193289075,0.019165384615385,c(27.51508509, 64.88221485)
51464814,0.820406350097028,0.012976923076923,c(27.90997649, 65.47282706)
51483142,0.816464958970083,0.012915384615385,c(21.78605515, 50.78823908)
51483666,1.12409147699495,0.008746153846154,c(23.13701047, 55.41728677)
51483800,1.24102632777138,0.066575,c(23.54500533, 56.59747177)
51484576,1.04600088441293,0.191119230769231,c(26.64542549, 63.39799252)
51503186,1.20592789308982,0.009376923076923,c(21.91488357, 51.17486869)
51503414,0.271055471616663,0.002123076923077,c(22.47273542, 53.19078078)
51503456,1.205,0,c(22.58251064, 53.56167711)
51504688,0.563263404068036,0.108623076923077,c(27.27294269, 64.36898843)
51504886,0.363768455589407,0.015307692307692,c(28.43459416, 66.08774514)
51523666,1.06176413064737,0.016730769230769,c(23.19920197, 55.41074432)
51523690,1.25018596429657,0.101357692307692,c(23.27045784, 55.62219095)
51523730,1.2788343876387,0.0357,c(23.39125826, 55.97449486)
51524306,0.324992440160966,0.007915384615385,c(25.46845174, 61.03150706)
51524432,1.19719438877755,0.064375,c(26.02663796, 62.13307889)
51543194,1.15276258080671,0.032294230769231,c(21.99007046, 51.23980684)
51543382,0.914829666098191,0.033628846153846,c(22.44933075, 52.90197571)
51543736,1.39239537711693,0.027413461538462,c(23.4411575, 56.02398726)
51563304,0.648220704704198,0.012951923076923,c(22.28258257, 52.20968362)
51563710,1.3329232244148,0.037153846153846,c(23.39329077, 55.79171316)
51563778,1.27047077845627,0.019953846153846,c(23.60336501, 56.39031722)
51583590,1.16766541351141,0.032698076923077,c(23.07119101, 54.73116263)
51583734,1.30376849949212,0.093140384615385,c(23.49809095, 55.99967507)
51584250,0.220650032829941,0.015907692307692,c(25.34076233, 60.52973246)
51584502,1.22790002987155,0.034326923076923,c(26.47056933, 62.7316602)
51584602,1.08801997556181,0.05885,c(26.97270005, 63.60306694)
51584736,0.69880329665477,0.041919230769231,c(27.70147279, 64.76826579)
51602826,1.36019950332853,0.078480769230769,c(21.28033619, 47.96955231)
51603142,0.950123071381401,0.039019230769231,c(21.95432421, 50.77079835)
51603214,1.03686556321297,0.020557692307692,c(22.12221482, 51.40787914)
51603268,1.10826795650721,0.021942307692308,c(22.25197677, 51.88540853)
51603652,1.02993443009148,0.020423076923077,c(23.28201259, 55.27424818)
51603688,1.25367854396309,0.02475,c(23.38939046, 55.59132254)
51604342,0.807212333035303,0.006296153846154,c(25.76885466, 61.33053712)
51622792,1.53783159918879,0.011926923076923,c(21.23975368, 47.66491322)
51623610,1.1475260480721,0.022701923076923,c(23.18999009, 54.90092235)
51624808,0.704,0,c(28.20489577, 65.38370226)
51643216,0.93655023759369,0.018605769230769,c(22.1837967, 51.41960533)
51643320,1.05381533891502,0.008203846153846,c(22.43814038, 52.33891894)
51643668,0.613628752774425,0.012269230769231,c(23.39164469, 55.4085465)
51644382,1.38359166547854,0.055826923076923,c(26.02012715, 61.67197659)
51663088,0.890428316525047,0.021392307692308,c(21.91536747, 50.28399509)
51663358,1.16021244200977,0.032496153846154,c(22.56352044, 52.67150803)
51663638,0.620509633312616,0.009846153846154,c(23.33345134, 55.14101918)
51663648,1.16345885634589,0.0679,c(23.3630505, 55.22909354)
51663832,0.073051234566689,0.020755769230769,c(23.93679097, 56.8481055)
51664756,0.810479573712256,0.029907692307692,c(27.97880323, 64.92356232)
51682690,1.31787458236957,0.042215384615385,c(21.12212341, 46.75055392)
51682726,1.002,0,c(21.19055619, 47.07047947)
51683234,0.920583873233939,0.014538461538462,c(22.28392313, 51.57276551)
51683378,1.04933223719927,0.008169230769231,c(22.64428669, 52.84500721)
51683776,1.30229613606144,0.030980769230769,c(23.78790978, 56.35224848)
51684076,1.29866582458356,0.025615384615385,c(24.82737475, 58.98653619)
51684292,1.00464641720583,0.050053846153846,c(25.69619267, 60.87752982)
51684850,1.05288478929282,0.043057692307692,c(28.58698418, 65.73325755)
51703708,0.816991828596004,0.016269230769231,c(23.6066217, 55.75060786)
51704468,0.968372512450556,0.061673076923077,c(26.53247095, 62.41001516)
51722766,1.46963729248524,0.034823076923077,c(21.32034722, 47.4203359)
51722996,0.779715580559462,0.015538461538462,c(21.79460539, 49.46046925)
51723014,0.988188338138576,0.062855769230769,c(21.83384162, 49.61993545)
51723436,1.12336950937073,0.026838461538462,c(22.85605284, 53.35061812)
51723772,1.44033620058709,0.022561538461538,c(23.83870086, 56.31018987)
51723994,0.929777988464881,0.050725,c(24.59226717, 58.26006012)
51724004,0.746639511201629,0.018,c(24.62847253, 58.34778052)
51724084,1.13682054782831,0.098538461538462,c(24.92575099, 59.04917851)
51724116,1.0843753144053,0.044288461538462,c(25.04859537, 59.32955148)
51724832,1.08908194411834,0.017153846153846,c(28.55829312, 65.56795863)
51742962,1.20797946581741,0.109926923076923,c(21.74849625, 49.15631888)
51743642,1.1913163550691,0.013973076923077,c(23.46884243, 55.16294066)
51743714,1.22540433281688,0.009526923076923,c(23.68783109, 55.79661501)
51762786,1.19845682274601,0.0539,c(21.41233626, 47.59240209)
51762822,1.34747490893687,0.037544230769231,c(21.48434427, 47.91193406)
51763582,0.182541174295531,0.001430769230769,c(23.32306909, 54.63123478)
51763654,1.04256518675123,0.061276923076923,c(23.53572319, 55.2652285)
51764034,0.107980776317167,0.008434615384615,c(24.8056755, 58.60346807)
51764704,1.13731799205783,0.0179,c(27.88136509, 64.44952827)
51764754,1.03862298620727,0.080619230769231,c(28.16998687, 64.88307074)
51764802,1.05923709798055,0.13095,c(28.45685531, 65.29881172)
51782890,1.27020653574357,0.014884615384615,c(21.65032589, 48.51234508)
51783316,1.1708977828036,0.047653846153846,c(22.63072243, 52.28200443)
51783760,1.47359355578155,0.046969230769231,c(23.89551729, 56.1943176)
51783786,1.19301507055323,0.038369230769231,c(23.97906788, 56.42287691)
51783840,0.818955270566156,0.016307692307692,c(24.15641494, 56.89737709)
51784294,0.489622969549451,0.032163461538462,c(25.88402641, 60.87504885)
51784906,0.826329388917233,0.065215384615385,c(29.15606691, 66.19298748)
51802634,0.439297056955325,0.418707692307692,c(21.17183571, 46.23656474)
51802810,1.53532214368013,0.011907692307692,c(21.51306581, 47.79986009)
51804718,0.870766285289718,0.039748076923077,c(28.04137398, 64.56175621)
51804772,0.838627853409924,0.049888461538462,c(28.35787099, 65.02964041)
51804804,1.19171775196125,0.102807692307692,c(28.55123838, 65.3066294)
51823018,1.01328157630631,0.028498076923077,c(21.97955866, 49.64083553)
51823686,1.28066132659906,0.025269230769231,c(23.72631395, 55.53666124)
51823768,1.20463673401857,0.070134615384615,c(23.9845074, 56.2577013)
51824508,0.870283693340436,0.039726923076923,c(26.95458581, 62.73292139)
51824598,1.00398970941757,0.088038461538462,c(27.4179846, 63.51564217)
51824728,0.916977690389752,0.025859615384615,c(28.13928082, 64.64380738)
51843370,0.960903823065015,0.003719230769231,c(22.85748289, 52.74926754)
51843782,1.20207402666846,0.086503846153846,c(24.06152791, 56.37724518)
51844270,0.779918503813604,0.0429,c(25.88739509, 60.65335035)
51844342,0.549129315819379,0.079415384615385,c(26.20433134, 61.28196881)
51844828,1.07693542602429,0.099184615384615,c(28.78194733, 65.50461259)
51862672,0.791020817657387,0.233269230769231,c(21.32079798, 46.56615239)
51862780,1.19281291140475,0.013990384615385,c(21.53189459, 47.52523006)
51862862,0.876,0,c(21.69898497, 48.25269632)
51863086,1.15043081601622,0.0135,c(22.1881342, 50.2368308)
51863338,0.990858712176941,0.019663461538462,c(22.8031206, 52.46371303)
51863446,1.47593945762114,0.040976923076923,c(23.09059075, 53.41640379)
51863740,0.855363387203478,0.186076923076923,c(23.95807377, 56.00463182)
51882740,1.00114595114339,0.023988461538462,c(21.4786596, 47.16736541)
51883690,1.11720747295969,0.022115384615385,c(23.83215385, 55.56157319)
51883720,0.84751672410298,0.0134,c(23.92609935, 55.82535021)
51883828,0.468478604090893,0.013380769230769,c(24.27710685, 56.77425125)
51902554,1.11306793837671,0.174138461538461,c(21.15178685, 45.5116368)
51902950,1.40418282352386,0.022007692307692,c(21.93933318, 49.02690889)
51903238,0.912876399164875,0.010742307692308,c(22.60715592, 51.57451612)
51903328,0.878367249980204,0.028538461538462,c(22.83522552, 52.36914923)
51903342,1.10677834468792,0.021913461538462,c(22.87160823, 52.49269522)
51903592,1.03323595683512,0.003998076923077,c(23.56594086, 54.69597203)
51904062,1.09694655053182,0.079540384615385,c(25.14738789, 58.82247345)
51904292,0.571,0,c(26.09006128, 60.83334017)
51922944,1.41723169013524,0.033623076923077,c(21.95336034, 48.9708477)
51923178,0.939371603473046,0.014830769230769,c(22.48866773, 51.04131101)
51923832,1.20749808722265,0.004669230769231,c(24.35474595, 56.80222983)
51923930,0.845476772616137,0.016826923076923,c(24.69386191, 57.66207085)
51923944,0.824752790573029,0.009715384615385,c(24.74383621, 57.78482645)
51924744,1.01830822711472,0.0507,c(28.43437124, 64.75897777)
51924780,1.05125851593803,0.029534615384615,c(28.6504168, 65.0704219)
51942720,1.23698109999169,0.004782692307692,c(21.51747346, 46.98143818)
51943026,1.03439082456399,0.008053846153846,c(22.16180482, 49.69398524)
51943092,1.15523868470741,0.018176923076923,c(22.31287705, 50.27793042)
51943354,0.914228437356408,0.054142307692308,c(22.96122302, 52.59221165)
51943440,0.608197521225725,0.014711538461538,c(23.1926537, 53.35054152)
51943470,0.986905053794023,0.019586538461538,c(23.27574701, 53.61492103)
51943644,1.2335111390022,0.019384615384615,c(23.78353416, 55.14672989)
51943702,1.30529955106043,0.03105,c(23.96324933, 55.65671893)
51943738,1.0282451980458,0.033246153846154,c(24.07760677, 55.97310596)
51943752,1.20591468533684,0.028753846153846,c(24.1226766, 56.09611233)
51943774,1.06168105911977,0.004107692307692,c(24.19418929, 56.28937039)
51943882,1.25185108426628,0.034973076923077,c(24.55792917, 57.23741185)
51943950,0.515152472744509,0.026307692307692,c(24.79833895, 57.83373091)
51944092,0.260278359166273,0.003086538461538,c(25.33129608, 59.07742034)
51944466,0.650360668036919,0.015715384615385,c(26.97194508, 62.3415302)
51944826,1.10224780645095,0.069605769230769,c(28.97594017, 65.46311671)
51963208,0.943605946029937,0.03465,c(22.61826969, 51.30023064)
51963268,0.763705111376682,0.018403846153846,c(22.76800227, 51.83009729)
51963286,1.08618147500267,0.025973076923077,c(22.81377102, 51.98899523)
51963348,0.965864117142585,0.031292307692308,c(22.97451644, 52.53609107)
51963688,1.23189779037707,0.009576923076923,c(23.95049507, 55.53018536)
51963894,1.3207488299532,0.07055,c(24.63224182, 57.33902718)
51963940,0.38010968232922,0.019546153846154,c(24.79529183, 57.74236956)
51963988,0.227274723835137,0.001780769230769,c(24.96998734, 58.16301488)
51964006,0.145612326969479,0.000565384615385,c(25.03673486, 58.32069413)
51964708,1.21641236651243,0.039092307692308,c(28.3035261, 64.43793273)
51982864,1.23054767385834,0.06605,c(21.8630292, 48.25324996)
51983278,0.905938700297013,0.010661538461538,c(22.82206788, 51.91523143)
51983328,0.991123940104636,0.040634615384615,c(22.9510921, 52.35646376)
51983700,1.25043975770293,0.061546153846154,c(24.01937309, 55.63218692)
51983736,1.31237027588644,0.036601923076923,c(24.13408631, 55.94851681)
52002852,1.27566234637312,0.025173076923077,c(21.86443423, 48.14399468)
52003302,1.141345496734,0.031984615384615,c(22.91242285, 52.12388049)
52003356,0.953374438523561,0.034996153846154,c(23.05384413, 52.60024739)
52003468,0.651951442370448,0.042375,c(23.35944798, 53.58743624)
52003714,1.46556183842376,0.017134615384615,c(24.09501386, 55.75171917)
52004314,1.05866153332417,0.020980769230769,c(26.36698551, 61.00476904)
52004440,0.228865979381443,0.03,c(26.9563797, 62.10236111)
52023594,0.790029761612045,0.022359615384615,c(23.75501978, 54.69326536)
52023674,1.19861337083337,0.059146153846154,c(23.99993038, 55.39671391)
52023864,1.21726410419487,0.014273076923077,c(24.62509264, 57.06494708)
52024342,0.66890012642225,0.075138461538462,c(26.53011829, 61.24469424)
52042676,1.11809074246115,0.004325,c(21.56089019, 46.57677844)
52042834,1.16139625746226,0.013626923076923,c(21.87983554, 47.97865932)
52042916,1.07875179634572,0.0258,c(22.05433698, 48.70529002)
52043252,0.830193332880184,0.009778846153846,c(22.84182147, 51.67627825)
52043360,0.920878498497553,0.022107692307692,c(23.12272773, 52.62907731)
52043446,1.08568608094768,0.025961538461538,c(23.35730603, 53.38703641)
52043736,1.33270675763536,0.065330769230769,c(24.22838288, 55.93793611)
52043812,0.977476792683935,0.023434615384615,c(24.4795071, 56.6051257)
52043830,0.767517402310544,0.028367307692308,c(24.54051375, 56.76306054)
52044112,1.24868488505067,0.024653846153846,c(25.58094038, 59.23293583)
52044278,0.584800301837978,0.108028846153846,c(26.27811601, 60.68256452)
52044374,0.606,0,c(26.71471541, 61.51926704)
52044494,0.931684253559346,0.026263461538462,c(27.29905175, 62.56326939)
52044590,1.09163158435158,0.0261,c(27.80051689, 63.39681832)
52044824,1.33041550582667,0.037086538461538,c(29.16935784, 65.42139858)
52062776,1.52528529837617,0.011830769230769,c(21.78642731, 47.4614662)
52063280,1.30935236779985,0.041953846153846,c(22.941926, 51.92022553)
52063672,1.27303970831292,0.073823076923077,c(24.05568908, 55.3721718)
52063942,0.947301816096497,0.007380769230769,c(24.96687784, 57.74128497)
52063954,1.29914573992896,0.075223076923077,c(25.0106023, 57.84640568)
52064272,0.929141331510016,0.054976923076923,c(26.28720161, 60.6261216)
52064522,0.193194896172129,0.00075,c(27.47990723, 62.80210739)
52064738,0.850183637410415,0.031326923076923,c(28.6802962, 64.67384327)
52083664,1.2662886013301,0.03015,c(24.06160143, 55.2983804)
52084098,0.154561411684297,0.009584615384615,c(25.59335573, 59.10270743)
52103706,1.07265104488284,0.053261538461538,c(24.22569276, 55.66384774)
52104348,0.756683337122073,0.052523076923077,c(26.70245374, 61.2801503)
52122720,0.94916361514059,0.182838461538462,c(21.7515021, 46.95608457)
52122904,1.30386919795156,0.010130769230769,c(22.13563224, 48.58723788)
52123816,1.17765377139633,0.018523076923077,c(24.62084258, 56.62571327)
52124610,1.09171270718232,0.095,c(28.0640799, 63.55193829)
52141926,1.1896149504578,0.018707692307692,c(20.4192425, 39.8750961)
52142764,1.44069287196663,0.064096153846154,c(21.86672984, 47.34356424)
52142830,1.4585336077569,0.017053846153846,c(22.00385098, 47.92870684)
52142848,1.4365,0,c(22.04194587, 48.08821902)
52143760,1.40701435580592,0.068723076923077,c(24.46443724, 56.13079079)
52143958,0.898773129130026,0.021588461538462,c(25.15712527, 57.86633867)
52144060,0.397445947654571,0.011375,c(25.54505001, 58.75875502)
52163440,1.60528499812107,0.037915384615385,c(23.51802528, 53.31430247)
52163682,0.21034238965761,0.0099,c(24.24238218, 55.44246021)
52164298,0.811877730942483,0.003144230769231,c(26.58131947, 60.83201091)
52164502,0.631653030771822,0.017957692307692,c(27.56546666, 62.60618426)
52164840,1.10959048413291,0.342798076923077,c(29.51932962, 65.52956514)
52181902,0.584639536073076,0.135142307692308,c(20.43056344, 39.65509885)
52184152,0.719816891129835,0.072430769230769,c(25.98403347, 59.55461782)
52204108,0.186536526464077,0.0062,c(25.83794586, 59.1664026)
52223970,1.214917870065,0.039046153846154,c(25.33374085, 57.95610614)
52223990,0.47526969297095,0.017757692307692,c(25.40914485, 58.13107142)
52224014,1.21353613536135,0.059838461538462,c(25.50076716, 58.34096949)
52224346,1.04701779504602,0.038301923076923,c(26.90998317, 61.23723489)
52224392,0.269203393600458,0.031661538461538,c(27.12865621, 61.63733544)
52224440,0.636522298080388,0.012721153846154,c(27.36371518, 62.05448551)
52224494,0.449045041364518,0.0209,c(27.6369432, 62.52333726)
52224620,1.28428465441792,0.030565384615385,c(28.31334474, 63.6153649)
52242552,0.991756393161014,0.189488461538461,c(21.57838929, 45.44726378)
52242588,1.3985,0,c(21.64692314, 45.76713948)
52242596,1.15022801770792,0.250226923076923,c(21.66229523, 45.8382051)
52243888,1.26021236727046,0.014769230769231,c(25.06571257, 57.2345249)
52262824,1.42928498925949,0.022392307692308,c(22.14980927, 47.85795117)
52262878,1.28233520214924,0.035794230769231,c(22.26615573, 48.33623394)
52263450,1.09848440086282,0.049626923076923,c(23.69424137, 53.38555279)
52263646,1.31230918871707,0.031211538461538,c(24.28278597, 55.10861441)
52263754,1.11052138874191,0.055038461538462,c(24.63360412, 56.05643627)
52264048,1.13938416328617,0.036707692307692,c(25.69994852, 58.63035351)
52264066,0.775713131761091,0.028661538461538,c(25.77114575, 58.78762189)
52264296,0.828264219429511,0.157605769230769,c(26.7506042, 60.79354811)
52264354,0.709402247526106,0.071457692307692,c(27.01990046, 61.2982488)
52264408,0.616851166558137,0.031338461538462,c(27.27954547, 61.76768966)
52283872,0.148017416326864,0.081763461538462,c(25.07315114, 57.08688558)
52283958,1.34898092939239,0.037584615384615,c(25.38767396, 57.83959533)
52284330,0.410290313308422,0.063346153846154,c(26.94323179, 61.0851891)
52303048,1.06778245611302,0.012542307692308,c(22.70633273, 49.83393051)
52303540,1.27187196519442,0.009884615384615,c(24.01743, 54.17029979)
52303734,1.59919257488668,0.037776923076923,c(24.62980747, 55.87374543)
52304028,0.972102512210149,0.057373076923077,c(25.68857869, 58.44771887)
52304118,1.00816326530612,0.02,c(26.04933773, 59.23368418)
52304286,0.631990859754356,0.111284615384615,c(26.77623452, 60.69802994)
52304412,0.413162901354419,0.015473076923077,c(27.3725006, 61.79366214)
52304502,0.377926804011874,0.025009615384615,c(27.82845824, 62.57472055)
52304592,1.14031646407776,0.041573076923077,c(28.31193418, 63.35437105)
52322682,1.01660579979075,0.220661538461538,c(21.93414747, 46.59025907)
52323438,1.33945156157073,0.042876923076923,c(23.74862325, 53.26980155)
52323652,1.11058025797903,0.013038461538462,c(24.39419441, 55.1506266)
52323696,1.21643483817794,0.034017307692308,c(24.53599985, 55.53677379)
52323858,1.2280891371668,0.049865384615385,c(25.08772725, 56.95676409)
52324000,1.28583670098816,0.035888461538462,c(25.61331722, 58.19909161)
52324108,1.60454470139892,0.025069230769231,c(26.04236773, 59.14237923)
52342544,1.24985393809207,0.034919230769231,c(21.68956038, 45.36215023)
52342720,0.959448250230177,0.089330769230769,c(22.03725729, 46.92441087)
52342860,1.06105219240114,0.087363461538462,c(22.33337412, 48.16490582)
52344016,1.17841726618705,0.13125,c(25.70854372, 58.33499596)
52344084,1.09956155249915,0.026284615384615,c(25.97855179, 58.92887721)
52362556,1.27133494569736,0.035498076923077,c(21.73774192, 45.46594161)
52363000,1.15904062248271,0.004482692307692,c(22.67571691, 49.40040437)
52363614,0.813016644847578,0.012861538461538,c(24.33544638, 54.80989091)
52363758,1.20884257955506,0.043961538461538,c(24.80448189, 56.07320475)
52363912,1.16161809558093,0.027726923076923,c(25.34782905, 57.42181608)
52363948,0.715749719301827,0.0203,c(25.48162753, 57.73669554)
52364022,1.26293624528913,0.078951923076923,c(25.76531549, 58.38347427)
52364058,1.45623240107022,0.040451923076923,c(25.90770849, 58.69788651)
52364076,1.02189106894396,0.046326923076923,c(25.98001913, 58.85503296)
52381876,0.59364605395646,0.113815384615385,c(20.62249181, 39.39711953)
52382854,1.11295019459865,0.026596153846154,c(22.37339018, 48.10578425)
52383540,1.11791112603979,0.026711538461538,c(24.1378577, 54.15637776)
52383602,1.23850317721817,0.019461538461538,c(24.32841106, 54.70097467)
52383854,0.864336283873575,0.010176923076923,c(25.16994548, 56.91042378)
52384270,0.681021145540508,0.040896153846154,c(26.84532141, 60.54180693)
52402654,0.974715195419758,0.14415,c(21.98085092, 46.33027318)
52402816,1.29936862554638,0.010096153846154,c(22.31745691, 47.76630702)
52402838,1.24818557331151,0.024644230769231,c(22.36503452, 47.96112231)
52402856,1.47235338952755,0.144678846153846,c(22.40430747, 48.12048116)
52403578,1.16719143034017,0.018361538461538,c(24.28425442, 54.48667742)
52403722,0.949348239743445,0.026748076923077,c(24.74634073, 55.75026551)
52404058,1.66388453676707,0.073298076923077,c(25.97497805, 58.68989137)
52404350,0.990121689334288,0.140307692307692,c(27.25366027, 61.23314341)
52404364,0.541843679109095,0.0302,c(27.32085138, 61.35477152)
52404626,1.17180766372997,0.0579,c(28.69603296, 63.62482037)
52404680,0.474285270505092,0.009509615384615,c(29.01028644, 64.09108109)
52423612,1.18535096442602,0.023432692307692,c(24.42078592, 54.78164794)
52423744,1.15636937607253,0.105726923076923,c(24.85144827, 55.93943614)
52423748,1.41513493860417,0.069092307692308,c(24.8649732, 55.97449207)
52423856,0.714276529915217,0.042807692307692,c(25.24137668, 56.92034691)
52424612,1.24904284412033,0.050673076923077,c(28.65499448, 63.49909531)
52424702,1.18306944311167,0.038061538461538,c(29.1812039, 64.2759714)
52442662,1.2195370412479,0.154269230769231,c(22.04834861, 46.39543884)
52443184,1.07723217748817,0.008384615384615,c(23.23516903, 51.01237143)
52443288,1.30837008513466,0.010165384615385,c(23.50764579, 51.92905038)
52444130,1.38160774940244,0.021661538461538,c(26.33832027, 59.30987611)
52444310,0.89751587441959,0.010563461538462,c(27.13626635, 60.87683214)
52463548,1.03412995450281,0.046855769230769,c(24.28265268, 54.21260346)
52463552,1.28286921929388,0.009969230769231,c(24.29491097, 54.24773355)
52463652,1.39711032787277,0.033161538461538,c(24.60970576, 55.12545434)
52463692,0.692960382655714,0.0383,c(24.74027641, 55.47625256)
52463940,0.953717110658138,0.015053846153846,c(25.61535801, 57.6473236)
52464474,0.194201486648416,0.013009615384615,c(27.98152944, 62.29567864)
52483152,0.868562604555398,0.043569230769231,c(23.20988282, 50.72365559)
52483546,1.24169541646131,0.024519230769231,c(24.30664561, 54.19150456)
52484574,0.918333076503392,0.076511538461538,c(28.55673018, 63.1564699)
52484730,1.25976003226457,0.084492307692308,c(29.47106691, 64.50243719)
52501890,0.592667277726856,0.1272,c(20.78081754, 39.50729112)
52502542,1.26337537434889,0.009819230769231,c(21.88758921, 45.32165453)
52503674,1.27628450501981,0.030380769230769,c(24.74298904, 55.3111146)
52503692,1.34401810480988,0.021084615384615,c(24.80231596, 55.46892005)
52503710,1.51675520839414,0.011765384615385,c(24.86220793, 55.62669098)
52503854,1.16842229593393,0.023105769230769,c(25.36264831, 56.88758628)
52504086,1.38370350813505,0.067661538461538,c(26.25736066, 58.91397021)
52521960,1.16098991946237,0.06255,c(20.90962741, 40.1313298)
52523166,0.933646050383654,0.026317307692308,c(23.3013954, 50.84064195)
52523170,0.951243283768587,0.015015384615385,c(23.31162266, 50.87591381)
52523220,0.968115165929029,0.023215384615385,c(23.44110673, 51.31667975)
52523980,1.06702738153796,0.120336538461538,c(25.86703519, 57.98496853)
52524066,1.25593690044767,0.0618,c(26.20915618, 58.73548364)
52524106,1.33894943260359,0.042861538461538,c(26.37413199, 59.08423831)
52524588,1.67921576008789,0.060040384615385,c(28.71147486, 63.26796771)
52544080,0.888006141983013,0.083232692307692,c(26.30021489, 58.85348703)
52544508,0.285496716889844,0.031757692307692,c(28.31015081, 62.57164214)
52544670,1.19639068304274,0.080584615384615,c(29.22525306, 63.97071383)
52561940,0.930987897551365,0.11175,c(20.92531755, 39.94718008)
52562578,1.14725281782859,0.041815384615385,c(22.03376048, 45.63263896)
52581926,1.01979859928393,0.094419230769231,c(20.92706234, 39.81929174)
52581944,1.00473009862116,0.172240384615385,c(20.95455224, 39.98037273)
52583718,1.34528704777012,0.054365384615385,c(25.01369858, 55.68194751)
52583844,0.794796089276672,0.012576923076923,c(25.45469387, 56.78475684)
52584068,0.990352350959998,0.015623076923077,c(26.31826827, 58.74068909)
52584140,1.19988497934857,0.04365,c(26.62006499, 59.36802486)
52584292,0.268611635489961,0.013892307692308,c(27.30100113, 60.69000693)
52584544,0.87445058220403,0.032192307692308,c(28.58071949, 62.87357638)
52601900,0.320877772720977,0.028134615384615,c(20.91067236, 39.58395931)
52601984,1.02678499394917,0.046538461538462,c(21.0395725, 40.33556297)
52602002,1.10903377847604,0.04525,c(21.06774087, 40.4965073)
52603780,0.594748758068957,0.063957692307692,c(25.25853453, 56.22103111)
52624148,1.33750707146898,0.020984615384615,c(26.72291147, 59.42929862)
52624278,0.534458788480636,0.008492307692308,c(27.30632273, 60.55967793)
52624310,0.297833713872028,0.033084615384615,c(27.45708896, 60.83753467)
