"POINTID","Elev","Soil_Stones","pH_CaCl2_2018","pH_H2O","EC_2018","OC_2018","CaCO3_2018","P_2018","N_2018","K_2018","Ox_Al","Ox_Fe","LC_0","LC_2018","LU_2018","BDsample_0","coarse_mas","geometry"
26581768,111,"1",6.9,7.47,19.44,28.2,204,40.3,3,448.1,NA,NA,"E","E20","U111",1.133,0.14,c(-8.775251839, 37.13910423)
26741814,129,"1",4.4,5.15,8.52,8.5,NA,31.8,0.9,24.3,1.1,4,"B","B55","U111",1.331,0.05,c(-8.711708338, 37.57816004)
26761786,430,"1",4.3,4.99,7.83,48.1,NA,NA,2.4,121,NA,NA,"B","B75","U111",1.073,0.24,c(-8.621613437, 37.33676436)
26762002,103,"1",7,7.68,12.41,8.6,7,54,0.7,204.5,NA,NA,"B","B72","U111",1.4195,0.12,c(-9.16526974, 39.22887796)
26841764,66,"4",7.1,7.79,23.3,48.9,124,NA,3.5,643.7,1.2,2.2,"B","B84","U111",1.0285,0.12,c(-8.481015615, 37.16096582)
26881938,66,"1",4.5,5.28,11.125,10.4,NA,NA,0.85,99.75,NA,NA,"C","C10","U120",1.236,0.11,c(-8.865543872, 38.69604951)
26942016,242,"4",3.9,4.49,5.89,15,NA,NA,1.2,38.2,NA,NA,"C","C10","U120",1.0895,0.15,c(-8.998901767, 39.39184536)
26962018,259,"1",5,5.67,12.67,39.8,NA,NA,2.4,110.1,NA,NA,"C","C10","U120",1.0875,0.18,c(-8.981530426, 39.41382056)
27001882,146,"1",4.8,5.47,7.58,8.2,NA,38.5,0.7,42.6,NA,NA,"B","B23","U111",1.4215,0.03,c(-8.591381992, 38.23186429)
27022016,221,"1",6.4,6.93,7.05,6.4,1,NA,0.5,57.7,1.4,2.6,"B","B81","U111",1.393,0.18,c(-8.908556192, 39.40977721)
27061758,182,"1",7,7.78,16.61,21.1,577,NA,1.8,360.2,NA,NA,"B","B74","U111",1.2665,0.09,c(-8.225788031, 37.15573516)
27061970,82,"1",5.3,5.65,13.14,3.3,NA,54.9,0.4,28.5,NA,NA,"B","B21","U111",1.282,0,c(-8.745206354, 39.01619339)
27081828,181,"1",4.8,5.86,3.65,11,NA,NA,1.2,42.7,NA,NA,"C","C10","U120",1.313,0.26,c(-8.370764946, 37.77534776)
27101814,244,"1",5.4,5.81,4.61,20.7,NA,NA,1.8,81.8,NA,NA,"C","C10","U120",1.314,0.12,c(-8.314985341, 37.65667873)
27122016,158,"1",7,7.6,15.43,14.5,19,NA,1.5,121.3,NA,NA,"B","B81","U111",0.907,0.14,c(-8.795564111, 39.43207414)
27161812,222,"1",6.3,6.85,15.59,18.3,NA,15.2,2.1,36.8,NA,NA,"B","B55","U111",1.2665,0.1,c(-8.244007388, 37.65202644)
27162028,360,"1",7,7.33,25.1,34.1,280,NA,3.5,417.6,NA,NA,"B","B81","U111",0.879,0.34,c(-8.781341154, 39.54593442)
27181846,117,"1",5.7,6.3,8.15,5.1,NA,15.3,0.5,94.9,1.5,0.8,"B","B81","U111",1.481,0.17,c(-8.303628792, 37.95506483)
27201772,573,"2",4.5,5.31,4.36,24.8,NA,NA,1.8,104.4,NA,NA,"C","C10","U120",1.1325,0.21,c(-8.105164104, 37.30884037)
27201962,100,"1",4.3,4.96,6.59,9.9,NA,NA,0.7,19.5,NA,NA,"C","C32","U120",1.502,0.31,c(-8.567653831, 38.97699355)
27202006,146,"2",7.1,7.92,18.81,24.9,237,21,2.1,272.1,NA,NA,"E","E30","U112",1.0135,0.19,c(-8.679456518, 39.36230016)
27221822,240,"1",5.8,6.38,6.49,17.7,NA,NA,1.9,141.9,1.2,3.4,"C","C10","U120",1.2485,0.39,c(-8.201674106, 37.75280367)
27221858,137,"1",4.7,5.52,4.32,5.9,NA,NA,0.6,48.1,NA,NA,"E","E10","U111",1.5145,0.15,c(-8.288325177, 38.06908735)
27241758,197,"1",7,7.65,16.49,20.7,613,NA,1.9,227.9,0.5,2.1,"B","B81","U111",1.18,0.21,c(-8.02847573, 37.1941453)
27241916,222,"1",5.2,5.92,7.92,22.8,NA,NA,2.1,120.8,NA,NA,"C","C10","U120",1.2245,0.14,c(-8.408011888, 38.58247455)
27281940,174,"1",5.1,5.89,5.55,7.7,NA,NA,0.5,35.3,NA,NA,"C","C32","U120",1.2465,0.04,c(-8.422782643, 38.80165119)
27302020,149,"1",6.1,6.39,5.83,15.2,NA,NA,1.3,54.5,NA,NA,"B","B81","U111",1.254,0.27,c(-8.602248621, 39.50689337)
27321748,257,"1",6.9,7.35,21.8,57.2,334,NA,3.6,608.7,0.7,0.9,"B","B81","U111",1.046,0.15,c(-7.917530136, 37.12302697)
27321784,404,"1",4.9,5.75,3.58,13,NA,NA,1.4,30.2,NA,NA,"E","E20","U111",1.438,0.1,c(-8.001415407, 37.43994321)
27341920,287,"1",6.3,6.65,17.75,10.5,1,16.9,1,118.2,NA,NA,"B","B15","U111",1.259,0.26,c(-8.306084154, 38.63924275)
27381902,255,"1",4,4.71,8.69,16.1,NA,NA,1.5,65.3,NA,NA,"C","C10","U120",1.2975,0.12,c(-8.217254276, 38.48989142)
27382028,201,"1",5.2,5.54,25.1,21.9,NA,NA,1.6,97.6,NA,NA,"B","B81","U415",1.027,0.2,c(-8.532099306, 39.59450173)
27401804,288,"1",5.3,5.76,7.03,9.5,NA,NA,1.2,48.8,NA,NA,"C","C10","U120",1.427,0.3,c(-7.960229523, 37.63287273)
27401840,198,"1",7.2,7.89,15.75,13.8,194,NA,1,234.8,NA,NA,"F","F40","U112",1.0285,0.19,c(-8.04546633, 37.94949001)
27402128,66,"1",5.3,5.87,2.6,2.4,NA,NA,NA,NA,NA,NA,"C","C22","U120",1.466,0.02,c(-8.769787704, 40.47345671)
27421740,110,"1",7.4,7.99,14.06,15.8,329,NA,1.7,264.5,NA,NA,"C","C10","U120",1.39,0.13,c(-7.789523471, 37.07357074)
27421780,304,"1",5.4,6.36,4.58,6.2,NA,NA,0.8,57.6,NA,NA,"C","C22","U120",1.389,0.17,c(-7.882013906, 37.42587121)
27421902,248,"1",7.1,7.44,39.8,7.7,36,NA,0.6,45,NA,NA,"E","E20","U111",1.4005,0.07,c(-8.172593972, 38.49848408)
27461892,237,"2",4.8,5.74,5.85,12.9,NA,NA,1.1,52.6,NA,NA,"C","C10","U120",1.275,0.08,c(-8.103666991, 38.41923153)
27462138,77,"1",4.1,5.04,2.37,3.3,NA,NA,NA,NA,NA,NA,"C","C22","U120",1.351,0.02,c(-8.72738882, 40.57415894)
27481828,188,"1",6.2,6.8,8.95,23.6,NA,NA,2.1,60.7,NA,NA,"C","C10","U120",1.226,0.4,c(-7.92837558, 37.86093134)
27481894,225,"1",5.5,6.1,8.02,14.7,NA,NA,1.3,78.2,NA,NA,"C","C10","U120",1.26,0.19,c(-8.086193948, 38.44107094)
27482128,77,"1",5.7,6.17,5.02,9.1,NA,NA,0.8,15.9,NA,NA,"E","E20","U111",1.1965,0.37,c(-8.677925269, 40.49121854)
27501780,295,"4",5.4,6.31,3.17,6.2,NA,NA,0.9,67.2,NA,NA,"D","D10","U415",1.526,0.17,c(-7.793951199, 37.44268222)
27501802,233,"2",5.8,6.35,6.15,12,NA,10.7,1.3,46.3,NA,NA,"E","E20","U111",1.365,0.35,c(-7.845168807, 37.63637118)
27501892,249,"1",4.6,5.59,5.85,7.1,NA,NA,0.7,29.6,NA,NA,"E","E20","U111",1.2,0.08,c(-8.059040764, 38.4277697)
27522114,133,"1",5.5,5.86,5.93,4,NA,NA,0.3,12.3,NA,NA,"C","C22","U120",1.2865,0.14,c(-8.595175679, 40.37768345)
27541792,217,"2",5.5,6.29,3.52,9.7,NA,NA,1.5,48.8,NA,NA,"E","E20","U111",1.4235,0.28,c(-7.777729769, 37.55673214)
27541810,214,"1",5.4,6.18,8.59,23.5,NA,10.8,2.1,72.3,NA,NA,"C","C22","U120",1.055,0.27,c(-7.819694228, 37.71519302)
27541828,220,"2",5.9,6.67,5.15,9.8,NA,12.3,1.2,105.9,NA,NA,"E","E30","U111",1.1555,0.22,c(-7.861935525, 37.87359195)
27542110,135,"2",7.5,8.35,16.44,7.2,467,NA,1,230.9,5.6,3.3,"B","B82","U111",1.334,0.13,c(-8.561770601, 40.34711342)
27561812,220,"1",5.3,6.14,5.86,18.1,NA,NA,1.2,47.7,NA,NA,"C","C10","U120",1.5175,0.42,c(-7.802264626, 37.73699578)
27561952,162,"3",4.5,5.44,4.51,4.2,NA,NA,0.5,27,NA,NA,"C","C10","U120",1.447,0.21,c(-8.138163986, 38.9673951)
27561988,225,"2",4.3,5.15,5,17.9,NA,NA,1,76.5,NA,NA,"C","C10","U120",1.0075,0.26,c(-8.22738568, 39.28318073)
27562118,113,"1",4.9,5.43,11.52,12,NA,127.2,1,49.1,NA,NA,"B","B41","U111",1.4755,0.13,c(-8.559769342, 40.42146744)
27601794,199,"4",5.7,6.55,4.08,13.9,NA,NA,1.1,111.7,NA,NA,"D","D20","U420",1.3235,0.16,c(-7.716184921, 37.5868922)
27641752,222,"1",4.8,5.7,4.94,25.7,NA,NA,2.6,176.7,NA,NA,"C","C10","U120",1.1425,0.21,c(-7.575663712, 37.22513623)
27641896,278,"1",4.5,4.92,13.05,8,NA,NA,0.9,55,1.6,1.4,"B","B55","U111",1.242,0.09,c(-7.912367462, 38.49264562)
27661882,379,"1",5.3,5.74,5.74,26.5,NA,NA,1.8,136.9,NA,NA,"C","C10","U120",1.068,0.31,c(-7.856539308, 38.37380684)
27681946,148,"4",5.2,6.01,4.36,4.2,NA,12.6,0.6,76.4,NA,NA,"B","B15","U111",1.253,0.2,c(-7.988548455, 38.94034874)
27702222,117,"1",4.6,4.82,24.9,37.3,NA,65.2,3,97.5,1.4,3.2,"B","B12","U111",0.995,0.03,c(-8.674812639, 41.36098366)
27722056,408,"1",4.1,5.03,7.01,75.5,NA,NA,3,59.5,NA,NA,"C","C32","U120",1.176,0.58,c(-8.216930883, 39.91368778)
27722228,106,"1",5,5.85,13.6,41.6,NA,119.9,3.75,382.65,NA,NA,"B","B55","U111",1.162,0.12,c(-8.667760969, 41.41779435)
27722242,122,"1",5,5.44,30.3,47.3,NA,34.7,4.1,220.2,NA,NA,"B","B16","U111",0.8845,0.19,c(-8.705776471, 41.53997645)
27741830,199,"2",7.2,7.88,18.93,14.4,18,NA,1.2,442.8,2.8,1.5,"B","B32","U111",1.216,0.31,c(-7.644974287, 37.93306867)
27741866,410,"1",4.9,5.69,5.78,29.2,NA,NA,2.2,124,NA,NA,"C","C10","U120",1.059,0.25,c(-7.729403411, 38.24989582)
27741890,249,"1",6,6.66,3.65,2.9,NA,NA,0.2,18.3,NA,NA,"E","E30","U112",1.2955,0.13,c(-7.786313911, 38.46097827)
27741908,310,"1",5.6,6.07,5.73,7.7,NA,27.7,0.8,90.2,0.7,2.5,"E","E30","U112",1.1595,0.11,c(-7.829328729, 38.61921895)
27742232,191,"1",4.1,4.93,5.17,68.4,NA,NA,3.4,43.9,NA,NA,"C","C10","U120",0.6615,0.14,c(-8.655287129, 41.45714479)
27762242,196,"2",3.7,4.46,5.46,94,NA,NA,3.6,31.8,9.3,3.6,"C","C22","U120",0.5575,0.1,c(-8.659084, 41.54886066)
27781794,152,"2",5.5,6.34,3.61,9.6,NA,NA,1.2,44.7,NA,NA,"E","E20","U111",1.3875,0.25,c(-7.517479223, 37.62426656)
27781902,285,"1",4.9,5.55,6.69,8.4,NA,14.9,1,47.5,0.7,1.2,"B","B81","U111",1.3635,0.35,c(-7.770210409, 38.57488475)
27782284,130,"1",5,5.37,36.2,32.5,NA,61.3,3,106.3,NA,NA,"E","E20","U415",1.001,0.07,c(-8.75063462, 41.91971201)
27801810,261,"2",4.6,5.19,13.34,38.8,NA,60.2,3.3,227.4,NA,NA,"C","C10","U120",0.9965,0.49,c(-7.532160065, 37.76937439)
27821838,220,"4",7.2,8.05,15.63,14.3,42,NA,1.2,380.1,NA,NA,"E","E30","U112",1.163,0.05,c(-7.574821012, 38.02012413)
27821886,243,"1",5.5,5.96,22.1,7.2,NA,12.9,0.8,327.5,NA,NA,"B","B81","U111",1.2755,0.41,c(-7.68746079, 38.44255539)
27841822,214,"3",5.9,6.38,10.82,23.5,NA,NA,2.3,84,NA,NA,"E","E20","U111",1.3545,0.2,c(-7.51554572, 37.88335187)
27842416,308,"1",3.7,4.07,16.56,91.6,1,14.6,6.9,61.2,NA,NA,"C","C22","U120",0.955,0.08,c(-9.052521428, 43.082807)
27862032,533,"4",4.5,5.59,3.77,15.5,NA,NA,1.7,49.9,NA,NA,"C","C22","U120",1.3575,0.36,c(-7.997159656, 39.73333602)
27881848,222,"1",7.3,8.14,16.57,9,147,NA,0.7,174.6,NA,NA,"B","B13","U111",1.238,0.16,c(-7.53140522, 38.12060219)
27881938,294,"1",5,5.62,16.84,13.7,NA,NA,1.4,78.2,NA,NA,"C","C10","U120",1.135,0.3,c(-7.744310472, 38.91231073)
27882298,185,"1",4.5,5,17.85,53.4,NA,57.1,4.1,55.2,NA,NA,"C","C10","U120",0.9785,0.31,c(-8.671696186, 42.06407222)
27901954,245,"4",6.5,7.06,15.12,8.4,2,NA,0.9,72.4,NA,NA,"B","B81","U111",1.257,0.17,c(-7.760376461, 39.05710362)
27902146,361,"4",4,4.31,18.06,45.8,NA,NA,3.4,72.9,NA,NA,"C","C10","U120",0.883,0.09,c(-8.241522697, 40.74060181)
27921800,250,"2",4.8,5.69,3.71,15.2,NA,19,1.7,113,NA,NA,"C","C10","U120",0.8965,0.17,c(-7.376471987, 37.70594423)
27921848,232,"1",7.2,7.74,21.7,24.4,743,NA,2.3,172,NA,NA,"E","E30","U112",1.0115,0.23,c(-7.486914425, 38.12886698)
27921970,241,"2",6,6.46,13.4,15.7,NA,97.5,1.8,129.3,NA,NA,"E","E20","U111",1.1455,0.33,c(-7.776581692, 39.20186454)
27922046,563,"1",3.7,4.53,6.37,116.1,NA,NA,3.6,72.3,NA,NA,"C","C32","U120",0.6195,0.16,c(-7.963795322, 39.86889223)
27922096,322,"1",4.1,4.5,20.5,41.1,NA,NA,3,118.2,NA,NA,"C","C10","U120",0.825,0.37,c(-8.089911916, 40.30714232)
27922412,442,"4",4.2,4.75,10.78,85.5,NA,21.1,7.1,77.6,NA,NA,"C","C10","U120",0.972,0.06,c(-8.945357554, 43.06614317)
27961830,257,"3",6,6.64,7.29,11.4,NA,17.3,1,111.5,0.5,0.4,"B","B15","U111",1.18,0.36,c(-7.400866372, 37.97854304)
27962406,383,"1",4.2,4.81,31.3,60.6,1,85.7,6.2,213.9,8.7,10.4,"B","B55","U111",1.141,0.07,c(-8.880337636, 43.02295198)
27981972,241,"2",4.4,4.81,12.54,7.6,NA,12.7,0.8,56.7,NA,NA,"E","E10","U120",1.3935,0.35,c(-7.713670721, 39.23202797)
27982170,421,"3",5,5.58,14.02,63.9,NA,157.7,4.9,62.6,NA,NA,"B","B44","U370",1.2395,0.34,c(-8.211525863, 40.96790225)
27982368,187,"3",4.6,5.17,4.12,28.3,1,50.9,2.4,26.8,NA,NA,"A","A30","U319",1.082,0.47,c(-8.748552828, 42.69653039)
28001832,321,"1",6.9,7.39,14.66,15.8,6,NA,1.5,272.7,NA,NA,"B","B81","U111",1.2835,0.15,c(-7.361045307, 38.00436825)
28002400,380,"1",5.2,5.76,17.13,53.7,1,130.2,4.9,82.1,NA,NA,"B","B55","U111",1.3375,0.15,c(-8.815422826, 42.97971315)
28022110,323,"3",4.2,4.84,4.8,32.5,NA,NA,2.1,50.1,NA,NA,"C","C10","U120",1.0635,0.47,c(-8.010723245, 40.45120013)
28022146,469,"1",3.9,4.85,4.18,55.1,NA,NA,2.8,36.9,NA,NA,"C","C32","U120",1.072,0.07,c(-8.102979965, 40.76648479)
28022250,144,"1",4.2,5.01,5.75,18.9,NA,17.1,1.3,49.6,NA,NA,"D","D10","U415",1.116,0.1,c(-8.376746755, 41.6759665)
28022380,382,"1",5.9,6.36,16.71,61.5,1,67.8,5.7,243.6,14.7,8.9,"B","B16","U111",1.1745,0.19,c(-8.7348188, 42.81000969)
28042122,355,"1",3.9,4.63,9.28,28.1,NA,NA,1.8,60.7,NA,NA,"C","C22","U120",0.91,0.28,c(-8.018305845, 40.56059987)
28082380,103,"1",5.2,5.88,6.06,11.5,1,NA,1.3,100.9,NA,NA,"D","D20","U415",1.193,0.29,c(-8.663349068, 42.82338984)
28082404,459,"2",3.9,4.5,11.85,115,NA,16.5,8.4,62.4,NA,NA,"C","C10","U120",1.2315,0.39,c(-8.731238933, 43.03246402)
28101854,246,"2",5.3,5.97,6.67,12.2,NA,NA,1.5,152.2,NA,NA,"C","C10","U120",1.2125,0.29,c(-7.300388487, 38.21867155)
28102060,574,"3",3.6,4.52,12.16,97.5,NA,NA,4.7,84.1,NA,NA,"C","C22","U120",0.7965,0.38,c(-7.793248633, 40.02982153)
28102114,426,"4",4.2,5.21,3.97,16.5,NA,NA,0.8,105.5,NA,NA,"C","C22","U120",1.2045,0.29,c(-7.928871831, 40.50330277)
28102420,247,"1",4.4,5.28,7.39,72.1,NA,12.5,5,42.4,NA,NA,"C","C32","U120",0.8555,0.1,c(-8.752898803, 43.1762671)
28122020,266,"1",4,5.17,2.79,6.4,NA,NA,0.8,36,NA,NA,"C","C10","U120",1.151,0.62,c(-7.671810213, 39.68293879)
28142050,516,"1",3.8,4.48,6.13,129.6,NA,16.2,5.2,96.5,NA,NA,"C","C22","U120",1.0305,0.64,c(-7.722771242, 39.95049214)
28142338,424,"2",5.3,5.64,36.2,137.5,4,22.2,11.6,168.2,NA,NA,"D","D20","U420",0.6475,0.04,c(-8.474975549, 42.47048879)
28162332,537,"1",3.7,4.08,12.71,97.2,1,NA,7.7,56.4,NA,NA,"E","E20","U111",1.065,0.29,c(-8.434749495, 42.42253976)
28181964,357,"1",5.1,5.62,5.36,17.5,NA,NA,1.5,83.8,NA,NA,"E","E10","U111",1.0255,0.31,c(-7.468486588, 39.20333372)
28182048,385,"1",4.1,5.06,3.26,40.1,NA,NA,2.2,83.4,NA,NA,"C","C22","U120",1.0485,0.23,c(-7.672168018, 39.94132617)
28201948,330,"1",5.5,5.96,28.5,15.7,NA,22.1,1.8,273.4,NA,NA,"E","E20","U111",1.175,0.2,c(-7.407858387, 39.06673816)
28202116,417,"1",4.6,4.89,19.54,15.8,NA,41.1,1.6,124.9,0.6,4,"B","B53","U111",1.4275,0.29,c(-7.818808675, 40.54203908)
28202196,249,"2",5.8,6.25,13.29,28.9,NA,77,2.2,145.5,NA,NA,"E","E30","U415",1.0265,0.39,c(-8.023889996, 41.24276057)
28222270,618,"1",4,4.76,5.69,96.7,1,NA,4.5,96.6,NA,NA,"E","E30","U120",0.7545,0.08,c(-8.19578408, 41.89422623)
28222378,340,"1",4.5,5.24,7.59,134.3,1,NA,9.7,72,NA,NA,"C","C10","U120",0.754,0.13,c(-8.490892704, 42.83697702)
28241938,379,"1",5.5,6.48,5.79,15.6,NA,NA,1.3,147.4,NA,NA,"C","C10","U120",1.164,0.37,c(-7.339146943, 38.98697265)
28242042,336,"2",4.3,5.25,3.33,11,NA,NA,1,38.4,NA,NA,"E","E10","U120",1.0965,0.36,c(-7.588942545, 39.90118363)
28262056,477,"2",4.1,4.84,5.55,54.3,NA,NA,2.8,41.1,NA,NA,"C","C10","U120",1.1415,0.59,c(-7.600453995, 40.0282755)
28262080,727,"1",4.4,5.15,5.91,117.6,NA,13,6.9,57.1,NA,NA,"D","D10","U415",0.798,0.37,c(-7.659742483, 40.23892377)
28262098,873,"1",4.1,4.43,11.4,88.6,NA,18.2,5.9,52,NA,NA,"C","C32","U120",0.692,0.4,c(-7.704563866, 40.39684159)
28262354,599,"4",4.2,4.85,7.9,98.7,NA,13.3,7.5,121.9,NA,NA,"C","C10","U120",0.829,0.19,c(-8.376691089, 42.63643594)
28281952,359,"1",5.3,5.69,14.95,12.1,NA,NA,1.5,63.1,NA,NA,"E","E20","U111",1.1745,0.01,c(-7.327065208, 39.11836279)
28282042,398,"1",4.9,5.33,32.7,23.1,1,52.9,2.4,165.3,NA,NA,"E","E20","U111",1.0665,0.29,c(-7.543287973, 39.90950945)
28282136,650,"1",4.1,4.39,16.17,85,NA,NA,5.5,81.1,NA,NA,"C","C32","U120",0.682,0.28,c(-7.777096453, 40.73425467)
28282190,767,"2",4.7,5.06,26.4,46.8,NA,80,3.4,109.5,NA,NA,"E","E10","U415",0.9205,0.27,c(-7.915247279, 41.20732272)
28282334,712,"1",3.9,4.29,11.05,72.3,NA,NA,5.1,83.7,NA,NA,"C","C22","U120",0.769,0.15,c(-8.298033609, 42.46625999)
28301756,99,"1",6.8,7.2,9.55,4.8,1,NA,0.7,206.5,NA,NA,"B","B31","U111",1.1535,0.21,c(-6.858424314, 37.39430662)
28302282,1070,"2",4,4.36,9.11,64.6,NA,15.5,5,73,NA,NA,"F","F10","U420",1.1055,0.44,c(-8.133780206, 42.01639763)
28322424,392,"1",4.2,4.75,10.47,152,1,13.2,10.7,99.6,NA,NA,"C","C10","U120",0.9345,0.1,c(-8.500435638, 43.26003306)
28342404,367,"2",3.7,4.18,21.1,100.8,NA,26.5,7.2,140.1,NA,NA,"C","C10","U120",0.7585,0.13,c(-8.420203055, 43.09010229)
28362148,849,"1",3.9,4.86,4.38,24.1,NA,36.9,1.3,58.4,NA,NA,"C","C22","U120",0.9675,0.31,c(-7.714967797, 40.85629928)
28362220,268,"2",5.1,5.96,5.76,15.2,NA,NA,1.3,175.1,NA,NA,"B","B82","U111",1.189,0.28,c(-7.899791819, 41.48698393)
28362360,426,"2",5.4,5.96,14.38,34.1,NA,73.5,3.3,533.8,NA,NA,"E","E30","U312",1.1065,0.19,c(-8.274261006, 42.71064701)
28362378,363,"1",4.3,5.07,5.59,90,1,11.1,6.2,74.3,NA,NA,"C","C22","U120",0.833,0.15,c(-8.323911903, 42.8677188)
28362414,373,"1",4.3,4.75,9.42,93.6,NA,NA,6.3,55,NA,NA,"C","C33","U120",0.799,0.2,c(-8.42427799, 43.18168656)
28382100,1490,"1",4.4,4.75,5.35,66.8,NA,10.6,3.7,62.4,NA,NA,"D","D20","U120",0.9875,0.55,c(-7.571541371, 40.4394979)
28382268,1020,"4",4.3,5,6.22,73.9,1,NA,3.9,108.7,NA,NA,"F","F40","U120",0.8705,0.26,c(-8.002371094, 41.91121174)
28382362,454,"1",6.4,6.58,21.2,45.1,2,32.7,4.3,165.2,NA,NA,"B","B55","U111",1.4635,0.05,c(-8.255945099, 42.73245975)
28402054,453,"1",4.6,5.23,4.1,19.3,NA,52,1.3,113.3,2.2,1.1,"B","B82","U111",1.3465,0.27,c(-7.435441499, 40.03978223)
28402306,450,"1",4,4.59,10.14,84.8,NA,10.6,4.6,83.9,NA,NA,"C","C32","U120",0.7,0.15,c(-8.080119232, 42.24770771)
28402378,310,"1",5.1,5.64,11.48,101.1,1,NA,7.5,53.1,NA,NA,"C","C33","U420",0.6505,0.16,c(-8.276175142, 42.87645195)
28421754,119,"1",7.5,8.03,15.01,11.6,157,NA,1.2,295.8,1,1,"B","B31","U111",1.2605,0.07,c(-6.721746631, 37.40037811)
28422424,100,"1",4.9,5.88,4.09,11.6,1,NA,1.2,144.1,NA,NA,"B","B55","U111",1.512,0.2,c(-8.380353098, 43.28205369)
28441774,302,"1",5.7,5.91,8.73,40.8,1,24.8,4.1,111.4,NA,NA,"D","D20","U111",1.027,0.26,c(-6.743347982, 37.58107022)
28442408,447,"1",5.5,6.09,33.5,92.7,3,NA,8.3,114.3,NA,NA,"D","D20","U120",0.719,0.12,c(-8.311575272, 43.14690911)
28482206,941,"1",4.2,4.83,3.55,54.8,NA,14.1,3.3,38.8,NA,NA,"D","D20","U111",0.899,0.35,c(-7.723445629, 41.38981111)
28482326,487,"1",4.2,4.71,3.14,34.6,NA,NA,1.9,43.2,NA,NA,"C","C32","U120",0.945,0.26,c(-8.039181389, 42.43969812)
28482368,390,"1",5.2,5.82,8.97,52.5,1,37,4.5,49.5,7,5.9,"B","B55","U111",1.0945,0.28,c(-8.153230881, 42.80655165)
28501736,126,"1",6.8,7.52,14.74,5,3,NA,0.5,170.5,0.2,0.9,"B","B75","U111",1.1355,0.17,c(-6.59463209, 37.25693209)
28502024,282,"1",5,5.84,3.26,6.4,NA,NA,0.7,63.1,NA,NA,"C","C10","U120",1.419,0.31,c(-7.248743873, 39.79667943)
28502280,908,"1",4.5,5.16,11.83,76.4,1,18.6,6.5,119.1,NA,NA,"D","D10","U120",0.903,0.03,c(-7.892831414, 42.04180912)
28522106,1304,"1",4.2,4.53,17.68,78.2,NA,20.9,5.8,63.5,NA,NA,"C","C10","U120",0.811,0.12,c(-7.425186888, 40.5212293)
28542018,301,"1",5,5.87,2.78,7.9,NA,NA,0.7,33.3,NA,NA,"C","C10","U120",1.521,0.47,c(-7.188806116, 39.75207571)
28542144,669,"1",4.2,4.65,18.13,42.5,NA,22.9,2.5,62.9,NA,NA,"B","B74","U111",0.8295,0.45,c(-7.496487261, 40.85885734)
28542192,869,"1",4.7,5.29,3.97,40.7,NA,17.5,3.1,55.2,NA,NA,"F","F10","U420",1.299,0.36,c(-7.617644148, 41.27974826)
28542210,781,"1",4.4,5.04,4.02,32.5,NA,55.3,2.6,29.9,NA,NA,"D","D10","U420",1.234,0.45,c(-7.663657682, 41.43747713)
28542318,442,"1",4,4.65,4.15,23.9,NA,141.4,1.9,95.8,NA,NA,"C","C32","U120",1.208,0.27,c(-7.94658216, 42.38264415)
28562290,849,"1",4.1,4.76,7.19,49.3,1,10.6,3.6,88.8,NA,NA,"C","C10","U420",1.208,0.16,c(-7.848472302, 42.14205449)
28582198,599,"1",4.1,4.95,3.73,26.2,NA,NA,1.6,67.6,NA,NA,"C","C22","U420",0.997,0.29,c(-7.586287699, 41.34070601)
28582414,175,"1",4.3,4.88,6.24,25,NA,NA,1.6,45,NA,NA,"C","C32","U120",1.15,0.1,c(-8.160282865, 43.22973941)
28601668,107,"1",7.6,8.14,20.1,7.4,135,22.9,0.9,358.8,1,0.6,"B","B34","U111",1.2155,0.08,c(-6.340807857, 36.67438127)
28602222,739,"1",6.4,6.89,21,21,6,17.4,1.3,128.3,NA,NA,"E","E10","U420",1.5665,0.34,c(-7.624298224, 41.55520217)
28602250,1086,"1",4.4,4.51,28.2,62.2,NA,32,3.8,42.2,NA,NA,"E","E30","U112",1.0345,0.24,c(-7.696589842, 41.80044333)
28602334,843,"1",3.7,4.25,8.31,89.5,NA,NA,5.9,56.3,NA,NA,"C","C10","U120",0.9815,0.07,c(-7.918251953, 42.53533642)
28621900,303,"1",7.4,8.08,15.21,11.1,387,15.7,0.9,242.1,NA,NA,"B","B82","U111",1.2075,0.29,c(-6.82374795, 38.72895988)
28622188,613,"1",4.1,4.97,3.72,29.8,NA,NA,1.6,53.1,NA,NA,"C","C22","U120",1.0415,0.31,c(-7.514255471, 41.26139044)
28622242,1182,"1",3.9,4.51,14.12,90.3,NA,28,5.4,58.9,NA,NA,"D","D20","U420",1.296,0.44,c(-7.652383136, 41.73459301)
28642186,635,"2",4.8,5.64,5.26,16.7,NA,13.5,1.5,127.7,0.8,0.8,"B","B82","U111",1.1605,0.32,c(-7.485892281, 41.24801479)
28642250,987,"1",4.5,5.05,7.8,26.9,NA,62,2,58.8,NA,NA,"E","E20","U111",1.2905,0.22,c(-7.649593597, 41.80885799)
28661678,63,"1",7.4,8.04,18.03,8.1,280,NA,0.9,558.5,NA,NA,"B","B12","U111",1.019,0.19,c(-6.296082763, 36.77450182)
28662074,634,"1",4.2,5.07,4.5,26.4,NA,10.5,1.7,79,NA,NA,"C","C10","U120",1.179,0.55,c(-7.185955982, 40.26888581)
28662146,839,"1",4.4,4.76,18.47,27.4,NA,26.5,2.1,65.3,NA,NA,"E","E30","U420",1.15,0.31,c(-7.362426783, 40.90124972)
28662272,708,"1",4.8,5.46,7.49,9.2,1,40,1,172.3,NA,NA,"E","E30","U112",1.6745,0.16,c(-7.683239196, 42.00569604)
28681916,235,"1",6.2,6.67,12.25,5.6,1,24.7,0.7,121.6,NA,NA,"B","B81","U111",1.4955,0.13,c(-6.792622865, 38.88197385)
28682284,667,"1",4.7,5.35,16.71,55.4,1,114.2,4.1,224.2,NA,NA,"B","B11","U111",0.888,0.05,c(-7.691005962, 42.11495355)
28721676,75,"1",7.5,7.98,17.95,13.4,347,NA,1.6,561.6,0.8,0.9,"B","B31","U111",1.3115,0.07,c(-6.226268618, 36.76826601)
28721752,137,"2",7.6,8.14,15.58,6.2,166,NA,0.9,542.4,NA,NA,"B","B31","U111",0.996,0.13,c(-6.386409578, 37.44122982)
28721932,268,"1",6.3,6.71,9.91,5,1,19.7,0.6,129.6,NA,NA,"B","B11","U111",1.5885,0.19,c(-6.783998842, 39.03098603)
28722138,709,"4",4.4,5.11,5.11,7.3,NA,24.8,0.7,136.2,NA,NA,"B","B14","U111",1.41,0.46,c(-7.273082493, 40.84336641)
28722166,690,"2",4.7,4.96,17.71,17.2,NA,NA,1.7,37.3,NA,NA,"D","D20","U420",1.0525,0.53,c(-7.342565209, 41.08913568)
28722202,498,"2",4.8,5.71,3.99,10.2,NA,NA,1.2,114.7,NA,NA,"D","D10","U415",1.2205,0.54,c(-7.433006097, 41.4049234)
28722216,850,"1",4.4,4.6,38.9,47.5,NA,10.4,4.5,46,NA,NA,"E","E20","U111",0.6325,0.06,c(-7.468518101, 41.52766857)
28722300,685,"3",3.8,4.55,6.44,28.6,NA,22.2,2.4,64.1,NA,NA,"C","C10","U120",0.9845,0.19,c(-7.685689173, 42.26342012)
28742296,608,"3",3.5,4.12,6.78,44.2,NA,NA,2.2,62.8,NA,NA,"C","C22","U120",0.901,0.21,c(-7.651527299, 42.23262181)
28742340,613,"3",6,6.49,15.99,26.6,1,72.4,2.8,486.3,NA,NA,"B","B55","U111",1.52,0.2,c(-7.767835052, 42.61758521)
28742448,256,"2",4.6,4.99,28.7,45.4,NA,40.1,4.6,429.8,NA,NA,"E","E20","U111",0.843,0.08,c(-8.062026983, 43.56105831)
28761906,303,"1",6.6,6.82,10.72,7.9,2,11.6,0.9,195.1,NA,NA,"F","F40","U112",1.188,0.19,c(-6.679916707, 38.80960861)
28762162,509,"1",5,5.34,13.03,6.6,NA,11.3,0.8,71.7,NA,NA,"B","B82","U111",1.5,0.41,c(-7.286104566, 41.06226224)
28762194,405,"4",5.4,6.08,5.17,12.9,NA,32.9,1.4,240.5,1.1,0.5,"B","B81","U111",1.244,0.17,c(-7.366115775, 41.34303938)
28762288,821,"1",3.8,4.23,8.77,52.1,NA,NA,3.5,78,NA,NA,"C","C10","U420",0.993,0.14,c(-7.606958963, 42.1667904)
28762374,665,"1",3.7,4.22,17.25,66,NA,17.2,5,58.4,NA,NA,"C","C10","U120",0.6555,0.09,c(-7.835185497, 42.91908519)
28782280,879,"2",4.2,4.62,26.6,73.9,1,NA,4.9,150.6,NA,NA,"D","D10","U120",0.588,0.13,c(-7.562503624, 42.100931)
28782298,603,"1",4.6,4.91,40.8,50.7,NA,42.8,4.8,299.6,NA,NA,"E","E20","U111",0.7805,0.06,c(-7.609432384, 42.2585327)
28782334,601,"1",4.9,5.3,26.6,28.8,NA,58.5,3.2,301.1,NA,NA,"E","E20","U111",1.0955,0.17,c(-7.704288061, 42.57356682)
28801616,90,"1",7.6,8.1,18.29,10.9,296,NA,1.2,580.2,0.6,1.2,"B","B12","U111",1.164,0.12,c(-6.015987689, 36.25135201)
28802092,819,"1",4.8,5.48,2.94,9.9,NA,NA,0.9,61,NA,NA,"B","B14","U111",1.467,0.38,c(-7.068386658, 40.45555349)
28802416,598,"1",4,4.7,9.34,75.7,NA,21.4,6.8,75.8,NA,NA,"C","C22","U120",0.786,0.1,c(-7.901381561, 43.29458066)
28822118,690,"1",4.9,5.6,6.07,12,NA,37.2,1.1,374.6,NA,NA,"B","B16","U111",1.3285,0.28,c(-7.108326512, 40.68811571)
28822226,569,"1",4.3,4.76,14.24,17,NA,39.1,1.7,70.1,NA,NA,"B","B16","U111",0.858,0.12,c(-7.376778635, 41.63607008)
28822460,406,"1",4.1,5.04,12.86,87.6,1,14.3,6.2,123.2,NA,NA,"C","C10","U120",0.789,0.08,c(-7.998696078, 43.68302514)
28862140,489,"2",5.4,5.96,4.66,12.9,NA,22.8,1.2,85.8,NA,NA,"D","D10","U420",1.315,0.2,c(-7.115728921, 40.88952602)
28862294,1319,"3",3.9,4.39,8.22,95.4,NA,NA,5.7,54.3,NA,NA,"D","D20","U420",0.8885,0.33,c(-7.504314867, 42.2402476)
28882296,1093,"1",4.1,4.49,21.8,106.6,NA,14.6,8.6,162.8,NA,NA,"C","C10","U120",0.5765,0.23,c(-7.485837328, 42.26193318)
28882332,570,"1",4.3,4.81,13.59,96.9,NA,31.1,6.4,238.8,NA,NA,"D","D20","U111",1.008,0.3,c(-7.580042734, 42.57710793)
28901658,66,"1",7.6,8.03,23.8,4,20,25.5,0.5,214.5,NA,NA,"B","B34","U111",1.638,0.04,c(-5.992368545, 36.64281418)
28901850,573,"1",6.8,7.14,20.3,9,4,NA,1.2,87.1,0.5,1.9,"B","B11","U111",1.004,0.24,c(-6.398400661, 38.34255565)
28902202,417,"2",4.7,5.67,3.4,6.4,NA,NA,0.7,82.9,NA,NA,"B","B81","U111",1.324,0.32,c(-7.222622029, 41.44202201)
28902396,553,"1",4.2,4.9,7.49,39.1,NA,13.4,3,113.1,NA,NA,"C","C22","U120",0.803,0.13,c(-7.726847656, 43.14110222)
28921890,359,"2",7.7,8.12,18.18,7.8,385,NA,0.7,147.5,NA,NA,"E","E30","U112",1.233,0.58,c(-6.464186566, 38.69974729)
28941694,56,"1",7.5,8.02,26.9,10.3,321,12.1,1.2,651.2,NA,NA,"B","B34","U111",1.4185,0.14,c(-6.022445377, 36.96957192)
28941888,370,"1",7.5,8.33,13.44,5.3,103,NA,0.6,308.7,1.3,0.6,"B","B82","U111",1.242,0.16,c(-6.437274992, 38.68597704)
28942306,830,"2",4.7,5.01,33,46.1,NA,27.5,4.8,338.2,NA,NA,"E","E20","U111",0.9165,0.1,c(-7.440723215, 42.36200421)
28942378,483,"2",3.9,4.47,7.21,52.4,NA,NA,2.8,62.1,NA,NA,"C","C10","U120",0.7875,0.11,c(-7.630526801, 42.99215988)
28962222,441,"2",4.6,5.22,2.62,8.8,NA,61.5,0.8,46,NA,NA,"B","B81","U111",1.3125,0.27,c(-7.2024936, 41.62979351)
28962240,768,"2",4.3,5.21,5.94,12.9,NA,24.8,1.1,227.4,NA,NA,"B","B74","U111",0.9415,0.21,c(-7.247870435, 41.78768818)
28962348,644,"1",3.6,4.23,13.93,87.4,NA,22.3,4.4,70.5,NA,NA,"C","C32","U120",0.6855,0.42,c(-7.526929234, 42.73388883)
29002384,470,"1",4.7,4.92,78.2,108.6,1,18.7,10.4,361.2,NA,NA,"E","E20","U111",0.627,0.38,c(-7.57465414, 43.05724983)
29002406,568,"1",3.7,4.1,44,155.9,NA,22.8,10.9,252.7,NA,NA,"C","C10","U120",0.3785,0.04,c(-7.633657985, 43.24964473)
29021660,75,"1",7.6,8.19,20.6,8.1,172,12.8,0.8,293.6,0.6,1.1,"B","B34","U111",1.574,0.07,c(-5.865255503, 36.68305592)
29021666,113,"2",7.4,7.91,16.65,13.3,267,NA,1.1,419.4,NA,NA,"B","B31","U111",1.392,0.06,c(-5.877434135, 36.73628946)
29041888,394,"2",7.1,8.14,11.57,8,255,NA,0.8,284,NA,NA,"B","B81","U111",1.2295,0.27,c(-6.324876952, 38.70534404)
29042132,677,"1",4.1,4.76,13.21,12.2,NA,NA,1.3,96.9,NA,NA,"C","C10","U120",1.331,0.34,c(-6.887533901, 40.85558051)
29042356,582,"2",3.7,3.99,32,58.1,NA,32.2,4,154.3,NA,NA,"C","C10","U120",0.667,0.17,c(-7.452511062, 42.82060669)
29042420,570,"2",4,4.47,10.47,34.8,1,82.7,3.2,108.5,NA,NA,"D","D20","U420",0.8065,0.18,c(-7.623265414, 43.38047049)
29081716,72,"1",7.7,8.14,29.9,9.5,103,60.1,1.1,503.9,NA,NA,"B","B34","U111",1.539,0.05,c(-5.913899227, 37.19093008)
29082220,405,"2",5.4,6.1,4.87,13.1,NA,20.3,1.3,187.1,NA,NA,"E","E30","U112",1.1375,0.23,c(-7.056708756, 41.636707)
29082288,1222,"1",4.2,5,6.29,89.9,NA,25.8,4.4,101.3,NA,NA,"D","D20","U420",0.8485,0.24,c(-7.228393409, 42.23321012)
29082342,731,"4",4.5,5.06,29.4,59.4,NA,NA,5.6,157.7,NA,NA,"C","C10","U420",0.7435,0.19,c(-7.368023646, 42.70634398)
29082382,599,"2",4,4.54,13.81,50.7,NA,NA,3,152.6,NA,NA,"C","C10","U120",0.7775,0.27,c(-7.473387089, 43.05649378)
29082418,691,"2",4.3,4.6,29.5,83,1,119.7,7.4,180.7,NA,NA,"E","E20","U111",0.862,0.17,c(-7.569654223, 43.37139568)
29102206,619,"1",5.8,6.42,4.01,5,NA,24.3,0.6,39.5,0.5,0.4,"B","B81","U111",1.465,0.24,c(-6.998495697, 41.51784815)
29102326,829,"1",3.6,4.16,8.64,66.1,NA,NA,3.5,38.9,NA,NA,"C","C22","U120",0.699,0.04,c(-7.302535454, 42.57033853)
29122076,891,"1",4.8,5.65,5.98,19,1,17.7,2.1,184.7,NA,NA,"E","E20","U111",1.2835,0.25,c(-6.661643553, 40.37884915)
29122112,775,"3",4.9,5.54,7.29,12.3,NA,NA,1.4,72.1,NA,NA,"E","E20","U111",1.1245,0.25,c(-6.74687852, 40.69567099)
29122288,869,"1",4.5,5.19,6.97,41.3,NA,NA,3.7,70.2,NA,NA,"E","E20","U111",0.9345,0.13,c(-7.181021443, 42.24141281)
29122342,812,"3",4.1,4.42,32.4,99.8,NA,11.2,6.3,67.1,NA,NA,"C","C22","U120",0.514,0.19,c(-7.3203035, 42.71462237)
29142114,743,"1",4.6,5.12,16.17,32.7,1,NA,3.5,95.2,NA,NA,"E","E20","U111",1.0515,0.22,c(-6.728497886, 40.71724237)
29142438,585,"3",3.9,4.8,22.5,155.5,1,11.2,10.4,130.1,NA,NA,"D","D20","U415",0.5035,0.18,c(-7.551197859, 43.55886276)
29161684,173,"3",7.5,7.96,23,11.9,73,NA,1.3,458.4,1.5,2.4,"E","E30","U112",0.924,0.07,c(-5.760540073, 36.92206541)
29161738,76,"3",7.5,8.14,15.26,5.2,130,NA,0.7,195.7,0.7,1,"B","B13","U111",1.083,0.09,c(-5.871087707, 37.40091942)
29162278,854,"1",4.4,5.09,3.53,19.8,1,21.7,2,87.9,NA,NA,"D","D10","U420",1.1955,0.26,c(-7.108231422, 42.1618939)
29181908,304,"1",6,6.32,11.83,8.4,2,17.4,1,72.4,NA,NA,"F","F40","U112",1.253,0.17,c(-6.211235434, 38.9089554)
29182100,738,"2",5.5,6.14,8.25,3.8,1,14.9,0.5,51.8,NA,NA,"E","E20","U111",1.674,0.35,c(-6.649004014, 40.60197479)
29182186,571,"1",5.1,5.91,2.93,5,NA,11.4,0.6,64,0.9,2,"B","B81","U111",1.214,0.51,c(-6.855703558, 41.35827993)
29182358,547,"4",5.9,6.18,34.9,28,1,52.4,2.9,192.8,NA,NA,"E","E20","U111",0.7695,0.1,c(-7.290385551, 42.86714733)
29201666,178,"2",7.5,8.21,12.49,7.1,21,10.7,0.7,215.8,1.1,1.2,"B","B12","U111",1.334,0.05,c(-5.68036453, 36.76972938)
29201738,100,"1",7.3,7.97,15.31,10.2,8,NA,1,189.8,1.1,2.1,"B","B11","U111",0.8735,0.19,c(-5.826902789, 37.40839424)
29221704,91,"1",7.4,8.1,17.72,16.9,326,43.7,1.7,975,NA,NA,"B","B12","U111",1.0395,0.16,c(-5.735218825, 37.11062615)
29222204,635,"3",6.3,6.68,14.29,27.2,NA,NA,2.4,80.2,NA,NA,"E","E20","U111",0.675,0.37,c(-6.852970121, 41.52445163)
29222276,1244,"4",4.5,5.41,4.11,57,NA,NA,4.2,102.3,NA,NA,"D","D20","U420",1.133,0.23,c(-7.03218093, 42.15655632)
29222392,557,"1",4.9,5.1,44.2,39.8,1,65.5,3.6,181.5,NA,NA,"D","D10","U420",0.7615,0.36,c(-7.331767882, 43.17311481)
29242344,1080,"1",4.5,4.59,122.5,88.4,NA,91.1,9,396.9,NA,NA,"E","E20","U111",0.733,0.15,c(-7.182249589, 42.75684848)
29261832,655,"1",7.3,7.77,13.91,9.2,5,19.5,1,163.8,NA,NA,"F","F40","U112",1.217,0.1,c(-5.957074641, 38.25218456)
29262270,1282,"1",5,5.72,4.39,26.1,NA,NA,2.4,64.2,NA,NA,"D","D10","U420",1.2285,0.17,c(-6.969757339, 42.1120145)
29262306,636,"1",4,4.65,6.57,64.2,NA,NA,2.6,60.4,NA,NA,"C","C32","U120",1.078,0.5,c(-7.06082529, 42.427826)
29262342,1181,"2",4.3,4.69,34.1,29.2,NA,NA,3.2,101.4,NA,NA,"C","C10","U120",0.7405,0.13,c(-7.153191141, 42.74342044)
29281750,105,"4",7.6,8.16,14.45,9.4,33,19.9,0.9,226.8,NA,NA,"B","B13","U111",1.3205,0.03,c(-5.763180488, 37.52966525)
29281840,636,"3",7.4,7.95,20,6.6,9,NA,0.9,93.8,0.5,1.7,"B","B15","U111",1.2375,0.04,c(-5.951734048, 38.32674739)
29282088,845,"1",4.9,5.41,9.9,17.5,1,11.1,2,41.9,NA,NA,"E","E20","U111",1.206,0.38,c(-6.505275509, 40.51600911)
29301690,127,"1",7.4,7.84,22.1,13,452,20,1.4,669.4,NA,NA,"B","B12","U111",1.0145,0.23,c(-5.61891898, 37.00118306)
29302338,1167,"2",5.2,5.57,31.4,43.2,1,61.8,4.8,157.8,NA,NA,"E","E20","U111",0.9745,0.53,c(-7.095117011, 42.71653714)
29322312,1264,"2",3.5,4.11,7.44,126.5,NA,NA,5.7,76.7,NA,NA,"C","C32","U120",0.594,0.36,c(-7.00475849, 42.49263551)
29322442,91,"1",3.3,4.18,12.31,134.5,NA,NA,5.8,87.3,NA,NA,"C","C10","U120",0.5205,0.09,c(-7.344123942, 43.63140426)
29342128,814,"3",5.1,5.87,4.82,7.9,1,10.8,1.1,87.3,NA,NA,"B","B55","U111",1.3735,0.23,c(-6.529879053, 40.87995431)
29342200,557,"1",5.5,6.18,4.44,16.1,NA,NA,1.9,78,NA,NA,"E","E20","U111",1.052,0.15,c(-6.702561032, 41.51326139)
29342206,654,"1",5.9,6.41,15.88,14.1,NA,70.9,1.5,177.5,1.6,1.8,"B","B72","U111",1.3435,0.14,c(-6.71716932, 41.56599797)
29342332,1136,"3",4.3,4.77,20.1,29.4,NA,NA,3.2,103,NA,NA,"C","C10","U420",1.9,0.3,c(-7.03197634, 42.67208198)
29361718,107,"1",7.5,8.53,16.61,7.8,36,NA,0.7,381,NA,NA,"E","E30","U112",1.171,0.08,c(-5.609413709, 37.26068314)
29381732,112,"1",7.5,8.01,20.8,10.2,173,16.5,1.2,731.2,1.8,1.3,"B","B12","U111",1.169,0.13,c(-5.615753914, 37.38855887)
29382110,808,"2",5.7,6.02,32.1,15.7,1,67.5,1.7,248,NA,NA,"F","F40","U112",1.387,0.11,c(-6.441116348, 40.72931592)
29382188,695,"4",5.1,6,3.02,7.8,NA,NA,0.7,27.2,1.1,2.6,"B","B73","U111",1.1615,0.42,c(-6.626633207, 41.41569461)
29382218,849,"1",4.4,4.98,3.76,13.6,NA,22.5,1.1,52.1,NA,NA,"F","F40","U112",1.2055,0.25,c(-6.699487839, 41.67941715)
29401708,150,"2",7.5,8.25,14.46,9.7,17,NA,1,466,NA,NA,"B","B31","U111",1.2395,0.01,c(-5.545124698, 37.17929393)
29402144,788,"1",4.2,4.62,20.7,17.5,NA,10.6,2.1,185.5,NA,NA,"C","C10","U120",1.086,0.17,c(-6.498023298, 41.03255646)
29402258,1110,"1",4.3,4.65,20.7,34.3,NA,14.8,2.7,116.5,NA,NA,"C","C10","U120",0.791,0.25,c(-6.774328411, 42.03481527)
29402410,474,"1",4,4.08,26.3,74,NA,NA,4.7,58.9,NA,NA,"C","C22","U120",0.6305,0.33,c(-7.162459091, 43.36781151)
29422254,1328,"1",3.9,4.53,8.59,78.3,NA,NA,4.6,63,NA,NA,"C","C22","U120",0.8355,0.48,c(-6.740804055, 42.00367699)
29461660,1058,"3",7.5,7.97,19.03,44.8,35,NA,2.8,421.8,NA,NA,"E","E10","U111",1.176,0.41,c(-5.383591187, 36.76399804)
29461732,127,"1",7.6,8.14,16.19,12.6,292,12.4,1.5,648,NA,NA,"B","B12","U111",0.9615,0.06,c(-5.527350292, 37.40324832)
29462254,1142,"3",4,4.74,5.74,67.6,1,NA,3.5,84.8,NA,NA,"D","D20","U420",0.792,0.5,c(-6.693554521, 42.01164484)
29482076,1084,"1",4.1,4.7,15.19,97.9,NA,NA,3.2,87.2,NA,NA,"C","C22","U120",0.804,0.48,c(-6.246603616, 40.44916511)
29482428,96,"1",3.5,4.16,11.85,57.2,NA,15.5,3.7,65.5,NA,NA,"C","C10","U120",0.7815,0.18,c(-7.113207482, 43.54183166)
29502304,775,"1",5.8,6.15,21.6,36.1,1,106,4.2,227.6,NA,NA,"C","C10","U120",1.139,0.27,c(-6.770408998, 42.45870065)
29521732,118,"1",7.7,8.47,20.9,8.4,285,10.1,0.8,402.3,0.5,1.1,"B","B81","U111",1.171,0.04,c(-5.461026443, 37.41421136)
29541836,615,"2",6.1,6.31,19.54,5.7,1,13.5,0.7,116.1,NA,NA,"F","F40","U112",1.1035,0.33,c(-5.652257316, 38.33988267)
29541908,358,"1",7.4,8.14,16.7,9.1,45,21,1.1,383.8,NA,NA,"F","F40","U112",1.2265,0.23,c(-5.804846388, 38.97714068)
29542262,1059,"4",5,5.41,27.2,16.2,NA,28.5,1.7,286.8,NA,NA,"C","C10","U120",1.062,0.26,c(-6.618666971, 42.09780997)
29542352,1465,"1",3.7,4.17,31.3,222.1,NA,39.5,10.5,240.9,NA,NA,"D","D20","U420",0.455,0.12,c(-6.843972194, 42.887917)
29562218,697,"1",5.4,5.83,16.04,22.6,1,10.5,3.5,83.3,NA,NA,"E","E20","U111",1.223,0.13,c(-6.487854372, 41.71498243)
29582204,822,"1",4.3,5.12,3.2,22.2,NA,NA,1.9,68.2,NA,NA,"C","C10","U420",1.025,0.3,c(-6.430661544, 41.59576262)
29582266,1182,"1",4.1,4.77,4.55,51.2,NA,NA,3.4,73.1,NA,NA,"D","D20","U420",0.9175,0.44,c(-6.581153205, 42.14087135)
29582312,517,"1",4.8,5.12,14.41,12.2,1,11.8,1.7,86.6,NA,NA,"B","B72","U111",1.223,0.25,c(-6.695193054, 42.54490141)
29621748,197,"1",7.4,7.96,14.54,14,10,21.6,1.5,402.8,NA,NA,"B","B31","U111",1.2075,0.08,c(-5.382567622, 37.57438479)
29621878,503,"1",5.5,6.17,3.88,5.5,1,NA,0.6,36,NA,NA,"E","E20","U111",1.2085,0.12,c(-5.650701857, 38.72657321)
29622346,1113,"2",4.7,5.42,9.07,79.1,1,NA,6,80.1,NA,NA,"E","E10","U420",1.011,0.29,c(-6.732931427, 42.85131405)
29642098,955,"1",5.8,6.34,16.26,13,1,NA,1.5,70.7,NA,NA,"E","E20","U111",1.169,0.18,c(-6.112117774, 40.67385538)
29661672,723,"1",7.7,8.19,19.82,8.4,286,NA,0.9,375.5,0.8,1,"B","B81","U111",1.2955,0.09,c(-5.187727211, 36.90664205)
29661762,107,"1",7.4,7.68,25.1,8.4,5,30.5,1.1,548.4,NA,NA,"B","B76","U111",0.9975,0.04,c(-5.366421505, 37.70586743)
29662386,1156,"1",4.8,5.47,26.3,115.8,2,11.8,7.6,114.6,NA,NA,"F","F40","U420",1.1715,0.37,c(-6.786725618, 43.21023417)
29681740,190,"2",7.6,8.24,15.4,14.4,28,NA,1.2,698.5,2.1,2.3,"B","B31","U111",1.0215,0.06,c(-5.300047391, 37.51424028)
29682168,809,"1",4.5,4.85,19.48,16.6,1,14.4,1.9,43.6,NA,NA,"E","E20","U111",1.594,0.17,c(-6.228033459, 41.29833581)
29701724,212,"1",7.6,8.19,18.48,15.6,395,NA,1.3,381.7,NA,NA,"B","B81","U111",1.1375,0.07,c(-5.246042532, 37.37578642)
29701918,349,"1",5.6,6.23,6.35,17.8,1,16.7,1.3,300.9,NA,NA,"F","F40","U112",0.9325,0.14,c(-5.645289484, 39.09538267)
29701972,529,"1",4.7,5.45,4.25,13.7,NA,NA,1.8,69.8,NA,NA,"E","E10","U111",1.3115,0.07,c(-5.761655838, 39.57292089)
29702110,894,"1",5.5,5.94,12.42,26,1,10.4,2.9,444.7,NA,NA,"E","E10","U111",1.1255,0.17,c(-6.070077803, 40.79112312)
29702138,892,"1",4.6,5.46,3.22,11.6,NA,12.8,1.3,50,NA,NA,"E","E20","U111",1.5555,0.25,c(-6.134666333, 41.03791552)
29702264,1288,"1",3.7,4.15,8.61,105,NA,NA,5,79.5,NA,NA,"C","C22","U120",0.745,0.45,c(-6.434138056, 42.14690774)
29702300,1169,"1",4.5,5.01,10.76,20.7,1,47.2,2.6,170,NA,NA,"D","D20","U420",1.5,0.43,c(-6.522442765, 42.4632909)
29721970,570,"2",4.6,5.23,7.73,13.8,1,12.3,1.8,140.4,NA,NA,"E","E20","U111",1.071,0.05,c(-5.73450943, 39.55897477)
29722178,840,"1",5,5.41,10.04,12.4,1,NA,1.4,90.6,NA,NA,"E","E20","U111",1.25,0.23,c(-6.204733215, 41.39411491)
29722312,623,"1",4.4,5.04,11.84,35.8,1,14.5,3,227,NA,NA,"C","C10","U120",1.3235,0.24,c(-6.528307689, 42.57265318)
29742308,1009,"1",4.7,5.54,5.67,24.1,NA,NA,1.9,138,NA,NA,"C","C22","U120",1.3555,0.25,c(-6.494561649, 42.54145434)
29761960,682,"1",4.8,5.27,20.8,40.9,NA,23.6,3.7,132.1,NA,NA,"C","C10","U120",1.03,0.13,c(-5.667289483, 39.4780049)
29762042,1281,"4",4.5,4.91,28.5,64.8,NA,37.7,5.2,209.5,NA,NA,"C","C10","U120",0.817,0.16,c(-5.847051383, 40.20254746)
29801730,317,"2",7.7,8.46,16.34,7.4,742,NA,0.5,218.1,NA,NA,"B","B13","U111",1.222,0.12,c(-5.147323961, 37.44699575)
29821720,216,"1",7.6,8.12,15.12,16.8,40,10.7,1.8,1071.6,2.1,1.4,"B","B12","U111",1.104,0.14,c(-5.105491555, 37.36173444)
29822380,952,"1",3.9,4.13,27.4,102.8,1,17.5,7.8,117.9,NA,NA,"C","C10","U120",0.632,0.2,c(-6.578738779, 43.18949591)
29842170,878,"1",5.3,6.02,8.78,8.9,1,41.4,1.1,91.1,NA,NA,"B","B15","U111",1.253,0.37,c(-6.04551611, 41.34667503)
29862388,736,"3",4.6,4.85,38.7,49.5,1,14.6,5,206.5,5,7.5,"E","E20","U111",0.866,0.2,c(-6.550769133, 43.26763067)
29901692,493,"2",7.7,8.21,18.28,9.5,534,25.1,1,195.1,0.7,0.4,"B","B81","U111",1.301,0.15,c(-4.96256813, 37.1270662)
29901728,198,"3",7.6,8.17,20.7,13.8,600,67,1.6,603.3,0.5,0.3,"B","B43","U111",1.2785,0.09,c(-5.032708362, 37.44702882)
29902060,1185,"1",4.3,4.9,6.27,37.6,NA,59.7,2.6,128.7,NA,NA,"C","C10","U120",1.0125,0.21,c(-5.725747452, 40.38772144)
29902262,1074,"1",4.1,4.8,5.12,53,NA,NA,2,70,NA,NA,"C","C22","U120",1.225,0.37,c(-6.192278414, 42.16821794)
29921750,229,"1",6.5,6.97,11.76,9.9,1,29,1,404.4,NA,NA,"B","B34","U111",1.2405,0.06,c(-5.053832046, 37.64601061)
29921768,122,"1",7.3,7.85,9.56,5.9,2,29.5,0.9,268.9,0.5,1.2,"B","B12","U111",1.1525,0.13,c(-5.08949015, 37.80585444)
29922134,841,"1",6.8,7.25,7.23,5.2,1,26,0.7,150.4,NA,NA,"B","B15","U111",1.715,0.14,c(-5.869130613, 41.04451691)
29922218,923,"2",4.7,4.95,15.47,23.1,1,14.7,1.9,68.5,NA,NA,"E","E10","U111",1.132,0.24,c(-6.063946057, 41.78477209)
29922282,1089,"1",4.4,4.75,20.4,47.4,1,NA,2.8,93,NA,NA,"D","D20","U420",1.059,0.48,c(-6.216718577, 42.34802254)
29941704,432,"1",7.5,8,28.2,18.8,393,114.7,2.1,858.3,0.5,0.5,"B","B81","U111",1.172,0.08,c(-4.941694374, 37.24080186)
29941866,563,"2",5,5.91,3.25,15.5,NA,NA,1.3,68.4,NA,NA,"C","C10","U120",1.178,0.2,c(-5.265329746, 38.67878985)
29942046,1341,"2",4.3,4.98,4.35,65.9,1,49.1,5,69.3,NA,NA,"D","D20","U111",1.092,0.19,c(-5.648653659, 40.27152011)
29942222,1064,"4",4.7,5.4,6.17,24.7,1,NA,1.4,29.8,NA,NA,"F","F40","U318",1.236,0.41,c(-6.049794621, 41.82382157)
29942392,587,"4",4.5,4.7,28.5,53.5,1,21.4,5.5,87.2,NA,NA,"E","E20","U111",0.904,0.2,c(-6.464333047, 43.31853154)
29962070,1072,"4",5.3,5.61,26.4,69.7,NA,21.8,6.5,245.7,NA,NA,"C","C10","U120",0.768,0.17,c(-5.678649537, 40.48721619)
29962260,966,"4",4.7,5.18,8.57,13.8,1,NA,1.1,46,NA,NA,"E","E30","U112",1.4345,0.1,c(-6.116347503, 42.16217667)
29962314,1116,"2",3.7,4.26,8.7,82,NA,NA,4.4,70.1,NA,NA,"C","C22","U120",1.151,0.49,c(-6.246783342, 42.63717319)
29981914,451,"2",6.1,6.39,9.45,7.1,1,23.1,0.8,90.4,NA,NA,"E","E30","U112",1.456,0.22,c(-5.31970175, 39.111298)
29982076,1027,"1",4.7,5.32,11.79,11,NA,12.5,1.4,192.8,NA,NA,"E","E20","U111",1.334,0.32,c(-5.668847234, 40.54392297)
29982144,871,"4",4.8,5.52,19.83,17.3,1,NA,1.9,62.1,NA,NA,"E","E10","U111",1.2355,0.15,c(-5.821956148, 41.14401898)
29982166,838,"1",4.8,5.26,7.77,5.3,1,NA,0.8,92.5,NA,NA,"E","E20","U111",1.4015,0.25,c(-5.872357382, 41.33801016)
29982246,801,"4",6.9,7.3,8.88,10.6,1,15.8,1.5,128.4,NA,NA,"B","B52","U111",1.2745,0.05,c(-6.059310471, 42.04278576)
30001684,512,"1",7.8,8.16,25.1,8.6,47,NA,1.2,700.3,NA,NA,"B","B81","U111",1.23,0.04,c(-4.836980239, 37.07348634)
30002386,443,"1",6.8,7.26,29.8,73.1,310,NA,4.1,89.5,NA,NA,"E","E20","U111",1.1125,0.31,c(-6.376825822, 43.27762902)
30002398,946,"1",4.2,4.37,39.3,66.4,1,29.1,6.1,104.1,NA,NA,"E","E20","U111",0.8785,0.2,c(-6.406963205, 43.38300125)
30022058,1186,"3",5.2,5.8,6.31,49.9,NA,18.5,4.6,244.4,NA,NA,"D","D20","U420",1.0785,0.22,c(-5.582806599, 40.39236333)
30022410,345,"2",4.9,5.29,31.8,46.7,1,48.4,4.4,340.5,NA,NA,"E","E20","U111",0.866,0.2,c(-6.413026557, 43.49228063)
30041718,248,"1",7.7,8.38,19.53,7.2,498,27,1,624.4,0.8,0.7,"B","B81","U111",1.208,0.15,c(-4.858307247, 37.38283422)
30042042,1288,"3",5.1,5.64,9.05,72.3,1,21,6.1,127.6,NA,NA,"E","E20","U111",0.6555,0.1,c(-5.524653866, 40.25468063)
30042190,787,"4",5.1,5.88,3.68,8.2,1,27,1,42.3,NA,NA,"B","B15","U111",1.3395,0.39,c(-5.857342746, 41.56090369)
30042214,810,"1",4.7,5.42,8.32,9.9,NA,NA,1.1,104.5,NA,NA,"C","C32","U120",1.56,0.08,c(-5.913110217, 41.77239714)
30042222,779,"2",5,5.38,7.88,7.2,1,11.7,1,90.6,NA,NA,"E","E30","U112",1.1015,0.12,c(-5.931815677, 41.84287479)
30042244,822,"2",5.8,6.35,6.12,7.7,1,13.4,1,157.2,1.4,2.7,"F","F40","U112",1.332,0.18,c(-5.983558394, 42.03663636)
30042340,1633,"2",4.3,4.6,17.04,87,1,19.8,6.9,133.3,NA,NA,"D","D20","U420",1.1285,0.34,c(-6.214657861, 42.88125119)
30061648,184,"2",7.7,8.39,14.16,10.9,68,NA,1.4,418.7,NA,NA,"B","B81","U111",1.272,0.24,c(-4.702619736, 36.76357878)
30061684,467,"1",7.6,8.18,17.51,7.8,480,NA,1.2,255,0.8,0.5,"B","B15","U111",1.234,0.18,c(-4.770881688, 37.08395619)
30062134,871,"1",7.1,7.6,10.62,7.8,3,19.4,0.9,210.9,NA,NA,"B","B13","U111",1.2655,0.29,c(-5.70589643, 41.0708043)
30081844,569,"1",4.9,5.93,2.68,4.9,1,NA,0.7,85,0.6,1.6,"E","E30","U111",1.8205,0.12,c(-5.062960524, 38.50882635)
30082100,976,"1",4.8,5.71,4.92,5.3,NA,NA,0.7,136.7,NA,NA,"E","E20","U111",1.2985,0.11,c(-5.6063322, 40.7744237)
30082276,881,"1",5.5,6.12,8.81,13.6,1,53.8,1.9,533.8,NA,NA,"B","B11","U111",1.5655,0.12,c(-6.012063469, 42.32598746)
30102056,1150,"1",5.7,6.25,3.76,19.7,1,NA,2.1,169.5,NA,NA,"C","C10","U111",1.2,0.17,c(-5.486049428, 40.38945001)
30102228,814,"3",5.5,6.42,3.84,4.8,1,NA,0.7,113.9,NA,NA,"E","E30","U112",1.247,0.11,c(-5.875007187, 41.90710331)
30102368,1158,"2",5.5,5.61,84,60.2,1,12.6,7.1,237.1,NA,NA,"E","E20","U111",0.967,0.26,c(-6.211477251, 43.13897712)
30121708,343,"4",7.6,8.2,18.21,13.3,481,41.5,1.4,551.7,NA,NA,"B","B81","U111",1.2395,0.09,c(-4.750583582, 37.3078822)
30121722,293,"1",7.7,8.16,17.35,10.8,236,19.7,1.1,468.9,1.4,1,"B","B81","U111",0.9815,0.06,c(-4.777497205, 37.43238126)
30121830,645,"1",6.3,6.67,6.31,9.9,1,27.1,1.1,138.1,NA,NA,"B","B13","U111",1.137,0.19,c(-4.989852372, 38.39172098)
30121844,551,"1",6.1,6.75,4.57,6.2,1,NA,0.7,119.6,NA,NA,"E","E30","U112",1.7265,0.12,c(-5.018007412, 38.51594051)
30122158,934,"4",5.3,6.01,3.31,4.9,NA,20.1,0.5,100,NA,NA,"C","C10","U120",1.248,0.23,c(-5.69017135, 41.29375318)
30122252,820,"3",6.6,6.95,14.96,10.5,3,15,1.5,93.6,NA,NA,"B","B13","U111",1.352,0.06,c(-5.907669173, 42.1222958)
30122270,860,"3",5,5.59,8.69,18.8,NA,NA,1.7,189.8,NA,NA,"C","C10","U120",1.052,0.23,c(-5.950237854, 42.2807952)
30122294,996,"4",4.4,4.73,9.81,7.3,1,12.3,1,68.1,0.7,1.6,"B","B13","U111",1.4625,0.15,c(-6.007467332, 42.49204907)
30122298,1025,"2",4.6,5.39,3.75,18.2,1,NA,1.5,35.8,NA,NA,"D","D10","U420",1.5735,0.34,c(-6.017058368, 42.52724931)
30142056,1114,"1",5,5.58,14.55,6.7,NA,NA,0.9,84.9,NA,NA,"E","E20","U111",1.161,0.23,c(-5.43985703, 40.39679549)
30142062,1100,"1",4.8,5.47,2.27,6.9,1,11.2,0.8,59.2,NA,NA,"C","C10","U120",1.577,0.13,c(-5.452959513, 40.44982262)
30142106,946,"1",5.8,6.15,11.09,12.3,NA,NA,1.5,40.9,NA,NA,"E","E20","U111",1.4245,0.24,c(-5.549970883, 40.83851464)
30142232,775,"1",6.5,7.26,7.23,6.5,1,NA,1,141.2,NA,NA,"E","E20","U420",1.5625,0.17,c(-5.837076123, 41.94990418)
30161670,653,"1",7.6,7.95,28.8,7.9,349,27.5,1.6,338.8,NA,NA,"B","B81","U111",1.384,0.19,c(-4.634212417, 36.9767017)
30161748,362,"1",7.5,8.2,23.6,16.1,446,83.4,1.6,1058,NA,NA,"B","B31","U111",1.184,0.11,c(-4.783417826, 37.67049818)
30161760,253,"1",7.7,8.3,16.52,16.3,274,NA,1.1,483.3,NA,NA,"B","B31","U111",0.8805,0.04,c(-4.806754607, 37.7771473)
30162054,1269,"1",5.1,5.58,9.91,47.2,1,12.4,4.6,137.9,NA,NA,"E","E20","U111",0.723,0.1,c(-5.412402567, 40.38278194)
30162184,685,"1",7.5,8.28,15.66,7.1,66,21.6,0.7,295.4,NA,NA,"E","E20","U420",1.461,0.22,c(-5.702547087, 41.53055344)
30162192,743,"1",7.5,8.07,16.58,5.9,205,NA,0.8,307.1,NA,NA,"B","B11","U111",1.2,0.14,c(-5.720883326, 41.60109898)
30162292,979,"1",4.7,5.16,14.75,15.6,NA,NA,1.2,86.2,NA,NA,"C","C10","U120",1.2055,0.34,c(-5.954993137, 42.48207605)
30182092,949,"1",5.3,6.26,2.68,5.9,NA,NA,0.6,92.2,NA,NA,"C","C10","U120",1.4805,0.25,c(-5.472504858, 40.72223981)
30182196,728,"1",5.9,6.39,13.5,4.7,1,40.7,0.7,150.5,0.3,1.2,"B","B31","U111",1.3965,0.15,c(-5.706536888, 41.64011241)
30182326,1112,"1",5.6,6.02,13.5,70.5,1,14.8,7,135.2,NA,NA,"E","E20","U111",0.634,0.14,c(-6.012754557, 42.78508164)
30202134,880,"1",7,7.42,11.82,6.3,2,25.9,0.7,336.9,NA,NA,"F","F40","U112",1.356,0.18,c(-5.54254231, 41.0968236)
30202184,691,"1",6.5,6.76,51.5,8.8,1,72,1.2,491.7,NA,NA,"B","B16","U111",1.311,0.19,c(-5.655548666, 41.53802175)
30202248,777,"1",7.5,8.03,18.75,10.5,5,18.1,1.5,138.3,NA,NA,"B","B11","U111",1.4035,0.09,c(-5.803444645, 42.10218705)
30202274,839,"1",7.3,7.71,40.1,11.1,18,50.6,1.6,189.7,NA,NA,"B","B16","U111",1.1885,0.17,c(-5.864594962, 42.33119743)
30202338,1528,"1",5.3,5.84,44,78,2,NA,7.1,152.2,NA,NA,"E","E20","U111",0.597,0.21,c(-6.017819505, 42.89446897)
30221758,213,"1",7.7,8.26,15.82,13.9,272,NA,1,511.1,NA,NA,"B","B31","U111",1.492,0.17,c(-4.736115532, 37.7698361)
30222222,757,"1",5.2,5.87,7.76,9.7,1,14.4,1.2,142.4,NA,NA,"E","E30","U112",1.455,0.12,c(-5.71929119, 41.87682137)
30241684,464,"1",7.2,7.64,239,11.3,224,NA,1.1,540.2,NA,NA,"E","E30","U112",1.178,0.08,c(-4.572484304, 37.11508834)
30242074,1220,"1",5.6,5.98,3.33,12.6,NA,NA,1.3,109.9,NA,NA,"C","C10","U111",1.385,0.33,c(-5.363460085, 40.57418218)
30242188,725,"1",6.6,7.09,5.58,5.2,1,NA,0.7,238.1,NA,NA,"B","B13","U111",1.263,0.15,c(-5.617650544, 41.58075196)
30242206,737,"1",5.9,6.47,6.65,3.7,1,26.4,0.5,126.4,NA,NA,"B","B52","U111",1.3935,0.17,c(-5.658823079, 41.7394991)
30242218,769,"1",4.2,4.89,5.89,7.3,NA,36.2,0.8,155.5,NA,NA,"B","B11","U111",1.2845,0.05,c(-5.686432567, 41.8453026)
30242236,767,"1",7.1,7.5,28.7,38.3,15,57.5,4.3,313.8,NA,NA,"E","E20","U111",0.993,0.18,c(-5.728090546, 42.003966)
30242254,814,"1",5.2,5.34,35.8,10.9,1,32.5,1.5,241.5,0.6,3.8,"B","B16","U111",1.5915,0.2,c(-5.770043509, 42.16257923)
30261988,400,"1",7.3,7.97,30,10.4,61,NA,1.5,198.4,0.4,0.2,"B","B52","U111",1.529,0.14,c(-5.156026683, 39.81709114)
30262168,786,"1",7.4,7.92,12.15,5.3,5,NA,0.8,165.6,NA,NA,"F","F40","U112",1.4945,0.04,c(-5.548783095, 41.40801221)
30262190,758,"1",7.4,8.25,12.94,6.8,115,NA,1,223.5,0.5,0.4,"B","B41","U111",1.2275,0.06,c(-5.59868403, 41.60211158)
30262322,1078,"1",5.4,5.74,19.08,35.5,1,20.4,3.9,125.4,NA,NA,"B","B55","U111",0.903,0.2,c(-5.907288142, 42.76513552)
30282120,859,"1",6.4,6.75,21.6,6,1,50,0.8,88.6,NA,NA,"B","B16","U111",1.5695,0.05,c(-5.418065808, 40.98793186)
30282128,900,"2",5.1,6.03,5.91,7.6,1,40.9,0.9,131.6,NA,NA,"B","B11","U111",1.6205,0.07,c(-5.435803982, 41.05858669)
30282174,829,"1",7.1,7.66,11.09,6.1,4,17.9,0.8,190.2,NA,NA,"B","B41","U111",1.04,0.36,c(-5.538871332, 41.46465899)
30282318,1183,"1",4.3,4.68,30.1,29,NA,61.3,3.1,252.2,NA,NA,"C","C10","U420",1.026,0.27,c(-5.873753032, 42.7337263)
30282408,118,"1",3.6,4.1,8.01,31.8,NA,NA,2.2,72.9,NA,NA,"C","C10","U120",1.042,0.33,c(-6.092953564, 43.52527293)
30283550,39,"1",3.9,4.68,8.07,265.7,NA,10.5,15,88.2,NA,NA,"E","E10","U111",0.289,0.49,c(-9.74631554, 53.45790964)
30301704,492,"4",7.7,8.25,16.05,11.7,484,NA,1,393.2,NA,NA,"B","B81","U111",1.2105,0.09,c(-4.543990157, 37.30339101)
30302096,945,"1",6.2,6.87,6.82,5.2,1,19.1,0.6,138,NA,NA,"E","E30","U112",1.6785,0.2,c(-5.341940473, 40.77955797)
30302158,822,"1",5.3,6.03,3.14,3.9,1,18.5,0.4,51.9,NA,NA,"B","B13","U111",1.4935,0.08,c(-5.479382302, 41.32714153)
30302208,745,"1",5,5.71,7.64,3.7,1,NA,0.7,101,NA,NA,"B","B52","U111",1.454,0.12,c(-5.592655093, 41.76830727)
30302240,813,"1",5.4,6.13,5.92,5.3,NA,10.6,0.8,69.3,0.5,0.8,"B","B54","U111",1.384,0.14,c(-5.666318532, 42.05045074)
30302248,823,"1",6.8,7.12,11.73,8.3,2,NA,1,158.7,NA,NA,"D","D10","U420",1.395,0.03,c(-5.684879206, 42.12096195)
30302302,934,"1",6.4,6.68,11.2,12.4,1,NA,1.6,66.4,NA,NA,"E","E20","U420",1.3385,0.13,c(-5.811704365, 42.59665505)
30303360,221,"1",4.8,5.46,14.18,54.9,NA,40.2,4.8,90.7,NA,NA,"E","E20","U111",0.943,0.32,c(-8.972296895, 51.82516449)
30321738,314,"1",7.6,8.13,17.09,15.1,268,NA,1.4,490.6,1.8,1.5,"B","B81","U111",0.952,0.26,c(-4.586466301, 37.60931694)
30321828,703,"1",6,6.68,3.63,5.8,1,NA,0.7,81.9,NA,NA,"E","E20","U111",1.472,0.15,c(-4.761402402, 38.4091416)
30322080,1167,"1",4.8,5.42,4.13,24.4,NA,19.5,2.7,213.3,NA,NA,"E","E10","U111",1.21,0.14,c(-5.283810495, 40.64178448)
30322206,748,"1",5.8,6.42,5.7,6,1,NA,0.8,165.2,0.6,0.9,"B","B54","U111",1.421,0.04,c(-5.564496167, 41.75437996)
30322260,832,"1",5.6,6.07,16.77,6.5,1,25.5,1,145.4,NA,NA,"B","B16","U111",1.3245,0.23,c(-5.689069949, 42.23045615)
30322278,882,"1",6.2,6.59,15.19,9.1,NA,46.3,1.2,259.3,0.5,2.7,"B","B41","U111",1.5705,0.22,c(-5.731185315, 42.3890486)
30322350,1107,"1",6.1,6.35,47.1,39.6,2,23.1,5.1,143.4,NA,NA,"E","E20","U111",1.023,0.22,c(-5.902677458, 43.02292151)
30342234,761,"1",7.3,7.69,23.9,13.1,3,10.4,1.1,67.5,NA,NA,"B","B16","U111",1.3265,0.19,c(-5.605082643, 42.00501414)
30342270,855,"1",6.2,6.46,17.12,12.2,1,42.7,1.5,257.3,NA,NA,"B","B16","U111",1.6085,0.22,c(-5.688635336, 42.32231585)
30362098,959,"1",5.3,5.9,6.87,7.4,1,56.5,1,209,NA,NA,"F","F40","U112",1.1675,0.35,c(-5.27657614, 40.80815328)
30362124,889,"1",4.5,4.97,11.68,2.8,NA,49.5,0.5,61.3,NA,NA,"B","B21","U111",1.7875,0.05,c(-5.333615271, 41.03789638)
30362254,834,"1",5.4,6.27,3.84,4.4,1,13.7,0.7,140.2,0.4,1.1,"B","B53","U111",1.5045,0.37,c(-5.62760925, 42.18504831)
30381762,305,"1",7.7,8.27,18.33,11.3,306,NA,1.1,427.1,0.5,1,"B","B31","U111",1.054,0.05,c(-4.565725811, 37.83307514)
30381978,608,"1",7.5,8.23,15.02,10.6,157,NA,0.9,135.1,NA,NA,"B","B15","U111",1.3355,0.17,c(-4.997674166, 39.74999876)
30382104,934,"1",4.7,5.43,4.09,6.3,NA,38.9,0.8,191.6,NA,NA,"B","B11","U111",1.206,0.11,c(-5.266416142, 40.86481354)
30382238,820,"1",6.9,7.2,26,30.3,23,25.9,2.5,866.1,NA,NA,"C","C10","U420",1.0615,0.36,c(-5.566918349, 42.04771574)
30382396,295,"3",3.7,4.29,7.75,40.9,NA,NA,2.6,35.6,NA,NA,"C","C10","U120",1.1475,0.18,c(-5.942183932, 43.43895035)
30401728,591,"1",7.6,8.09,25.7,12.2,831,NA,1.3,81.9,NA,NA,"B","B81","U111",1.17,0.18,c(-4.478656852, 37.53407708)
30402208,754,"1",7.6,8.25,14.46,5.6,29,NA,1,311.3,NA,NA,"F","F40","U112",1.346,0.08,c(-5.474670424, 41.78681756)
30402322,1133,"3",4.5,5.09,12.06,14.2,1,10.3,1.4,65.7,NA,NA,"E","E10","U420",1.26,0.28,c(-5.739519467, 42.79159645)
30422170,742,"3",6.4,6.77,7.18,3.1,1,NA,0.4,68.6,NA,NA,"E","E30","U112",1.478,0.19,c(-5.365503715, 41.45511185)
30422224,766,"1",7.6,8.3,10.89,4.9,10,NA,0.9,148.3,NA,NA,"B","B41","U111",1.2475,0.08,c(-5.487473825, 41.93165423)
30422296,930,"4",5.6,6.06,6.52,17.1,1,NA,1.8,135.2,NA,NA,"E","E20","U420",1.5105,0.18,c(-5.654171058, 42.56635162)
30441754,284,"2",7.6,8.19,18.85,7.3,325,NA,0.9,515.8,0.4,0.9,"B","B31","U111",1.1075,0.07,c(-4.483612143, 37.77221911)
30442082,1229,"2",5.7,6.4,3.34,15.8,1,17.5,1.6,163.6,NA,NA,"C","C10","U120",1.3775,0.22,c(-5.148926307, 40.68116933)
30442186,824,"3",7.7,8.33,16.97,7.9,182,NA,1.2,409.4,NA,NA,"F","F40","U112",1.3655,0.16,c(-5.377838849, 41.60002245)
30462008,474,"3",4.5,5.29,2.81,5.2,1,NA,0.6,32.8,NA,NA,"E","E20","U111",1.612,0.19,c(-4.968548611, 40.02991034)
30462138,829,"4",6.8,7.34,7.74,6.6,1,NA,0.8,44.7,NA,NA,"B","B13","U111",1.3665,0.19,c(-5.247653476, 41.17977448)
30462170,708,"1",5.3,5.91,9.31,4.9,NA,26.5,0.6,55.3,NA,NA,"B","B16","U111",1.5585,0.21,c(-5.318529645, 41.46241948)
30462200,782,"1",5.2,5.52,18.19,9.5,1,NA,1.1,85.3,NA,NA,"E","E30","U415",1.032,0.31,c(-5.385782163, 41.72725702)
30462264,795,"4",7.5,8.07,14.12,11.5,17,10.1,1.3,77.2,NA,NA,"E","E30","U112",1.4605,0.17,c(-5.5319199, 42.2917855)
30482108,946,"4",6.5,7.02,5.95,4.2,NA,24.9,0.5,98.6,NA,NA,"B","B11","U111",1.431,0.21,c(-5.158704037, 40.91826065)
30482208,792,"3",4.5,4.88,8.91,3.2,1,30.4,0.5,109.1,NA,NA,"F","F40","U112",1.354,0.12,c(-5.380237587, 41.80152595)
30501774,204,"1",7.5,7.96,21.2,10.3,373,15.1,1.2,327.3,0.5,0.3,"B","B12","U111",1.092,0.27,c(-4.454926757, 37.96035048)
30502124,864,"2",6.6,7.18,8.13,4.9,1,34.5,0.6,120.8,NA,NA,"B","B11","U111",1.42,0.14,c(-5.170226062, 41.06329825)
30502182,755,"1",6.9,7.52,10.46,4.6,1,NA,0.8,183.3,NA,NA,"F","F40","U112",1.343,0.04,c(-5.298276241, 41.57567113)
30502218,744,"1",7.5,8.19,15.19,10.6,31,NA,1.7,272.2,NA,NA,"B","B52","U111",1.2975,0.03,c(-5.379222622, 41.89343799)
30502250,852,"1",7.5,8.1,12.31,6.3,64,NA,0.9,131.5,NA,NA,"B","B13","U111",1.455,0.15,c(-5.452139345, 42.17573226)
30502272,836,"1",7.4,7.91,19.53,9.6,8,63.8,1.2,170.1,NA,NA,"B","B11","U111",1.382,0.15,c(-5.502804551, 42.3697196)
30502304,974,"1",7.1,7.64,13.68,12,7,NA,1.5,102.8,NA,NA,"B","B12","U111",1.5575,0.13,c(-5.577289522, 42.65175234)
30502308,1079,"1",4.2,4.62,5.51,10.7,1,NA,0.9,31.5,NA,NA,"F","F40","U112",1.6745,0.38,c(-5.586666674, 42.68699556)
30521680,739,"1",7.7,8.14,19.01,11,276,NA,1.1,569.5,1.3,1.5,"B","B81","U111",1.4755,0.19,c(-4.256182412, 37.12705438)
30521698,557,"1",7.7,8.22,23.5,8.5,539,NA,0.9,328.9,NA,NA,"B","B81","U111",1.3235,0.24,c(-4.289494645, 37.28738541)
30521788,378,"1",5.4,5.85,9.87,29.8,1,43.3,2.8,210,1.3,1.8,"B","B81","U111",0.9605,0.44,c(-4.459407632, 38.08825784)
30522202,764,"1",7.1,7.61,7.41,4.6,1,14.1,0.7,124,NA,NA,"B","B31","U111",1.308,0.09,c(-5.319508166, 41.75588658)
30522306,971,"1",4.8,5.29,12.16,9.1,1,NA,1.1,65.5,NA,NA,"F","F40","U112",1.3245,0.07,c(-5.558038606, 42.67309333)
30541738,464,"1",7.5,8.17,17.81,12.1,640,13.7,1.2,276.3,NA,NA,"B","B81","U111",1.046,0.1,c(-4.342089897, 37.64687796)
30542182,782,"1",7.7,8.21,24.5,10.9,48,38.9,1.3,474.3,NA,NA,"B","B16","U111",1.3145,0.07,c(-5.251206361, 41.58294916)
30542362,577,"1",3.9,4.31,25.5,56.3,1,NA,4.4,138.1,NA,NA,"C","C10","U120",0.996,0.35,c(-5.666474131, 43.17004767)
30561964,803,"1",5.5,6.16,4.61,11.3,NA,17.2,1.2,108.7,1,1.9,"B","B81","U111",1.5675,0.27,c(-4.762854995, 39.65770662)
30561996,419,"1",6.5,7.04,8.32,10.8,1,18.8,1.2,192.8,NA,NA,"B","B13","U111",1.273,0.18,c(-4.828677771, 39.9413009)
30562086,1211,"1",4.6,5.07,7.37,6.6,1,27.7,1.1,66.2,NA,NA,"F","F40","U112",1.302,0.61,c(-5.018170646, 40.73806394)
30562152,790,"1",5.1,5.7,3.46,2.7,1,14.1,0.3,95,NA,NA,"B","B14","U112",1.367,0.33,c(-5.161360305, 41.32156917)
30562194,841,"4",7.5,8.32,14.13,6.8,343,14.3,0.9,140.5,0.4,0.4,"B","B15","U111",1.0835,0.18,c(-5.254408503, 41.69254596)
30562338,1309,"2",5.5,5.84,24.4,27,1,NA,3.2,209.1,NA,NA,"E","E10","U111",1.143,0.35,c(-5.585329692, 42.96244472)
30582118,891,"1",5.8,6.55,4.22,5,NA,25.5,0.6,92.4,NA,NA,"B","B31","U111",1.769,0.3,c(-5.063800531, 41.02464536)
30582222,794,"1",7.2,7.94,19.18,11.4,35,36,1.4,296.6,0.4,0.8,"B","B31","U111",1.304,0.07,c(-5.293623931, 41.94336505)
30582240,838,"1",7.1,7.73,7.05,3.6,1,NA,0.6,104.5,NA,NA,"B","B31","U111",1.2555,0.02,c(-5.334357484, 42.10220832)
30582258,909,"1",7.4,7.78,13.26,5.1,2,11,0.8,96,NA,NA,"B","B11","U111",1.4625,0.26,c(-5.375380291, 42.2610028)
30601738,611,"1",7.7,8.28,16.21,9.1,663,NA,1.2,336.5,NA,NA,"B","B81","U111",1.368,0.15,c(-4.275401988, 37.65701291)
30602044,1248,"1",5.3,6.03,4.27,20.4,1,16.7,1.6,98.8,NA,NA,"D","D10","U420",1.266,0.22,c(-4.882703063, 40.37347829)
30602080,1311,"1",4.9,5.57,8.31,7.4,NA,12.3,0.9,118.4,NA,NA,"D","D20","U111",1.104,0.21,c(-4.958888204, 40.69210889)
30602110,919,"2",6.7,7.31,11.3,4.5,1,25,0.6,201.7,NA,NA,"B","B54","U111",1.259,0.01,c(-5.023186672, 40.95748338)
30602170,754,"1",7.3,7.6,19.52,8.4,5,23.3,1.1,201.2,NA,NA,"B","B22","U111",1.466,0.43,c(-5.154043721, 41.48782231)
30602224,810,"1",6.7,7.09,9.02,11.3,NA,12.9,1.4,123.2,NA,NA,"B","B13","U111",1.3545,0.06,c(-5.274457131, 41.96466198)
30602264,939,"1",6.5,7.21,6.52,4.4,1,NA,0.7,86.3,0.5,3,"B","B11","U111",1.8205,0.09,c(-5.365310241, 42.31759352)
30602278,858,"4",7,7.44,11.13,4.6,1,NA,0.8,96.9,NA,NA,"B","B52","U111",1.4205,0.07,c(-5.397448624, 42.4410628)
30621700,652,"1",7.6,8.1,26,10.4,384,NA,1.6,492.3,1.1,0.9,"B","B81","U111",1.037,0.17,c(-4.182579004, 37.3219921)
30621992,555,"1",4.4,5.14,5.52,4.2,1,18.6,0.6,135.5,NA,NA,"F","F40","U112",1.241,0.07,c(-4.751535251, 39.91638711)
30622070,1217,"2",6.1,6.51,5.09,7.9,1,NA,0.9,99.8,NA,NA,"E","E10","U420",1.1955,0.23,c(-4.914424643, 40.6071682)
30622096,1029,"2",4.6,5.16,7.15,4.8,NA,70.1,0.5,115.1,NA,NA,"F","F40","U112",1.364,0.21,c(-4.96981272, 40.83722206)
30622150,797,"2",6.4,6.91,10.77,4.6,NA,31.3,0.6,139.2,NA,NA,"B","B11","U111",1.393,0.2,c(-5.086641471, 41.31469819)
30622262,915,"2",7.7,8.31,14.11,9.1,315,NA,1.4,268.7,NA,NA,"B","B41","U111",1.5455,0.1,c(-5.336928462, 42.30361585)
30622304,995,"1",5.4,6.07,2.95,17.8,1,NA,1.1,42.3,NA,NA,"D","D10","U120",1.5935,0.46,c(-5.433664245, 42.67397458)
30623360,68,"1",6.5,6.81,14.29,46.4,3,23.7,4.2,65.5,NA,NA,"E","E20","U111",1.0575,0.36,c(-8.520785318, 51.89852541)
30641768,404,"1",7.5,8.28,15.29,6.2,431,NA,0.8,184.3,NA,NA,"B","B81","U111",1.154,0.03,c(-4.287283533, 37.93074496)
30642062,1258,"1",5.2,5.73,6.28,15.9,NA,50.9,1.7,324.8,NA,NA,"E","E10","U111",1.296,0.14,c(-4.874320258, 40.53989958)
30642134,820,"2",6.3,6.65,14.25,3.6,NA,36.1,0.5,159.9,0.8,0.7,"B","B11","U111",1.491,0.11,c(-5.028374228, 41.17684975)
30642164,746,"3",6.7,7.24,11.59,6.3,1,17.9,0.8,154.9,NA,NA,"E","E30","U415",1.263,0.54,c(-5.093840758, 41.442014)
30642260,899,"1",5,5.7,3.89,5.4,1,10.3,0.9,81.7,NA,NA,"B","B14","U111",1.642,0.18,c(-5.308560881, 42.28962949)
30642296,886,"1",7,7.33,21.3,20.8,15,154.2,2.6,350.4,0.5,3,"B","B21","U111",1.3585,0.08,c(-5.391194112, 42.60712931)
30662054,1312,"1",5.3,5.78,6.72,31,NA,NA,2.6,88.8,NA,NA,"C","C10","U120",0.9575,0.21,c(-4.834314461, 40.47260657)
30662118,858,"1",6.6,7.16,7.19,5.7,1,19.3,0.7,217,NA,NA,"B","B13","U111",1.4165,0.26,c(-4.97042043, 41.03893819)
30662208,806,"2",7.2,7.74,14.65,9.1,2,29.9,1.2,352.6,0.3,0.9,"B","B15","U111",1.1645,0.19,c(-5.167618223, 41.834295)
30662324,1155,"1",4.8,5.33,10.77,29.5,1,NA,2.9,120.7,NA,NA,"E","E10","U420",1.1965,0.15,c(-5.432267931, 42.85763091)
30663346,126,"3",6.5,6.85,13.27,32.5,4,10.6,3.1,52.5,NA,NA,"E","E20","U111",1.0295,0.09,c(-8.413238204, 51.78639604)
30681774,245,"2",7.5,8.15,14.32,9.7,297,13.4,1.1,408.5,NA,NA,"B","B81","U111",1.024,0.17,c(-4.253954825, 37.99087471)
30682052,1173,"2",5.3,5.92,5.67,21.2,NA,NA,2.2,82,NA,NA,"E","E20","U111",1.075,0.12,c(-4.806967944, 40.45841997)
30682088,990,"2",5,5.75,9.36,4.4,1,NA,0.5,71.9,0.5,0.4,"B","B14","U111",1.5025,0.25,c(-4.882945248, 40.77708962)
30682206,778,"2",7.5,8.08,18.01,10.1,21,22.9,0.8,249.8,NA,NA,"B","B13","U111",1.4945,0.09,c(-5.139530161, 41.82024564)
30701712,657,"1",7.6,8.03,89.1,10.2,441,NA,0.9,352.9,NA,NA,"B","B81","U111",1.3525,0.05,c(-4.116096403, 37.44224404)
30702094,964,"1",7.3,8.24,17.76,4,2,36.5,0.5,203,NA,NA,"F","F40","U112",1.436,0.13,c(-4.872432313, 40.83372215)
30702108,938,"1",7.4,8.16,13.79,4.3,6,14.7,0.6,149.6,NA,NA,"F","F40","U112",1.422,0.16,c(-4.902290201, 40.95759161)
30702274,920,"1",5.9,6.51,3.4,4.5,1,10.3,0.7,88.1,NA,NA,"E","E30","U112",1.541,0.2,c(-5.268999548, 42.42408623)
30702378,348,"1",5.2,5.5,36.8,62.1,NA,10.8,5.5,103.5,NA,NA,"C","C10","U120",0.727,0.46,c(-5.511277432, 43.34076231)
30721702,1128,"2",7.6,8.17,19.26,8.9,468,NA,1.4,233.1,NA,NA,"B","B81","U111",1.0455,0.15,c(-4.075566102, 37.35647901)
30721738,586,"1",7.2,8.07,14.85,10.3,653,NA,1.2,149.9,NA,NA,"B","B81","U111",1.323,0.11,c(-4.141975445, 37.67714258)
30721756,351,"4",7.6,8.28,15.23,9.2,209,NA,1,458.8,NA,NA,"B","B81","U111",1.399,0.07,c(-4.175512347, 37.83739715)
30722260,871,"1",6.3,6.71,8.22,4.8,1,10.3,0.6,99.6,NA,NA,"E","E30","U112",1.5355,0.18,c(-5.213331301, 42.30419888)
30742058,1543,"2",4.7,5.56,8.24,39.6,1,14.2,3.7,223.1,NA,NA,"D","D20","U111",1.386,0.19,c(-4.750048572, 40.52208679)
30742170,748,"3",7.4,8.09,11.86,4.4,6,15,0.5,156.7,0.7,0.7,"E","E30","U112",1.274,0.33,c(-4.989439321, 41.51295442)
30742224,835,"4",7.6,8.01,23.6,12.2,11,20.2,1.7,409.5,NA,NA,"B","B41","U111",1.386,0.06,c(-5.108637533, 41.99002278)
30761988,469,"1",7.4,7.92,14.15,11.7,15,NA,1.4,244.3,1,0.6,"B","B13","U111",1.109,0.16,c(-4.582621032, 39.90529585)
30762208,796,"1",7.7,8.31,16.34,7.8,126,NA,1.1,246.8,0.7,1,"B","B31","U111",1.412,0.03,c(-5.049409977, 41.85230548)
30781768,391,"1",7.2,8.2,12.05,13.4,342,NA,1.2,248.5,0.7,0.3,"B","B81","U111",1.158,0.03,c(-4.131008035, 37.9542453)
30781994,542,"1",7.1,7.54,9.27,7.4,1,NA,0.8,158,NA,NA,"E","E30","U112",1.235,0.04,c(-4.57185265, 39.96195465)
30782134,798,"1",6.6,7.44,12.45,10.3,1,14.8,1.3,371.3,NA,NA,"F","F40","U112",0.9,0.08,c(-4.864534144, 41.2017551)
30782390,75,"2",5.6,5.88,29.5,22.2,1,16.5,2.8,49.6,NA,NA,"E","E20","U111",1.0575,0.34,c(-5.442872575, 43.46126133)
30801664,817,"1",7.6,7.7,198.1,12.3,591,18.3,1,450.7,NA,NA,"B","B81","U111",1.4,0.09,c(-3.918227795, 37.03094522)
30801772,318,"1",7.4,8.12,15.41,8.3,292,NA,1.2,404.3,0.7,0.7,"B","B81","U111",1.021,0.04,c(-4.116147335, 37.99318734)
30801988,495,"2",7.5,8.09,14.57,9.4,103,NA,1.1,268.2,0.5,0.3,"B","B81","U111",1.1335,0.11,c(-4.536689952, 39.91220698)
30802052,1087,"1",5.7,6.2,4.28,6.4,1,19.2,0.7,87.1,0.9,2.2,"B","B82","U111",1.3335,0.24,c(-4.668039205, 40.47943362)
30802214,808,"1",7.6,8.43,10.45,2.3,12,NA,0.5,62.2,NA,NA,"B","B13","U111",1.3515,0.03,c(-5.015367952, 41.91247668)
30802294,966,"3",6.3,6.57,6.04,24.8,2,NA,1.7,89.5,NA,NA,"C","C22","U120",1.1415,0.37,c(-5.19517191, 42.61871391)
30802312,1138,"1",4.9,5.69,4.32,17.5,1,NA,1.3,61.2,NA,NA,"D","D10","U420",1.1685,0.21,c(-5.236417904, 42.77748722)
30802376,342,"1",6.8,7.12,37.1,41.9,51,45.6,4.9,160.7,NA,NA,"B","B55","U111",1.1185,0.15,c(-5.385490403, 43.34162902)
30823370,141,"1",5.6,5.94,18.1,37.7,2,20.7,3.9,136,NA,NA,"E","E20","U111",1.04,0.31,c(-8.274159418, 52.03011498)
30841686,660,"1",7.7,8.16,16.42,9,354,11.6,1.1,431.8,NA,NA,"B","B81","U111",1.333,0.12,c(-3.913686896, 37.23368286)
30842132,834,"3",6.6,7.19,7.34,3.7,1,NA,0.4,90.9,NA,NA,"B","B18","U111",1.478,0.19,c(-4.790007366, 41.1946521)
30842234,820,"1",7.6,8.26,13.83,6.2,38,NA,1.3,168.7,NA,NA,"F","F40","U112",1.3725,0.09,c(-5.012309505, 42.09629907)
30842244,861,"2",7.6,8.32,12.56,7.6,39,NA,1.1,203.5,0.7,0.9,"B","B31","U111",1.5335,0.04,c(-5.034585821, 42.18461303)
30842252,843,"2",7.5,8.23,11.41,4.6,44,NA,1,148.4,NA,NA,"B","B11","U111",1.5325,0.05,c(-5.052470169, 42.2552536)
30842262,853,"1",6.6,6.97,9.77,6.5,1,81.5,1,274.3,0.6,2.2,"B","B11","U111",1.6135,0.22,c(-5.074905119, 42.34354106)
30861660,1201,"1",7.7,7.72,207,10.7,483,NA,1,418.2,NA,NA,"B","B74","U111",1.1665,0.08,c(-3.844920752, 37.00508784)
30861756,351,"1",7.4,7.85,34.8,5.5,512,11.8,1,530.4,NA,NA,"B","B81","U111",1.3455,0.08,c(-4.019416263, 37.86070877)
30862182,904,"2",7.4,7.91,27,13,49,22.3,1.6,290.3,NA,NA,"F","F40","U112",1.1155,0.1,c(-4.874297406, 41.6403761)
30862278,946,"3",5.1,5.39,9.23,8.3,1,NA,1.1,114.6,NA,NA,"F","F40","U112",1.432,0.21,c(-5.087097448, 42.48837614)
30881760,386,"1",7.7,8.17,20.1,55.5,202,NA,0.8,338.7,NA,NA,"B","B81","U111",1.129,0.09,c(-4.004503883, 37.89963949)
30881910,648,"1",5.6,6.05,17.87,9.6,1,NA,1.2,80.2,0.4,1.2,"B","B54","U111",1.3885,0.04,c(-4.289906784, 39.23364565)
30882130,833,"1",4.9,5.57,7.49,4,NA,15.9,0.6,129.1,NA,NA,"F","F40","U112",1.491,0.14,c(-4.738914928, 41.18398592)
30882342,1424,"1",5.2,5.41,45.9,36.3,1,NA,4.5,130.8,NA,NA,"E","E20","U111",0.828,0.25,c(-5.209411924, 43.05659795)
30882378,182,"1",4,4.42,13.26,22.7,1,NA,1.7,89.9,NA,NA,"A","A30","U319",1.123,0.11,c(-5.293308639, 43.37393511)
30901972,570,"1",7.6,8.4,12.71,2.5,63,NA,0.6,199.4,NA,NA,"B","B13","U111",1.306,0.28,c(-4.389724541, 39.78744292)
30901990,632,"1",7,7.57,10.28,6.5,1,11,0.9,168.9,NA,NA,"B","B13","U111",1.5585,0.04,c(-4.425851076, 39.94713126)
30902056,896,"1",6.7,7.25,11.72,13,1,62,1.5,344.4,NA,NA,"E","E20","U111",1.2815,0.17,c(-4.560459329, 40.53223786)
30902196,907,"3",7.5,7.89,23,8,7,26.5,1.1,250.4,NA,NA,"E","E30","U415",1.554,0.02,c(-4.857586194, 41.77122263)
30902242,828,"1",7.8,8.49,13.73,6.3,113,NA,1.2,175.8,NA,NA,"B","B13","U111",1.6825,0.07,c(-4.958807241, 42.17768568)
30902260,871,"1",7.4,8.02,11.05,7,9,19.8,1.1,113.4,NA,NA,"B","B11","U111",1.6615,0.03,c(-4.998916951, 42.33665193)
30922090,1020,"2",4.6,5.36,3.72,4,NA,26.3,0.5,85.1,NA,NA,"B","B15","U111",1.459,0.14,c(-4.607853683, 40.83687937)
30922176,734,"1",7.6,8.02,22.1,6.7,88,73.9,1,131.5,NA,NA,"B","B12","U111",1.218,0.39,c(-4.79058035, 41.5979299)
30922224,812,"1",7.3,7.81,20.4,8.5,6,23.8,1.4,346.5,NA,NA,"B","B13","U111",1.246,0.05,c(-4.895262893, 42.02222796)
30922248,865,"1",7.4,8.02,13.73,9.3,16,NA,1.4,179.4,NA,NA,"B","B13","U111",1.4735,0.08,c(-4.948348728, 42.23425023)
30922310,1135,"1",7.2,7.58,12.94,8.2,13,NA,1.1,58.1,NA,NA,"E","E20","U420",1.571,0.2,c(-5.087840103, 42.78158485)
30922324,1132,"3",5,5.48,13.43,33.8,NA,NA,3.2,146.3,NA,NA,"C","C10","U420",1.063,0.14,c(-5.119816183, 42.905099)
30961768,330,"1",7.6,8.08,35.1,10.7,475,26.3,1.3,468.9,NA,NA,"B","B81","U111",1.2395,0.08,c(-3.929946372, 37.9840841)
30962066,1542,"1",4.7,4.92,46,47.5,1,18.3,4.2,147.8,NA,NA,"E","E20","U111",0.8065,0.13,c(-4.511496251, 40.63120884)
30962228,819,"1",7.6,8.24,13.88,6.5,10,13.6,1.1,231.4,0.6,1.6,"B","B13","U111",1.355,0.04,c(-4.856606027, 42.06467096)
30962246,866,"2",7.5,8.16,10.93,6.2,61,NA,1,123.9,NA,NA,"B","B13","U111",1.5505,0.06,c(-4.896317877, 42.22370675)
30962290,980,"1",6.4,6.86,13.04,29.5,1,NA,2.4,168.8,NA,NA,"C","C10","U120",0.988,0.06,c(-4.99458798, 42.61226213)
30962308,1141,"2",4.8,5.55,4.83,7.6,NA,13.4,0.9,48.3,NA,NA,"B","B14","U111",1.3285,0.1,c(-5.035286009, 42.77113547)
30981646,1102,"1",7,7.2,8.15,111.6,158,NA,0.8,35.8,NA,NA,"C","C22","U120",1.907,0.43,c(-3.687907414, 36.89964175)
30981728,1150,"3",7.5,7.97,17.42,15.9,15,NA,1.7,320.8,NA,NA,"E","E30","U112",1.1595,0.05,c(-3.834475931, 37.63099745)
30981866,653,"3",7,7.45,15.32,6.4,1,12.3,0.8,166.3,0.9,1.5,"B","B13","U111",1.3695,0.13,c(-4.091406968, 38.85944697)
30982262,909,"3",7.6,8.16,14.01,6.7,122,NA,1.2,146.5,0.5,0.5,"B","B53","U111",1.426,0.06,c(-4.908004257, 42.36859442)
31001666,801,"1",7.3,7.36,234,8.8,243,NA,0.8,155.5,NA,NA,"B","B74","U111",0.969,0.09,c(-3.701177471, 37.08135308)
31001850,755,"1",4.9,5.53,6.19,57.2,NA,NA,2.7,202.7,NA,NA,"C","C10","U120",1.382,0.34,c(-4.038352607, 38.72049429)
31002188,799,"1",7.6,8.06,27,16,268,33,1.4,173.2,NA,NA,"B","B14","U111",1.164,0.21,c(-4.722137372, 41.71811874)
31002254,891,"1",7.6,8.15,11.46,6.2,115,NA,0.9,174.7,0.3,0.3,"B","B13","U111",1.5725,0.02,c(-4.866407731, 42.30148321)
31003478,121,"1",3.4,4.34,7.81,528.7,NA,23.6,19.4,249.2,NA,NA,"H","H12","U420",0.1875,0.05,c(-8.416390912, 53.0054671)
31021708,1343,"1",7.4,7.93,17.91,10.9,205,NA,1.2,541,NA,NA,"B","B81","U111",1.4305,0.36,c(-3.753944803, 37.45921923)
31021866,689,"2",7.6,7.95,22.2,11.1,249,NA,1.6,383,NA,NA,"B","B13","U111",1.2015,0.08,c(-4.04614713, 38.86610978)
31022060,1299,"2",4.6,5.18,13,22,NA,13.2,1.9,237.3,NA,NA,"E","E20","U111",1.148,0.11,c(-4.429504473, 40.5883594)
31022078,1259,"1",5.7,6.34,3.26,3.7,1,19.1,0.5,53.7,NA,NA,"E","E30","U111",1.287,0.22,c(-4.466534485, 40.74787074)
31022172,756,"1",7.1,7.91,26,6.1,15,48.3,0.8,282.6,0.5,0.7,"B","B21","U111",1.227,0.07,c(-4.66415981, 41.58009869)
31022194,835,"2",7.6,8.05,34.7,15.3,631,31.1,1.6,224.3,NA,NA,"E","E30","U112",1.056,0.27,c(-4.711466198, 41.7746884)
31022252,885,"2",7.6,8.3,12.03,4,97,NA,1.1,161.2,NA,NA,"B","B11","U111",1.3945,0.05,c(-4.838158235, 42.28735972)
31022262,946,"1",5.8,6.36,4.45,4.2,1,19.1,0.7,92.3,NA,NA,"B","B31","U111",1.537,0.23,c(-4.860295818, 42.37570195)
31041882,646,"3",7.2,7.8,17.09,23.7,210,NA,2.7,643.4,NA,NA,"B","B15","U111",0.85,0.15,c(-4.054030473, 39.01169752)
31062246,875,"3",7.7,8.3,13.02,7.5,144,11,1.2,257.4,0.6,0.5,"B","B11","U111",1.446,0.09,c(-4.777305093, 42.24141317)
31062252,899,"3",6.1,6.67,3.69,5.9,1,NA,0.8,53.9,0.5,1.2,"B","B11","U111",1.6835,0.1,c(-4.790506101, 42.29443269)
31062270,992,"3",5.8,6.15,5.7,10.7,1,11.8,1.4,99.4,1,2.5,"B","B11","U111",1.154,0.31,c(-4.830297469, 42.45346004)
31063480,31,"1",4.7,5.3,6.39,28,NA,37.4,2.9,46,NA,NA,"E","E20","U111",1.328,0.05,c(-8.336991678, 53.03630996)
31081642,1052,"1",6.4,6.86,7.94,9.9,1,12.1,0.9,244.3,NA,NA,"B","B74","U111",1.713,0.16,c(-3.570811818, 36.87999965)
31081962,783,"1",5.6,6.36,5.73,5.7,1,NA,0.9,71.2,NA,NA,"F","F40","U112",1.2615,0.18,c(-4.163569776, 39.72916986)
31082232,804,"4",7.7,8.12,19.75,11.3,62,16.1,2,241.1,NA,NA,"B","B52","U111",1.503,0.08,c(-4.722860159, 42.1211968)
31082236,814,"2",7.4,7.97,21.1,13.3,58,10.4,2,181.3,NA,NA,"B","B31","U111",1.3485,0.14,c(-4.731595768, 42.15655421)
31083442,290,"1",4.7,5.2,27.2,116.1,NA,39.1,8.2,220.5,NA,NA,"E","E20","U111",0.714,0.24,c(-8.166351019, 52.7117757)
31101964,755,"3",7.1,7.44,5.93,3.3,1,NA,0.3,58.1,NA,NA,"E","E30","U112",1.617,0.28,c(-4.144576334, 39.75028722)
31102104,966,"1",7.4,8.07,17.75,5.7,59,NA,1.1,161.8,NA,NA,"B","B31","U111",1.3735,0.05,c(-4.42707114, 40.99196908)
31102202,846,"2",7.4,7.99,25.8,16.6,252,NA,1.5,157,NA,NA,"B","B52","U111",1.267,0.04,c(-4.634111287, 41.85943513)
31102220,804,"2",7.7,8.32,20.1,8.4,117,11.3,1.2,262,NA,NA,"B","B31","U111",1.4135,0.05,c(-4.673008828, 42.01861403)
31102270,951,"1",6.7,6.94,9.46,11.2,1,31.5,1.6,208.3,NA,NA,"B","B31","U111",1.587,0.22,c(-4.782515955, 42.46053226)
31102306,1250,"3",7.3,7.62,17.78,30.8,41,NA,1.7,52.3,NA,NA,"E","E10","U420",1.186,0.26,c(-4.862714027, 42.77849067)
31103548,87,"1",5.2,5.57,36.7,50.6,NA,17.6,4.8,87.2,NA,NA,"E","E20","U111",0.799,0.26,c(-8.538749295, 53.63356837)
31122070,1375,"4",6.6,6.89,25.1,14.3,2,NA,1.6,189.2,NA,NA,"E","E20","U111",1.4035,0.22,c(-4.33381061, 40.69409529)
31122088,1089,"2",5.5,6.19,12.72,3.9,1,NA,0.5,51.9,NA,NA,"E","E10","U111",1.506,0.28,c(-4.370703755, 40.85363052)
31122114,895,"1",5.9,6.49,5.21,3.4,1,51.2,0.5,126.3,NA,NA,"F","F40","U112",1.269,0.09,c(-4.424449022, 41.08398651)
31122280,985,"1",6.6,6.79,55.2,32.8,1,108.2,3.8,1110.7,0.9,5.7,"B","B16","U111",1.416,0.13,c(-4.780750476, 42.55240642)
31122298,1099,"1",5.2,5.85,8.15,24.1,1,NA,2.3,80.3,NA,NA,"D","D10","U420",1.3185,0.37,c(-4.82080468, 42.71139398)
31122376,396,"1",3.6,4.59,19.71,267.7,NA,18.8,14,129.3,NA,NA,"E","E10","U111",0.5055,0.05,c(-4.997735107, 43.3998048)
31123392,43,"1",5.7,5.9,41.3,41.3,NA,38.2,4.7,169.5,NA,NA,"E","E20","U111",1.1595,0.15,c(-7.92680793, 52.28727705)
31141652,1276,"3",7.4,7.95,15.36,57.6,410,NA,1.2,81.4,NA,NA,"C","C22","U120",1.7235,0.42,c(-3.522155397, 36.97886558)
31141720,1399,"2",7,7.21,17.88,34.2,81,NA,2.6,520.7,NA,NA,"C","C22","U120",1.29,0.29,c(-3.642179272, 37.58562888)
31141750,510,"2",7.7,7.89,123.4,13.9,391,17.4,1.3,513.6,NA,NA,"B","B81","U111",1.378,0.11,c(-3.696095171, 37.85308975)
31141756,378,"2",7.6,8.19,14.26,9.8,110,NA,1,717.7,NA,NA,"B","B13","U111",0.949,0.09,c(-3.706950383, 37.90656522)
31141966,704,"4",7.5,8.28,16.21,5.5,4,51.3,0.8,612.8,1,2.4,"B","B81","U111",1.678,0.08,c(-4.102635249, 39.77475013)
31142216,925,"3",7.5,8.04,20.5,12.2,133,14,1.2,146,0.8,0.7,"B","B41","U111",1.3915,0.14,c(-4.616906257, 41.9902302)
31142218,929,"3",7.5,8.01,21.3,19.4,374,26.8,1.7,221.5,0.7,0.7,"B","B13","U111",1.1075,0.04,c(-4.621225314, 42.00791737)
31142272,947,"1",6.6,6.92,9.06,12,NA,19.5,1.6,99.6,NA,NA,"B","B55","U111",1.475,0.1,c(-4.739136619, 42.4852536)
31142296,1167,"2",4.7,5.04,14.62,27.7,1,17.7,2.3,88.2,2.4,4.9,"B","B14","U111",1.0225,0.36,c(-4.792355974, 42.69726878)
31161704,1068,"3",7.5,8.04,14.79,9.1,611,NA,1.1,279.1,0.7,0.6,"B","B81","U111",1.5495,0.27,c(-3.591478009, 37.44613693)
31161740,614,"2",7.3,7.99,16.53,15.6,607,21.1,1.4,414.1,0.6,0.5,"B","B81","U111",1.535,0.08,c(-3.655768235, 37.76718005)
31161848,716,"2",7.4,7.9,12.72,8.2,10,26.5,1,674.3,NA,NA,"B","B13","U111",1.3445,0.15,c(-3.853874237, 38.72911314)
31162082,1047,"4",6.8,7.04,17.65,4.4,2,13.3,0.6,106.6,NA,NA,"E","E30","U420",1.376,0.12,c(-4.311793702, 40.80727754)
31162160,918,"3",7.4,7.71,28.7,19.8,428,41.1,1.7,454.2,NA,NA,"B","B13","U111",0.6845,0.1,c(-4.473798356, 41.49820652)
31162208,842,"1",7.5,8.84,31.4,18.2,579,12.7,1.4,447.1,NA,NA,"B","B11","U111",1.1595,0.08,c(-4.575969038, 41.92295527)
31162316,1338,"2",4.4,4.82,11.14,19.5,1,12,2,53.1,NA,NA,"A","A30","U319",1.2835,0.3,c(-4.813040838, 42.87742952)
31163396,60,"3",6.3,6.59,56.2,40.3,1,40.1,4.8,503.6,NA,NA,"E","E20","U111",1.1075,0.22,c(-7.88404535, 52.33074445)
31163428,99,"2",5.3,5.77,21.1,33.2,NA,39.4,3.7,153.7,NA,NA,"E","E20","U111",1.1645,0.12,c(-7.9998672, 52.60820924)
31181714,1295,"2",7.4,8.03,17.34,9.9,460,12,1,315.9,NA,NA,"B","B81","U111",1.286,0.33,c(-3.587032116, 37.53854632)
31182138,836,"2",7,7.69,17.82,5.4,3,43.9,0.8,187,0.3,0.4,"B","B23","U111",1.5915,0.22,c(-4.404134952, 41.3068521)
31182188,829,"1",7.5,8.05,25.3,12.6,581,14.2,1.3,295.2,NA,NA,"B","B11","U111",1.0945,0.06,c(-4.509532166, 41.74947929)
31182218,817,"1",7.6,8.35,12.78,7.4,294,NA,0.9,110.2,NA,NA,"B","B11","U111",1.138,0.21,c(-4.573767745, 42.01488259)
31182246,872,"2",6.3,6.63,6.65,7.9,2,49.6,1.1,160.3,NA,NA,"B","B15","U111",1.446,0.43,c(-4.634408772, 42.26247574)
31201708,1074,"4",7.4,7.96,19.32,13.5,315,NA,1.5,554.7,NA,NA,"B","B81","U111",1.3345,0.26,c(-3.554173031, 37.4882285)
31201884,662,"3",7.6,7.75,92.3,12.4,93,NA,1.5,429.1,NA,NA,"E","E30","U112",1.059,0.23,c(-3.87630729, 39.05594885)
31201952,847,"1",6.7,6.97,18.93,12,2,12.8,1.3,204.6,NA,NA,"B","B81","U111",1.0235,0.13,c(-4.006574174, 39.66040468)
31202126,860,"3",6.2,6.77,6.9,3.1,1,18.8,0.4,99.9,NA,NA,"E","E30","U112",1.389,0.06,c(-4.35570795, 41.20398886)
31202150,930,"4",7.3,7.85,15.24,20.5,139,27,1.9,416.5,NA,NA,"B","B15","U111",1.1315,0.06,c(-4.405730805, 41.41655036)
31221710,1134,"1",7.3,7.63,28.8,14.2,596,10.8,1.5,420.5,1.1,0.9,"B","B81","U111",1.229,0.17,c(-3.535505379, 37.50926845)
31222070,1352,"1",5,5.57,6.02,65.2,NA,20.4,5.6,245.2,NA,NA,"C","C10","U120",0.894,0.22,c(-4.217521176, 40.71107121)
31222146,827,"1",7.3,7.36,71.4,3.9,65,34.5,0.9,117.3,0.7,0.6,"B","B13","U111",1.14,0.04,c(-4.373859403, 41.38455619)
31222178,844,"1",7.6,8.03,36.4,13.3,631,28,1.7,517.7,NA,NA,"B","B31","U111",1.1155,0.12,c(-4.441080861, 41.66787895)
31241766,379,"1",7.7,8.29,20.5,7.8,352,NA,0.9,380.1,NA,NA,"B","B81","U111",1.407,0.13,c(-3.613274417, 38.01183252)
31242162,941,"2",7.1,7.25,21.2,11.8,63,NA,1.3,280.4,NA,NA,"C","C32","U120",1.0295,0.06,c(-4.383809803, 41.52966658)
31261692,1122,"2",7.3,7.99,14.88,90.2,291,14,1.9,83.8,NA,NA,"E","E30","U112",1.647,0.32,c(-3.459426568, 37.35502593)
31261876,673,"2",7.3,7.77,34.2,15.8,9,30.5,1.8,507.3,NA,NA,"F","F40","U112",1.155,0.14,c(-3.793156285, 38.9946174)
31261890,671,"2",7.6,8.35,14.62,9.7,258,10.4,0.9,274.4,1,0.5,"B","B81","U111",1.083,0.12,c(-3.819500869, 39.11915912)
31262106,941,"1",5.3,5.79,5.07,4.1,1,22.5,0.6,132.3,NA,NA,"E","E30","U111",1.353,0.15,c(-4.244245711, 41.03698698)
31262268,945,"1",7.5,8.11,13.99,7.9,25,27.5,1.3,126.4,NA,NA,"B","B31","U111",1.4025,0.13,c(-4.586922247, 42.4709163)
31281644,1299,"1",6.3,6.8,4.72,16.9,NA,NA,1.4,64.6,NA,NA,"C","C10","U420",1.4615,0.57,c(-3.354003829, 36.92960204)
31281744,745,"1",7.2,7.9,16.65,6.8,472,NA,0.8,335.6,0.4,1.4,"B","B81","U111",1.481,0.41,c(-3.529129377, 37.82211198)
31281834,706,"1",5.6,6.45,3.84,7.9,2,NA,1.6,78.2,NA,NA,"B","B15","U111",1.638,0.2,c(-3.692385166, 38.62405931)
31282278,944,"1",6.4,6.74,9.33,9.2,1,30.8,1.1,89.7,NA,NA,"B","B31","U111",1.375,0.09,c(-4.584858685, 42.5627951)
31301736,1290,"1",6.2,6.82,7.08,32.8,NA,NA,2.8,422.8,NA,NA,"C","C22","U120",1.207,0.1,c(-3.49259031, 37.75395799)
31301740,1333,"1",7,7.28,23.4,106.4,331,NA,7.7,560.2,NA,NA,"C","C22","U120",0.758,0.9,c(-3.499698483, 37.78963315)
31301872,675,"1",7.5,8.21,19.16,9.5,68,25.8,1.1,259,NA,NA,"E","E30","U111",0.987,0.22,c(-3.740305444, 38.965549)
31301938,805,"1",7.7,8.36,14.08,6.2,28,15,1.1,283,1,1.3,"B","B74","U111",0.889,0.3,c(-3.865152621, 39.55252581)
31302114,933,"1",4.7,5.54,4.91,5,1,59.1,0.7,115.7,0.6,0.7,"B","B13","U111",1.504,0.24,c(-4.213847899, 41.11466585)
31302214,815,"2",7.4,8.03,15.72,13.9,268,38.6,1.6,232.2,0.5,0.5,"B","B11","U111",1.215,0.13,c(-4.422807804, 42.00025033)
31302240,858,"1",7.3,7.71,13.65,13.8,15,23.8,1.7,195.15,NA,NA,"B","B41","U111",1.3515,0.08,c(-4.478493022, 42.23026862)
31302250,867,"1",7.5,8.2,15.19,5.7,98,NA,1.2,114,NA,NA,"B","B13","U111",1.4015,0.08,c(-4.500063011, 42.31871165)
31321630,1092,"1",7.1,7.46,15.97,6.4,5,NA,0.6,77.7,NA,NA,"D","D20","U420",1.7065,0.6,c(-3.285990522, 36.81080095)
31321900,731,"1",6.9,7.22,20.8,11.4,2,NA,1.3,120.7,NA,NA,"B","B11","U111",0.841,0.06,c(-3.770131811, 39.21791512)
31322030,690,"2",5.8,6.25,5.37,7.5,1,NA,1,153.3,NA,NA,"E","E10","U420",1.373,0.12,c(-4.021337018, 40.37299759)
31341710,1155,"1",7.5,8.2,15.08,14.4,701,20.9,1.4,138.9,NA,NA,"B","B15","U111",1.163,0.29,c(-3.402200687, 37.52834896)
31341722,1081,"3",7.4,8.05,18.14,21.5,526,16.9,2,442.2,NA,NA,"B","B81","U111",1.1885,0.32,c(-3.423286407, 37.63542648)
31341872,688,"2",7.5,8.21,23.3,17.5,284,48,1.8,978.2,1.5,0.6,"B","B82","U111",1.078,0.26,c(-3.69494841, 38.97204808)
31361850,706,"1",7.7,8.16,53,9.9,301,29.1,1,562.8,NA,NA,"B","B82","U111",1.1125,0.17,c(-3.631527686, 38.77945292)
31361918,857,"1",7.5,8.11,20.6,11.7,113,NA,1.1,275.8,NA,NA,"F","F40","U112",1.0225,0.15,c(-3.758548066, 39.38453376)
31361940,761,"3",7.6,8.26,15.53,12.3,619,10.9,1.1,116.3,NA,NA,"B","B13","U111",0.9465,0.22,c(-3.800346437, 39.58014852)
31362128,952,"1",6.6,6.94,15.77,6.3,2,52.1,0.7,197.5,NA,NA,"B","B11","U111",1.3685,0.17,c(-4.172239861, 41.24888478)
31362156,955,"4",6.9,7.27,8.08,7,1,35.9,0.8,164.2,NA,NA,"B","B11","U111",1.1205,0.04,c(-4.229975322, 41.49698393)
31362210,796,"1",7.3,7.69,22.5,20.5,383,29.1,2.2,377.2,NA,NA,"B","B31","U111",1.005,0.17,c(-4.34312298, 41.97514559)
31362264,883,"2",6.5,7.01,5.36,7.5,1,14.9,1.1,83.8,NA,NA,"B","B11","U111",1.7645,0.06,c(-4.458700162, 42.45289431)
31381934,788,"1",7.6,8.14,17.03,5.8,432,10.3,1.1,92.7,NA,NA,"B","B15","U111",0.779,0.16,c(-3.766046686, 39.53007414)
31401864,696,"1",7.5,8.13,7.88,2.5,3,NA,0.4,170.9,NA,NA,"B","B81","U111",1.2105,0.11,c(-3.612091561, 38.91054372)
31402008,719,"2",5.8,6.53,5.17,5,1,NA,0.6,140.4,0.8,0.9,"B","B18","U111",1.3305,0.19,c(-3.885595608, 40.19093507)
31402026,674,"2",7.1,7.69,13.94,5.1,3,NA,0.7,233.7,1,0.5,"B","B11","U111",1.271,0.22,c(-3.920850493, 40.35077082)
31402242,847,"2",7.4,8.1,13.36,8.9,49,NA,1.4,195.6,NA,NA,"B","B52","U111",1.5095,0.05,c(-4.363646821, 42.2651757)
31421694,1130,"2",7.4,7.97,21.7,14.1,359,14.3,2.1,144.3,NA,NA,"F","F40","U112",1.199,0.43,c(-3.285501679, 37.39813052)
31421712,1060,"1",7.3,7.87,16.49,17.1,720,NA,1.8,220,NA,NA,"D","D20","U420",1.1445,0.12,c(-3.316781468, 37.55881695)
31421824,862,"2",6.9,7.5,11.57,8.1,1,13.9,1.4,207.2,NA,NA,"F","F40","U112",0.968,0.21,c(-3.516172419, 38.5575368)
31421950,800,"2",7.8,8.3,19.24,8.4,175,21.3,1,342.3,0.8,0.7,"B","B82","U111",0.8595,0.17,c(-3.750715414, 39.67885364)
31422138,937,"2",7.4,7.75,23.1,21.1,220,38.8,2,257.7,0.3,1.1,"B","B13","U111",1.0125,0.06,c(-4.122297513, 41.34762239)
31422166,836,"1",7.4,7.83,16.13,12.3,68,24.1,1.1,179.6,NA,NA,"B","B13","U111",1.098,0.03,c(-4.179988647, 41.59572898)
31422198,875,"1",7.5,7.89,18.28,19,558,13.6,1.7,280.2,0.2,0.5,"B","B13","U111",1.2815,0.1,c(-4.246699882, 41.87914337)
31422234,834,"1",7.5,8.08,24.7,18.9,456,NA,1.9,491,NA,NA,"B","B13","U111",1.3075,0.11,c(-4.322759637, 42.19781185)
31422252,859,"2",6.9,7.26,9.46,9.6,2,30.7,1.3,132.3,NA,NA,"B","B11","U111",1.376,0.15,c(-4.361196571, 42.35707775)
31422310,1150,"1",6.2,6.47,23.3,35.7,13,NA,3.7,159.1,NA,NA,"C","C10","U111",1.026,0.36,c(-4.486932377, 42.86995928)
31422336,982,"1",4.5,5.11,10.64,27,NA,NA,2.3,110.7,NA,NA,"C","C10","U120",0.9975,0.31,c(-4.544247237, 43.09971934)
31441666,1863,"1",6.1,6.25,62.1,28.3,1,12,1.8,70.2,NA,NA,"C","C22","U120",1.4675,0.48,c(-3.215144248, 37.15119534)
31441882,677,"3",7.5,8.21,16.66,12.3,548,19.3,1.4,382.9,NA,NA,"E","E30","U112",0.911,0.26,c(-3.600035106, 39.07721578)
31461986,666,"1",7.7,8.34,15.72,NA,113,10.9,0.5,187,NA,NA,"B","B11","U111",1.3085,0.11,c(-3.773751747, 40.00535348)
31462112,1025,"1",6.1,6.64,4.01,6.2,1,28,0.8,145.4,0.6,0.6,"B","B11","U111",1.1485,0.16,c(-4.022449086, 41.12382656)
31462234,835,"2",7.4,7.95,15.16,11.7,260,14.2,1.2,239.1,NA,NA,"E","E30","U112",1.099,0.08,c(-4.275129836, 42.20463888)
31462364,361,"1",4.9,5.22,21.1,48.2,1,NA,5,90.7,NA,NA,"E","E20","U111",0.9555,0.36,c(-4.558130301, 43.35403028)
31482178,953,"3",7.4,7.81,18.46,23.9,619,61.5,1.6,203.8,0.5,0.2,"B","B13","U111",1.0265,0.17,c(-4.134010326, 41.71216203)
31482262,915,"2",5.1,5.55,11.06,11.8,1,20.9,1.8,209.1,NA,NA,"B","B11","U111",1.232,0.2,c(-4.310940918, 42.45582033)
31501642,791,"3",7.2,7.74,14.16,10.1,7,NA,1.3,73.6,NA,NA,"B","B74","U111",1.4455,0.2,c(-3.108100524, 36.94605145)
31501706,1146,"4",7.6,8.18,19.13,15.8,824,26.7,2,69.4,NA,NA,"B","B13","U111",1.078,0.26,c(-3.217442768, 37.51778595)
31501742,519,"2",7.8,8.27,22.1,10.6,475,NA,1.2,322.7,NA,NA,"B","B81","U111",1.4165,0.1,c(-3.280091768, 37.83911168)
31501756,455,"1",7.6,8.1,20,10.3,421,NA,0.8,438.1,0.7,0.6,"B","B81","U111",1.149,0.12,c(-3.30468183, 37.96401864)
31501858,808,"2",5.6,6.11,5.52,8.7,1,37,0.9,132.5,NA,NA,"B","B13","U111",1.244,0.52,c(-3.487763855, 38.87316733)
31501886,683,"4",7.2,7.77,18.46,17.4,515,31.1,1.8,226.8,0.7,0.3,"B","B11","U111",1.11,0.16,c(-3.539258383, 39.12246696)
31501930,765,"3",7.5,8.19,17.21,34.3,197,13.5,0.9,292.1,NA,NA,"F","F40","U112",1.073,0.05,c(-3.621286174, 39.51399052)
31502084,1535,"4",4.8,5.34,11.1,69.2,NA,NA,4,165.8,NA,NA,"C","C22","U120",0.9885,0.16,c(-3.919462954, 40.88210963)
31521826,840,"4",7.3,8.03,13.46,10.7,16,NA,1.2,175.7,0.7,1.1,"B","B15","U111",1.196,0.18,c(-3.407009103, 38.59128751)
31521920,783,"1",7.4,8.15,12.74,7.5,22,23.9,1,318,0.6,1.2,"B","B81","U111",1.4035,0.17,c(-3.57968546, 39.42825607)
31521980,591,"1",7.6,8.2,18.89,8.2,113,27.5,1,277.9,NA,NA,"F","F40","U112",1.0855,0.16,c(-3.693159434, 39.96181475)
31522114,1059,"3",5.9,6.45,4.16,5.6,1,10.9,0.7,73.8,NA,NA,"B","B11","U111",1.277,0.11,c(-3.956201251, 41.15155675)
31522142,977,"1",7.1,7.67,15.71,13.3,417,35.2,1.5,238.1,NA,NA,"B","B13","U111",1.088,0.16,c(-4.012908471, 41.39983667)
31522178,963,"1",7.4,7.77,16.02,20.9,336,49.7,2.1,297.4,NA,NA,"B","B13","U111",1.1455,0.29,c(-4.086734184, 41.7188913)
31522358,124,"2",6.8,7.16,12.86,17.4,5,NA,1.7,35.4,NA,NA,"C","C10","U420",1.044,0.12,c(-4.472017422, 43.31145228)
31523384,82,"1",4.4,4.51,95.7,39.3,NA,21.6,4.7,255.5,NA,NA,"E","E20","U111",0.9635,0.24,c(-7.326852736, 52.30423525)
31523558,45,"4",3.3,4.16,24.2,504.6,NA,18.1,16.3,236.4,NA,NA,"H","H12","U420",0.383,0.4,c(-7.958428781, 53.81443946)
31541666,1342,"3",7,7.25,5.46,8,1,NA,1.1,58.2,NA,NA,"C","C10","U420",1.5415,0.52,c(-3.104566199, 37.1667199)
31541840,746,"2",7.1,8.11,16.81,11.6,126,NA,1.4,708.6,NA,NA,"B","B13","U111",0.891,0.06,c(-3.409735598, 38.71920287)
31541994,647,"4",7.2,7.31,228,11.6,400,12.8,1.5,224.5,NA,NA,"A","A30","U319",1.229,0.04,c(-3.696949812, 40.08949283)
31542128,981,"2",6.3,6.6,12.53,20.4,NA,22.3,1.9,120.7,NA,NA,"E","E20","U120",0.9695,0.04,c(-3.960997294, 41.27903891)
31542174,957,"1",7.5,7.98,21.6,24.7,584,51.9,1.7,206.5,0.4,0.3,"B","B31","U111",0.956,0.2,c(-4.054851382, 41.68680381)
31542242,864,"1",7.5,8.02,17.04,14.9,291,16.3,1.6,375.4,NA,NA,"B","B52","U111",1.2685,0.06,c(-4.196731685, 42.28904382)
31542332,1134,"4",3.3,4.16,15.69,61.5,NA,17.5,4.4,174.3,NA,NA,"C","C10","U420",0.9685,0.25,c(-4.390487306, 43.08513885)
31542354,188,"4",4.6,4.94,36.3,31,1,NA,3.3,77.6,NA,NA,"E","E20","U111",0.985,0.14,c(-4.438918849, 43.27956993)
31561686,1060,"1",7,7.44,9.41,10.1,2,NA,1.2,75.8,NA,NA,"E","E20","U420",1.1065,0.4,c(-3.11647576, 37.34849795)
31561826,881,"4",6.4,6.67,7.8,15.8,NA,NA,1.6,164.5,NA,NA,"C","C10","U150",1.137,0.23,c(-3.36187607, 38.59762394)
31561880,697,"4",7.5,8.12,22,11.5,407,49.1,1.2,440.3,NA,NA,"F","F40","U112",1.0875,0.12,c(-3.460011952, 39.07864837)
31561934,754,"4",7.5,8.18,16.36,8.7,232,12.8,1.1,570.7,NA,NA,"B","B13","U111",1.0335,0.06,c(-3.560166765, 39.5592447)
31561952,723,"4",7.7,8.15,26.7,25.2,454,11.4,1.2,475.3,NA,NA,"D","D20","U112",0.701,0.06,c(-3.594009906, 39.71934907)
31561978,678,"4",7.7,7.81,72.5,12.1,437,13.3,1,158.8,NA,NA,"B","B81","U111",0.799,0.16,c(-3.643305639, 39.95052808)
31561992,658,"4",7.4,7.97,19.24,8,351,14.1,1.3,167.2,NA,NA,"B","B15","U111",1.321,0.08,c(-3.67005277, 40.07496866)
31581972,755,"4",7.5,8.07,22.1,11.5,275,15.3,1.2,348.7,NA,NA,"F","F40","U112",0.7325,0.11,c(-3.608886712, 39.90042162)
31582170,936,"4",7.4,7.82,19.24,18.7,76,26.6,1.9,925.1,NA,NA,"B","B13","U111",0.932,0.03,c(-3.999385166, 41.65804463)
31601976,765,"1",7.4,8.33,14.71,10.1,268,NA,0.8,168.7,0.6,0.2,"B","B81","U111",1.1225,0.02,c(-3.593470903, 39.93921503)
31602000,655,"1",7.6,8.06,22.7,11.7,541,NA,1.3,202.1,0.5,0.2,"B","B35","U111",1.197,0.11,c(-3.639229867, 40.1525564)
31602108,1078,"1",7.3,7.61,22,26.7,75,NA,1.7,124.4,NA,NA,"C","C33","U420",1.0865,0.15,c(-3.850450282, 41.11157572)
31602144,1059,"3",6.1,6.5,6.92,12.8,1,55,1.2,220.5,0.6,1.2,"B","B11","U111",1.106,0.12,c(-3.922843082, 41.43088235)
31602148,1012,"1",7.3,7.81,20.3,23.5,247,29.4,2.5,412.2,NA,NA,"B","B31","U111",1.0515,0.2,c(-3.930949618, 41.46634963)
31602166,818,"1",7.1,7.67,16.91,9.4,3,44.4,1.1,278,NA,NA,"B","B82","U111",1.212,0.1,c(-3.967586277, 41.62592472)
31602256,876,"1",7.3,7.85,13.96,6.9,4,22.5,1.1,204.5,NA,NA,"B","B31","U111",1.2215,0.02,c(-4.154706945, 42.42312356)
31621666,1265,"1",7.3,8.03,8.73,6.6,2,NA,0.8,38.9,0.3,1,"B","B74","U111",1.5715,0.31,c(-3.016073297, 37.17904644)
31621696,1072,"1",7.5,8.26,11.15,5.1,10,NA,0.6,148.2,NA,NA,"F","F40","U112",1.3635,0.19,c(-3.066967119, 37.44709819)
31621746,527,"2",7.5,8.04,32.9,9.7,446,NA,1.2,465.1,0.4,0.6,"F","F40","U112",1.157,0.03,c(-3.153053449, 37.89354813)
31621858,735,"1",7.5,8.21,15.91,9.3,143,12.4,1,219.5,NA,NA,"F","F40","U112",1.1415,0.23,c(-3.35179924, 38.89223959)
31621980,673,"1",8.1,8.15,270,10.2,162,NA,1.2,97.1,NA,NA,"B","B81","U111",0.732,0.03,c(-3.578040432, 39.97800487)
31622088,1171,"1",6,6.31,12.58,23.4,2,11,2.3,176.7,NA,NA,"C","C10","U120",1.377,0.36,c(-3.787305674, 40.93738874)
31622092,1535,"2",5,5.72,7.22,13.1,NA,NA,1.3,65.6,NA,NA,"C","C22","U120",1.024,0.3,c(-3.795224895, 40.97288969)
31641680,1336,"1",7.5,8.24,14.33,14.3,273,NA,0.9,42.4,NA,NA,"B","B74","U111",1.4675,0.35,c(-3.017588157, 37.30722945)
31641838,817,"1",7.5,8.23,15.74,15.3,217,31,1.1,658,1.9,1.2,"B","B82","U111",1.104,0.13,c(-3.293085863, 38.71718835)
31641870,713,"1",7.6,8.33,16.87,15.3,616,17.7,1,212.4,NA,NA,"F","F40","U112",1.2135,0.12,c(-3.350890008, 39.00229833)
31642018,597,"1",7.4,7.91,15.47,13.7,48,76.4,1.7,539.4,1,2.3,"B","B12","U111",1.286,0.13,c(-3.627536102, 40.31899691)
31642144,1058,"1",7.3,7.73,13.21,14.2,23,54.3,1.5,418,NA,NA,"B","B11","U111",1.0095,0.16,c(-3.875759911, 41.43750688)
31661740,734,"2",7.3,8.11,15.23,6.8,548,NA,1.1,542.1,0.4,0.4,"B","B81","U111",1.224,0.07,c(-3.09797445, 37.84619508)
31661818,897,"1",7.5,8.21,17.48,8.1,420,14.3,1.1,269.5,NA,NA,"B","B81","U111",1.127,0.15,c(-3.234755714, 38.54205334)
31661880,707,"4",7.4,8.1,17.5,15.5,396,28.1,1.3,247.4,NA,NA,"F","F40","U111",1.0505,0.2,c(-3.346363601, 39.0945301)
31662172,827,"1",7.5,7.82,26.8,20.2,78,29.3,2.2,660.2,NA,NA,"B","B31","U111",0.9665,0.17,c(-3.908955996, 41.6890815)
31662352,353,"1",4.1,4.43,33.9,40.1,NA,NA,3.6,269.6,NA,NA,"E","E10","U111",0.8235,0.38,c(-4.289089628, 43.28252467)
31681822,908,"1",6.3,6.84,5.67,10.9,1,NA,1.1,122.6,NA,NA,"B","B11","U111",1.185,0.34,c(-3.219311079, 38.58084592)
31681858,754,"1",7.7,8.38,14.83,8.7,430,20,0.8,366.6,1.3,0.6,"B","B82","U111",1.339,0.25,c(-3.28379155, 38.90170395)
31681918,709,"2",7.5,8.1,18.67,9.9,546,29.5,1.1,273,NA,NA,"B","B13","U111",1.062,0.09,c(-3.393221314, 39.43604671)
31682218,853,"4",7.7,8.2,16.57,11.8,189,13.9,1.2,410.4,NA,NA,"B","B11","U111",1.104,0.11,c(-3.979748478, 42.10005831)
31682260,885,"2",7.5,8.05,13.88,5.7,18,12.4,0.9,200.1,NA,NA,"B","B11","U111",1.4695,0.11,c(-4.067477116, 42.47201759)
31701848,831,"1",7.6,8.31,14.92,6.5,53,16,0.7,406.8,1.2,0.8,"B","B82","U111",1.2885,0.05,c(-3.243148847, 38.81573503)
31701854,772,"2",7.7,8.21,20.6,5.4,260,23.7,1.1,356.9,1.2,0.5,"B","B82","U111",1.1855,0.23,c(-3.253922574, 38.86920462)
31702250,925,"1",7.2,7.87,15.01,13.7,290,14.1,1.7,452,1.3,0.8,"B","B11","U111",1.112,0.19,c(-4.022559024, 42.38683021)
31702280,1015,"1",7.5,7.91,18.51,16,294,16.8,1.5,460.9,1.1,1.2,"B","B31","U111",1.17,0.16,c(-4.085770154, 42.65242572)
31703420,61,"4",4.9,5.47,13.25,47.4,NA,57.6,5.2,205.6,NA,NA,"E","E20","U111",0.9225,0.24,c(-7.193745303, 52.65534195)
31721688,1358,"1",7.5,8.06,23.4,21.7,150,NA,2.4,253.2,NA,NA,"E","E10","U420",0.9685,0.41,c(-2.942385968, 37.39097339)
31721768,849,"1",7.2,7.65,21.2,21.6,367,15.5,1.6,644.9,0.6,0.8,"B","B81","U111",0.8225,0.07,c(-3.079373462, 38.10539658)
31721774,690,"4",7.2,7.85,16.29,19.6,405,NA,1.9,466.7,NA,NA,"B","B81","U111",0.7275,0.15,c(-3.089812482, 38.1589398)
31721792,685,"4",6.6,7.06,6.8,4.9,1,NA,0.7,187.6,0.3,0.8,"B","B81","U111",1.082,0.08,c(-3.121270003, 38.31953742)
31721930,714,"3",7.5,8.07,15.32,5.7,42,NA,0.8,853.8,NA,NA,"B","B13","U111",0.7725,0.04,c(-3.36963452, 39.54920728)
31721966,773,"2",7.5,8.08,25.1,18.6,561,62.8,1.7,561.1,NA,NA,"B","B13","U111",0.799,0.23,c(-3.436585446, 39.86953708)
31721984,622,"2",7.7,8.44,14.73,11.5,364,NA,0.6,121.2,0.4,0.2,"B","B81","U111",0.8295,0.08,c(-3.470407064, 40.02963242)
31722110,1168,"2",5.7,6.03,9.66,48.9,NA,15.5,4.3,238.2,NA,NA,"C","C10","U111",0.825,0.14,c(-3.713822764, 41.14901511)
31722120,1085,"2",7.1,7.62,12.78,18.2,61,NA,1.6,156.2,NA,NA,"D","D20","U420",1.0615,0.12,c(-3.733654459, 41.23775954)
31722134,1103,"3",7.4,7.91,16.69,11.3,141,18.5,1.5,351.8,1.3,0.9,"B","B31","U111",1.0425,0.18,c(-3.761548906, 41.36197834)
31722156,929,"3",7.4,8.06,15.06,7.3,605,22.7,1.1,203.3,NA,NA,"B","B13","U111",1.111,0.33,c(-3.805692131, 41.55712428)
31722228,848,"4",7.4,8.04,16.62,12.2,303,11.2,1.2,311.9,0.7,0.5,"B","B13","U111",1.206,0.07,c(-3.952853205, 42.19531604)
31741664,1130,"3",7.4,8.12,10.42,3.9,2,NA,0.7,68,NA,NA,"B","B74","U111",1.4535,0.41,c(-2.87994322, 37.17950053)
31741694,1176,"1",7.2,7.81,18.46,39.9,59,NA,3.1,429.1,NA,NA,"C","C10","U420",1.095,0.15,c(-2.930307474, 37.44764409)
31742108,1173,"1",6.9,7.26,26.1,18.3,3,32.5,1.9,225.4,NA,NA,"E","E20","U111",1.181,0.13,c(-3.686427334, 41.13452671)
31742212,895,"2",7.7,8.39,12.59,5.8,83,NA,0.7,204.5,NA,NA,"B","B13","U111",1.325,0.05,c(-3.896013438, 42.05687687)
31742280,1045,"2",6.9,7.24,9.69,5.5,1,17.3,0.6,66.9,NA,NA,"F","F40","U112",1.418,0.14,c(-4.037765219, 42.65914811)
31761666,1094,"2",7.6,8.42,9.57,4.9,25,NA,0.6,44.3,NA,NA,"D","D20","U420",1.706,0.41,c(-2.861146076, 37.20041865)
31761882,705,"2",7.4,8.28,12.87,9.9,192,NA,1,347.1,NA,NA,"B","B13","U111",1.151,0.03,c(-3.236282288, 39.12809586)
31762214,929,"4",7.4,8.01,14.37,9.9,66,13,1.2,344,NA,NA,"B","B13","U111",1.4015,0.2,c(-3.876343561, 42.0779148)
31781976,798,"4",7.5,8.18,15.61,7.9,323,12.7,1,175,NA,NA,"B","B13","U111",0.5585,0.18,c(-3.38625734, 39.96804639)
31782094,1125,"4",4.9,5.76,5.47,9.5,1,NA,1.2,128.8,NA,NA,"E","E10","U111",1.4505,0.19,c(-3.612063983, 41.0167423)
31782138,1112,"1",5.7,6.35,5.57,16,1,NA,1.6,107,NA,NA,"E","E20","U111",1.131,0.24,c(-3.698936941, 41.40728315)
31782238,868,"3",7.5,8.03,12.52,8.7,81,22.2,0.9,170.1,NA,NA,"B","B11","U111",1.436,0.05,c(-3.902030557, 42.29388325)
31782246,980,"2",7.5,7.98,21.4,26.5,426,24,1.9,324.2,NA,NA,"B","B11","U111",1.2455,0.2,c(-3.91862661, 42.36475213)
31782310,1030,"4",4.8,4.94,43.7,34.1,NA,19.2,4,152.8,NA,NA,"E","E20","U111",0.945,0.07,c(-4.053312183, 42.93139036)
31783686,205,"2",4.3,4.93,23.4,40.1,NA,NA,2.6,90.4,NA,NA,"E","E20","U420",1.085,0.28,c(-8.064965698, 54.98097474)
31801764,593,"4",7.4,8.12,14.61,45.5,218,NA,1.5,409,1.1,1.6,"B","B81","U111",0.866,0.15,c(-2.982787107, 38.08201974)
31801846,824,"4",7.5,8.06,22.4,12.9,365,31.1,1.2,884.5,NA,NA,"B","B82","U111",1.202,0.1,c(-3.126344685, 38.81352231)
31801858,867,"4",7.7,8.31,17.04,10.8,409,18,1.1,469.6,1.3,1.1,"B","B82","U111",1.134,0.09,c(-3.147725778, 38.92048902)
31801864,820,"2",7.5,8.16,19.72,10.6,528,15.4,1.2,317.6,0.7,0.4,"B","B81","U111",1.1355,0.23,c(-3.158452599, 38.97396454)
31801876,721,"4",7.3,8.14,15.61,10.9,382,14.1,1.2,263,NA,NA,"F","F40","U112",1.1415,0.13,c(-3.179979156, 39.08089992)
31801908,686,"2",7.5,8.24,20.1,7.4,266,13.3,0.9,587.2,NA,NA,"F","F40","U112",1.215,0.02,c(-3.237862582, 39.36595926)
31801998,828,"4",7.5,8.1,15.46,7.5,124,13.5,1,300.8,NA,NA,"B","B82","U111",1.2585,0.15,c(-3.404482757, 40.16690248)
31802196,998,"1",7.4,8.04,16.25,15.1,384,11.9,1.5,281.7,NA,NA,"B","B13","U111",1.199,0.21,c(-3.79202728, 41.92497204)
31802232,872,"4",7.5,8.03,14.26,11.5,163,10.4,1.3,321.2,NA,NA,"B","B11","U111",1.277,0.1,c(-3.86576871, 42.24403981)
31802268,948,"3",7.6,7.98,17.17,9.7,574,10.3,1.3,315.5,0.7,0.6,"B","B13","U111",1.0835,0.07,c(-3.9405681, 42.56293112)
31802344,577,"3",5.6,5.75,38.7,59.7,1,NA,5.4,126.5,NA,NA,"E","E10","U111",0.698,0.45,c(-4.102046355, 43.23557039)
31803412,60,"3",6.9,7.39,46,54.6,29,90.6,5.2,227.3,1,5,"E","E20","U111",1.0465,0.04,c(-7.02177841, 52.60674921)
31821784,525,"4",7.3,8.02,13.77,14,20,NA,1.6,361.1,NA,NA,"B","B81","U111",1.053,0.14,c(-2.994925427, 38.26360279)
31822338,277,"4",6,6.11,61.6,87.5,2,NA,8.4,590.8,NA,NA,"A","A30","U319",0.9925,0.23,c(-4.064906231, 43.18586502)
31841704,845,"4",7.3,7.79,37.2,22.5,453,60.5,2.6,588.4,NA,NA,"B","B81","U111",0.8795,0.15,c(-2.835994322, 37.55221821)
31841902,684,"4",7.4,7.98,33.4,13.3,77,120.6,2,862.2,1,1,"B","B82","U111",1.074,0.04,c(-3.181327101, 39.31878416)
31842046,787,"4",6.8,7.31,16.71,7,3,20.5,0.8,202,NA,NA,"F","F40","U112",1.316,0.1,c(-3.449216032, 40.60001176)
31842060,765,"1",6.7,6.9,42.8,10.1,2,35.9,1.1,264.3,NA,NA,"F","F40","U112",1.2365,0.23,c(-3.476058794, 40.7244198)
31842118,1122,"3",5.1,5.58,12.44,14.1,1,NA,1.6,86.1,NA,NA,"E","E10","U111",1.1265,0.23,c(-3.588827998, 41.23953419)
31842178,902,"1",7.3,7.92,15.7,6.9,15,10.4,0.9,234.6,0.6,0.7,"B","B31","U111",1.3015,0.22,c(-3.708198494, 41.77192247)
31842222,913,"3",7.5,8.13,14.94,6.2,153,NA,0.8,199.1,NA,NA,"B","B11","U111",1.447,0.04,c(-3.797540913, 42.16202736)
31842298,1085,"1",4.7,4.92,7.92,16.1,1,NA,1.6,249,NA,NA,"E","E20","U111",1.22,0.28,c(-3.955572548, 42.83522614)
31861828,907,"3",7.4,8.09,15.35,8.8,40,NA,1,651.5,NA,NA,"F","F40","U112",1.035,0.19,c(-3.026656685, 38.66231013)
31861900,685,"4",7.6,7.63,243,12.2,384,NA,1.6,252.4,NA,NA,"F","F40","U111",1.148,0.15,c(-3.154897564, 39.30409069)
31862074,749,"3",5.4,6.17,6.08,11,1,16.3,1.3,102.9,NA,NA,"B","B41","U111",1.289,0.45,c(-3.479703864, 40.85201145)
31862134,1051,"4",7.6,8.07,21.7,8.3,165,NA,1.2,466,NA,NA,"B","B11","U111",1.4435,0.14,c(-3.596852256, 41.3847958)
31862170,829,"4",7.2,7.9,9.22,5.5,14,NA,0.7,122.4,NA,NA,"B","B13","U111",1.229,0.03,c(-3.668468516, 41.70422852)
31862210,944,"3",7.7,8.17,18.09,6.4,293,20.1,1,171.8,NA,NA,"B","B13","U111",1.385,0.26,c(-3.749237927, 42.05894601)
31862228,936,"3",7.5,8.09,14.65,9.5,235,NA,1,149.8,0.3,0.6,"B","B11","U111",1.2575,0.03,c(-3.786001735, 42.21849787)
31862260,989,"4",7.6,7.9,28.5,12.6,575,16.2,1.7,246.3,NA,NA,"B","B13","U111",1.134,0.2,c(-3.852009958, 42.50203725)
31881848,840,"1",7.6,7.75,177.4,13.4,241,21.3,1.6,640.7,NA,NA,"E","E30","U112",1.073,0.12,c(-3.039270454, 38.84374908)
31881898,691,"4",7.6,8.44,16.79,NA,350,NA,0.4,96,0.9,0.3,"B","B74","U111",1.292,0.08,c(-3.128480727, 39.28938931)
31881944,769,"3",7.7,8.23,22.3,17.7,235,64,1.5,506.2,NA,NA,"B","B82","U111",0.898,0.31,c(-3.212058783, 39.69906196)
31881998,823,"4",7.6,8.14,18.99,3.9,669,13,1.1,107.7,NA,NA,"B","B81","U111",1.256,0.04,c(-3.312059183, 40.17959892)
31882142,1112,"4",7.4,7.94,16.66,11.5,131,18.1,1.3,358.2,NA,NA,"F","F40","U112",1.068,0.22,c(-3.589117298, 41.45903798)
31882258,1029,"1",7.5,7.92,22,22.7,487,17.1,2,335.9,NA,NA,"B","B11","U111",0.98,0.24,c(-3.823914053, 42.48762619)
31901858,942,"1",7.5,8.07,18.5,28.9,356,NA,1.3,376.6,NA,NA,"B","B13","U111",1.071,0.21,c(-3.034286665, 38.93599686)
31901900,684,"1",7.4,7.5,244,15,191,43.9,1.8,447.1,NA,NA,"F","F40","U111",0.957,0.09,c(-3.10926917, 39.31031885)
31901958,802,"1",7.5,7.95,23.1,16.8,223,12.5,1.8,248.5,NA,NA,"B","B13","U111",0.9115,0.14,c(-3.214798197, 39.82682544)
31902066,931,"2",4.9,5.66,4.75,7.1,1,36.3,0.9,198.4,NA,NA,"F","F40","U112",1.411,0.33,c(-3.417646692, 40.78733282)
31902120,1232,"1",6.5,6.76,17.25,25.3,1,NA,1.5,95.9,NA,NA,"C","C32","U120",1.0575,0.22,c(-3.522286794, 41.26697817)
31902138,1031,"1",6.5,6.96,7.26,9.5,1,42.3,1.2,248.5,NA,NA,"B","B11","U111",1.6065,0.25,c(-3.557658332, 41.42677077)
31902242,891,"1",7.4,7.81,11.19,11.9,12,12.1,1.4,97.1,NA,NA,"B","B52","U111",1.278,0.05,c(-3.766991065, 42.34915184)
31921700,816,"1",7.6,8.28,24.2,23.3,547,14.3,2,310.7,NA,NA,"B","B15","U111",1.2025,0.07,c(-2.740310526, 37.52854786)
31921978,732,"4",7.4,7.51,236,23.1,378,40.6,2.5,381.9,NA,NA,"B","B13","U111",0.7195,0.05,c(-3.22867977, 40.00796553)
31942200,991,"2",7.7,8.38,12.16,5.8,367,13.2,0.8,189.8,NA,NA,"B","B13","U111",1.336,0.07,c(-3.633903961, 41.98334768)
31961694,907,"1",7.6,7.78,241,3.9,258,NA,0.6,192.7,0.2,0.5,"B","B81","U111",1.1705,0.07,c(-2.685859367, 37.48091281)
31961968,843,"4",7.5,7.94,27.3,13.4,73,17.2,1.4,360,1.9,1.2,"F","F40","U112",0.6725,0.17,c(-3.164160024, 39.92523345)
31962040,710,"2",7.5,7.78,50.2,7.8,151,NA,1.1,416,NA,NA,"F","F40","U112",1.3255,0.19,c(-3.298305043, 40.56576215)
31962076,799,"1",6.5,7.02,9.58,7.2,1,36.7,0.9,153.7,NA,NA,"E","E30","U420",1.306,0.15,c(-3.366785404, 40.88575637)
31962130,1066,"1",7.4,7.86,16.76,2.9,2,NA,0.7,163.4,NA,NA,"F","F40","U112",1.5235,0.21,c(-3.471315827, 41.36541327)
31962306,1040,"4",7.2,7.49,48.3,31,105,19.7,3.1,129.6,NA,NA,"C","C10","U420",0.934,0.06,c(-3.827810753, 42.92599421)
31963440,61,"1",7.2,7.78,41.8,17.4,47,32.4,2.1,164.2,1.1,3.2,"B","B13","U111",1.357,0.24,c(-6.887089817, 52.8837647)
31981674,1429,"1",6.9,7.34,9.07,11.4,3,NA,0.6,46.3,NA,NA,"C","C22","U120",1.2415,0.44,c(-2.630648089, 37.30504988)
31981684,1078,"4",7.5,8.32,10.76,4,40,NA,0.5,77.2,NA,NA,"F","F40","U112",1.0645,0.19,c(-2.64710699, 37.39448539)
31981858,968,"3",7.6,8.25,15.25,8.9,524,NA,1.3,303,1.2,0.5,"B","B13","U111",1.179,0.12,c(-2.943502263, 38.94830726)
31982268,1057,"4",7.6,7.96,22.4,26.2,161,NA,2.3,268.5,NA,NA,"D","D10","U420",0.931,0.23,c(-3.724730736, 42.59268618)
31983538,128,"1",6.9,6.93,99.8,107.5,109,57.9,10.6,332.3,NA,NA,"E","E10","U111",0.7295,0.7,c(-7.204517817, 53.74044902)
32001860,930,"1",7.5,8.21,17.75,10.8,513,NA,1.4,316.3,NA,NA,"F","F40","U112",1.055,0.19,c(-2.924316035, 38.96920696)
32002162,950,"4",7.5,8.01,15.75,6.1,44,13.3,0.9,189.8,NA,NA,"B","B31","U111",1.1525,0.13,c(-3.487027523, 41.6559103)
32002166,954,"2",7.4,8.21,14.32,7.5,318,13.1,0.7,170.1,NA,NA,"B","B11","U111",1.232,0.28,c(-3.494930909, 41.69141148)
32002248,939,"4",7.6,7.97,24.9,19.6,302,NA,1.7,504,1,0.8,"B","B13","U111",1.1795,0.24,c(-3.659725251, 42.4187106)
32021898,703,"1",7.7,8.21,24.9,5.8,47,30,0.6,379.7,1.6,0.9,"B","B82","U111",1.0735,0.05,c(-2.968776829, 39.3110497)
32021944,790,"1",7.6,8.11,18.21,21.6,332,82.8,2.3,459.5,NA,NA,"B","B13","U111",1.0195,0.18,c(-3.051391738, 39.72088121)
32021988,625,"1",7.5,8.02,18.01,10.9,371,25.6,1,193,NA,NA,"B","B13","U111",1.273,0.1,c(-3.131781233, 40.11261554)
32022010,849,"1",7.3,7.87,15.81,6.5,3,NA,0.8,230.5,NA,NA,"B","B13","U111",1.2715,0.14,c(-3.172486677, 40.30838135)
32022028,927,"3",6.4,6.8,16.63,8.8,NA,31.4,1,269,NA,NA,"F","F40","U112",1.5735,0.07,c(-3.206048035, 40.46850339)
32022132,1082,"1",5.6,6.07,6.88,22.6,NA,NA,2.3,150,NA,NA,"C","C10","U120",1.255,0.21,c(-3.404599865, 41.39277987)
32022172,940,"1",7.6,8.14,18.42,10.1,500,NA,1,132,NA,NA,"B","B13","U111",1.1145,0.2,c(-3.483133665, 41.74787822)
32022276,1060,"3",7.3,7.57,34.8,43.7,125,NA,4.4,351.6,NA,NA,"D","D20","U420",1.2305,0.4,c(-3.693210304, 42.670127)
32022340,258,"3",6.6,6.92,47.6,62.2,8,88.5,5.8,225.7,NA,NA,"E","E20","U111",0.8985,0.09,c(-3.826877198, 43.23694929)
32041778,828,"4",7.6,7.98,16.78,47.5,133,31.1,1.7,332.3,NA,NA,"B","B81","U111",1.2575,0.17,c(-2.737422628, 38.24351922)
32041894,710,"3",7.6,8.48,20.6,6,112,38.8,0.8,369.6,NA,NA,"B","B82","U111",1.032,0.08,c(-2.938850401, 39.27846898)
32041972,846,"3",7.6,8.22,13.07,3.8,94,16.7,0.7,219.5,1.2,1,"B","B12","U111",1.5655,0.29,c(-3.079347029, 39.97330741)
32042030,939,"1",7.3,7.67,43.6,11.2,34,NA,1.2,249,NA,NA,"B","B15","U111",1.4105,0.22,c(-3.186567544, 40.48943067)
32042062,810,"3",6.9,7.29,12.84,12.7,1,24.9,1.3,240.6,0.4,0.8,"B","B13","U111",1.594,0.11,c(-3.246756488, 40.77398915)
32042128,1109,"1",5.2,5.59,8.72,7.7,1,19,1.2,108,NA,NA,"B","B11","U111",1.7275,0.31,c(-3.373279238, 41.36044794)
32042170,968,"1",7.5,8.03,14.97,12.6,137,11.6,1.5,451.4,NA,NA,"B","B11","U111",1.114,0.18,c(-3.455506406, 41.7333408)
32042180,1031,"1",7.6,8.03,14.64,15.9,351,NA,1.4,307,NA,NA,"E","E30","U112",1.2155,0.16,c(-3.475284759, 41.82208972)
32061692,1155,"3",7.4,8.24,14.42,12.1,376,24.7,1,216.2,NA,NA,"B","B74","U111",1.337,0.21,c(-2.57139304, 37.47794024)
32061916,729,"1",7.7,7.87,83.7,13,208,17.6,1.4,1328.1,NA,NA,"E","E20","U420",0.8745,0.04,c(-2.95517876, 39.47761213)
32061988,653,"1",7.5,7.6,231,5.9,250,NA,1,281.6,NA,NA,"B","B13","U111",1.5095,0.12,c(-3.085591144, 40.1188449)
32062006,842,"2",7.5,8.08,16.46,9.6,441,20.1,1.1,196.9,NA,NA,"B","B13","U111",1.666,0.15,c(-3.11875917, 40.2790401)
32062016,688,"1",7.3,7.81,16.61,15.1,424,14.2,1.2,268.1,NA,NA,"B","B11","U111",1.0735,0.09,c(-3.137285173, 40.36801803)
32062178,999,"1",7.4,7.97,13.81,4.7,12,NA,0.6,129.6,NA,NA,"F","F40","U112",1.3175,0.19,c(-3.447623162, 41.80755211)
32062244,960,"1",7.5,7.89,22.6,24.9,408,18.5,1.8,456,0.5,0.6,"B","B13","U111",1.07,0.09,c(-3.579810633, 42.39301248)
32062352,181,"1",4.4,4.68,76.6,59.7,1,56.6,6.3,328,NA,NA,"E","E10","U111",1.299,0.39,c(-3.803745551, 43.34979159)
32081958,813,"1",7.5,8.13,16.58,8.8,432,17.4,1,292.2,0.7,0.4,"B","B41","U111",1.443,0.06,c(-3.007810487, 39.8548443)
32082012,887,"1",7.2,7.73,29.8,24.8,624,NA,2.2,203.7,NA,NA,"B","B81","U415",1.107,0.26,c(-3.106694226, 40.33554714)
32082146,1082,"1",7.1,7.21,50.3,155.1,161,19.5,13.5,551,NA,NA,"D","D20","U111",0.815,0.38,c(-3.361161588, 41.52667055)
32082174,1015,"1",7.5,7.99,20.7,14.1,111,NA,1.5,206.2,NA,NA,"E","E20","U420",1.304,0.15,c(-3.416033112, 41.77525426)
32082228,1091,"1",6.9,7,71.2,51.3,8,NA,5.6,1082.4,NA,NA,"E","E10","U111",0.8345,0.2,c(-3.523579783, 42.25436893)
32101744,1302,"3",7.1,7.6,16.99,23.1,597,NA,2,311.7,NA,NA,"C","C10","U120",0.962,0.11,c(-2.612881903, 37.94877265)
32101790,645,"1",7.2,7.7,15.42,24.3,118,93.5,1.5,467.1,NA,NA,"B","B81","U111",1.281,0.21,c(-2.690322647, 38.35970572)
32101880,748,"3",7.6,8.19,17.09,17.1,326,NA,1.5,468.2,NA,NA,"F","F40","U111",1.116,0.12,c(-2.845752486, 39.1628239)
32102006,838,"1",7.5,7.59,243,14.4,440,17.7,1.3,337,0.4,0.2,"B","B13","U111",1.244,0.16,c(-3.072450324, 40.28526583)
32102064,797,"3",6.4,6.97,9.51,6.2,1,40.3,0.7,156.9,0.6,2.3,"B","B13","U111",1.497,0.11,c(-3.180539366, 40.80120505)
32102126,1215,"4",7.4,8.03,18.82,10,121,20.2,1.3,329.4,NA,NA,"F","F40","U112",1.4575,0.19,c(-3.298799909, 41.35221818)
32102154,917,"1",7.4,8,20,24.2,768,NA,2.6,139.4,NA,NA,"D","D10","U420",1.0245,0.33,c(-3.353152273, 41.60089224)
32102244,967,"1",7.5,7.85,23.1,26,47,33.2,2.9,299.3,NA,NA,"B","B11","U111",1.0115,0.1,c(-3.53196502, 42.3994902)
32102252,950,"2",7.5,8.03,19.17,10.8,594,26.1,1.7,299.5,NA,NA,"F","F40","U112",1.1105,0.36,c(-3.548169696, 42.47042451)
32121666,1365,"4",6.8,7.21,7.56,13.7,1,NA,1.4,165.5,NA,NA,"B","B74","U111",1.3305,0.46,c(-2.462389451, 37.25420991)
32121918,763,"3",7.5,8.04,25.8,12.6,192,20.2,1.2,684.3,NA,NA,"E","E30","U112",1.459,0.09,c(-2.890090433, 39.50463351)
32122142,1073,"2",7.3,7.72,17.16,28.2,591,NA,2.2,333.1,NA,NA,"C","C10","U420",1.057,0.26,c(-3.306196929, 41.49750562)
32141694,1232,"3",7.5,8.34,12.54,7.2,219,10.6,0.6,59.5,NA,NA,"B","B74","U111",1.2395,0.28,c(-2.485706338, 37.50766419)
32141874,826,"2",7.5,8.11,16.19,24.6,422,14.2,1.7,207.8,NA,NA,"F","F40","U111",1.072,0.44,c(-2.789706651, 39.11539311)
32141946,842,"2",7.4,8.06,17.01,13,421,22.2,1.5,267.4,1.5,0.6,"B","B41","U111",1.357,0.2,c(-2.917190941, 39.7571908)
32142000,774,"3",7.4,7.51,241,15.2,193,NA,1.4,245.2,NA,NA,"F","F40","U112",1.0075,0.13,c(-3.015126236, 40.23806426)
32142004,809,"3",7.5,7.72,236,13.4,188,13.2,1.5,201.4,NA,NA,"B","B12","U111",0.927,0.23,c(-3.022461646, 40.27366847)
32142066,776,"1",7.3,8.09,13.63,5.2,37,NA,0.7,228.5,NA,NA,"B","B32","U111",1.4095,0.2,c(-3.137617941, 40.82525285)
32142076,965,"1",7.4,7.92,15.06,11.2,96,NA,1.3,494.4,1.5,0.7,"B","B11","U111",1.166,0.29,c(-3.156451373, 40.91416889)
32142246,1021,"2",7.2,7.71,18.43,10.6,161,19,1.2,68.4,NA,NA,"E","E20","U420",1.0515,0.1,c(-3.488143143, 42.42368188)
32161894,720,"3",7.5,8.26,15.19,7.5,312,13.2,1.1,355.4,NA,NA,"F","F40","U111",1.027,0.11,c(-2.801948803, 39.29678214)
32161998,638,"3",7.3,8.01,16.15,20.7,279,NA,1.2,258.3,NA,NA,"E","E30","U112",1.201,0.13,c(-2.988326155, 40.2233511)
32162002,708,"2",7.5,7.6,220,8.5,534,20.8,0.8,153.8,NA,NA,"B","B81","U111",1.463,0.24,c(-2.995643578, 40.25895841)
32162062,751,"4",7.3,7.87,18.86,16.3,179,17.7,1.8,394.3,NA,NA,"B","B13","U111",1.216,0.1,c(-3.106768564, 40.79280482)
32162134,1105,"1",7.2,7.49,27.1,6.2,486,NA,3.3,309.5,NA,NA,"C","C33","U420",1.122,0.21,c(-3.243574353, 41.43277441)
32162358,65,"2",4.6,4.95,37,38.9,NA,35,4.3,256.6,NA,NA,"E","E20","U111",0.9785,0.09,c(-3.694878199, 43.41937594)
32181698,1150,"2",7.6,8.35,14.25,6.5,307,NA,0.9,479.3,0.7,0.5,"B","B11","U111",1.547,0.07,c(-2.447724015, 37.54933362)
32181716,1045,"4",7.4,8.1,17.75,13,759,19.3,1.1,133.8,0.3,0.2,"B","B74","U111",1.1285,0.23,c(-2.477157882, 37.71032356)
32181780,1415,"4",7,7.5,21.1,111.5,162,NA,4.2,235.4,NA,NA,"C","C22","U120",0.949,0.09,c(-2.583420434, 38.28234997)
32181834,1041,"1",7.3,7.52,51.4,31.6,230,NA,3,1214.9,NA,NA,"E","E20","U111",1.281,0.23,c(-2.675076855, 38.76453788)
32181856,979,"1",7.6,8.09,16.4,18.2,375,15.7,1.6,412.8,NA,NA,"F","F40","U112",1.1975,0.31,c(-2.712954693, 38.96086551)
32181892,740,"1",7.6,8.39,14.01,4.8,104,25.4,0.6,270.5,NA,NA,"B","B82","U111",1.013,0.08,c(-2.775618975, 39.28198116)
32181928,836,"3",7.4,7.96,31.5,10.9,544,NA,0.9,245.2,NA,NA,"B","B13","U111",1.286,0.23,c(-2.839143791, 39.6029146)
32182014,872,"2",7.4,8.01,16.83,11.5,326,NA,1,218.8,NA,NA,"B","B13","U111",1.2125,0.22,c(-2.994475369, 40.36885949)
32182122,1283,"4",4.8,5.42,8.64,3.4,NA,NA,0.5,211.2,NA,NA,"D","D20","U420",1.426,0.18,c(-3.196975953, 41.3293092)
32182144,984,"2",7.5,8.18,18.66,6.4,266,NA,0.9,147.8,NA,NA,"D","D20","U420",1.5325,0.22,c(-3.239279354, 41.52476321)
32201704,1190,"2",7.6,8.36,16.68,27.2,576,NA,1.4,142.7,NA,NA,"B","B74","U111",1.4855,0.16,c(-2.435234984, 37.60594256)
32201740,1252,"4",7.2,7.58,20.8,56.4,375,NA,4,443.2,NA,NA,"C","C22","U120",0.9585,0.26,c(-2.494330721, 37.92785964)
32201782,1389,"4",6.6,6.89,17.62,32.5,1,NA,2.2,236.7,NA,NA,"C","C22","U120",1.4735,0.04,c(-2.564283638, 38.30319182)
32202010,780,"1",7.3,7.41,237,16,185,NA,1.6,285.6,NA,NA,"B","B13","U111",1.0035,0.2,c(-2.963958873, 40.33634165)
32202034,806,"1",7.5,7.69,235,5.1,193,NA,0.8,175.3,NA,NA,"B","B13","U111",1.1175,0.15,c(-3.008087227, 40.54993718)
32202250,881,"3",7.7,8.1,24.8,18.3,328,14.3,1.7,452.5,NA,NA,"B","B11","U111",1.3445,0.04,c(-3.424358498, 42.46880362)
32202258,999,"1",7.4,7.81,19.55,17.7,517,29.5,1.9,297.8,NA,NA,"B","B13","U111",1.1645,0.28,c(-3.440466327, 42.53975375)
32202322,906,"1",4.2,4.76,11.03,42.3,NA,11,3.1,109.6,NA,NA,"D","D20","U420",1.201,0.58,c(-3.57119771, 43.10705355)
32202340,382,"4",4.4,4.71,47.1,45.2,1,13.2,5.1,129.4,NA,NA,"E","E20","U111",0.872,0.13,c(-3.608574398, 43.26651056)
32202352,280,"2",5.9,6.24,40.3,48.8,1,63.6,4.4,311.9,2.2,3.8,"B","B55","U111",0.8935,0.28,c(-3.633643172, 43.37279191)
32221702,1149,"3",7.6,8.32,18.51,18.3,145,NA,2.2,273.4,0.8,0.8,"B","B74","U111",0.961,0.03,c(-2.409700367, 37.59098696)
32221796,926,"1",7.5,8.05,12.86,69,334,NA,0.9,141.7,NA,NA,"B","B81","U111",1.373,0.45,c(-2.565305746, 38.43122278)
32221966,934,"1",7.4,8,21.6,16.7,577,38.5,1.5,344.9,NA,NA,"F","F40","U112",1.2625,0.14,c(-2.861062427, 39.94760216)
32222012,833,"2",7.3,7.68,20.1,21,767,NA,1.7,112.5,NA,NA,"C","C22","U120",0.9755,0.18,c(-2.944434853, 40.3572247)
32222272,681,"4",7.6,8.1,19.01,13.4,224,NA,1.7,212.2,NA,NA,"F","F40","U112",1.4305,0.07,c(-3.444746116, 42.66711384)
32222300,627,"1",5.9,6.27,11.31,9.7,1,10.3,1.1,91,NA,NA,"E","E20","U420",1.2145,0.16,c(-3.501751841, 42.91533769)
32241830,1068,"4",7.6,8.08,14.98,17.6,410,13.4,1,408.6,NA,NA,"F","F40","U112",1.2985,0.3,c(-2.600307456, 38.73781199)
32241952,857,"4",7.4,7.99,16.12,5.5,288,24,1,330.7,NA,NA,"F","F40","U112",1.375,0.12,c(-2.81297503, 39.82592189)
32241980,893,"2",7.5,8.16,16.19,16.5,338,NA,0.9,405.1,NA,NA,"B","B31","U111",1.3175,0.3,c(-2.863192167, 40.07535975)
32242006,680,"3",7.6,8.19,23.2,4.6,628,28.1,0.9,201.2,0.4,0.2,"B","B13","U111",1.2595,0.22,c(-2.910307331, 40.3068841)
32242132,1136,"3",7.1,7.83,14.89,23.2,480,13.2,2.4,507.1,NA,NA,"D","D20","U420",1.251,0.36,c(-3.145459598, 41.42758579)
32242250,884,"2",7.2,7.36,38.5,53.9,325,NA,4.4,549.5,NA,NA,"D","D20","U420",0.8765,0.05,c(-3.376440525, 42.47520873)
32242304,663,"1",7.4,7.93,13.35,15.3,300,NA,1.5,119.2,0.8,0.6,"B","B11","U111",1.2515,0.21,c(-3.485802809, 42.95401965)
32242312,739,"4",5.3,5.45,39.7,27.7,1,53.8,3,81.6,NA,NA,"E","E20","U111",1.2055,0.18,c(-3.502206464, 43.02492235)
32243654,175,"1",4.8,5.07,25.8,173.6,NA,32.4,12.4,115.6,NA,NA,"E","E20","U111",0.3915,0.29,c(-7.243592788, 54.80377052)
32261702,1191,"2",7.5,8.2,19.78,16.5,555,25.8,1.4,245,NA,NA,"F","F40","U112",1.5435,0.1,c(-2.365146253, 37.59683977)
32262048,1027,"2",7.3,7.8,15.73,27.2,205,26.7,2.5,347.1,1.9,1.3,"B","B54","U111",1.116,0.26,c(-2.96411701, 40.68377751)
32262092,1071,"2",6.2,6.52,8.45,11,1,NA,1.1,56.3,NA,NA,"E","E20","U111",1.2735,0.12,c(-3.046116213, 41.07514951)
32262102,1822,"3",5.2,5.67,14.32,213.3,3,21.1,9.9,172.8,NA,NA,"D","D20","U420",0.449,0.28,c(-3.064948675, 41.16406137)
32262242,1116,"2",4.8,4.96,52.6,56.3,1,24.5,5.2,310.5,NA,NA,"E","E20","U111",0.9575,0.11,c(-3.336502693, 42.40743108)
32262300,720,"3",6,6.34,10.68,11.7,NA,NA,0.9,68.1,NA,NA,"C","C22","U420",1.308,0.05,c(-3.453487214, 42.92178696)
32262314,738,"1",5.1,5.43,35.6,30.4,1,32.4,2.6,213.2,NA,NA,"E","E20","U111",1.0675,0.13,c(-3.482133651, 43.04587637)
32281694,1190,"4",7,8.14,9.48,7.1,36,NA,0.7,95.4,NA,NA,"C","C10","U420",1.2115,0.37,c(-2.329939702, 37.52817901)
32281848,1018,"3",7.6,8.24,12.68,28.6,510,NA,1.7,376.2,NA,NA,"B","B11","U111",1.1445,0.47,c(-2.585679404, 38.90445945)
32281852,1058,"2",7.6,8.44,25,16,405,71.1,2,998.2,1,0.5,"B","B12","U111",1.2765,0.41,c(-2.592520619, 38.94016193)
32281920,785,"2",7.3,7.31,230,14.8,284,30.2,1.6,563,NA,NA,"B","B13","U111",1.2955,0.05,c(-2.710418644, 39.54676072)
32281970,938,"3",7.6,8.1,14.46,9.1,233,13.4,1,433,NA,NA,"B","B41","U111",1.289,0.07,c(-2.799073353, 39.9923792)
32282230,1252,"2",6.8,7.04,41.2,70.9,3,48.1,6.9,1183.9,NA,NA,"E","E20","U111",0.8275,0.21,c(-3.288737453, 42.30413531)
32282252,901,"2",7.5,7.86,26.9,14.6,483,70.2,1.7,414.4,NA,NA,"B","B11","U111",1.3265,0.06,c(-3.332508536, 42.49933389)
32282302,767,"1",6.8,7.22,21.1,53.1,160,NA,3.9,94.2,NA,NA,"E","E10","U111",1.207,0.12,c(-3.433427004, 42.94273276)
32301972,986,"4",7.2,7.88,13.58,5.2,3,26.8,0.6,215.3,NA,NA,"B","B31","U111",1.5915,0.06,c(-2.779584735, 40.0132356)
32302008,764,"3",7.6,8.15,18.86,36.7,385,NA,1.4,129.7,NA,NA,"E","E20","U420",1.367,0.39,c(-2.844413274, 40.33387596)
32302124,1303,"1",7.4,7.53,22.3,68.5,84,NA,7.1,454.1,NA,NA,"D","D20","U420",1.0315,0.28,c(-3.059543195, 41.3658569)
32302160,1022,"2",7.4,7.93,12.21,3.9,5,NA,0.6,180.7,NA,NA,"B","B11","U111",1.546,0.16,c(-3.128308043, 41.68576094)
32321698,1242,"1",7.4,7.81,19.73,60.1,257,NA,4,252.8,NA,NA,"D","D10","U420",1.054,0.34,c(-2.291856792, 37.56978781)
32321760,1306,"3",7.3,7.83,18.1,34.3,703,NA,1.4,59.8,NA,NA,"D","D20","U420",1.0305,0.12,c(-2.392854313, 38.12430374)
32321928,865,"1",7.8,7.91,291,12.5,146,NA,1.5,372.7,1.1,0.5,"B","B13","U111",1.336,0.06,c(-2.678615519, 39.62411247)
32322300,792,"1",7.4,8.06,16.11,9.5,502,21.5,1,114.3,NA,NA,"B","B15","U111",1.3015,0.27,c(-3.381072834, 42.93141803)
32322306,745,"4",7.2,7.85,17.05,13.5,462,NA,1.3,72.9,NA,NA,"B","B11","U111",1.3805,0.27,c(-3.393267893, 42.98461237)
32341720,1140,"1",7.6,8.38,13.71,10.8,583,NA,0.7,174.3,NA,NA,"B","B12","U111",1.0065,0.02,c(-2.305093885, 37.76952603)
32341732,1115,"3",7.4,8.01,17.68,30,680,NA,2.4,129.7,NA,NA,"E","E20","U111",1.401,0.68,c(-2.32458574, 37.87686216)
32341804,1322,"2",7.2,7.82,15.22,99.1,292,NA,1.7,132.6,NA,NA,"C","C22","U120",1.3975,0.37,c(-2.443385618, 38.52044465)
32341872,851,"4",7.5,8.11,16.37,12.4,406,11.7,1.3,216.1,1.2,0.6,"B","B74","U111",1.1945,0.32,c(-2.558569495, 39.12759695)
32341984,963,"2",7.6,7.57,237,10.9,114,NA,0.8,131.3,NA,NA,"B","B31","U111",0.973,0.12,c(-2.754875016, 40.12620852)
32341990,887,"2",7.7,7.96,56,13.2,158,NA,0.9,300.3,NA,NA,"B","B13","U111",1.418,0.04,c(-2.765630223, 40.17965692)
32342056,1075,"1",7.5,7.93,20.8,18.4,448,32.9,1.9,154.1,NA,NA,"B","B12","U111",1.196,0.42,c(-2.885591747, 40.76726705)
32342110,1186,"1",6.9,7.18,11.08,19.2,3,NA,2,127.5,NA,NA,"E","E20","U420",1.0605,0.38,c(-2.986047764, 41.24760316)
32342124,1287,"3",7.2,7.5,22.6,41.3,612,10.7,3.6,391.9,NA,NA,"D","D20","U420",1.028,0.26,c(-3.012438645, 41.37207127)
32342152,969,"2",7.3,7.66,8.53,6.2,2,17.9,0.7,161,NA,NA,"B","B14","U111",1.594,0.1,c(-3.065656004, 41.62092957)
32342242,962,"2",7.5,7.99,20.3,22.1,344,13.9,1.8,469.1,0.6,1.1,"B","B13","U111",1.3885,0.07,c(-3.240739086, 42.42013317)
32342286,704,"2",7.3,7.9,18.56,14.7,584,30.4,1.7,169,0.6,0.4,"B","B13","U111",1.246,0.12,c(-3.328636996, 42.81047099)
32361730,1126,"2",7.4,8.02,16.93,13.3,278,NA,1.6,242.9,NA,NA,"E","E20","U111",1.2215,0.2,c(-2.298966599, 37.86188429)
32361928,910,"2",7.6,8.28,18.6,7.6,566,11.9,1,266.6,NA,NA,"B","B82","U111",1.091,0.11,c(-2.632733571, 39.63012044)
32362122,1340,"2",7.1,7.22,21.5,118,240,10.9,4.7,177.6,NA,NA,"D","D20","U420",1.0505,0.51,c(-2.985110766, 41.35738952)
32362184,1194,"3",4.5,5.2,5.23,19.3,NA,NA,1.1,85.5,NA,NA,"C","C22","U120",0.952,0.18,c(-3.103444273, 41.90834268)
32362256,895,"1",7.5,8.17,18.53,21,328,20.5,1.6,445,NA,NA,"B","B13","U111",1.1,0.03,c(-3.24454552, 42.54752774)
32381692,1089,"2",7.3,7.89,15.28,52.4,225,NA,1.4,105.3,NA,NA,"D","D20","U420",1.1085,0.12,c(-2.215431041, 37.52477533)
32381710,1274,"2",7.2,7.84,14.66,70.6,232,NA,1.6,234.8,NA,NA,"C","C32","U120",1.298,0.23,c(-2.244298561, 37.68586052)
32382024,721,"2",7.2,7.86,13.84,18,344,NA,1.6,158.6,NA,NA,"E","E30","U112",1.495,0.23,c(-2.780571374, 40.48852955)
32382106,1157,"3",6.2,6.42,12.24,60.8,1,NA,4.7,168.6,NA,NA,"D","D20","U420",0.8925,0.27,c(-2.931537487, 41.21820964)
32383504,93,"3",4.7,5.35,11.86,45.1,NA,14.5,5.1,124.7,NA,NA,"E","E20","U111",0.852,0.08,c(-6.493861452, 53.52749837)
32401666,591,"3",7.4,7.92,16.14,19.1,228,NA,1.9,212.9,NA,NA,"B","B74","U111",0.864,0.27,c(-2.151882077, 37.29488514)
32401696,1168,"2",7.5,8.08,13.96,4.2,6,NA,0.8,273.8,NA,NA,"B","B74","U111",1.1365,0.38,c(-2.199556877, 37.56346072)
32401702,1075,"3",7.2,7.61,16.94,19.5,225,NA,1.7,187.9,NA,NA,"C","C22","U120",1.16,0.51,c(-2.209155515, 37.61716014)
32401720,1209,"2",7.5,8.37,14.13,4.3,682,NA,0.5,247.7,0.4,0.3,"B","B11","U111",0.96,0.25,c(-2.238079904, 37.77822715)
32401786,1256,"4",7.3,8.03,13.09,17.1,213,NA,1.2,180.6,NA,NA,"C","C22","U120",1.23,0.06,c(-2.345809159, 38.36840804)
32401822,1178,"2",7.4,8.07,12.1,19.9,134,NA,1.9,491,NA,NA,"C","C10","U420",1.1605,0.16,c(-2.405700803, 38.69006364)
32401828,1115,"1",7.1,7.64,28.6,103.2,270,NA,7.1,971.7,NA,NA,"C","C10","U420",0.746,0.19,c(-2.415761699, 38.74365513)
32401886,771,"3",7.7,8.35,13.36,27.3,233,NA,1.2,522.8,2.4,2.7,"B","B82","U111",1.2385,0.16,c(-2.514199588, 39.2614463)
32401984,871,"1",7.2,7.3,233,27,337,13.6,1.6,342.4,NA,NA,"A","A30","U319",1.267,0.09,c(-2.685530995, 40.13527738)
32402074,910,"1",7.4,7.87,14.66,11.6,340,NA,1.3,211.5,NA,NA,"D","D20","U420",1.265,0.19,c(-2.848652944, 40.93662557)
32402080,999,"3",7.4,7.96,25.9,15.6,576,NA,1.5,167.4,NA,NA,"D","D20","U420",1.47,0.42,c(-2.859731055, 40.99001017)
32402188,1264,"1",6,6.22,33.3,31.7,1,NA,2.7,138.3,NA,NA,"C","C10","U120",0.914,0.07,c(-3.063640941, 41.95011862)
32402210,1236,"2",5.4,5.99,5.97,33.9,NA,45.6,3.4,314.9,NA,NA,"C","C22","U120",1.109,0.28,c(-3.106249864, 42.14550871)
32402254,844,"4",7.6,7.96,21.3,21.8,117,20,1.9,832.3,NA,NA,"B","B31","U111",1.132,0.01,c(-3.192590159, 42.53610045)
32402332,353,"3",4.7,5.14,27.6,36.7,4,12.6,4.1,165,NA,NA,"C","C10","U420",1.038,0.39,c(-3.349423358, 43.22790059)
32402336,459,"1",4.2,4.47,38.5,40.6,NA,107.6,4.1,269.2,NA,NA,"C","C10","U111",0.978,0.12,c(-3.357599234, 43.26335656)
32421826,1085,"4",7.5,7.96,16.4,12.9,736,30.3,1.3,207.4,NA,NA,"B","B13","U111",1.081,0.22,c(-2.389760972, 38.72872932)
32421848,1071,"2",7.2,7.81,14.72,27.6,259,NA,2,549.6,NA,NA,"C","C10","U420",1.066,0.35,c(-2.426753665, 38.92520448)
32421926,833,"2",7.5,7.53,241,13.7,251,NA,1.7,233.1,0.4,0.2,"B","B31","U111",1.163,0.08,c(-2.5604172, 39.6212555)
32421998,771,"4",7.3,7.42,225,19.7,413,22.1,1.3,405.5,NA,NA,"B","B13","U111",1.3505,0.09,c(-2.687373465, 40.26302217)
32422106,1217,"1",6.6,6.89,12.37,26.8,1,NA,1.8,122.2,NA,NA,"C","C22","U120",1.022,0.38,c(-2.88453281, 41.22436104)
32422124,1137,"3",7.5,8.14,15.78,14.8,378,16.4,1.2,278,NA,NA,"B","B11","U111",1.162,0.38,c(-2.918204629, 41.38443329)
32422190,1147,"1",5.9,6.01,38.9,26.1,1,43.3,2.8,233.6,NA,NA,"E","E20","U111",1.1255,0.08,c(-3.043720684, 41.97100055)
32422232,1261,"2",4.5,5.21,10.57,31,NA,NA,2.4,94.6,NA,NA,"C","C10","U120",1.038,0.31,c(-3.125312137, 42.34397489)
32423468,508,"1",3.2,4.18,5.63,281.3,NA,12.5,11.1,194.7,NA,NA,"D","D20","U111",0.4265,0.19,c(-6.312216728, 53.22165747)
32441714,1173,"3",7.2,7.57,22.7,97.5,229,NA,2.7,285.1,NA,NA,"C","C22","U120",1.274,0.17,c(-2.183766479, 37.73031265)
32442092,1074,"4",5.9,6.24,7.89,37,NA,11.4,3.1,209.3,NA,NA,"C","C10","U420",0.804,0.13,c(-2.835046292, 41.10289105)
32442260,857,"2",7.5,8.06,20.6,13.8,413,19,1.5,251.8,1.2,1.8,"B","B11","U111",1.149,0.02,c(-3.156450244, 42.59564614)
32461700,1062,"1",7.2,7.75,5.43,3.5,1,NA,0.4,133.3,NA,NA,"B","B74","U111",1.0925,0.18,c(-2.139092876, 37.60788866)
32461726,1256,"4",7.5,8.22,15.26,8.8,683,NA,1.1,192,NA,NA,"B","B12","U111",1.137,0.23,c(-2.180685109, 37.84056766)
32461748,1404,"3",7.4,7.74,20.2,32.9,560,NA,2.3,220.7,NA,NA,"D","D10","U420",1.282,0.2,c(-2.21619389, 38.03737411)
32461888,761,"2",7,7.85,12.11,10,43,NA,1.1,274,NA,NA,"B","B13","U111",1.27,0.19,c(-2.449145227, 39.28817527)
32461916,893,"1",7.1,7.7,15.37,28.2,353,26.9,2.2,244.3,NA,NA,"B","B41","U111",1.3025,0.21,c(-2.497230981, 39.5380078)
32462108,1174,"2",7.2,7.48,22.6,48,197,NA,3.2,384.1,NA,NA,"D","D20","U420",0.8515,0.29,c(-2.841236682, 41.24828022)
32462150,1061,"3",5.6,6.08,5.49,13,NA,NA,0.8,47.9,NA,NA,"C","C22","U120",1.112,0.14,c(-2.919963126, 41.62174786)
32462154,1052,"4",3.1,3.83,14.84,119.8,1,NA,5,130.6,NA,NA,"C","C22","U120",1.406,0.05,c(-2.927528691, 41.65730415)
32463644,156,"4",4.6,4.69,46.52,36.5,NA,30.9,3.6,190.4,NA,NA,"E","E20","U111",0.7955,0.09,c(-6.87295248, 54.76320727)
32481818,1390,"4",7.2,7.5,22.9,138,14,NA,5.7,393.5,NA,NA,"C","C32","U120",0.7885,0.34,c(-2.308510677, 38.66603648)
32481828,1076,"4",7.1,7.43,12.97,13.9,3,NA,1.4,226.2,NA,NA,"B","B74","U111",1.307,0.63,c(-2.325149682, 38.75537669)
32481972,940,"3",7.5,7.94,25.6,16.3,432,14,1.7,1104.8,NA,NA,"B","B31","U111",1.3825,0.05,c(-2.571867978, 40.04034061)
32483682,0,"4",5.7,6.32,8.05,13.2,NA,NA,1.6,81.4,NA,NA,"B","B21","U111",1.486,0.15,c(-6.983547173, 55.09795444)
32501860,941,"2",7.6,8.25,15.29,14,527,NA,1,370.2,NA,NA,"B","B74","U111",1.2505,0.32,c(-2.356066363, 39.04410326)
32501940,897,"1",7.5,7.97,13.99,6.2,14,17.5,0.7,304.5,NA,NA,"B","B13","U111",1.428,0.17,c(-2.492876503, 39.75800807)
32501958,915,"3",7.5,8.38,12.48,4.4,513,10.5,0.4,57.6,0.1,0.2,"B","B11","U111",1.3445,0.18,c(-2.524237367, 39.91851599)
32502018,774,"2",7.7,8.2,20.4,13.9,407,NA,1.2,206.6,NA,NA,"F","F40","U112",1.451,0.17,c(-2.63035043, 40.45322602)
32521732,1248,"1",7.3,7.95,14.95,22.5,698,NA,2,119.2,NA,NA,"E","E10","U420",1.0995,0.29,c(-2.123195765, 37.90287159)
32521750,1235,"1",7.5,8.12,17.81,10.5,757,15.6,1.1,100.9,NA,NA,"E","E30","U111",1.4655,0.35,c(-2.152138702, 38.06390851)
32521764,1257,"2",7.5,8.19,14.21,3.6,303,NA,0.5,90.1,NA,NA,"F","F40","U112",1.504,0.07,c(-2.174784567, 38.1891276)
32521894,771,"2",7.5,8.24,15.45,6.7,145,21.4,0.8,494.7,NA,NA,"B","B82","U111",1.391,0.11,c(-2.390848993, 39.35056243)
32521900,770,"3",7.6,8.24,14.41,6.9,123,16.3,0.7,318,NA,NA,"B","B81","U111",1.6035,0.17,c(-2.401079574, 39.40411051)
32521936,909,"2",7.5,8.3,15.96,4.8,217,13.1,0.7,258.9,NA,NA,"B","B31","U111",1.411,0.2,c(-2.46295579, 39.72529553)
32521944,968,"3",7.4,7.94,18.88,5.3,101,10.5,0.8,316.9,0.9,0.6,"B","B31","U111",1.4135,0.13,c(-2.476821747, 39.79664597)
32522016,760,"2",7.7,8.31,14.51,15.2,293,10.5,0.8,222.3,NA,NA,"B","B31","U111",1.524,0.16,c(-2.603546286, 40.43841053)
32522074,1108,"3",7.6,7.94,11.32,23.7,187,NA,2.1,444.2,NA,NA,"C","C10","U420",1.0955,0.13,c(-2.70821843, 40.95488283)
32522116,1143,"2",7.4,7.71,31.8,24.8,142,46.1,1.8,704.9,NA,NA,"B","B14","U111",1.128,0.27,c(-2.785501002, 41.32860224)
32522178,1204,"2",6.4,6.76,15.75,52.7,3,16.3,2.8,114.6,NA,NA,"C","C32","U120",0.9845,0.11,c(-2.901931231, 41.87986149)
32522272,584,"1",7.3,7.83,23.3,15.2,214,41.2,1.4,212.4,NA,NA,"B","B11","U111",1.1745,0.08,c(-3.083982509, 42.71469449)
32541738,1072,"1",7.6,8.27,17.75,10.8,678,NA,1.1,200.6,NA,NA,"F","F40","U112",1.0805,0.1,c(-2.110420044, 37.95942201)
32541744,1129,"2",7.5,8.13,16.42,65.1,289,NA,2.9,210,NA,NA,"D","D20","U420",1.4565,0.42,c(-2.12005066, 38.01310361)
32542338,460,"2",5.5,5.65,31.1,38.9,3,NA,3.6,125.6,1.4,11.7,"D","D20","U420",1.218,0.2,c(-3.191650602, 43.3033435)
32543634,61,"1",5.3,5.65,49.29,47.9,NA,30.7,4.8,138.1,NA,NA,"E","E20","U111",1.046,0.16,c(-6.715203723, 54.69277513)
32561764,1214,"1",7.6,8.23,15.42,17.8,538,10.3,1.1,135.6,NA,NA,"B","B75","U111",1.4165,0.15,c(-2.129831361, 38.19487785)
32561908,816,"1",7.5,7.99,17.47,12.3,425,12.8,1.5,214,NA,NA,"B","B13","U111",1.2875,0.17,c(-2.368958801, 39.48138147)
32562168,1238,"2",7,7.47,19.23,32.7,371,NA,3.2,241.2,NA,NA,"C","C23","U420",1.112,0.09,c(-2.835521069, 41.7971197)
32582066,1123,"1",7.5,8.03,14.01,73,139,NA,2.2,415.4,NA,NA,"D","D10","U420",1.223,0.1,c(-2.623473102, 40.89271393)
32582074,1168,"2",7.1,7.54,15.82,36.6,538,NA,1.4,244.5,NA,NA,"D","D20","U420",1.2215,0.15,c(-2.637974284, 40.96393689)
32582246,644,"2",7.4,7.9,18.32,10.6,458,15.1,1.4,306.2,0.3,0.5,"B","B11","U111",1.0625,0.03,c(-2.960999055, 42.49321699)
32601880,775,"2",7.3,8.01,16.09,10.1,281,13.5,1.1,184.6,NA,NA,"B","B13","U111",1.2,0.19,c(-2.275800533, 39.2372865)
32601908,807,"2",7.4,7.42,253,10.3,249,11.7,1.3,605.8,NA,NA,"B","B12","U111",1.2845,0.03,c(-2.32315374, 39.48724111)
32601974,1147,"1",7.1,7.6,15.19,25.6,419,NA,2,493.4,NA,NA,"C","C22","U120",1.051,0.2,c(-2.436791377, 40.07599846)
32602258,597,"2",7.4,7.89,24,12.2,242,33,1.5,425.4,NA,NA,"B","B11","U111",1.1155,0.08,c(-2.960338242, 42.60287101)
32602304,497,"1",6.5,6.63,31.6,98.7,9,NA,5.3,188.6,NA,NA,"C","C32","U120",1.016,0.25,c(-3.050797464, 43.01117679)
32602852,70,"2",4.3,5.02,14.15,74.3,NA,25.3,5.8,219.1,NA,NA,"C","C10","U111",0.806,0.21,c(-4.271528481, 47.85535528)
32621810,1131,"1",7.4,8.06,18.51,47.7,216,NA,4.3,367.3,NA,NA,"C","C22","U420",1.007,0.33,c(-2.136974374, 38.61480514)
32621858,801,"1",7.5,8.18,16.92,28.7,475,14.3,0.9,183.4,NA,NA,"F","F40","U112",1.4,0.22,c(-2.216189589, 39.04371693)
32621882,776,"1",7.4,8.03,16.24,15.6,276,NA,1.2,416.8,NA,NA,"B","B41","U111",1.2645,0.08,c(-2.256338989, 39.25805367)
32621922,863,"1",7.3,7.94,11.98,8.7,38,18.1,1,679.5,1,0.5,"B","B31","U111",1.3955,0.06,c(-2.324072542, 39.61510657)
32621954,1069,"1",7.5,8.19,17.22,4.7,505,NA,0.8,164.1,NA,NA,"B","B31","U111",1.4205,0.09,c(-2.379007535, 39.90059258)
32621966,1081,"3",7.3,8.1,10.47,12.9,446,NA,0.5,150.8,NA,NA,"D","D10","U420",1.2425,0.17,c(-2.399782071, 40.00761423)
32622236,804,"4",6.6,7,10.69,11.6,1,26,1.3,240.6,NA,NA,"B","B11","U111",1.044,0.29,c(-2.893704484, 42.41058419)
32622246,602,"1",6.7,6.87,19.24,9.3,2,37.8,1.3,100.6,NA,NA,"B","B41","U111",1.4275,0.06,c(-2.913023625, 42.49940225)
32622254,543,"1",6.8,7.11,12.03,6,2,36.5,0.8,218.8,NA,NA,"B","B11","U111",1.3305,0.39,c(-2.928534441, 42.57044757)
32641866,776,"1",7.4,8.03,17.06,15.4,483,15.5,1.4,176.2,NA,NA,"B","B13","U111",1.223,0.26,c(-2.206750834, 39.11806832)
32641952,953,"2",7.5,8.18,13.88,9.9,345,NA,0.9,257.6,NA,NA,"B","B13","U111",1.3075,0.04,c(-2.352513712, 39.88569068)
32642154,1220,"2",7.7,8.46,11.81,2.2,87,NA,0.5,64.3,0.4,0.3,"B","B11","U111",1.3315,0.06,c(-2.714461001, 41.68483117)
32642280,808,"4",7.1,7.46,24.9,56.5,363,NA,2.5,210.1,NA,NA,"C","C22","U120",1.193,0.14,c(-2.955180343, 42.80439128)
32642320,298,"1",3.7,4.4,9.71,40.1,NA,NA,2.7,95.5,NA,NA,"C","C22","U120",0.9465,0.29,c(-3.034163273, 43.1593875)
32661818,1198,"2",7.5,7.94,14.38,69.6,238,NA,3,262.3,NA,NA,"D","D20","U420",1.2255,0.19,c(-2.104795753, 38.69205793)
32662124,1099,"1",7.5,8.05,15.1,15.4,292,NA,1.5,254.4,NA,NA,"B","B11","U111",1.214,0.35,c(-2.635305152, 41.42098511)
32681814,1143,"3",7,7.29,23.5,67.8,322,NA,4.2,704,NA,NA,"C","C22","U120",0.905,0.4,c(-2.075630709, 38.65916462)
32681868,764,"2",7.8,8.11,32.1,21.2,420,18.5,2,177.6,NA,NA,"B","B11","U111",1.1875,0.29,c(-2.164507, 39.14171123)
32681896,792,"3",7.5,8,14.25,13.4,27,NA,1.4,658.2,NA,NA,"B","B53","U111",1.28,0.04,c(-2.21131062, 39.39176322)
32682102,1217,"1",7.1,7.44,33.8,108.3,123,14.1,6.2,598.7,NA,NA,"C","C10","U420",0.604,0.43,c(-2.571521849, 41.22820037)
32682108,1183,"2",7.4,7.62,45,42.4,99,NA,4.2,790.8,NA,NA,"D","D20","U420",1.0245,0.32,c(-2.582449884, 41.28160509)
32682126,1014,"4",7.4,8,13.83,6.8,326,18.5,0.9,206.9,0.4,0.5,"B","B11","U111",1.287,0.24,c(-2.615388237, 41.44179129)
32682144,1073,"2",6.6,7.02,19.71,22.6,27,NA,1,107.1,NA,NA,"C","C22","U120",1.1695,0.06,c(-2.648559686, 41.60193566)
32682156,1164,"4",7.3,7.73,18.46,52.8,95,NA,2.2,338.1,NA,NA,"E","E20","U420",1.001,0.07,c(-2.67080459, 41.7086754)
32682270,582,"3",7.4,8.15,16.53,10.4,454,10.5,1.3,133.6,0.7,0.7,"B","B13","U111",1.2825,0.29,c(-2.887478663, 42.72178757)
32682930,98,"2",6,6.26,15.93,35.4,1,57.8,4,272.7,NA,NA,"B","B55","U111",1.086,0.05,c(-4.363105188, 48.55592991)
32701756,1129,"2",7.5,8.17,15.69,11.9,657,NA,0.9,165,NA,NA,"B","B37","U111",1.3995,0.24,c(-1.959693989, 38.14325554)
32701818,1188,"2",7.3,7.78,16.91,38.3,64,NA,3.5,677.6,NA,NA,"E","E20","U420",0.875,0.44,c(-2.059507094, 38.69778196)
32701918,910,"4",7.5,8.04,11.78,8.2,13,NA,1,291.2,NA,NA,"B","B31","U111",1.29,0.1,c(-2.225493156, 39.59106265)
32701972,1220,"2",7,7.35,21.9,40.6,256,NA,2.4,476.1,NA,NA,"C","C32","U120",0.8755,0.4,c(-2.317785584, 40.07287077)
32702142,1055,"2",5,5.96,3.94,5.3,NA,NA,0.3,65.8,NA,NA,"C","C22","U120",1.161,0.06,c(-2.62121322, 41.58715719)
32702146,1058,"4",5.2,6,3.67,9.1,NA,10.6,0.6,46.1,NA,NA,"C","C22","U120",1.144,0.01,c(-2.628597567, 41.62274222)
32702304,479,"2",4.7,5.01,18.63,27.3,NA,NA,2.4,142.4,NA,NA,"C","C10","U120",1.1195,0.05,c(-2.929831194, 43.02672448)
32721856,751,"2",7.5,8.13,16.19,15.7,422,31.9,1.1,448.5,0.8,0.4,"B","B13","U111",1.627,0.25,c(-2.099084219, 39.04026078)
32721860,748,"3",7.4,8.05,16.97,11.7,358,13,1.2,224.7,1,0.4,"B","B15","U111",1.3045,0.2,c(-2.105686202, 39.07599923)
32721874,753,"1",7.4,8.22,13.03,6.6,100,12.9,0.6,184.3,NA,NA,"B","B81","U111",1.572,0.12,c(-2.128872009, 39.2010666)
32721968,1057,"1",7.6,7.99,14.73,19.7,369,NA,1.1,255.3,NA,NA,"C","C32","U120",1.149,0.12,c(-2.287786311, 40.04011742)
32722098,1219,"1",4.9,5.54,3.65,3.7,1,30.6,0.5,58.8,NA,NA,"B","B14","U111",1.3915,0.23,c(-2.517237178, 41.1985715)
32722104,1191,"1",7.1,7.36,48.3,27.2,92,47.5,2.5,427.6,NA,NA,"E","E30","U420",1.1825,0.14,c(-2.528109313, 41.2519853)
32722108,1178,"1",7.5,7.99,17.39,20.7,296,37.2,2.3,546.2,NA,NA,"E","E30","U112",0.839,0.27,c(-2.535371572, 41.28759192)
32722180,1281,"1",4.4,5,5.82,36.1,NA,NA,1.9,138.7,NA,NA,"C","C22","U120",0.863,0.03,c(-2.668058977, 41.92815925)
32741830,867,"1",7.7,8.32,15.13,9.4,310,NA,0.9,214.9,NA,NA,"B","B41","U111",1.3005,0.05,c(-2.033729968, 38.81076143)
32741848,757,"1",7.5,8.11,24,23,406,15.1,1.6,336.3,NA,NA,"B","B15","U111",1.32,0.46,c(-2.063173464, 38.97163942)
32742034,1218,"4",6.9,7,38,109.3,102,NA,5.4,541.7,NA,NA,"C","C10","U420",0.7505,0.22,c(-2.379529161, 40.63148176)
32742312,267,"1",4.1,4.66,13.13,39.1,NA,NA,2.4,74,NA,NA,"C","C22","U120",1.072,0.25,c(-2.897136311, 43.1039163)
32761948,1067,"3",7.5,8.1,13.98,9.5,371,13.9,0.9,340.4,NA,NA,"F","F40","U112",1.5475,0.13,c(-2.207418709, 39.86750588)
32761976,994,"1",7.3,8.07,12.51,6,134,NA,0.7,228.8,NA,NA,"B","B13","U111",1.3535,0.06,c(-2.255327071, 40.11730795)
32762098,1172,"1",7.3,8.04,16.06,36,208,13.6,1.4,535.6,NA,NA,"E","E30","U112",1.1685,0.31,c(-2.470215714, 41.20452616)
32762234,565,"1",7.5,8.16,14.73,6.9,130,NA,0.8,136.7,0.5,0.4,"B","B11","U111",1.2955,0.12,c(-2.722153352, 42.41424431)
32762242,551,"3",7.7,8.46,18.74,NA,480,15,0.7,174.6,NA,NA,"B","B82","U111",1.1085,0.14,c(-2.737399551, 42.48533128)
32762332,155,"1",6.9,7.12,20.5,20.5,5,23.1,1.9,126.8,NA,NA,"C","C22","U120",1.367,0.2,c(-2.91232412, 43.28450985)
32782118,1076,"2",7.5,8.13,13.76,3.5,598,14.2,0.5,169.1,0.2,0.3,"B","B13","U111",1.0715,0.21,c(-2.482846924, 41.38555291)
32782150,1131,"2",5.9,6.36,4.58,4.1,1,NA,0.5,36.3,NA,NA,"F","F40","U120",1.4265,0.05,c(-2.541271083, 41.67033863)
32782222,1329,"2",6.4,6.65,25.1,24.9,4,NA,2,116.7,NA,NA,"C","C10","U120",1.025,0.28,c(-2.675450367, 42.3106306)
32782240,515,"2",7.2,7.72,12.16,8,3,37,0.9,248.3,NA,NA,"B","B82","U111",1.09,0.14,c(-2.709597731, 42.47060149)
32782906,136,"1",6,6.15,15.07,26.8,NA,62.4,3.4,168.9,2.7,7.2,"B","B16","U111",1.0375,0.1,c(-4.168964753, 48.36196835)
32802074,1202,"1",7.3,7.74,15.13,65.9,25,NA,1.8,195.4,NA,NA,"D","D10","U420",1.1545,0.1,c(-2.380260705, 40.99670947)
32802152,1109,"1",7.3,7.77,11.16,3.1,15,18.1,0.6,103.6,NA,NA,"B","B13","U111",1.3435,0.02,c(-2.521254712, 41.69112376)
32802920,124,"2",5.7,6.18,17.74,53,1,69.8,5.3,332.4,NA,NA,"E","E20","U111",0.9795,0.14,c(-4.177689764, 48.48869715)
32821870,766,"1",7.5,8.12,15.09,10.1,227,23.3,0.9,109.1,NA,NA,"B","B13","U111",1.2865,0.3,c(-2.008207842, 39.17964232)
32821942,1025,"1",7.3,7.95,13.72,10.9,511,NA,1.2,348.6,NA,NA,"D","D20","U420",1.091,0.12,c(-2.12814554, 39.82262982)
32821946,1083,"3",7.1,7.56,13.82,62,135,NA,2.2,326.9,NA,NA,"E","E20","U420",0.949,0.16,c(-2.134905799, 39.858331)
32822060,1210,"2",7.3,7.57,24.1,45.9,152,NA,3.5,1100.4,NA,NA,"C","C10","U420",0.8585,0.14,c(-2.332009998, 40.87492741)
32822154,1098,"2",7.4,8.21,11.42,4.6,156,NA,0.5,54.5,NA,NA,"B","B41","U111",1.305,0.03,c(-2.501225975, 41.7119048)
32822262,713,"2",7.5,8.01,15.14,13.5,40,18.5,1.5,274.9,NA,NA,"B","B11","U111",0.994,0.25,c(-2.703538632, 42.67215482)
32822932,136,"2",6.2,6.76,13.4,19.9,NA,28.1,2.4,158,NA,NA,"B","B16","U111",1.2215,0.06,c(-4.181427967, 48.59780655)
32841864,743,"3",7.5,8.11,19.03,10.2,255,13.9,0.8,203.2,NA,NA,"B","B74","U111",1.436,0.17,c(-1.975567671, 39.12887101)
32842038,1268,"3",7.5,8.13,22.3,17.2,536,20.2,1.4,213.2,1.3,1.2,"B","B13","U111",1.2405,0.23,c(-2.269966361, 40.68179783)
32842152,1055,"2",7,7.4,34.5,17.6,258,325.4,2.3,457.9,NA,NA,"B","B13","U111",1.183,0.03,c(-2.47386397, 41.69708769)
32842164,1115,"4",6.3,6.72,9.61,11.7,NA,NA,1.2,70.6,NA,NA,"C","C10","U120",1.1695,0.02,c(-2.495861272, 41.80386374)
32861814,878,"1",7.5,8.26,13.88,6,417,11.7,0.7,208.1,0.8,0.4,"B","B74","U111",1.3085,0.13,c(-1.871868929, 38.68469124)
32861850,733,"2",7.6,8.1,16.08,17.5,607,22,1.2,281.1,NA,NA,"B","B13","U111",1.29,0.21,c(-1.929965793, 39.00657771)
32862036,1361,"1",7.1,7.6,12.6,24.1,6,NA,1.8,198.1,NA,NA,"C","C22","U420",0.9215,0.08,c(-2.243146544, 40.66688751)
32862126,1153,"1",7.4,8.03,11.43,10.2,7,21.8,1.3,214.6,NA,NA,"F","F40","U112",1.2175,0.22,c(-2.402944954, 41.46863748)
32882178,1182,"1",5.8,5.94,33.6,30.8,1,13.7,3.1,130.9,NA,NA,"E","E10","U111",1.049,0.1,c(-2.474084945, 41.93438049)
32882938,101,"3",7,7.18,17.63,19.6,1,79.2,2.3,355.6,NA,NA,"B","B43","U111",1.1745,0.05,c(-4.116485971, 48.66095549)
32901694,345,"4",7.7,7.87,71.6,10.6,305,35.9,1,381.7,NA,NA,"E","E20","U420",0.918,0.05,c(-1.639171738, 37.61595564)
32901744,667,"4",7.7,8.17,18.84,15.9,329,46.1,1.7,1092.2,NA,NA,"B","B74","U111",1.045,0.24,c(-1.716234677, 38.06384451)
32901878,767,"3",7.6,8.39,13.67,5.7,219,12.8,0.6,217.4,NA,NA,"B","B82","U111",1.307,0.18,c(-1.930024368, 39.26248282)
32901910,904,"1",7.7,8.23,15.75,10.8,227,NA,1,301.5,1.6,0.7,"B","B13","U111",1.2755,0.13,c(-1.982700104, 39.54836439)
32901942,1149,"2",7.2,7.34,14.33,107.9,198,NA,2.6,119.8,NA,NA,"C","C22","U120",1.1225,0.16,c(-2.03602208, 39.83410928)
32901968,1306,"1",7.2,7.57,18.76,54.7,326,NA,4.2,329.7,NA,NA,"C","C22","U120",1.004,0.28,c(-2.079829372, 40.0661771)
32902000,1048,"2",7.4,7.69,13.61,20,157,NA,1.2,161.1,NA,NA,"C","C32","U420",1.109,0.15,c(-2.134349966, 40.35167695)
32902062,1259,"1",7.3,7.54,12.53,33.8,27,NA,3.2,527.3,NA,NA,"C","C23","U420",0.913,0.22,c(-2.241919742, 40.90445321)
32902068,1267,"2",6.2,6.56,6.84,18.6,2,NA,1.2,82.1,NA,NA,"D","D20","U420",1.3155,0.13,c(-2.252467633, 40.95792131)
32902116,1107,"3",7.3,7.97,14.14,16.3,359,NA,1.5,108.8,NA,NA,"C","C10","U420",1.0835,0.03,c(-2.337744877, 41.38550002)
32902134,1062,"1",7.5,7.87,17.4,20.4,305,15.4,2.5,379.2,NA,NA,"B","B11","U111",1.0795,0.04,c(-2.370138877, 41.54576631)
32902166,1077,"1",7.5,7.89,16.78,13.3,159,18.5,1.7,274.2,NA,NA,"E","E30","U112",1.2845,0.06,c(-2.428296954, 41.83058293)
32902230,564,"2",7.5,8.16,19.45,6.8,144,13.7,0.9,161,NA,NA,"B","B82","U111",1.3215,0.07,c(-2.546842089, 42.39983054)
32902270,867,"3",7.4,7.98,19.84,53,540,NA,3.1,290.9,NA,NA,"E","E10","U111",0.993,0.27,c(-2.622479406, 42.75535165)
32902338,480,"1",3.9,4.33,9.76,70.9,2,NA,4.2,68.7,NA,NA,"C","C32","U120",0.809,0.36,c(-2.753879952, 43.35928614)
32922088,1238,"1",7.2,7.54,15.24,31.1,14,NA,2.5,778.2,NA,NA,"D","D20","U420",1.03,0.23,c(-2.264310707, 41.13904016)
32922100,1019,"1",7.5,7.89,16.58,16.2,405,10.1,1.4,241.9,NA,NA,"B","B13","U111",1.1025,0.09,c(-2.285607384, 41.24593758)
32922142,1030,"1",6.4,6.76,3.89,3.8,1,15.9,0.4,50.8,NA,NA,"E","E30","U112",1.5275,0.24,c(-2.360938397, 41.61993436)
32941940,1147,"1",6.9,7.25,20.5,69.5,16,NA,4.4,1117.8,NA,NA,"C","C10","U120",0.7955,0.42,c(-1.98661015, 39.82195954)
32942242,436,"2",7.6,8.21,18.95,11,412,18.1,1.3,263.9,NA,NA,"B","B82","U111",1.407,0.07,c(-2.521389424, 42.51250688)
32942926,147,"1",5.8,6.37,9.2,23.1,NA,49.6,2.5,123.9,NA,NA,"B","B16","U111",1.0745,0.03,c(-4.006120349, 48.56550763)
32961790,551,"4",7.9,8.33,56.9,7.5,331,30.5,0.9,357.2,0.4,0.8,"B","B73","U111",1.4995,0.14,c(-1.720663596, 38.48394469)
32962096,896,"1",7.5,8.09,16.53,5.5,519,12.6,1,323.1,NA,NA,"B","B13","U111",1.311,0.07,c(-2.231449625, 41.21614874)
32962124,1140,"1",6.9,7.12,25.4,52.9,27,NA,3.4,285.9,NA,NA,"C","C10","U420",0.83,0.16,c(-2.281271291, 41.4655464)
32962168,1115,"2",7.5,7.99,18.65,9.1,184,30.3,1.4,223.8,0.7,1.1,"B","B11","U111",1.2695,0.06,c(-2.360677259, 41.85725708)
32981822,932,"1",7.9,8.6,23.2,3.7,245,NA,0.3,150.3,0.1,0.5,"B","B13","U111",1.636,0.27,c(-1.748654549, 38.77303601)
32981868,746,"1",7.6,7.86,34.7,11.3,262,25.9,1,199.7,1.2,0.6,"B","B74","U111",1.112,0.34,c(-1.822437988, 39.18437577)
32982084,1283,"1",7.4,7.79,15.85,19.3,302,11.6,2,632.5,NA,NA,"F","F40","U112",1.1725,0.38,c(-2.186775964, 41.1121402)
32982206,1324,"1",7.6,8.06,22.9,22.4,555,NA,2.8,77.2,NA,NA,"D","D20","U111",0.996,0.15,c(-2.40648199, 42.1983246)
33001754,422,"1",7.4,8.25,18,11.8,574,NA,0.9,346,0.2,0.7,"B","B74","U111",1.1095,0.31,c(-1.619414161, 38.16719332)
33001938,1064,"1",7.2,7.75,11.74,7.1,10,NA,0.4,83.6,NA,NA,"C","C22","U120",1.1555,0.05,c(-1.914188047, 39.81261667)
33002010,1456,"3",6.7,7.21,11.12,27,4,NA,1.6,173.3,NA,NA,"C","C22","U120",1.281,0.19,c(-2.035275448, 40.45525288)
33002136,1064,"2",7.6,8.12,18.02,7.5,383,16.3,1.3,175.1,NA,NA,"B","B13","U111",1.267,0.03,c(-2.255474109, 41.57825918)
33002172,1176,"2",7.3,7.83,18.95,8.9,138,NA,1.3,81.7,NA,NA,"B","B11","U111",1.1865,0.22,c(-2.320408299, 41.89874923)
33003590,99,"2",5.1,5.47,34.3,71.2,1,39.2,7.1,160.7,NA,NA,"E","E20","U111",0.961,0.36,c(-5.865234196, 54.40165605)
33022016,1316,"4",7.5,7.74,19.81,75,13,NA,2.1,331.9,NA,NA,"C","C32","U420",0.978,0.31,c(-2.022243908, 40.51163875)
33022128,1029,"1",7.4,8.12,16.09,9.6,367,NA,1.1,232.8,NA,NA,"E","E30","U420",1.376,0.18,c(-2.21753351, 41.509934)
33022146,1052,"2",7.2,7.78,9.99,5.9,2,20.8,0.8,90.4,NA,NA,"B","B31","U111",1.731,0.17,c(-2.249724487, 41.67022622)
33023682,143,"1",4.7,4.97,141.7,98.7,1,33.7,10.1,231.1,NA,NA,"E","E20","U111",0.565,0.16,c(-6.156597229, 55.20873017)
33042072,1286,"1",7.2,7.71,18.37,60.1,456,NA,4.8,219.5,NA,NA,"D","D10","U420",0.879,0.2,c(-2.095368747, 41.01387024)
33042156,1148,"1",7.5,7.94,23.4,13.5,236,14.3,1.7,351.5,NA,NA,"B","B52","U111",1.4345,0.04,c(-2.243977298, 41.76218499)
33042166,1289,"1",7.1,7.62,18.57,33.3,395,NA,2.9,127.4,NA,NA,"D","D20","U420",0.976,0.07,c(-2.261997638, 41.85121115)
33042228,496,"1",7.5,8.03,27.8,10,176,15.4,1.3,227.7,NA,NA,"E","E30","U111",0.8945,0.07,c(-2.37532948, 42.40289675)
33061972,1396,"1",6.5,6.88,10.41,28.4,NA,NA,1.5,106.6,NA,NA,"C","C22","U120",1.373,0.19,c(-1.901534864, 40.12468033)
33062008,1368,"1",7.3,7.58,25.3,57,27,NA,4,483.9,NA,NA,"E","E20","U111",0.8615,0.44,c(-1.962112895, 40.44597317)
33062038,1416,"1",7.3,7.66,14.98,51.2,55,NA,4.2,413.3,NA,NA,"C","C23","U120",0.8465,0.15,c(-2.013241879, 40.71358955)
33062044,1236,"1",7.2,7.69,16.13,76.7,105,NA,1.5,247.2,NA,NA,"C","C23","U420",0.9165,0.27,c(-2.023539176, 40.76709899)
33062062,1292,"1",7.5,8.05,17.12,18.5,200,26.5,1.9,515.9,NA,NA,"B","B11","U111",0.964,0.21,c(-2.05457542, 40.92759971)
33062080,1249,"3",7,7.32,18,32.7,323,NA,2.9,656.2,NA,NA,"C","C23","U420",0.946,0.29,c(-2.085829792, 41.08805921)
33062106,799,"1",7.5,8.01,21.4,13.7,337,15.7,1.6,359.5,NA,NA,"F","F40","U112",1.1815,0.13,c(-2.1313643, 41.31976164)
33062278,0,"3",7.4,7.96,21.9,13.4,270,22.7,1.7,393.8,NA,NA,"B","B41","U111",1.3305,0.41,c(-2.44463858, 42.8504417)
33062848,139,"3",5.8,6.37,12.83,26.8,1,104,2.9,386.8,0.8,1.9,"B","B16","U111",1.0805,0.07,c(-3.655922453, 47.89797461)
33081708,243,"2",7.6,7.73,276,50.1,84,57.5,1.5,412.4,NA,NA,"B","B43","U111",0.838,0.06,c(-1.459423568, 37.76599437)
33081874,745,"1",7.5,8.12,14.43,8.9,126,28.5,0.9,319.6,NA,NA,"E","E30","U112",1.212,0.19,c(-1.717958936, 39.25197413)
33081892,794,"1",7.4,8.25,14.41,6.7,464,14.5,0.9,475,NA,NA,"E","E30","U112",1.387,0.09,c(-1.746978454, 39.41288115)
33082116,913,"1",7.4,7.44,247,16.5,502,10.8,1.4,283.8,NA,NA,"F","F40","U112",0.9305,0.09,c(-2.125399492, 41.41174957)
33082864,204,"1",5.2,5.35,38.91,145,NA,31.8,11.5,214,NA,NA,"E","E20","U111",0.5975,0.07,c(-3.667921422, 48.04244428)
33102006,1514,"1",7.3,7.55,22.7,47.3,10,NA,4.7,774.8,NA,NA,"D","D10","U420",0.971,0.23,c(-1.912226464, 40.4338068)
33102046,1294,"1",7.4,7.8,13.59,37.9,35,NA,3.5,425.5,NA,NA,"C","C23","U420",1.024,0.09,c(-1.980224426, 40.79065063)
33102114,996,"1",7.5,8.01,16.48,20.4,230,25.7,2.2,550.4,NA,NA,"B","B18","U111",1.2005,0.13,c(-2.09827597, 41.39681864)
33102208,1212,"1",6.2,6.3,50.1,39.9,2,19.6,4.1,486.4,NA,NA,"D","D20","U111",0.9925,0.19,c(-2.266740509, 42.23380467)
33122048,1220,"1",5.9,6.28,6.73,39.5,1,NA,3.6,190.8,NA,NA,"C","C22","U420",0.917,0.22,c(-1.960266634, 40.81133822)
33122098,860,"1",7.6,8.23,14.76,8,268,11.2,0.7,126.8,NA,NA,"B","B13","U111",1.186,0.08,c(-2.046669676, 41.25711782)
33122120,1025,"1",7.4,7.81,22.8,19.6,275,11.3,1.8,361.7,0.7,0.7,"B","B53","U111",1.171,0.3,c(-2.085224929, 41.45316118)
33122156,1082,"1",7.3,7.98,11.49,9.5,20,24.7,1,185.1,NA,NA,"B","B13","U111",1.3445,0.05,c(-2.149038077, 41.77382912)
33141710,226,"1",7.6,7.77,111.2,11.8,453,68.2,1.7,695.8,NA,NA,"B","B43","U111",0.9005,0.06,c(-1.395338631, 37.79202638)
33141740,335,"1",7.5,7.93,65.9,9.4,626,15.1,0.9,412.6,0.2,0.8,"B","B75","U111",1.2215,0.18,c(-1.440656449, 38.06088473)
33141808,799,"1",7.7,8.28,14.73,19.3,303,12.8,0.8,145.5,0.6,0.4,"B","B13","U111",1.2955,0.17,c(-1.545279412, 38.66984068)
33142100,826,"1",7.6,8.1,15.34,6.6,210,NA,1,288.4,NA,NA,"B","B13","U111",1.1535,0.04,c(-2.026605733, 41.27781232)
33142268,1073,"1",6.9,7.17,29.2,43.6,13,NA,3.3,163.7,NA,NA,"C","C10","U120",1.085,0.22,c(-2.329362662, 42.77339492)
33142852,140,"1",4.8,5.36,11.02,29.4,NA,22.5,3,96.1,NA,NA,"E","E20","U111",1.037,0.05,c(-3.559942128, 47.94647337)
33161724,374,"1",7.8,8.29,110.5,5.6,446,NA,0.6,239.6,NA,NA,"F","F40","U112",1.264,0.1,c(-1.394012703, 37.92020637)
33161742,360,"1",7.4,8.13,32.9,8.9,605,11.6,0.7,333.2,NA,NA,"B","B74","U111",1.0535,0.04,c(-1.42123315, 38.08150897)
33161828,925,"1",7.9,8.53,11.59,53.6,110,NA,0.4,157,NA,NA,"B","B74","U111",1.623,0.1,c(-1.553850537, 38.8515672)
33162048,1163,"1",7.8,8.35,18.23,13,218,14.8,0.9,514.4,NA,NA,"B","B13","U111",1.2135,0.07,c(-1.913490159, 40.81702316)
33162080,1214,"1",7.4,7.94,14.14,61.5,481,NA,3,116.4,NA,NA,"C","C10","U420",1.112,0.32,c(-1.968387898, 41.10238864)
33162228,401,"1",7.4,8.01,18.12,13,122,22.2,1.7,500.8,NA,NA,"F","F40","U111",1.275,0.08,c(-2.231451668, 42.42054454)
33181700,242,"1",7.5,7.98,31,14,390,10.1,1.4,562.2,NA,NA,"E","E30","U112",0.6455,0.19,c(-1.335657043, 37.70774894)
33181812,819,"1",7.7,8.51,15.7,6.4,380,28.5,0.7,302.9,NA,NA,"B","B82","U111",1.3535,0.37,c(-1.50618454, 38.7111052)
33182050,1125,"1",7.5,8.21,13.52,9.9,297,18.4,0.9,377.2,0.7,0.6,"B","B14","U111",1.048,0.12,c(-1.89350385, 40.83769741)
33182064,1256,"1",7.5,8.12,15.92,19.2,324,23.1,1.9,635.8,NA,NA,"B","B11","U111",1.076,0.15,c(-1.917411132, 40.96256373)
33182122,1072,"1",7.5,7.99,15.32,12.8,407,16.8,0.9,155.3,NA,NA,"B","B11","U111",1.189,0.09,c(-2.017858768, 41.47960489)
33182158,1154,"2",5.6,5.89,12.28,21.9,NA,NA,1.6,175.1,NA,NA,"C","C10","U120",1.2245,0.03,c(-2.081364563, 41.80031635)
33182222,464,"3",7.5,8.19,16.72,8.8,69,18.1,1,254.7,NA,NA,"B","B82","U111",1.1805,0.05,c(-2.196518313, 42.37007654)
33182230,387,"4",7.6,8.13,30.4,12.6,231,26.4,1.7,658.1,NA,NA,"B","B82","U111",1.2255,0.04,c(-2.211119414, 42.44126144)
33202038,1407,"1",7.4,7.88,12.72,35.5,37,NA,3.3,408.1,NA,NA,"C","C10","U420",1.0555,0.08,c(-1.849754281, 40.7334734)
33202088,998,"1",7.5,8.1,14.26,5.5,204,11.8,0.8,203.7,NA,NA,"B","B31","U111",1.048,0.11,c(-1.935177736, 41.17941034)
33221806,826,"3",7.6,8.43,12.83,18.8,130,NA,0.7,98.2,NA,NA,"E","E20","U111",1.3795,0.33,c(-1.451562407, 38.66283388)
33222072,1293,"1",7.5,8.02,14.11,5.6,731,40.6,0.8,178.2,NA,NA,"B","B13","U111",1.149,0.22,c(-1.884189041, 41.03957909)
33222076,1235,"3",7.5,8.02,16.65,24.8,169,NA,1.4,310.1,NA,NA,"D","D10","U420",1.267,0.15,c(-1.891039192, 41.07525038)
33222206,734,"1",7.4,8.25,10.23,3.7,105,NA,0.6,74.2,0.2,0.1,"B","B74","U111",1.373,0.28,c(-2.119625319, 42.23348722)
33222252,615,"1",7.5,8.04,15.87,12,332,NA,1.3,182,0.6,0.7,"B","B13","U111",1.013,0.26,c(-2.203368441, 42.64282988)
33222318,440,"3",6.8,7.23,24.4,24.9,5,NA,2.4,89,NA,NA,"E","E20","U111",0.929,0.11,c(-2.326248299, 43.22970386)
33241804,822,"1",7.6,8.24,16.24,5.7,370,20.5,0.8,201.9,NA,NA,"B","B82","U111",1.572,0.21,c(-1.425824231, 38.64763794)
33241828,960,"2",7.5,8.29,14.92,11.3,105,13.5,1,279.5,NA,NA,"E","E30","U112",1.354,0.08,c(-1.462983429, 38.86247804)
33242254,552,"3",7.5,8.04,22.3,12.9,83,39.4,1.4,256.3,NA,NA,"B","B74","U111",0.944,0.39,c(-2.182961837, 42.66353901)
33261874,774,"3",7.7,8.19,14.71,4.8,289,16.2,0.9,205.6,NA,NA,"F","F40","U112",1.25,0.37,c(-1.512296501, 39.27677465)
33261978,1518,"2",7.1,7.38,31.1,115.5,325,11.2,4.5,208.1,NA,NA,"C","C22","U120",0.91,0.41,c(-1.679884, 40.20628735)
33262202,624,"3",7.5,8.22,17.12,5.9,116,14.2,0.5,100.5,0.2,0.4,"B","B73","U111",1.2825,0.07,c(-2.064604681, 42.20365729)
33262896,189,"2",5,5.59,13.17,18,NA,27.9,2.3,140.1,NA,NA,"F","F40","U111",1.3085,0.06,c(-3.506113989, 48.35446226)
33281826,926,"2",7.6,8.22,14.61,4.5,365,21.6,0.7,155.6,NA,NA,"F","F40","U112",1.3655,0.23,c(-1.414442519, 38.84999928)
33282078,1095,"1",7.5,7.88,14.22,14.7,286,25.6,1.3,301.4,NA,NA,"B","B13","U111",1.181,0.21,c(-1.823982948, 41.1015635)
33282856,156,"1",4.3,4.94,16.01,39.5,NA,17.9,4,51,NA,NA,"E","E20","U361",0.917,0.12,c(-3.384494609, 48.00466205)
33301858,770,"3",7.5,8.3,15.14,6.6,458,63,0.8,172.2,NA,NA,"B","B81","U111",1.248,0.16,c(-1.441473625, 39.1390856)
33301954,1182,"2",6.8,7.29,8.03,5.2,3,NA,0.5,84.4,NA,NA,"C","C10","U120",1.51,0.1,c(-1.594405771, 39.99743092)
33302242,504,"3",7.3,7.83,15.98,15.5,346,20.7,1.4,164.6,NA,NA,"B","B11","U111",1.3625,0.04,c(-2.088855342, 42.56547535)
33322034,1420,"2",7.6,8.19,15.84,8.2,204,12.9,1.4,229.2,NA,NA,"F","F40","U112",1.1175,0.12,c(-1.702864558, 40.71460187)
33322042,1223,"1",7.5,8.24,15.28,14.5,500,NA,0.9,365.8,NA,NA,"B","B13","U111",1.096,0.2,c(-1.716246514, 40.78599916)
33322870,302,"1",5.5,6.03,16.88,44.3,NA,112.5,4.4,634.6,5.3,7.1,"E","E20","U111",1.345,0.1,c(-3.364554142, 48.13476006)
33341696,198,"1",7.6,7.88,105.5,6.9,360,59.5,1.2,426.1,0.5,0.3,"B","B13","U111",0.801,0.28,c(-1.150976526, 37.69313879)
33341832,938,"1",7.5,8.31,15,14.4,241,19.9,1.2,456.5,NA,NA,"C","C10","U120",1.2695,0.31,c(-1.355529894, 38.91180396)
33342038,1289,"3",7.3,7.63,24.3,13.4,3,37.7,1.7,437.3,NA,NA,"F","F40","U112",1.04,0.14,c(-1.686176633, 40.75308688)
33342062,1158,"1",7.4,8.03,14.92,2.3,481,13.3,0.9,206.2,NA,NA,"F","F40","U112",1.4465,0.09,c(-1.726433241, 40.96725373)
33342884,278,"2",6.4,6.62,12.15,21,1,97.2,2.5,283.2,1.7,6.8,"F","F40","U111",1.275,0.05,c(-3.371129574, 48.26160419)
33343208,15,"1",7.2,7.23,20.43,17.6,58,24.8,2.1,186,NA,NA,"B","B23","U111",1.354,0.13,c(-4.198340473, 51.11625443)
33362046,1290,"2",5.9,6.47,2.28,5.8,NA,NA,0.5,40,NA,NA,"C","C10","U420",1.685,0.22,c(-1.676152621, 40.82726734)
33362060,1139,"1",7.5,8.02,18.37,24.8,595,NA,2.6,272,NA,NA,"D","D20","U420",1.102,0.18,c(-1.699617954, 40.9521992)
33362096,857,"1",7,7.37,16.86,14.9,1,NA,1.8,191.7,NA,NA,"E","E10","U420",1.304,0.32,c(-1.76054891, 41.27334072)
33363162,243,"1",4.6,5.52,13.08,59.3,NA,67.2,6.2,163.7,NA,NA,"E","E20","U111",0.6515,0.23,c(-4.045355469, 50.71508911)
33382002,1444,"1",7.5,8.25,14.46,13.7,617,NA,1.1,228.7,NA,NA,"D","D20","U420",1.275,0.22,c(-1.579966508, 40.43722255)
33382110,754,"1",7.5,8.04,16.27,9.1,172,NA,1,245.4,NA,NA,"E","E30","U415",1.255,0.31,c(-1.760866079, 41.40099353)
33402066,1145,"1",7.5,8.04,12.49,11.6,22,27.6,1.3,357.9,NA,NA,"B","B13","U111",1.235,0.28,c(-1.662777101, 41.01130276)
33402202,411,"1",7.6,8.38,18.27,4.2,110,18.5,0.7,178.7,NA,NA,"B","B82","U111",1.387,0.12,c(-1.897203316, 42.223699)
33402246,497,"2",7.4,8.08,16.43,15.9,247,25.9,1.8,462.9,NA,NA,"B","B13","U111",1.1085,0.18,c(-1.97578893, 42.61546688)
33421980,1560,"1",7.2,7.76,16.74,33.2,534,NA,1.6,203.3,NA,NA,"D","D20","U420",1.3205,0.26,c(-1.497644362, 40.24619956)
33422016,1474,"1",7.3,7.55,22.8,104.4,156,10.1,8.5,666.1,NA,NA,"D","D10","U420",0.797,0.16,c(-1.55637052, 40.56775008)
33422866,210,"1",4.2,4.74,18.46,68.1,NA,28.4,6,58,NA,NA,"C","C10","U120",0.6335,0.13,c(-3.222652503, 48.11557217)
33422880,269,"1",5,5.73,7.75,26.7,NA,26,2.7,112.2,NA,NA,"E","E20","U350",1.2185,0.11,c(-3.255426908, 48.2392177)
33422902,281,"1",5.2,5.92,13.48,39.2,1,31.4,3.7,278.1,NA,NA,"E","E20","U111",1.1095,0.18,c(-3.307343087, 48.43347565)
33441690,108,"1",7.7,8.26,65.2,7.5,311,68.6,0.9,465.4,NA,NA,"F","F40","U112",0.846,0.08,c(-1.030525078, 37.65241868)
33441708,194,"1",7.6,7.77,114.1,12.6,480,66.1,1.3,655.5,0.3,1,"B","B43","U111",0.865,0.16,c(-1.056690514, 37.81390734)
33442040,1254,"1",6.9,7.16,11.03,6.3,3,12.7,0.8,108.5,NA,NA,"B","B13","U111",1.308,0.29,c(-1.572589303, 40.7847854)
33442076,1095,"1",7.4,7.78,14.61,12.8,381,17,1.2,570.7,NA,NA,"B","B13","U111",1.1025,0.15,c(-1.632582369, 41.10608249)
33442270,1100,"1",6.5,6.65,34,72.6,4,NA,6.6,202.6,NA,NA,"E","E20","U111",0.703,0.18,c(-1.970923869, 42.83480375)
33442932,148,"1",6.2,6.7,11.35,14.9,1,41.5,1.7,114.4,NA,NA,"E","E20","U111",1.3915,0.07,c(-3.352164912, 48.70153973)
33461826,857,"1",7.6,8.28,13.87,8.8,292,21.1,0.7,180,NA,NA,"B","B82","U111",1.363,0.16,c(-1.209921642, 38.87413195)
33462052,1139,"1",7.4,8.08,14.39,29.1,23,NA,3.1,376.7,NA,NA,"D","D20","U420",1.1615,0.43,c(-1.56906407, 40.89466085)
33462168,622,"1",7.6,8.18,15.06,7.5,387,13.5,0.9,113.1,NA,NA,"F","F40","U112",1.308,0.07,c(-1.76598473, 41.92926568)
33481922,1156,"1",7.4,7.94,13.06,10,40,NA,0.6,111.3,NA,NA,"C","C22","U420",1.3105,0.1,c(-1.335664022, 39.73590271)
33502294,871,"3",3.8,4.15,19.63,100,NA,NA,6.2,144.9,NA,NA,"C","C10","U120",0.5305,0.07,c(-1.941884613, 43.05696087)
33502852,160,"1",4.6,5.37,9.17,39.4,NA,61.2,3.3,124.9,NA,NA,"E","E20","U111",1.2955,0.14,c(-3.084297008, 48.00465823)
33521706,139,"1",7.9,8.07,95.6,12.1,438,57.4,1,397.1,NA,NA,"F","F40","U112",0.901,0.1,c(-0.964235306, 37.80637919)
33522038,1107,"1",7.5,8.23,14.26,7.4,70,NA,0.9,287.4,NA,NA,"B","B13","U111",1.3265,0.2,c(-1.475731988, 40.77790656)
33541946,1122,"1",7.2,7.8,16.78,21.1,536,NA,1.7,430.7,NA,NA,"C","C22","U120",1.3265,0.21,c(-1.304340896, 39.95858086)
33542042,1084,"2",7.6,8.27,17.81,12.1,624,22.1,1.3,305,NA,NA,"B","B13","U111",1.0105,0.22,c(-1.458895395, 40.81635431)
33542230,402,"1",7.4,8.08,22.1,13.7,356,21.8,1.5,224.7,NA,NA,"B","B41","U111",1.0225,0.01,c(-1.778882125, 42.49289175)
33561702,85,"1",7.7,8.1,50.4,12,469,43.8,1.2,526.4,NA,NA,"B","B43","U111",0.833,0.03,c(-0.913699658, 37.77566091)
33562026,1139,"1",7.5,7.87,15.87,29.7,609,NA,2.6,346.9,NA,NA,"C","C10","U120",1.2135,0.54,c(-1.409380889, 40.67619106)
33562196,312,"1",6.9,7.78,27,17.3,311,18.6,2.1,349.8,0.7,1.9,"F","F40","U112",1.092,0.02,c(-1.695321479, 42.19279968)
33562836,113,"1",5,5.69,10.58,33,NA,53.2,3.3,168.4,2.8,4.6,"B","B32","U111",1.272,0.21,c(-2.968439973, 47.87272613)
33562926,118,"1",6.3,6.58,161.97,20.4,1,136.7,3,2209.9,1,0.8,"B","B16","U111",1.2865,0.05,c(-3.177095181, 48.66792065)
33581994,1138,"1",6.9,7.37,21.1,8.9,NA,NA,1,87.8,NA,NA,"C","C10","U420",1.906,0.59,c(-1.334392961, 40.3930161)
33582000,1206,"1",7.7,8.07,30.4,16.1,506,14.8,1.7,193.4,NA,NA,"F","F40","U112",1.3755,0.31,c(-1.344025134, 40.44662991)
33582012,1155,"1",7.5,8.16,18.25,16.5,603,NA,1.8,357.3,NA,NA,"B","B15","U111",1.1365,0.33,c(-1.363356689, 40.5538441)
33582030,1024,"1",7.5,8.26,14.87,10,243,13.2,1.3,537.6,NA,NA,"E","E30","U111",1.155,0.08,c(-1.392523103, 40.7146319)
33582174,388,"1",7.5,8.02,52,16.4,328,56.7,1.8,511.5,NA,NA,"B","B42","U111",1.2435,0.31,c(-1.633386722, 41.99951033)
33582292,1191,"1",4.6,4.95,57.9,144.2,NA,45.9,10,128.8,NA,NA,"C","C10","U120",0.553,0.4,c(-1.841256784, 43.05055493)
33582814,101,"1",5.9,6.32,16.65,36.3,NA,33.6,3.4,85.5,NA,NA,"E","E20","U111",1.372,0.07,c(-2.892391283, 47.68134564)
33582822,104,"1",5.3,6.03,12.61,29,NA,46.7,2.5,139.1,NA,NA,"B","B16","U111",1.319,0.12,c(-2.910392664, 47.75208737)
33601746,116,"1",7.6,7.87,90.7,15.7,533,51.8,1,320.5,NA,NA,"B","B76","U111",0.9345,0.1,c(-0.932490183, 38.1755522)
33602008,1100,"1",7.6,8.03,22.1,20.1,524,36.5,2.1,264.7,NA,NA,"E","E30","U112",1.3625,0.5,c(-1.333601637, 40.5208082)
33602044,1066,"1",7.6,8.34,17.08,26.2,832,12.6,1.9,92.1,NA,NA,"D","D20","U420",1.11,0.11,c(-1.391933106, 40.84237762)
33602260,486,"2",7.6,8.28,18.43,15.9,250,10,1.5,264.9,NA,NA,"E","E30","U112",1.4425,0.1,c(-1.759771144, 42.76850411)
33621986,1190,"1",7.7,8.14,20.8,16,457,15.3,1.5,182.8,NA,NA,"F","F40","U112",1.5995,0.51,c(-1.275119805, 40.32689953)
33622266,467,"4",6.5,7.08,9.98,13.7,1,24.2,1.8,236.6,2.1,3.7,"B","B13","U111",1.0775,0.27,c(-1.746282738, 42.82474353)
33622846,137,"1",6,6.42,25.46,31,NA,120.5,3.4,605.4,1.1,5,"B","B16","U111",1.1755,0.08,c(-2.911898108, 47.97055214)
33641826,886,"1",7.4,8.1,17.11,21,472,29.9,0.8,178,NA,NA,"E","E30","U112",1.3325,0.19,c(-1.005272429, 38.89783113)
33641952,1162,"1",7.3,7.91,32.1,15.3,193,NA,1.7,272.8,0.4,0.8,"B","B11","U111",1.4455,0.17,c(-1.198208058, 40.02560403)
33641988,1158,"1",7.4,7.85,21,41.3,582,NA,3.2,245.4,NA,NA,"C","C23","U420",1.2085,0.51,c(-1.255064178, 40.34745543)
33642042,981,"1",7.4,7.92,23.1,23.7,332,31.5,2,200.9,0.8,0.7,"B","B13","U111",1.3875,0.23,c(-1.341845886, 40.82993085)
33642142,629,"1",7.6,8.22,15.45,9.1,406,13.3,1,239.1,NA,NA,"B","B82","U111",1.1785,0.16,c(-1.507458802, 41.7224643)
33642298,890,"1",3.7,4.28,20.6,121,NA,14.1,7.2,212.8,NA,NA,"C","C10","U120",0.6305,0.26,c(-1.779262842, 43.11244579)
33642852,145,"1",6,6.66,11.93,21.4,NA,112,2.5,231.4,NA,NA,"B","B16","U111",1.2975,0.14,c(-2.89906078, 48.02673068)
33662002,1058,"1",7.7,8.23,18.6,7.8,369,NA,0.9,257.1,1.3,0.6,"B","B13","U111",1.702,0.21,c(-1.254101709, 40.47525728)
33662020,1081,"1",7.6,8.16,20.8,21.3,310,21.6,1.5,241,NA,NA,"F","F40","U112",1.471,0.73,c(-1.282926203, 40.63609916)
33662110,626,"1",7.3,7.64,28.3,28.9,627,82,2.8,524.3,NA,NA,"B","B81","U111",1.272,0.38,c(-1.430117461, 41.43971431)
33662236,508,"1",7.5,8.11,19.55,11.4,369,21.8,1.3,169.8,NA,NA,"E","E30","U112",1.289,0.05,c(-1.645143224, 42.56314607)
33681992,1083,"2",7.8,8.27,18.17,6.8,178,10.5,0.8,97.5,NA,NA,"F","F40","U112",1.5865,0.4,c(-1.214917268, 40.38855452)
33682010,1091,"1",7.8,8.32,18.41,7.1,389,11.4,0.7,122.3,NA,NA,"B","B13","U111",1.554,0.39,c(-1.24357325, 40.54942652)
33682052,944,"1",7.5,8.1,13.51,5.1,16,NA,0.8,218.9,NA,NA,"B","B13","U111",1.534,0.15,c(-1.31122049, 40.92463957)
33682898,269,"1",5.7,6.21,17.18,22.3,NA,54.3,2.3,132.3,NA,NA,"B","B16","U111",1.288,0.08,c(-2.951234426, 48.43961704)
33702020,1227,"1",7.3,7.79,20.8,19.8,519,NA,2.4,154.1,NA,NA,"C","C10","U420",1.2345,0.43,c(-1.236231627, 40.64146049)
33702206,471,"1",7.4,8.14,16.25,16.9,316,17.6,1.5,184.4,NA,NA,"F","F40","U111",1.1595,0.07,c(-1.545041321, 42.30136338)
33721992,1041,"1",7.7,8.18,20.2,10.8,172,15.5,1,131.1,NA,NA,"B","B18","U111",1.7,0.18,c(-1.168397292, 40.39388034)
33722082,925,"1",7.4,7.55,67.8,14.3,437,111.8,1.6,721.3,NA,NA,"B","B13","U111",1.245,0.21,c(-1.313122991, 41.19792265)
33722122,450,"1",7.5,7.99,34.8,26.2,544,122.5,2.2,888.6,NA,NA,"E","E20","U420",1.297,0.2,c(-1.379096458, 41.55496011)
33722150,447,"1",7.5,7.52,239,11.4,313,19.1,1.5,218.9,NA,NA,"F","F40","U112",1.2245,0.3,c(-1.425899475, 41.80477276)
33722168,293,"1",7.6,8.25,21.9,17,223,64.6,1.9,309.1,0.7,1.2,"B","B11","U111",1.393,0.33,c(-1.456261622, 41.9653176)
33722284,600,"1",4.3,4.65,53.6,50,1,14.7,4.6,151.9,NA,NA,"E","E20","U111",0.7705,0.09,c(-1.657235301, 42.99903283)
33722838,160,"1",5.2,5.94,11.12,27.8,NA,68.1,3.1,113.2,NA,NA,"B","B55","U111",1.3335,0.12,c(-2.76169861, 47.91538393)
33741972,1189,"1",7.6,8.04,25.2,19.1,557,11.5,2.1,236.3,NA,NA,"B","B13","U111",1.2195,0.21,c(-1.113716865, 40.2177153)
33742110,451,"1",7.3,7.78,30.1,28.4,181,99.7,2.9,427.3,NA,NA,"B","B13","U111",1.173,0.51,c(-1.335551189, 41.45057602)
33742170,291,"1",7.6,8.12,46,10.7,266,48.1,1.2,309.5,NA,NA,"B","B43","U111",1.4095,0.49,c(-1.435803584, 41.98588818)
33742314,131,"1",4.8,5.26,12.14,45.9,NA,NA,3.6,129.5,NA,NA,"C","C10","U120",0.626,0.18,c(-1.686406332, 43.26892463)
33762022,1304,"1",7.4,7.93,17.56,14.2,203,NA,1.6,296.7,NA,NA,"B","B14","U111",1.4405,0.24,c(-1.169359917, 40.66733434)
33762094,813,"1",7.3,7.86,15.68,7.1,7,43,1.1,202.3,NA,NA,"B","B82","U111",1.3095,0.49,c(-1.285621493, 41.31044801)
33762144,413,"1",7.8,7.92,128.3,15.4,243,21,1.3,416.2,0.6,1.4,"B","B13","U111",1.087,0.12,c(-1.368309875, 41.75668885)
33762184,489,"1",7.8,8.23,16.73,14.9,261,11.4,1.7,235.2,NA,NA,"F","F40","U112",1.0865,0.1,c(-1.435645722, 42.11346876)
33762252,538,"1",7.5,8.12,17.09,19.1,177,22.4,2.4,245.6,NA,NA,"B","B13","U111",1.3845,0.17,c(-1.552604165, 42.71956664)
33762288,886,"2",6.6,6.88,54,42.3,2,27.4,3.8,57.5,NA,NA,"D","D20","U111",0.6755,0.12,c(-1.615825118, 43.04022655)
33762832,191,"1",5.7,6.13,9.99,20.4,NA,153.1,2.1,253.1,2.7,5.9,"B","B11","U111",1.3825,0.04,c(-2.695481915, 47.86848572)
33781948,1230,"2",7.4,7.53,237,6.9,37,NA,0.5,106.8,NA,NA,"D","D20","U420",1.3345,0.31,c(-1.030080024, 40.00832128)
33781984,1013,"2",7.7,8.32,14.93,2.4,299,NA,0.5,127.4,NA,NA,"F","F40","U112",1.4655,0.21,c(-1.086058857, 40.33029899)
33782062,1133,"1",7.2,7.6,13.98,12.9,7,13.8,1.5,232.9,0.8,1.6,"B","B14","U111",1.5435,0.33,c(-1.210055627, 41.02737139)
33782074,1008,"1",7.5,8.13,16.55,14,242,24,1.3,113.1,NA,NA,"B","B13","U111",1.383,0.31,c(-1.229468429, 41.13454776)
33782872,299,"1",6.1,6.53,20.59,42.1,NA,119.4,3.6,134.2,NA,NA,"E","E20","U111",1.003,0.05,c(-2.758678284, 48.22537983)
33802018,1248,"1",7.2,7.98,15.24,12.6,199,10.9,1,187.8,1.3,0.8,"B","B41","U111",1.475,0.33,c(-1.116296935, 40.63689174)
33802032,1360,"1",7.3,7.55,38.5,40.7,26,NA,4.5,361.3,NA,NA,"D","D20","U420",1.125,0.77,c(-1.13852405, 40.76200988)
33802036,1362,"1",7.3,7.82,18.75,22.3,148,17.5,2.1,192.7,NA,NA,"B","B14","U111",1.309,0.55,c(-1.144896902, 40.79775354)
33802810,177,"1",5.6,6.28,14.74,27.9,NA,55.4,2.7,189.6,0.5,1.6,"B","B11","U111",1.312,0.07,c(-2.59415881, 47.6799518)
33803256,261,"1",4.5,5.32,22.9,45.4,NA,12.1,3.8,78.4,NA,NA,"E","E20","U111",1.035,0.4,c(-3.678545639, 51.61719021)
33822024,1247,"1",7.7,8.25,19.57,8.4,59,10.3,1.3,133.7,0.5,0.5,"B","B14","U111",1.42,0.12,c(-1.102436691, 40.69316324)
33822042,1250,"1",7.5,7.97,22,18.3,507,27.1,2.1,239.1,NA,NA,"F","F40","U112",1.4095,0.68,c(-1.131045529, 40.85401979)
33822298,281,"1",4.8,5.08,24.2,47.75,NA,10.5,3.8,125.7,NA,NA,"C","C10","U120",1.165,0.04,c(-1.560665625, 43.13760798)
33822802,91,"1",4.2,5.01,10.75,32.1,NA,25.4,3.1,97.7,NA,NA,"E","E30","U420",1.231,0.1,c(-2.550355526, 47.61219241)
33842164,328,"1",7.6,7.99,34,19.7,449,142.5,2.4,535.9,NA,NA,"E","E20","U420",1.138,0.2,c(-1.306519253, 41.94595055)
33842206,424,"1",7.6,8.06,28,14.1,405,NA,1.7,179.9,NA,NA,"E","E30","U112",1.225,0.04,c(-1.377241234, 42.32054431)
33842218,446,"1",7.5,7.99,20.1,12.7,398,11.5,1.7,142.2,NA,NA,"B","B11","U111",1.1865,0.12,c(-1.397665625, 42.42753362)
33842866,231,"1",5.5,6.17,13.17,24,NA,33.7,2.5,151.6,NA,NA,"B","B16","U111",1.1575,0.05,c(-2.665457383, 48.18157447)
33862010,1132,"1",7.6,8.19,22.4,8.3,192,12,1.2,686.9,NA,NA,"B","B13","U111",1.272,0.1,c(-1.033665031, 40.57328972)
33862028,1388,"4",7.6,8.1,17.34,14.4,248,13.4,1.8,178.1,1.4,1.2,"B","B14","U111",1.4435,0.3,c(-1.062003366, 40.73419248)
33862060,1227,"2",6.6,6.68,21,17.7,1,NA,1.9,158.3,NA,NA,"D","D10","U420",1.4955,0.66,c(-1.112875193, 41.02014511)
33862160,294,"1",7.5,8.2,31.5,16.2,336,29.4,2.3,197,0.5,1.4,"B","B52","U111",1.0925,0.13,c(-1.276022644, 41.91296036)
33862232,482,"1",7.5,8.16,15.95,8.2,450,NA,1.2,146.9,NA,NA,"B","B13","U111",1.5575,0.13,c(-1.397549205, 42.55506313)
33863294,388,"1",3.5,4.54,21.72,228.7,NA,52.1,13.7,154.1,NA,NA,"E","E20","U111",0.354,0.02,c(-3.695822833, 51.96185128)
33882026,1298,"1",7.7,8.24,15.38,10,474,18.1,1.3,202.5,NA,NA,"B","B14","U111",1.4105,0.23,c(-1.035461941, 40.71894714)
33882074,1049,"1",6.7,6.99,17.53,13.2,4,NA,1.3,106,NA,NA,"E","E30","U112",1.314,0.43,c(-1.111793609, 41.14786249)
33882116,509,"1",7.6,8.3,16.73,10,157,11.5,1,221,NA,NA,"B","B12","U111",1.5255,0.05,c(-1.179769656, 41.5229378)
33882200,453,"1",7.2,7.73,25.9,16,371,33.1,1.9,129.3,0.4,0.5,"B","B13","U111",1.158,0.11,c(-1.319146618, 42.27246692)
33882218,498,"1",7.5,7.95,48.2,15.8,331,17.8,1.8,201.8,0.7,0.9,"B","B11","U111",1.161,0.06,c(-1.349622767, 42.43297391)
33901978,1265,"2",7.6,8.24,15.35,11.3,264,NA,1.1,156.2,NA,NA,"C","C10","U120",1.486,0.41,c(-0.937309457, 40.29235782)
33902036,1283,"1",7.4,7.95,21,12.4,369,11.9,1.4,366.9,NA,NA,"B","B13","U111",1.4255,0.15,c(-1.027829999, 40.81095697)
33902114,533,"2",7.4,8.38,14.52,5.4,69,NA,0.7,260.2,NA,NA,"B","B12","U111",1.6735,0.04,c(-1.152835104, 41.50774582)
33902140,323,"1",7.5,8.05,22.2,17.8,408,15.7,1.7,82.5,NA,NA,"F","F40","U112",1.5105,0.27,c(-1.195361301, 41.73984873)
33902280,1123,"2",5.3,5.86,12.95,62.1,NA,NA,4.4,139.6,NA,NA,"C","C10","U120",0.5665,0.27,c(-1.432051886, 42.98828912)
33902770,80,"4",6.1,6.65,11.39,25.5,NA,46.2,2.6,293,NA,NA,"E","E20","U111",1.5405,0.06,c(-2.376416412, 47.34093071)
33903630,73,"1",3.7,4.52,38.59,536.9,NA,59.1,23,401.3,NA,NA,"D","D20","U111",0.193,0,c(-4.630917571, 54.92160253)
33921980,1325,"4",7.8,8.37,14.95,7.9,85,NA,0.9,182.2,1,0.7,"B","B15","U111",1.7075,0.11,c(-0.917157381, 40.31284744)
33922020,1271,"3",7.5,8.14,21.1,15.7,295,14.2,1.9,125.4,1.9,0.8,"B","B14","U111",1.5315,0.38,c(-0.979287947, 40.67055305)
33922038,1226,"1",7.5,8.02,17.85,11.5,105,12.2,1.2,486.8,NA,NA,"B","B11","U111",1.587,0.33,c(-1.007562889, 40.83145737)
33922196,511,"1",7.4,7.78,27.4,17,295,26,2.1,247.1,NA,NA,"F","F40","U112",1.208,0.25,c(-1.264504585, 42.24219067)
33923916,61,"1",3.9,5.04,17.29,97.6,NA,11.1,6.6,121.9,NA,NA,"D","D20","U111",0.4665,0.11,c(-5.590478094, 57.42975254)
33941950,1048,"1",7.2,7.81,33.5,29.4,152,18.9,2.1,195,NA,NA,"E","E30","U111",1.099,0.2,c(-0.848038706, 40.04702197)
33941964,1089,"1",7.7,8.29,19.67,12.5,352,10.9,1.3,285,NA,NA,"E","E30","U112",1.273,0.59,c(-0.869382064, 40.1722984)
33942022,1275,"1",7.4,7.91,20.1,7.5,2,23.8,1.1,311.4,NA,NA,"F","F40","U112",1.674,0.14,c(-0.959044636, 40.69104573)
33942180,364,"1",7.3,7.57,35.3,18,434,60,2.2,369.4,NA,NA,"B","B11","U111",1.193,0.16,c(-1.21385183, 42.10214695)
33942216,652,"1",7.5,8.07,19.01,13.9,444,11.2,1.8,165.7,NA,NA,"E","E30","U112",1.4455,0.08,c(-1.274167718, 42.42325652)
33943296,239,"1",4.3,5.1,20.93,46.6,NA,36.4,5.1,121.7,NA,NA,"E","E20","U111",1.0585,0.07,c(-3.586557051, 51.99286141)
33961792,912,"1",7.5,8.18,14.41,7.4,396,NA,1,218.8,NA,NA,"E","E30","U112",0.9525,0.05,c(-0.59225376, 38.63400269)
33961984,1303,"1",7.8,8.36,16.39,5,121,NA,0.8,98,NA,NA,"E","E30","U112",1.726,0.24,c(-0.876817451, 40.35381382)
33962088,836,"1",7.3,7.7,20.6,6.9,3,NA,1,169,NA,NA,"F","F40","U112",1.557,0.32,c(-1.039972574, 41.28348703)
33962116,663,"1",7.4,8.02,21,20.7,563,17.5,2.3,110,NA,NA,"B","B12","U111",1.0605,0.13,c(-1.085043834, 41.53356376)
33962134,312,"1",7.3,7.78,59.8,13.5,413,17.1,1.9,108.3,NA,NA,"B","B52","U111",1.1525,0.33,c(-1.114281576, 41.69427881)
33962182,386,"1",7.2,7.57,31.2,18.3,293,50.1,2,278.7,NA,NA,"B","B12","U111",1.2625,0.29,c(-1.193273631, 42.12266816)
33981990,1369,"1",7.4,7.98,17.31,9.3,127,NA,1.4,121,NA,NA,"E","E20","U420",1.6015,0.39,c(-0.862775694, 40.41007205)
33982022,1358,"1",7.6,8.23,17.54,13.4,336,NA,1.4,353.7,NA,NA,"B","B41","U111",1.5225,0.16,c(-0.912289123, 40.69625413)
33982230,472,"1",7.6,8.19,14.86,11.2,381,17.6,1.5,238.4,0.4,0.5,"B","B11","U111",1.2845,0.08,c(-1.249713622, 42.55348687)
33983292,277,"2",5,5.76,8.72,36.5,NA,21.7,3.7,92.7,NA,NA,"E","E20","U111",1.0495,0.16,c(-3.518399276, 51.96428635)
34002034,1223,"1",7.6,8.33,20.4,6.3,438,12.1,1,281.7,NA,NA,"F","F40","U112",1.5755,0.21,c(-0.907596901, 40.80614165)
34002136,271,"1",7.5,7.8,45.3,13,324,46.2,2,316,NA,NA,"B","B16","U111",1.311,0.32,c(-1.070035724, 41.71743086)
34003176,269,"1",5.2,5.92,8.64,36,NA,NA,3.6,89.9,NA,NA,"E","E20","U111",0.9945,0.07,c(-3.186693641, 50.94504632)
34003734,177,"1",5.3,5.66,22.87,45.1,NA,NA,4,164.8,NA,NA,"E","E20","U111",0.6955,0.03,c(-4.817761869, 55.85178887)
34021832,198,"2",7.4,8.05,15.62,10.5,228,25.9,1,514.3,NA,NA,"B","B76","U111",1.378,0.05,c(-0.581462147, 39.00023288)
34022002,1411,"1",7.3,7.92,15.09,11,11,NA,1.2,208.8,NA,NA,"B","B14","U111",1.648,0.23,c(-0.834637077, 40.5225741)
34022030,1397,"1",7.5,7.74,39.5,29.8,231,NA,3.9,246.3,NA,NA,"E","E20","U420",1.1595,0.12,c(-0.877950102, 40.77297349)
34022044,1229,"2",7.6,8.17,16.41,12.6,293,NA,0.9,320.3,0.7,1.8,"B","B11","U111",1.461,0.62,c(-0.899784123, 40.89813797)
34022174,431,"1",7.6,8.04,31,14.3,336,13,1.9,195.4,NA,NA,"B","B11","U111",1.3495,0.38,c(-1.108354909, 42.05927712)
34022278,937,"1",6.7,6.98,25.5,64.5,4,NA,5.6,165.3,1.7,3.6,"E","E20","U111",0.695,0.11,c(-1.283131048, 42.98678893)
34041970,1072,"1",7.2,7.76,18.84,9.7,5,NA,1.2,213,NA,NA,"C","C10","U420",1.625,0.11,c(-0.762490596, 40.23885047)
34041988,1626,"1",7.2,7.75,16.24,21.1,680,NA,1.4,127.2,NA,NA,"C","C22","U120",1.2885,0.12,c(-0.789881314, 40.39990946)
34042006,1373,"2",7.5,8.33,14.11,6.4,62,NA,0.7,129.7,NA,NA,"D","D20","U420",1.8425,0.43,c(-0.817463487, 40.56092927)
34042024,1321,"1",7.7,8.23,18.61,11.5,341,NA,1.4,229.1,NA,NA,"B","B11","U111",1.4785,0.23,c(-0.845238922, 40.72191009)
34062008,1314,"1",7.4,7.92,24.4,13.8,258,NA,1.7,231.5,NA,NA,"B","B11","U111",1.4665,0.07,c(-0.797199627, 40.58139133)
34082060,857,"1",7.5,8.15,16.05,15.2,698,21.8,1.1,160.4,NA,NA,"B","B11","U111",1.5065,0.25,c(-0.854358294, 41.04894123)
34082176,421,"1",7.4,7.82,23.3,11.8,388,18.9,1.5,202.7,0.4,1.6,"B","B13","U111",1.2565,0.18,c(-1.039962153, 42.08506588)
34082784,85,"1",4.8,5.53,5.28,24.6,NA,NA,2.2,86.4,NA,NA,"E","E20","U111",1.4135,0.1,c(-2.170370839, 47.49173388)
34083428,301,"1",3.1,3.87,20.6,233,NA,18.7,9.8,111.6,NA,NA,"C","C21","U120",0.2075,0.47,c(-3.749583449, 53.1784178)
34102020,1326,"1",7.6,8.29,14.56,10.9,604,NA,1.2,119,NA,NA,"D","D20","U420",1.4955,0.38,c(-0.768907994, 40.69385872)
34102106,639,"2",7.3,7.42,235,15.4,313,NA,1.5,166.9,NA,NA,"E","E30","U112",0.9615,0.11,c(-0.903283534, 41.46260968)
34102872,162,"1",6.3,6.55,12.05,15.7,NA,24.2,1.7,237.9,NA,NA,"B","B11","U111",1.366,0.13,c(-2.332989127, 48.27414434)
34102908,120,"1",6.3,6.79,11.78,11.7,NA,46.1,1.4,132.4,0.7,0.3,"B","B16","U111",1.3985,0.13,c(-2.412400845, 48.59279862)
34121886,159,"1",7.6,8.22,15.64,11,210,39.8,1.2,552.7,1.2,1,"B","B77","U111",1.411,0.07,c(-0.545302656, 39.49677715)
34122012,1463,"1",7.2,7.44,13.41,27.7,26,NA,3,251.7,NA,NA,"C","C22","U120",1.347,0.4,c(-0.733277388, 40.624861)
34122850,130,"1",5.3,5.9,9.58,14.6,NA,33.3,1.7,297.3,0.8,2,"B","B11","U111",1.4645,0.06,c(-2.258551691, 48.08232947)
34122882,131,"1",6.2,6.63,27.91,19.6,1,55.2,2.4,385,NA,NA,"B","B16","U111",1.3155,0.09,c(-2.328244768, 48.36567145)
34123300,280,"1",5.1,5.56,5.96,33.4,NA,11.3,3.7,139.5,NA,NA,"E","E20","U111",1.1445,0.13,c(-3.338852794, 52.05786309)
34141774,318,"2",7.6,8.22,18.81,16.8,614,NA,1.3,176,NA,NA,"E","E10","U420",0.9345,0.14,c(-0.363017902, 38.49484144)
34143322,203,"1",5,5.78,14.51,53.8,NA,21.5,5.8,364,NA,NA,"E","E20","U111",0.959,0.08,c(-3.368899204, 52.25502145)
34161996,1533,"2",6.8,7.29,31.6,36.9,25,NA,4.1,375.1,NA,NA,"D","D20","U420",1.342,0.27,c(-0.6622788, 40.48680592)
34162018,1155,"2",7.6,7.95,25.6,15.5,92,NA,1.3,204.9,NA,NA,"E","E20","U111",1.523,0.2,c(-0.695698774, 40.68363686)
34162032,1092,"4",7.5,8.07,19.53,8.7,158,13.8,1.4,161.2,NA,NA,"F","F40","U112",1.468,0.18,c(-0.717115276, 40.80886294)
34162184,565,"1",7.4,7.86,15.04,11.3,359,30.8,1.3,108.8,NA,NA,"B","B11","U111",1.2965,0.03,c(-0.95736262, 42.16698777)
34182024,1210,"1",7.4,8.04,13.49,11,371,NA,1.3,61.7,NA,NA,"D","D10","U420",1.609,0.34,c(-0.681461154, 40.73985498)
34182132,269,"1",7.4,7.77,24.8,18.1,356,12.7,2.2,191.5,NA,NA,"E","E20","U420",1.717,0.07,c(-0.849790867, 41.70525946)
34182178,499,"1",7.6,8.24,24.8,7.6,379,NA,1.2,140.4,NA,NA,"F","F40","U112",1.4965,0.05,c(-0.923690087, 42.11604157)
34182744,68,"1",5.4,5.75,10.13,39.1,NA,NA,3.1,160.4,NA,NA,"E","E20","U420",1.1095,0.14,c(-1.956380575, 47.15176337)
34201876,83,"2",7.4,7.99,31.6,11.1,126,29.7,1.3,388.9,NA,NA,"B","B77","U111",1.4425,0.07,c(-0.439023333, 39.41712046)
34201972,1515,"1",6.9,7.16,38,72.7,7,54.1,6.9,655.2,NA,NA,"F","F40","U111",1.041,0.28,c(-0.579671058, 40.27706036)
34202062,909,"1",7.6,8.12,16.03,13,567,44.4,1.6,209.7,NA,NA,"B","B11","U111",1.3265,0.1,c(-0.716350984, 41.08224704)
34202146,378,"1",7.4,7.49,242,17.1,306,20.1,1.8,257.1,NA,NA,"D","D20","U420",1.2695,0.06,c(-0.848333326, 41.83289944)
34202854,102,"1",5.6,6.2,12.48,19.4,1,15.2,2.3,182.6,1,3.3,"B","B16","U111",1.2925,0.06,c(-2.160982991, 48.12961889)
34202866,151,"1",6.9,7.12,18.64,12.6,NA,116.2,1.5,359,NA,NA,"B","B16","U111",1.358,0.07,c(-2.186832906, 48.23590788)
34222096,430,"1",7.6,7.72,197.8,11.9,408,13.3,1.4,204.4,NA,NA,"E","E30","U112",1.08,0.06,c(-0.745606977, 41.38874717)
34222150,405,"2",7.6,7.84,246,20.6,331,NA,2.1,367.1,0.4,0.7,"B","B12","U111",1.203,0.03,c(-0.830906383, 41.87121449)
34222730,83,"1",4.6,5.36,11.37,16.4,NA,62.2,1.6,75.8,NA,NA,"B","B55","U111",1.191,0.15,c(-1.875707733, 47.03336468)
34242002,1330,"1",7.5,8.04,17.72,70.9,454,NA,1.8,88,NA,NA,"D","D20","U415",1.3685,0.2,c(-0.578030528, 40.55061069)
34242074,544,"1",7.7,7.79,238,10.5,286,13.1,1.3,433.1,NA,NA,"F","F40","U112",1.1605,0.09,c(-0.687802175, 41.19464152)
34242272,1462,"3",5.5,6.05,12.34,60.5,1,NA,6,202.4,NA,NA,"E","E20","U111",0.6685,0.21,c(-1.006249017, 42.96265997)
34261794,695,"1",7.3,7.75,35,13.5,369,27.4,1.5,798,NA,NA,"B","B81","U111",1.0615,0.17,c(-0.254817144, 38.68900137)
34261924,457,"1",7.3,7.45,201,5.8,493,NA,0.5,70.5,0.3,0.2,"B","B74","U111",1.3715,0.2,c(-0.439429378, 39.85469924)
34262082,443,"3",7.6,8.37,16.36,6.5,343,11.4,0.9,92.8,NA,NA,"F","F40","U112",1.3355,0.11,c(-0.676592957, 41.26871232)
34262824,103,"1",4.7,5.36,9.84,23.1,NA,27.1,2.6,155.6,NA,NA,"E","E20","U111",1.3225,0.24,c(-2.017658404, 47.87261547)
34282152,342,"1",7.7,8.19,62.8,15.1,402,31.2,1.9,426.1,NA,NA,"B","B16","U111",1.286,0.19,c(-0.762605094, 41.89681574)
34282836,173,"1",6,6.31,17.31,28.5,NA,31.7,2.7,138.9,NA,NA,"B","B11","U111",1.259,0.04,c(-2.01651553, 47.98188099)
34302328,82,"2",5.4,5.73,19.56,23.3,1,91.4,2.5,398.4,NA,NA,"B","B32","U111",1.042,0.19,c(-1.027640165, 43.46987701)
34302720,62,"1",5.1,5.54,11.6,8,NA,30.6,0.8,118.4,NA,NA,"B","B55","U111",1.647,0.14,c(-1.751502098, 46.95608457)
34322080,377,"1",7.6,8.25,26,7.3,324,12,0.9,291.2,NA,NA,"F","F40","U112",1.3115,0.04,c(-0.602714945, 41.25844336)
34322776,76,"3",5.6,5.99,8.02,19.5,NA,34.9,1.9,197.5,NA,NA,"E","E30","U112",1.322,0.11,c(-1.838901995, 47.45573814)
34342040,877,"1",7.6,8.16,19.07,11.2,282,22.2,1.1,150.1,NA,NA,"B","B54","U111",1.514,0.09,c(-0.518263328, 40.90319354)
34342302,215,"1",5.9,6.59,15.4,18.1,NA,41.4,2.4,203.5,NA,NA,"B","B16","U111",1.4435,0.29,c(-0.934942756, 43.24333961)
34342702,83,"4",4.7,5.27,12.34,18.2,NA,61.1,1.7,79,0.7,2.5,"B","B55","U111",1.1265,0.12,c(-1.663724442, 46.80199878)
34362082,347,"3",7.5,8.28,22.8,13.8,255,18.2,1.3,111.3,NA,NA,"B","B13","U111",1.429,0.26,c(-0.558578425, 41.28137458)
34362150,465,"2",7.6,8.41,18.56,14.6,381,18.1,1.6,196.2,NA,NA,"B","B14","U111",1.397,0.23,c(-0.664105867, 41.88918569)
34362178,475,"1",7.4,7.81,34.4,15.5,340,32,1.7,206.6,NA,NA,"B","B13","U111",1.2335,0.06,c(-0.708390263, 42.13930909)
34362268,1302,"1",5,5.31,35.4,50.5,NA,NA,4,144,NA,NA,"C","C10","U120",0.4335,0.19,c(-0.854132369, 42.94268891)
34381810,128,"2",7.4,7.74,16.81,24.4,62,71.1,2.7,512.8,NA,NA,"E","E30","U112",0.8965,0.22,c(-0.140554363, 38.84710909)
34382138,447,"3",7.9,8.47,29.6,18.1,456,77.2,1.7,793.8,NA,NA,"B","B13","U111",1.343,0.06,c(-0.621481788, 41.78450251)
34382156,453,"3",7.6,8.19,23.5,14.1,308,NA,1.7,270.9,NA,NA,"E","E30","U112",1.436,0.14,c(-0.649697887, 41.94533825)
34382818,82,"4",6.2,6.56,20.54,16.2,NA,41.6,2.2,185.8,NA,NA,"B","B32","U111",1.32,0.06,c(-1.846522451, 47.83680449)
34383700,256,"1",5.1,5.27,75.43,174,NA,22.9,10,162.2,NA,NA,"E","E20","U111",0.491,0.06,c(-4.112954364, 55.62170255)
34402006,1233,"1",7.3,7.89,15.18,17.9,603,NA,1.5,174.7,NA,NA,"D","D20","U111",1.5245,0.42,c(-0.39719876, 40.60639003)
34402118,330,"1",7.6,7.69,238,15.5,369,15.1,1.7,393.5,NA,NA,"F","F40","U112",1.0605,0.04,c(-0.566635819, 41.60827862)
34402168,427,"1",7.5,7.73,48.9,24.2,341,76.9,2.6,564.6,0.5,2.5,"B","B16","U111",1.1,0.04,c(-0.64472208, 42.05508873)
34402178,477,"1",7.6,7.81,130.5,8.8,423,24.1,1.2,197.3,NA,NA,"B","B11","U111",1.358,0.07,c(-0.660526059, 42.14441717)
34402298,342,"1",5.6,6.2,11.02,20.7,NA,23.5,2.6,76.8,NA,NA,"B","B55","U111",1.294,0.08,c(-0.855190638, 43.21550139)
34402352,93,"1",5,5.68,5.97,19.4,NA,32.1,1.5,118.8,NA,NA,"C","C22","U120",1.2215,0.03,c(-0.945915612, 43.69698255)
34402712,73,"1",5.8,6.38,14.08,19.8,NA,42.6,1.9,214.1,1.1,3.6,"B","B32","U111",1.2365,0.1,c(-1.605672448, 46.89921693)
34403276,218,"1",5.9,6.2,19.18,31.9,NA,27.5,3.1,94.7,NA,NA,"E","E20","U111",1.4415,0.05,c(-2.874314396, 51.89126741)
34403672,176,"2",4.3,5.54,7.78,54.6,NA,NA,4,110,NA,NA,"E","E20","U361",1.0575,0.14,c(-3.993681752, 55.37913502)
34421810,66,"1",7.5,7.8,30.6,21.8,217,52.9,2.5,682.2,NA,NA,"F","F40","U112",0.9545,0.22,c(-0.095044469, 38.85190733)
34422080,322,"2",7.3,7.66,237,12.5,434,24.2,1.1,112.5,0.4,0.2,"B","B13","U111",1.2965,0.32,c(-0.48470806, 41.2710175)
34442320,208,"1",5.3,5.67,5.76,22.9,NA,NA,2.2,343,NA,NA,"E","E20","U111",1.2085,0.1,c(-0.843039395, 43.4169105)
34442708,102,"1",6,6.47,12.71,13.3,NA,26.8,1.5,131.2,0.8,2.8,"B","B16","U111",1.4125,0.25,c(-1.545861418, 46.86930922)
34443266,40,"1",4.7,5.5,8.61,36.1,NA,24.5,3.8,119.5,NA,NA,"E","E20","U111",1.2225,0.01,c(-2.791564372, 51.80930265)
34461998,1326,"1",7.2,7.45,52.9,56.1,506,NA,5.6,318.8,NA,NA,"E","E10","U420",1.071,0.19,c(-0.315359012, 40.54216387)
34462890,90,"1",6,6.51,10.42,15.6,NA,35.1,1.7,190.7,NA,NA,"B","B16","U111",1.359,0.04,c(-1.891290633, 48.48658099)
34482148,500,"2",8,8.07,421,10.3,316,NA,1.3,151.2,NA,NA,"E","E30","U321",1.403,0.09,c(-0.51796161, 41.8864945)
34482192,694,"2",7.4,7.9,19.43,13.3,314,30.4,1.6,328.7,0.6,0.8,"B","B13","U111",1.269,0.11,c(-0.586815086, 42.27963068)
34482660,59,"1",6.8,7.37,13.25,15,3,110,2.1,309.5,NA,NA,"B","B32","U111",1.359,0.08,c(-1.401014983, 46.44854298)
34483296,77,"1",6.7,6.89,31.26,51.5,7,122.2,5.6,951.2,NA,NA,"E","E20","U111",1.2895,0.07,c(-2.810581784, 52.08041134)
34483786,131,"1",4.8,5.03,9.93,66.2,NA,14.5,6,141.6,2,6,"D","D20","U111",0.661,0.4,c(-4.233555411, 56.39476436)
34502098,245,"1",7.5,8.02,56.3,38.9,323,229.3,4.1,571.5,1,1.3,"B","B52","U111",1.172,0.03,c(-0.417491611, 41.44197549)
34502224,821,"3",7.4,7.68,24.4,22.9,95,40.7,2.8,521.5,NA,NA,"E","E30","U112",0.9875,0.29,c(-0.613553348, 42.56795691)
34503420,150,"1",6.7,7.14,21.99,24.4,9,15.6,2.2,112.7,NA,NA,"E","E20","U111",1.0195,0.09,c(-3.108459156, 53.17748012)
34503730,122,"1",5.1,5.74,33.8,46.9,NA,70.2,4.1,592.7,NA,NA,"E","E20","U111",0.909,0.06,c(-4.020590928, 55.90629901)
34522098,270,"1",7.6,8.33,43,18,412,30.7,2.5,401.5,NA,NA,"B","B12","U111",1.177,0.25,c(-0.393818715, 41.44445863)
34522176,518,"1",7.5,8.44,20,7.7,319,13.1,1.2,68.6,0.3,0.3,"B","B11","U111",1.6145,0.09,c(-0.513766104, 42.14173499)
34522698,118,"1",5.8,6.36,6.16,11.2,NA,36.9,1.2,112,NA,NA,"E","E30","U350",1.4855,0.05,c(-1.422573404, 46.7916248)
34523724,128,"1",6.2,6.53,23.28,53.7,3,NA,3,121,NA,NA,"E","E20","U361",0.9085,0.26,c(-3.970122374, 55.85704417)
34542034,628,"1",7.5,7.52,234,6.5,239,NA,0.8,108,NA,NA,"F","F40","U112",1.2475,0.06,c(-0.274652808, 40.87427331)
34542106,353,"1",7.9,7.98,323,17.9,272,23.5,1.8,364.9,NA,NA,"B","B12","U111",1.141,0.09,c(-0.382250198, 41.51848635)
34542712,109,"1",5.9,6.4,12.56,13.1,NA,80.2,1.7,71.3,1.1,3.3,"B","B55","U111",1.316,0.1,c(-1.423817819, 46.91873112)
34543662,163,"1",5.3,5.82,30.7,63.6,NA,107.2,5.4,376.3,NA,NA,"C","C10","U420",0.218,0.29,c(-3.74580804, 55.31530676)
34562164,427,"1",7.8,8.06,204,14.1,269,30.9,1.9,291.6,0.5,2.5,"B","B13","U111",1.5215,0.13,c(-0.447273818, 42.03951085)
34562704,121,"1",5.1,5.46,23.19,20.6,NA,64.5,2,156.9,NA,NA,"B","B16","U111",1.4615,0.09,c(-1.382315673, 46.85043769)
34562818,83,"1",3.8,4.29,19.14,41.8,1,46.8,4.3,157.6,4.7,8.4,"B","B12","U111",1.386,0.24,c(-1.608573356, 47.86242525)
34562872,117,"2",6.8,7.05,20.56,14.5,4,30.4,1.7,142.3,NA,NA,"B","B52","U111",1.3445,0.07,c(-1.719781084, 48.34136969)
34582042,528,"1",7.6,8.06,36.3,13.2,311,16.4,1.2,453.5,NA,NA,"B","B74","U111",1.494,0.14,c(-0.239474296, 40.950774)
34582172,497,"1",7.7,8.09,117.2,8.5,293,28.9,1.4,163.4,NA,NA,"B","B11","U111",1.658,0.07,c(-0.435744605, 42.11350309)
34582178,564,"1",7.5,8.25,16.44,11.9,343,13.6,1.4,188.5,0.5,0.7,"B","B13","U111",1.496,0.05,c(-0.445049253, 42.16712213)
34582186,691,"1",7.4,8.05,16.42,16.3,244,44.6,1.8,546.6,NA,NA,"B","B11","U111",1.2295,0.18,c(-0.4574901, 42.23860805)
34582352,102,"1",6.8,7.3,26.11,32.8,54,13.2,3.2,163.9,NA,NA,"E","E20","U111",1.1415,0.16,c(-0.724875434, 43.72038919)
34582676,112,"1",6,6.53,6.31,16.1,NA,31.9,1.7,49.8,4.1,3.6,"B","B55","U111",1.648,0.01,c(-1.302601537, 46.60443069)
34602092,383,"2",7.6,7.89,50.8,16,483,12.5,1.4,199.9,NA,NA,"B","B13","U111",1.351,0.18,c(-0.290115823, 41.40066024)
34602152,364,"1",7.1,7.67,26,17.1,289,13.8,2.2,286.3,NA,NA,"B","B11","U111",1.329,0.08,c(-0.381027338, 41.93722767)
34602236,1330,"1",5.7,6.01,13.78,97.6,3,16.5,4.3,273.8,NA,NA,"C","C22","U120",0.752,0.33,c(-0.512000666, 42.68775677)
34602380,114,"2",4.3,5.11,5.06,13.7,NA,NA,1.2,49.1,NA,NA,"C","C22","U120",1.209,0.03,c(-0.747106693, 43.97262688)
34621956,321,"1",7.4,8.02,21.6,17.9,220,81.3,1.7,532.6,NA,NA,"B","B74","U111",1.2365,0.04,c(-0.068580307, 40.18532716)
34622132,405,"3",7.6,8.08,29.5,17.8,276,27.9,2.2,124.3,NA,NA,"F","F40","U112",1.2705,0.1,c(-0.326688059, 41.76088556)
34622806,131,"1",4.9,5.55,12.25,14.3,1,29.3,1.7,137.9,NA,NA,"B","B13","U111",1.3925,0.1,c(-1.505015471, 47.76436245)
34622842,109,"1",5.5,6.15,14.58,15.8,NA,27.7,2.1,114.5,NA,NA,"B","B53","U111",1.3505,0.22,c(-1.57798415, 48.08378878)
34623626,8,"1",3.9,4.27,41.64,501.3,NA,74.4,22.1,224,NA,NA,"E","E20","U111",0.169,0.03,c(-3.513616013, 55.01204085)
34642044,428,"1",7.7,8.33,17.34,23.5,441,NA,0.6,85.7,NA,NA,"B","B13","U111",1.4975,0.04,c(-0.171910065, 40.97597562)
34642088,394,"1",7.7,8.26,20.4,16.9,387,11.1,1,250.1,NA,NA,"F","F40","U112",1.2505,0.11,c(-0.236833723, 41.36977106)
34642160,472,"1",7.5,8.35,13.15,9.7,290,NA,1.2,110.2,0.4,0.3,"B","B13","U111",1.214,0.05,c(-0.345529772, 42.01369614)
34662148,383,"2",7.6,8.11,19.52,11.8,201,NA,1.4,161.5,0.5,0.5,"B","B13","U111",1.536,0.09,c(-0.303344771, 41.90887973)
34662634,65,"1",7.1,7.89,19.95,24.8,414,52.2,2.8,398.2,1.4,1.1,"B","B11","U111",1.199,0.1,c(-1.120488658, 46.24195228)
34662858,109,"1",4.6,5.2,8.21,31.6,NA,64.9,3.2,76.7,NA,NA,"E","E20","U111",1.2905,0.21,c(-1.557509539, 48.23134885)
34663314,183,"1",6.6,5.98,13.18,16,NA,48.5,1.9,213.9,1.9,5.3,"B","B11","U111",1.6785,0.04,c(-2.596720332, 52.26744449)
34682152,413,"1",7.4,7.97,16.31,10.3,242,NA,1.5,144.4,NA,NA,"B","B52","U111",1.463,0.02,c(-0.285563527, 41.94710412)
34682394,133,"1",3.5,4.32,4.66,21,NA,23.8,1.2,16.3,NA,NA,"C","C22","U120",1.2635,0,c(-0.671787183, 44.10773452)
34702166,533,"1",7.5,8.3,17.21,12.8,317,81.6,1.6,320.6,NA,NA,"B","B11","U111",1.5845,0.06,c(-0.282979323, 42.07473022)
34702666,65,"1",7.1,7.43,16.83,11.9,2,74.7,1.5,205.6,NA,NA,"F","F40","U111",1.319,0.07,c(-1.128722144, 46.53183252)
34703724,174,"2",4.4,5.13,20.51,74.6,NA,15.9,4.7,123.7,NA,NA,"E","E20","U111",0.835,0.07,c(-3.687489375, 55.88799744)
34722748,127,"1",5.4,6.18,8.01,15.7,NA,51.9,1.9,229.6,NA,NA,"B","B51","U111",0.122,0.03,c(-1.259072768, 47.26320526)
34723000,130,"1",5.1,5.53,8.08,13.9,NA,15.2,1.6,135.4,NA,NA,"B","B11","U111",1.372,0.09,c(-1.775983796, 49.49878444)
34723198,63,"1",6.4,6.69,29.79,26.9,NA,22.2,2.7,131.5,1,3.2,"B","B11","U111",0.813,0.07,c(-2.225996377, 51.25143969)
34742632,61,"1",7.2,7.61,18.93,29.1,87,23,3.4,493.9,NA,NA,"B","B31","U111",1.0335,0.2,c(-1.01408607, 46.23486591)
34742674,124,"1",6.2,6.71,11.44,16.8,1,58.1,2,120.8,NA,NA,"B","B11","U111",1.3475,0.16,c(-1.092049797, 46.60832642)
34742884,151,"1",5.1,5.59,8.67,27.8,NA,41.4,2.9,204.1,NA,NA,"B","B11","U111",1.341,0.17,c(-1.504017569, 48.47320825)
34743334,169,"2",5.7,5.93,50.43,22.4,NA,11.2,2.9,87.1,NA,NA,"B","B16","U111",1.069,0.24,c(-2.531476025, 52.45645045)
34762078,204,"2",7.7,8.29,21.7,23.8,446,79.4,1.2,206.3,NA,NA,"F","F40","U112",1.3995,0.04,c(-0.080247237, 41.29482115)
34762150,436,"1",7.2,7.99,17.53,10.8,305,26.4,1.8,78.9,NA,NA,"B","B52","U111",1.605,0.11,c(-0.187061699, 41.93900404)
34762196,1325,"1",7.1,7.29,23,41.4,332,NA,3,159.3,NA,NA,"C","C22","U420",1.1625,0.27,c(-0.256918485, 42.35026866)
34762502,68,"2",6,6.65,7.36,14.5,NA,32,1.4,103.1,NA,NA,"B","B82","U111",1.641,0.01,c(-0.756275918, 45.08045272)
34762730,136,"1",5.6,6.28,14.48,13.8,NA,24.6,1.5,71.7,NA,NA,"B","B11","U111",1.2685,0.08,c(-1.172135584, 47.10872929)
34762834,111,"1",4.7,5.07,5.6,21.3,NA,30.1,2.7,70,NA,NA,"B","B55","U111",1.477,0.07,c(-1.375893394, 48.03231507)
34762898,59,"4",6.9,7.56,18.55,23,204,26.6,2.6,134,NA,NA,"B","B11","U111",1.321,0.04,c(-1.506030326, 48.60019606)
34763312,153,"1",5.5,5.85,6.49,25,NA,11,2.7,168.1,NA,NA,"E","E20","U111",1.1445,0.03,c(-2.447049108, 52.26517642)
34763716,241,"2",4.6,5.11,47.08,52.3,NA,88.9,4.4,205.5,NA,NA,"E","E20","U111",0.9375,0.06,c(-3.568522159, 55.82777041)
34782164,504,"3",7.5,8.32,12.75,12.5,148,14.1,1.2,107.6,NA,NA,"B","B13","U111",1.425,0.11,c(-0.184269062, 42.06663303)
34782740,142,"3",6.4,6.59,11.79,15.6,NA,11.6,1.7,77.7,NA,NA,"B","B55","U111",1.2015,0.13,c(-1.165189988, 47.20028701)
34802042,596,"3",7.3,7.83,21.6,18.8,451,NA,1.4,170.1,NA,NA,"D","D10","U420",1.4435,0.05,c(0.019054895, 40.97728323)
34802604,51,"1",7.3,7.76,45.39,21.9,14,44.1,2.9,684,NA,NA,"B","B11","U111",1.1165,0.15,c(-0.886188934, 45.9937161)
34803004,147,"1",5.8,6.43,16.83,40.5,NA,45.5,4,233.8,NA,NA,"E","E20","U111",1.088,0.02,c(-1.675313983, 49.54567174)
34822134,413,"1",7.4,7.86,23.5,19.1,194,17.8,2.4,91.2,NA,NA,"B","B53","U111",1.306,0.11,c(-0.09160946, 41.80315911)
34822350,170,"1",6.2,6.89,13.59,14.2,1,59.4,1.3,296.2,NA,NA,"B","B16","U111",1.3745,0.02,c(-0.426668683, 43.73301367)
34842126,294,"1",7.6,7.87,191.1,9.6,275,NA,1.2,87.9,NA,NA,"F","F40","U112",1.4675,0.15,c(-0.055954104, 41.73399213)
34862308,285,"1",4.8,4.96,37.35,12.7,NA,54.9,1.6,266.5,NA,NA,"B","B16","U111",0.936,0.07,c(-0.310342926, 43.3631031)
34862890,111,"1",6,6.68,11.59,15,NA,24,1.9,80.6,NA,NA,"B","B16","U111",1.258,0.08,c(-1.355511293, 48.54312429)
34862944,119,"1",6.3,6.94,13.96,42.9,5,12.5,4.5,74.8,NA,NA,"E","E20","U111",1.0925,0.06,c(-1.466599188, 49.02218739)
34882068,333,"1",7.7,8.33,14.76,23.8,476,NA,0.8,91,NA,NA,"B","B75","U111",1.179,0.07,c(0.075941494, 41.21961)
34882144,527,"1",7.6,8.37,13.73,10.4,178,17.8,1.4,116,NA,NA,"B","B13","U111",1.5075,0.04,c(-0.034920375, 41.89983263)
34882166,598,"2",7.5,8,18.75,18.2,341,NA,1.9,139.7,NA,NA,"B","B74","U111",0.943,0.11,c(-0.067639485, 42.09662181)
34882324,201,"4",6.7,7.25,20.37,21.1,3,26.9,2.5,161.5,NA,NA,"B","B11","U111",0.933,0.08,c(-0.31129563, 43.5084223)
34882360,144,"4",6,6.69,10.45,10.9,1,89.2,1.2,171.6,1.8,2.7,"B","B16","U111",1.2385,0.02,c(-0.36902884, 43.82973801)
34882720,170,"1",4.7,5.36,4.38,17,NA,15.8,1.8,89.4,NA,NA,"E","E20","U111",1.125,0.17,c(-0.996691669, 47.0359674)
34883350,69,"1",5.9,6.19,31.21,11.9,NA,64.5,1.4,352.3,NA,NA,"B","B13","U111",1.218,0.12,c(-2.368153391, 52.61925591)
34902136,451,"1",7.6,8.11,18.76,15,218,NA,2,143.2,NA,NA,"B","B13","U111",1.334,0.05,c(0.000739266, 41.83065166)
34902366,136,"1",5.5,6.06,11.33,9.4,1,38.2,1,116.3,NA,NA,"B","B16","U111",1.568,0.03,c(-0.354083554, 43.88576769)
34902946,107,"1",5.1,5.77,8.9,36.4,NA,23,3.9,76.2,NA,NA,"E","E20","U111",1.0255,0.08,c(-1.41660602, 49.0455018)
34902982,55,"1",4.8,5.26,5.43,23.2,NA,NA,2.2,61.4,NA,NA,"E","E20","U111",1.0065,0.08,c(-1.491915522, 49.36477442)
34922386,132,"1",3,4.08,5.73,44,1,NA,1.5,44.9,NA,NA,"E","E30","U120",1.01,0.03,c(-0.361805793, 44.06670981)
34922452,100,"1",4.5,5.27,5.49,14.5,NA,10.8,1.4,40.1,NA,NA,"C","C10","U420",1.33,0.11,c(-0.470558615, 44.6553415)
34922776,101,"1",5.7,6.38,9.78,17.3,NA,57.3,2.1,164.2,NA,NA,"B","B54","U111",1.429,0.32,c(-1.050700143, 47.5390076)
34922866,135,"1",5.6,6.33,7.18,17,NA,59.2,1.8,151.4,NA,NA,"B","B16","U111",1.287,0.22,c(-1.226867691, 48.33834484)
34922890,177,"2",6.5,7.03,12.95,18.1,NA,98.4,2.1,355.7,2.2,4,"B","B11","U111",1.136,0.09,c(-1.275050545, 48.55138286)
34923790,101,"1",4.9,5.4,23.14,28.9,NA,60.2,2.9,221,NA,NA,"B","B13","U111",1.079,0.23,c(-3.545465752, 56.50607754)
34942160,486,"1",7.6,8.14,18.54,17.4,282,NA,1.5,183.5,NA,NA,"B","B13","U111",1.326,0.07,c(0.013060816, 42.05014466)
34942744,158,"2",5.3,5.86,16.74,17.9,NA,26.3,2.1,92.5,NA,NA,"B","B16","U111",1.1585,0.15,c(-0.963557588, 47.25728822)
34942784,138,"1",6.3,6.73,12.8,22.9,NA,17.5,2.6,96.4,NA,NA,"B","B16","U111",1.3255,0.07,c(-1.03972921, 47.6127704)
34943222,123,"1",7,7.06,30.67,88.7,117,59.2,8.9,300.7,NA,NA,"E","E20","U111",0.5995,0.16,c(-1.970447645, 51.49639057)
34962128,265,"1",7.5,8.1,16.64,11.9,245,NA,1.6,116.4,0.3,0.7,"B","B13","U111",1.1675,0.04,c(0.083927601, 41.76620024)
34982150,376,"1",7.2,7.9,24,14,132,12.2,1.6,170,NA,NA,"B","B13","U111",1.235,0.34,c(0.075602359, 41.96543787)
34982298,415,"1",5.6,6.2,10.18,18.8,NA,43,2.1,306,NA,NA,"B","B12","U111",0.889,0.14,c(-0.14810049, 43.28851983)
34982564,66,"2",7,7.85,22.46,19.6,569,20.3,2.2,542.9,NA,NA,"B","B11","U111",0.8075,0.63,c(-0.585834154, 45.66095902)
34982730,146,"1",4.9,5.8,5.58,14.6,NA,41.8,1.7,41.2,NA,NA,"B","B55","U111",1.309,0.21,c(-0.884979451, 47.138124)
34982780,96,"3",6.3,6.73,8.32,20.6,NA,NA,2.4,78.7,NA,NA,"B","B55","U111",1.3695,0.06,c(-0.979384021, 47.58256908)
35002110,314,"4",7.7,8.22,30.6,5.7,388,NA,0.9,155.3,NA,NA,"F","F40","U112",1.331,0.04,c(0.157578458, 41.60980329)
35002134,306,"1",7.3,7.87,20.3,14.2,170,NA,1.8,82.6,NA,NA,"B","B13","U111",1.32,0.37,c(0.122836492, 41.82462613)
35002236,1729,"1",4.4,4.88,20.47,76,NA,18.5,7.7,197.1,NA,NA,"E","E20","U111",0.867,0.17,c(-0.028576505, 42.73693816)
35002314,269,"1",5.1,5.8,7.13,17.1,NA,15,1.9,42.9,NA,NA,"E","E20","U111",0.815,0.11,c(-0.148626528, 43.43385776)
35002386,120,"2",3.3,4.45,3.75,16.7,NA,NA,0.7,16.1,NA,NA,"C","C22","U120",1.24,0.03,c(-0.262878334, 44.07662219)
35002620,73,"1",7.2,7.79,18.53,26,51,22.5,3.1,589.5,0.6,3.4,"B","B13","U111",1.077,0.32,c(-0.65872072, 46.16213925)
35023494,165,"1",5.1,5.6,12.38,36.2,NA,16.6,4.1,104.8,NA,NA,"E","E20","U111",1.131,0.09,c(-2.533734248, 53.91271538)
35042052,437,"2",7.6,8.33,18.31,30.1,460,39,0.9,180.9,NA,NA,"B","B82","U111",1.0795,0.05,c(0.287315296, 41.09503266)
35042124,332,"1",7.5,8.01,26.7,16.5,524,16.4,1.7,107.7,NA,NA,"B","B16","U111",1.1565,0.14,c(0.184957135, 41.73982437)
35042146,340,"1",7.5,8.1,23.9,20,127,23.2,2.3,448.3,NA,NA,"E","E30","U112",1.061,0.14,c(0.153095764, 41.93673209)
35042530,121,"2",7.1,7.84,21.35,23.4,304,18.7,2.4,416.3,NA,NA,"B","B16","U111",1.085,0.32,c(-0.451258877, 45.36568281)
35042938,180,"1",6.1,6.75,9.2,17.2,NA,38.8,2,116.1,NA,NA,"B","B16","U111",1.3545,0.1,c(-1.210654743, 48.99381577)
35043748,76,"1",5.4,5.99,9.67,24.8,NA,42,2,272.9,NA,NA,"B","B13","U111",1.126,0.08,c(-3.224870101, 56.15623318)
35062104,389,"1",7.3,8.17,17.08,12,380,21.8,1.5,224.1,NA,NA,"F","F40","U112",1.293,0.13,c(0.237419229, 41.56310586)
35062540,88,"1",6.9,7.35,13.6,14.9,5,53.5,1.6,312.8,NA,NA,"B","B11","U111",1.05,0.05,c(-0.442978158, 45.45730806)
35062630,64,"1",7.2,7.9,15.81,20.2,392,19.4,2.3,481.8,1.3,9.3,"B","B11","U111",1.076,0.05,c(-0.599421767, 46.25886456)
35063818,338,"2",4.2,5.17,13.99,47.9,NA,12.2,4,68.8,NA,NA,"D","D20","U111",0.957,0.36,c(-3.409186883, 56.77610866)
35082276,562,"1",5.4,5.74,9.47,25.1,NA,NA,3.1,105.6,NA,NA,"B","B55","U111",1.259,0.12,c(0.007673384, 43.10403789)
35082550,106,"1",6.9,7.53,25.02,13.1,537,24.3,1.8,609.9,NA,NA,"B","B32","U111",0.8685,0.15,c(-0.434687475, 45.54892739)
35082780,98,"1",5.9,6.56,7.26,12.5,1,24.5,1.4,70.7,0.7,4.1,"B","B11","U111",1.378,0.06,c(-0.847671902, 47.5958095)
35082784,78,"1",5.3,5.95,13.36,37.1,NA,26.5,3.9,78.9,NA,NA,"E","E20","U111",1.2535,0.07,c(-0.855225934, 47.63136618)
35082924,196,"2",5,5.73,6.34,25.9,NA,23.3,2.9,65.2,NA,NA,"E","E20","U111",1.2965,0.08,c(-1.128261506, 48.87499279)
35102290,371,"1",5,5.44,10.01,17.3,NA,44,2.1,340.4,NA,NA,"B","B52","U111",1.4395,0.12,c(0.010649237, 43.23153645)
35102740,158,"1",5.4,6.19,6.83,12.5,NA,20.3,1.5,83.1,NA,NA,"B","B53","U111",1.3695,0.08,c(-0.746683077, 47.24277486)
35102926,216,"3",5.6,6.24,12.07,28.8,NA,128,3.3,350.9,NA,NA,"B","B11","U111",1.258,0.32,c(-1.105273064, 48.89545506)
35103484,115,"2",5.8,6.09,17.57,63.9,NA,42.6,6.4,182,NA,NA,"E","E20","U111",1.0685,0.44,c(-2.3872517, 53.83672133)
35122538,119,"1",6.1,6.84,8.04,15.6,NA,64.2,1.5,255.2,1.4,4.8,"B","B82","U111",1.0775,0.13,c(-0.363569057, 45.44701399)
35142092,133,"1",7.5,7.61,142.4,13.9,358,22.3,1.8,425.3,0.3,1,"B","B72","U111",1.3635,0.09,c(0.349308323, 41.46490872)
35142218,1187,"1",6.5,6.71,16.9,75.5,4,16,5.8,277.2,NA,NA,"C","C10","U420",0.867,0.34,c(0.167513392, 42.59263906)
35142542,99,"1",7.3,7.96,24.54,15.6,357,30.1,1.7,1123.9,NA,NA,"B","B31","U111",0.877,0.33,c(-0.344988593, 45.48515963)
35162334,174,"1",5.7,6.24,9.13,7.8,NA,29.2,1.1,58.2,NA,NA,"B","B32","U111",1.682,0.1,c(0.016372071, 43.63181505)
35162510,143,"4",4.5,4.94,6.63,13.7,NA,14.2,1.2,34.4,NA,NA,"E","E10","U111",1.22,0.04,c(-0.266022225, 45.20240508)
35162564,56,"4",7.4,7.58,17.07,23.4,186,43.8,2.2,404.9,NA,NA,"E","E30","U112",1.099,0.25,c(-0.356913337, 45.68370492)
35162590,101,"1",7.1,7.72,20.9,34,396,30.1,3.5,378.1,NA,NA,"B","B11","U111",0.8585,0.34,c(-0.401423185, 45.91534662)
35162680,246,"1",4.8,5.63,6.77,14.3,1,17.6,1.7,108.7,NA,NA,"B","B18","U111",1.165,0.09,c(-0.559376491, 46.71671401)
35162766,106,"3",5.3,5.96,12.08,28.7,NA,21.8,2.7,67.2,NA,NA,"E","E20","U111",1.0245,0.04,c(-0.716170337, 47.48179926)
35162802,134,"1",6,6.57,12.9,23.5,NA,68,2.5,481.9,NA,NA,"E","E20","U111",1.4335,0.05,c(-0.783580518, 47.80187851)
35182124,268,"2",7.5,8.02,23.8,14.8,161,17.1,2.1,111.7,NA,NA,"B","B16","U111",1.287,0.1,c(0.351624146, 41.75609692)
35182620,127,"4",6.9,7.19,33.4,87.8,50,NA,6,296.2,NA,NA,"C","C10","U120",0.614,0.14,c(-0.42772249, 46.18507305)
35183700,334,"1",4.9,5.51,36.41,28.8,NA,NA,3.2,92,NA,NA,"E","E20","U111",1.0295,0.42,c(-2.861525433, 55.75582593)
35202306,270,"1",5.7,6.18,7.17,9.8,NA,38.4,1.1,76.6,NA,NA,"B","B16","U111",1.728,0.1,c(0.108351907, 43.38642845)
35202360,212,"1",6.5,6.93,10,7.9,NA,13.7,1.1,64.7,0.6,1,"B","B55","U111",1.7015,0.04,c(0.02524739, 43.86882599)
35202624,92,"1",7.4,7.81,24.07,37.8,457,30.6,4.1,496,NA,NA,"F","F40","U111",0.868,0.38,c(-0.408992471, 46.22321525)
35202882,239,"1",5.7,6.37,8.5,18.6,1,45.6,2.2,81.4,3,4.8,"B","B13","U111",1.298,0.1,c(-0.88364992, 48.51808345)
35202904,216,"1",5.1,5.88,8.91,24.6,2,21.4,3.1,60.2,NA,NA,"E","E20","U111",1.126,0.1,c(-0.926690477, 48.71351035)
35202922,209,"2",5.1,5.82,8.73,26.8,NA,20.1,2.9,102.3,0.8,1.8,"B","B55","U111",0.908,0.13,c(-0.962224482, 48.87337561)
35203908,79,"1",3.7,3.94,167.9,420.8,NA,82.8,22.6,414,NA,NA,"C","C10","U420",0.67,0.01,c(-3.469504454, 57.59205744)
35222956,139,"1",5.5,5.86,32.53,24.4,NA,54.7,2.9,482.4,NA,NA,"B","B16","U111",1.099,0.12,c(-1.002967408, 49.17795702)
35223528,410,"1",3.2,4.01,21.6,422.9,NA,46.3,16.8,260.7,NA,NA,"H","H12","U420",0.0155,0.45,c(-2.322423254, 54.24376202)
35223718,68,"1",5.7,6.17,30.22,30,NA,53.3,2.5,454.4,NA,NA,"B","B55","U111",1.247,0.08,c(-2.851144212, 55.92098658)
35242112,324,"1",7.4,7.65,30.5,18.3,218,60.6,2.5,128,1,1.3,"B","B16","U111",1.2415,0.15,c(0.43993214, 41.65551282)
35242302,276,"4",6.4,6.93,8.25,9.1,NA,17.9,1.2,87.8,0.8,2.1,"B","B16","U111",1.7175,0.08,c(0.163325429, 43.35541471)
35242486,95,"3",5.9,6.4,7.48,14.9,NA,24.2,1.6,145.8,NA,NA,"B","B82","U111",1.459,0.06,c(-0.125730382, 44.99821389)
35242684,209,"1",5.2,5.98,6.87,11.5,NA,27.6,1.3,147.5,1.3,4.4,"B","B55","U111",1.136,0.13,c(-0.462752387, 46.76249591)
35262010,71,"1",7.3,7.84,27.6,30.6,284,60.6,2.6,330.1,NA,NA,"E","E20","U415",1.063,0.17,c(0.603471582, 40.74360632)
35262100,191,"1",7.1,7.8,28.6,20.1,222,60.3,2.5,403.1,NA,NA,"B","B81","U111",1.285,0.07,c(0.480447086, 41.55030006)
35263752,120,"3",5.2,5.62,15.2,39.2,NA,93,3.4,417.7,NA,NA,"B","B11","U111",0.9545,0.15,c(-2.888000347, 56.22726896)
35282092,206,"2",7.4,7.97,88.8,23.4,294,13.8,1.6,383,NA,NA,"B","B75","U111",1.3785,0.06,c(0.515273744, 41.4808965)
35282704,172,"1",5.9,6.5,7.23,10.9,NA,18,1.2,71,NA,NA,"B","B55","U111",1.215,0.3,c(-0.44633653, 46.94558636)
35302114,332,"1",7.4,8,19.52,9.2,299,18.7,1.5,169,NA,NA,"B","B82","U111",1.407,0.07,c(0.508493297, 41.68025264)
35302214,1434,"1",7,7.28,16.36,42.7,67,NA,3.6,53.7,NA,NA,"C","C10","U420",0.9285,0.14,c(0.36646486, 42.57549752)
35302442,141,"1",6.1,6.68,7.33,7.8,NA,32.7,1,144.5,0.6,2.3,"B","B82","U111",1.6225,0.06,c(0.020331744, 44.61289769)
35302784,77,"2",5.5,6.04,22.59,42.9,NA,15.9,4.5,79.2,NA,NA,"E","E20","U111",1.1145,0.15,c(-0.565051051, 47.65995944)
35302960,126,"1",5.5,6.09,11.14,21.5,1,55.3,2.8,128.5,NA,NA,"B","B53","U111",0.8895,0.2,c(-0.902213498, 49.22415588)
35303270,209,"1",7.3,7.45,17.56,24.1,23,30.6,2.5,279,NA,NA,"F","F40","U111",0.863,0.16,c(-1.566783841, 51.97335298)
35303690,224,"2",5.3,5.94,30.87,19.9,NA,28,2.2,285.8,NA,NA,"B","B13","U111",1.454,0.34,c(-2.64452251, 55.68663104)
35303726,30,"1",5.7,6.1,35.14,19.6,NA,35.1,1.8,202.6,1,7.5,"B","B21","U111",1.276,0.07,c(-2.748282338, 56.00430508)
35322282,547,"1",5.6,4.95,16.66,36.2,NA,20,3.6,115,NA,NA,"E","E20","U111",1.2045,0.22,c(0.290959575, 43.18600956)
35322812,148,"1",5.7,6.12,22.15,22,NA,47.7,2.7,49.4,NA,NA,"E","E20","U111",1.121,0.04,c(-0.590413094, 47.9115541)
35323658,209,"1",4.9,5.64,30.86,33.1,NA,25.9,3.4,98.4,NA,NA,"E","E20","U111",1.042,0.08,c(-2.522816511, 55.40728863)
35323916,4,"1",4.8,5.33,52.7,34.1,NA,21.4,3.2,150.2,NA,NA,"E","E20","U111",0.7735,0.03,c(-3.297971242, 57.68261202)
35342068,364,"1",7.7,8.28,19.58,27.6,581,26,0.9,184.4,0.2,0.3,"B","B81","U111",1.5585,0.1,c(0.619231899, 41.27257442)
35342334,234,"1",7.3,7.88,20.15,20.2,292,NA,2.1,162.6,0.8,1,"B","B11","U111",1.51,0.31,c(0.237458392, 43.65314639)
35342564,100,"1",7.4,7.96,21.89,27.9,328,52.3,2.9,1038.5,NA,NA,"B","B82","U111",1.2375,0.38,c(-0.127822829, 45.70595671)
35342626,142,"1",6.9,7.47,24.59,29.9,6,72.5,3.5,319.8,2.9,4,"B","B12","U111",0.975,0.06,c(-0.232494467, 46.25849634)
35342676,224,"1",5.9,6.39,10.61,14,NA,17,1.6,142,1.5,4.5,"B","B16","U111",1.166,0.13,c(-0.31895912, 46.70384728)
35342752,105,"1",7.3,7.87,16.84,22.7,107,10.8,2.1,386.9,NA,NA,"B","B16","U111",1.008,0.18,c(-0.454030209, 47.38036976)
35342896,200,"3",4.3,5,8.2,39.5,NA,18.1,3.8,94.6,NA,NA,"C","C10","U120",1.149,0.3,c(-0.722704114, 48.66088158)
35342964,74,"3",4.6,5.29,9.49,29.5,NA,14.1,3,86.4,NA,NA,"E","E20","U111",0.8345,0.05,c(-0.855740284, 49.26498453)
35362530,132,"1",6.7,7.22,17.4,9.5,36,21.8,1.5,340.4,0.6,0.6,"B","B11","U111",1.1325,0.42,c(-0.046256049, 45.40523188)
35362710,143,"1",5.6,6.23,10.73,26.1,NA,10.9,2.9,73.5,NA,NA,"E","E20","U111",1.016,0.04,c(-0.352757804, 47.00907427)
35363754,109,"1",5.6,6.06,24.14,26.3,NA,53.3,2.4,140.2,NA,NA,"B","B11","U111",1.0345,0.08,c(-2.735023083, 56.26087377)
35382120,308,"1",7.3,7.59,23.8,23.2,330,13.3,3,202.2,NA,NA,"B","B55","U111",1.2495,0.07,c(0.595386468, 41.74302895)
35382192,1274,"1",7.1,7.45,30,102.5,112,19,6,408.1,NA,NA,"C","C10","U420",0.612,0.32,c(0.494449521, 42.38777669)
35382238,1445,"1",4.6,6.28,35.91,83.3,NA,43,8.3,511.1,NA,NA,"E","E20","U111",0.8655,0.54,c(0.428423075, 42.7994204)
35382378,152,"1",7,7.73,21.7,21.3,515,22.4,1.9,203.8,NA,NA,"E","E20","U420",1.157,0.09,c(0.219728922, 44.05095582)
35382516,129,"1",7.1,7.72,20.6,20.9,508,24,2.2,427.7,NA,NA,"B","B31","U111",1.159,0.25,c(0.001885336, 45.28278214)
35382588,160,"1",7.1,7.75,20,24.7,299,38.9,3.1,315.3,NA,NA,"B","B12","U111",1.248,0.11,c(-0.116885207, 45.92478334)
35383678,44,"1",5.7,6.23,22.01,23.8,NA,30.5,2.4,272.3,NA,NA,"B","B11","U111",1.27,0.16,c(-2.485286859, 55.59319884)
35402092,302,"1",7.7,8.35,27.3,22.9,275,91.4,2,745.6,NA,NA,"B","B81","U111",1.474,0.07,c(0.657589837, 41.49438068)
35402214,1139,"1",6.5,6.62,49,92.9,3,30.5,9.6,167.2,3.5,7.8,"B","B71","U111",0.543,0.11,c(0.487167813, 42.58695692)
35402314,313,"1",6.8,7.21,19.76,14.2,1,36.1,2.2,138.8,NA,NA,"B","B16","U111",1.5855,0.2,c(0.34111547, 43.48138403)
35402344,179,"1",7.3,8.03,14.05,13.8,32,NA,1.8,167.8,0.8,1.7,"B","B53","U111",1.6475,0.29,c(0.296129002, 43.74952037)
35402488,90,"1",4.5,5.17,5.39,9.5,NA,25.1,1.1,53.7,NA,NA,"E","E20","U111",1.4115,0.13,c(0.072271966, 45.03538413)
35403654,298,"1",4.9,5.69,18.14,48,NA,14.8,5.2,293.4,NA,NA,"E","E20","U111",0.9955,0.01,c(-2.387157845, 55.38434755)
35422288,365,"1",5.9,6.34,10,13.2,NA,21,1.8,84.9,NA,NA,"B","B16","U111",1.6775,0.1,c(0.40407125, 43.25123259)
35422410,101,"1",6.9,7.47,25.98,7.2,2,79.3,1,120.4,NA,NA,"B","B16","U111",1.586,0.1,c(0.22005037, 44.34147161)
35422446,89,"1",4.8,5.36,7.22,3.6,NA,61.6,0.5,124.9,0.4,2.2,"B","B21","U111",1.5745,0.03,c(0.163955819, 44.66291165)
35422716,111,"1",6.7,7.43,14.66,10.2,NA,27.8,1.2,206,NA,NA,"B","B12","U111",1.221,0.04,c(-0.285073922, 47.06999302)
35422752,125,"1",6,6.56,8.55,10.7,1,27.4,1.1,135.4,NA,NA,"B","B11","U111",1.5755,0.06,c(-0.348986378, 47.39046126)
35423508,339,"1",4.6,5.13,22.24,95.1,NA,39.6,5.4,60.1,NA,NA,"E","E20","U111",0.9345,0.13,c(-1.967949308, 54.09704369)
35442438,159,"1",6.6,7.15,21.48,8.2,16,41.4,1.1,167.6,NA,NA,"B","B11","U111",1.4005,0.04,c(0.201468156, 44.59385236)
35442582,135,"1",7.2,7.75,21.71,32,358,26.4,3.1,480,NA,NA,"B","B41","U111",1.209,0.11,c(-0.030215463, 45.87859644)
35442636,132,"4",6.8,7.19,16.44,39.7,9,65.6,4.3,355.5,NA,NA,"B","B16","U111",1.0215,0.14,c(-0.120811557, 46.3599003)
35462116,253,"2",7.4,7.54,117,15.1,227,14.6,2,266.4,0.3,0.5,"B","B75","U111",1.148,0.18,c(0.696136483, 41.71612929)
35462218,1409,"1",5.2,5.79,13.78,102.4,1,21,6.7,220,NA,NA,"C","C32","U420",0.6015,0.48,c(0.553922147, 42.62956458)
35462290,342,"1",5.7,6.18,13.04,14.1,NA,65.8,2,227.9,0.8,1.6,"B","B16","U111",1.5145,0.13,c(0.449968905, 43.27370975)
35462350,187,"3",7.3,7.8,18.12,21.8,107,34,2.4,265.5,NA,NA,"B","B31","U111",1.49,0.08,c(0.360986814, 43.81010924)
35462962,113,"1",5,5.35,8.45,17.4,NA,23.6,2.1,71.2,NA,NA,"B","B11","U111",1.165,0.14,c(-0.688407264, 49.26298062)
35482240,1169,"1",5.6,6.2,17.14,37.4,1,13.5,4.6,120.7,NA,NA,"E","E20","U111",1.2035,0.34,c(0.546721742, 42.82870902)
35482492,139,"2",6.2,6.55,14.86,29,NA,16.9,2.8,157.4,NA,NA,"E","E10","U370",1.0565,0.1,c(0.166603395, 45.0806032)
35482708,107,"1",6.7,7.07,11.5,15.7,2.5,37.35,1.6,228.25,NA,NA,"B","B31","U111",1.123,0.05,c(-0.192774439, 47.00620053)
35482790,85,"1",5.9,6.51,9.12,15.4,NA,17,1.7,167.1,NA,NA,"B","B11","U111",1.195,0,c(-0.338243351, 47.73617575)
35482964,107,"1",5.4,6.11,7.99,9.5,1,75.4,1.2,116.4,NA,NA,"B","B11","U111",0.9725,0.07,c(-0.665075703, 49.28335418)
35483636,154,"2",4.9,5.12,42.7,65.2,NA,20.9,4.9,127.4,NA,NA,"E","E20","U111",0.695,0.05,c(-2.21351029, 55.2375531)
35483702,207,"1",4.6,5.1,66.28,44.1,NA,44.6,4.6,307.2,NA,NA,"E","E20","U111",1.0905,0.24,c(-2.395880269, 55.82061278)
35502098,290,"2",7.5,7.98,29.3,13.7,241,42.1,2,208.4,NA,NA,"B","B74","U111",1.4445,0.09,c(0.768139859, 41.55924333)
35502398,80,"1",6.6,7.31,7.57,5.7,NA,76.7,0.8,85.3,1.3,3.1,"B","B16","U111",1.7435,0.06,c(0.337858442, 44.24363932)
35503892,232,"1",5.2,5.89,14.42,31.5,NA,47.6,2.6,105.1,NA,NA,"E","E20","U111",1.396,0.15,c(-2.92593789, 57.50061243)
35522294,326,"3",5.3,5.73,4.8,8.8,1,14.7,1.3,60.6,NA,NA,"B","B16","U111",1.6695,0.09,c(0.517422179, 43.31633092)
35522406,79,"1",7.2,7.92,20.27,9.1,12,NA,1.3,155.5,0.7,2.4,"B","B16","U111",1.5315,0.05,c(0.350507424, 44.31742737)
35522518,186,"4",6.6,6.96,12.88,10.4,NA,16.3,1.1,68.4,NA,NA,"C","C22","U120",1.3585,0.09,c(0.175664107, 45.31735583)
35522590,140,"3",7.1,7.69,16.03,27.3,589,62.7,3.1,408.4,1.6,3.2,"B","B11","U111",1.18,0.07,c(0.058831696, 45.959573)
35522672,209,"1",6.7,7.23,18.76,22.1,1,38.9,2.3,318.3,2.2,4.2,"B","B11","U111",1.0395,0.15,c(-0.078680684, 46.69043931)
35522766,89,"3",6.9,7.36,12.84,11.4,9,12.4,1.3,145.1,NA,NA,"B","B55","U111",1.5095,0.17,c(-0.242450148, 47.5275654)
35522780,74,"3",5.2,5.91,5.48,10.1,NA,21.7,1.1,95.1,NA,NA,"D","D20","U111",1.167,0.07,c(-0.267423988, 47.65218155)
35522856,233,"3",4.9,5.73,6.39,18.3,NA,32.6,2.2,118.8,NA,NA,"B","B16","U111",1.2585,0.06,c(-0.405734391, 48.32839364)
35523608,149,"1",5.1,5.48,15.6,36.1,NA,NA,3.7,89.8,NA,NA,"E","E20","U111",1.023,0.12,c(-2.076348829, 54.99611217)
35523634,161,"1",4.8,5.09,24.86,27.2,NA,12.9,2.9,81.8,NA,NA,"E","E20","U111",1.027,0.07,c(-2.146048971, 55.2259296)
35542260,530,"1",6.7,7.07,20.9,83.5,13,67.4,6.7,149.1,NA,NA,"C","C10","U420",0.88,0.26,c(0.590918754, 43.01444597)
35542404,106,"1",5.2,5.69,26.03,7.2,NA,41,1.1,121.8,NA,NA,"B","B16","U111",1.414,0.09,c(0.378409072, 44.30187812)
35542602,195,"1",7.2,7.81,21.68,31.9,46,39.4,3.4,298.7,NA,NA,"B","B32","U111",1.0685,0.25,c(0.06464797, 46.0689693)
35562112,247,"3",7.5,7.94,24.5,22.3,423,NA,2.5,249.2,0.4,0.9,"B","B52","U111",1.4965,0.21,c(0.820596354, 41.69132093)
35562300,282,"3",5.3,5.95,7.24,9.9,NA,16.3,1.4,28.9,NA,NA,"B","B55","U111",1.5705,0.09,c(0.557603999, 43.37453409)
35562342,277,"1",7.5,8.05,14.43,6.3,51,NA,1,123.1,NA,NA,"B","B12","U111",1.732,0.08,c(0.49606662, 43.75009522)
35562612,193,"2",7,7.51,24.56,34.9,25,18.8,3.9,423.5,1.1,2.6,"B","B11","U111",0.8895,0.07,c(0.073774925, 46.16052711)
35562756,82,"1",7,7.56,21.15,7.6,10,26,1,260.7,NA,NA,"B","B16","U111",1.512,0.07,c(-0.172112003, 47.44349252)
35563854,206,"1",4.8,5.24,51.1,176.4,NA,29.6,14.8,289.2,NA,NA,"C","C10","U420",0.655,0.28,c(-2.711233367, 57.17500812)
35563912,77,"1",4.8,5.49,23.01,38.1,NA,72.1,2.9,93.2,NA,NA,"E","E20","U111",1.106,0.16,c(-2.889611003, 57.68669794)
35582196,1338,"3",7.1,7.62,18.18,72.3,148,NA,4.6,253.5,NA,NA,"C","C32","U420",0.705,0.35,c(0.729634114, 42.44605515)
35582326,232,"1",7.1,7.71,20.98,25.5,320,NA,2.8,172.4,NA,NA,"E","E20","U111",1.4975,0.24,c(0.544197796, 43.60931726)
35582524,126,"1",6.9,7.48,18.2,15.1,405,NA,2,293.9,1.1,1.1,"B","B16","U111",1.127,0.11,c(0.242034669, 45.37798017)
35582566,153,"1",7.2,7.79,23.66,37.8,240,11.2,4.1,270.3,NA,NA,"B","B11","U111",1.0045,0.16,c(0.174653217, 45.75269627)
35582584,133,"1",7.1,7.75,20.26,33.7,399,10.7,2.5,368.6,2.5,2.7,"B","B13","U111",1.241,0.09,c(0.145405292, 45.91324175)
35582728,89,"1",6.9,7.47,10.47,11.4,4,24.7,1.3,308.4,NA,NA,"B","B16","U111",1.149,0.08,c(-0.096908066, 47.196613)
35602122,300,"2",7.2,7.74,24.4,40.1,81,98.4,2.3,533.6,NA,NA,"B","B16","U111",1.3585,0.04,c(0.854778547, 41.78532542)
35602536,177,"1",7,7.56,20.19,21.4,713,18.8,2.7,169.4,NA,NA,"B","B13","U111",1.1905,0.18,c(0.248280789, 45.48741379)
35602558,109,"1",7,7.27,21,62.8,493,NA,4.7,282,NA,NA,"C","C10","U120",1.0225,0.25,c(0.21304521, 45.68369955)
35602810,117,"1",6.2,6.73,11.34,21.1,1,19.8,2.5,208.3,0.8,2.8,"B","B53","U111",1.3485,0.08,c(-0.215303281, 47.92914133)
35602950,126,"2",6.4,6.83,10.46,11.8,NA,41.7,1.5,155.6,NA,NA,"B","B35","U111",1.0605,0.08,c(-0.474691784, 49.17439943)
35603400,141,"4",5.3,5.6,26.55,53.8,NA,11.2,5.5,127.4,NA,NA,"E","E20","U111",0.7975,0.14,c(-1.432914582, 53.16722815)
35622352,175,"1",7.5,8.2,14.54,11.9,71,NA,1.4,165.8,1.5,4.1,"B","B31","U111",1.6515,0.21,c(0.555244358, 43.84632291)
35622370,233,"1",6.8,7.2,10.25,13.1,3,20.5,1.5,240.8,NA,NA,"B","B11","U111",1.617,0.01,c(0.528637924, 44.00723135)
35622640,200,"1",6.8,7.27,24.12,24,1,50.5,2.7,397.2,NA,NA,"B","B16","U111",1.036,0.06,c(0.104567056, 46.41733851)
35622658,200,"1",6.4,6.61,12.29,8.9,2,36.9,1.1,182.9,NA,NA,"B","B32","U111",1.2475,0.06,c(0.074527852, 46.57778679)
35642110,274,"1",7.3,7.5,31.6,22.5,122,103.3,2.7,127.5,NA,NA,"B","B72","U111",1.4325,0.06,c(0.918488866, 41.68211794)
35642746,89,"2",7.3,7.71,11.72,8.2,9,13,0.8,496.3,2.6,3.1,"B","B31","U111",1.323,0.03,c(-0.049494684, 47.36425457)
35642962,96,"1",7.1,7.58,28.11,24.1,226,37.4,2.8,284,NA,NA,"B","B35","U111",0.9065,0.11,c(-0.44318754, 49.28617358)
35662070,1090,"1",6.2,6.63,10.15,23.6,NA,16.1,1.7,155.5,NA,NA,"C","C10","U420",1.047,0.12,c(0.995030062, 41.32560703)
35662424,163,"1",6.6,7.14,25.97,9.8,13,38.4,1.1,190.3,NA,NA,"B","B16","U111",1.4895,0.1,c(0.497501032, 44.49436119)
35662600,171,"1",6.7,7.38,13.42,19.2,1,31.9,2,170.4,NA,NA,"B","B11","U111",1.313,0.13,c(0.221776952, 46.06542763)
35662844,259,"1",6.3,6.94,8.96,24,NA,40.1,2.7,303.3,NA,NA,"B","B16","U111",1.208,0.18,c(-0.196698441, 48.23916933)
35663410,64,"1",6.4,6.86,16.05,29.8,NA,19.3,2.6,128.5,NA,NA,"F","F40","U111",1.2865,0.35,c(-1.367731192, 53.26424883)
35663500,138,"1",5.7,6.16,18.85,59.9,NA,70.4,5.8,358.1,NA,NA,"E","E20","U111",1.163,0.08,c(-1.585432856, 54.06123814)
35682398,198,"3",7.1,7.83,19.62,17.4,243,NA,1.7,236.5,NA,NA,"E","E20","U111",1.4885,0.13,c(0.561378402, 44.26430998)
35682434,165,"3",7.2,7.95,20.08,9.1,43,NA,1.3,324.6,NA,NA,"B","B12","U111",1.5885,0.08,c(0.507355979, 44.58598817)
35702140,1043,"1",6.7,7,20.2,51.4,154,10.7,3.7,221.1,NA,NA,"C","C10","U420",0.964,0.2,c(0.950004642, 41.95752217)
35702180,1369,"2",4.9,5.53,5.37,35.7,NA,NA,2.9,114.7,NA,NA,"C","C22","U420",1.057,0.08,c(0.896058241, 42.31594183)
35702222,1514,"2",6.1,6.33,12.01,39.3,4,NA,3.8,42.6,NA,NA,"E","E20","U111",1.139,0.1,c(0.838476836, 42.69210998)
35702280,411,"1",7.2,7.95,16.53,13.5,74,NA,1.6,178.8,0.4,0.5,"B","B52","U111",1.22,0.13,c(0.7573393, 43.21129518)
35702420,134,"1",6.5,7.09,16.14,11.2,2,47.6,1.4,319.3,NA,NA,"B","B13","U111",1.562,0.04,c(0.553389446, 44.4631813)
35722404,213,"1",7.2,7.82,19.52,14.7,390,23.3,1.7,358.7,NA,NA,"B","B13","U111",1.149,0.14,c(0.602167132, 44.32246432)
35722746,157,"3",3,3.98,6.51,59.6,NA,NA,2.5,119.4,NA,NA,"C","C32","U120",0.6005,0.1,c(0.055579765, 47.37395465)
35742112,328,"1",7.3,7.66,29.4,20,307,21.9,2.5,261.1,0.3,0.6,"B","B52","U111",1.316,0.03,c(1.034890306, 41.71082658)
35742526,199,"1",7.1,7.54,17.63,37,665,NA,2.4,108.4,NA,NA,"C","C22","U120",0.9965,0.33,c(0.441591872, 45.41447036)
35742714,92,"1",6,6.37,7.68,7.5,NA,19.6,0.9,103.3,NA,NA,"B","B31","U111",1.4735,0.07,c(0.136333027, 47.09124517)
35743146,194,"1",7,7.02,47.43,65.4,13,NA,6.7,130.7,NA,NA,"E","E20","U111",1.0155,0.13,c(-0.669633514, 50.9337546)
35743470,59,"1",5.5,5.93,16.07,39.6,NA,NA,3.6,95.9,NA,NA,"E","E20","U111",1.112,0.03,c(-1.391675756, 53.80696451)
35762944,68,"1",7.2,7.86,18.6,15.9,145,34.8,1.7,189.9,NA,NA,"B","B11","U111",1.029,0.09,c(-0.245819217, 49.14125894)
35763334,125,"1",5.9,6.35,14.36,29.1,NA,39,3.1,146.1,NA,NA,"F","F40","U111",1.3775,0.06,c(-1.045299562, 52.60450843)
35782180,1147,"3",5.7,5.99,14.28,37.9,NA,NA,3.2,213.1,NA,NA,"C","C33","U420",0.9295,0.21,c(0.992266543, 42.32460935)
35782360,216,"3",7.3,7.74,20.67,22.7,51,42,2.5,760.1,NA,NA,"E","E20","U111",1.3825,0.12,c(0.741055954, 43.93582993)
35782450,170,"4",7.5,7.82,17.31,22.5,317,NA,2.4,280.2,NA,NA,"B","B52","U111",1.1795,0.32,c(0.608327277, 44.740302)
35802082,512,"1",7.5,8.07,17.35,20.3,624,21.5,1.3,393.3,NA,NA,"B","B12","U111",1.39,0.32,c(1.145298848, 41.44816437)
35802352,213,"1",7.6,8.2,18.75,16,57,23.8,1.9,527.6,1.2,3,"B","B31","U111",1.4205,0.21,c(0.777295978, 43.86650421)
35822308,325,"2",7.2,8.06,15.91,20.7,233,NA,1.5,131,0.5,2.3,"B","B54","U111",1.528,0.12,c(0.864560091, 43.47508093)
35822566,221,"1",6.2,6.34,15.99,29.2,3,24.8,3,188.7,NA,NA,"E","E20","U111",1.1245,0.14,c(0.480750396, 45.78072553)
35823892,105,"1",5.3,5.86,12.78,17.6,NA,60.2,1.9,188.3,NA,NA,"E","E30","U111",1.318,0.15,c(-2.40009514, 57.55133207)
35842124,461,"1",7.4,7.98,15.88,20.5,382,18.7,1.9,145.5,0.3,0.6,"B","B11","U111",1.4325,0.08,c(1.138365998, 41.82907256)
35842502,167,"1",5.3,5.74,9.58,19.4,1,NA,2.1,61.4,NA,NA,"E","E20","U111",0.9565,0.27,c(0.605120702, 45.21160075)
35842712,121,"1",7.2,7.78,28.68,20.6,272,22.2,2.2,921.4,NA,NA,"B","B11","U111",1.2785,0.07,c(0.270372902, 47.08529351)
35842898,213,"1",6.1,6.77,10.23,16,NA,19.4,1.9,148.1,NA,NA,"B","B35","U111",1.273,0.04,c(-0.05286525, 48.74190328)
35843492,22,"1",6.3,6.79,16.21,31.2,NA,81.3,3.3,469.1,NA,NA,"B","B32","U111",1.2845,0.16,c(-1.29419309, 54.01587616)
35862116,418,"2",7.3,7.91,30.8,17.4,298,68.3,2.5,506.6,NA,NA,"B","B11","U111",1.2705,0.14,c(1.172631907, 41.75944781)
35882060,231,"1",7.4,7.86,17.26,18.5,496,13.9,0.9,291.9,0.5,0.3,"B","B82","U111",1.531,0.06,c(1.268165205, 41.25917309)
35882194,1298,"1",5.9,6.14,24.5,45.5,1,13.8,4.9,466.6,NA,NA,"C","C10","U420",0.9025,0.37,c(1.093917873, 42.46077066)
35882514,187,"1",7,7.6,22.57,21.6,427,18.8,2.7,347.2,4.1,5.2,"B","B16","U111",1.1525,0.34,c(0.63741623, 45.32329786)
35882622,194,"1",6.4,7.05,13.21,11.8,1,21.8,1.3,148,NA,NA,"B","B11","U111",1.1405,0.15,c(0.469051188, 46.28735304)
35882698,132,"2",7.2,7.79,22.57,9.2,619,39.1,1.7,363.6,NA,NA,"B","B12","U111",1.4905,0.06,c(0.345802758, 46.96518474)
35882802,94,"1",5.4,5.96,7.115,15.35,NA,20.45,1.65,77.5,NA,NA,"B","B16","U111",1.508,0.06,c(0.170378304, 47.89200039)
35883324,66,"2",6,6.48,15.32,20.9,NA,28.4,2.1,169,NA,NA,"F","F40","U111",1.585,0.18,c(-0.847782406, 52.53200135)
35902512,273,"2",5.7,6.05,15.97,41.2,NA,NA,3,398.6,NA,NA,"C","C10","U120",1.017,0.07,c(0.665769812, 45.30769018)
35903466,8,"1",6,6.43,23.02,19.1,NA,33.9,1.8,149.1,0.8,3.3,"B","B11","U111",1.627,0.02,c(-1.141886766, 53.79381914)
35922084,609,"2",7.5,8.04,19.13,14.5,654,10.1,1.3,331.5,NA,NA,"B","B13","U111",1.5515,0.16,c(1.28510104, 41.4786919)
35922162,1399,"1",6.4,6.73,24.1,64.4,5,NA,2.9,288.1,NA,NA,"C","C22","U120",0.942,0.45,c(1.184380821, 42.17821501)
35922202,1475,"2",5.8,6.07,25.2,53.4,2,23.8,4.8,197.3,NA,NA,"E","E20","U111",1.3375,0.46,c(1.131500887, 42.5367093)
35922210,1074,"2",5.6,6.13,16.22,30,1,11,3,113.1,NA,NA,"C","C33","U420",1.2325,0.39,c(1.120822632, 42.60838934)
35922558,268,"1",5.2,5.6,7.13,12.4,NA,NA,1.4,29.5,NA,NA,"E","E20","U111",1.3705,0.15,c(0.620746523, 45.72072173)
35922588,258,"2",5.2,5.81,3.97,17.3,NA,NA,1.9,65.2,NA,NA,"C","C10","U120",1.2135,0.1,c(0.574130333, 45.98852774)
35922706,162,"2",6.4,6.88,24.92,5.2,1,35.7,0.8,176.3,0.8,2.6,"B","B16","U111",1.657,0.03,c(0.384826406, 47.04118203)
35922918,140,"1",6.2,6.65,19.82,46.7,NA,17.5,5.1,187.5,2.1,3.9,"B","B11","U111",1.013,0.02,c(0.019060191, 48.92965927)
35942062,305,"1",7.7,8.32,16.76,7.7,629,19.8,0.8,146.1,0.7,0.6,"B","B82","U111",1.296,0.14,c(1.336612675, 41.28334901)
35942488,264,"1",4.4,5.03,14.04,29.8,NA,10.3,2.1,155.7,NA,NA,"C","C10","U120",1.1115,0.31,c(0.752451765, 45.09777761)
35942542,255,"1",5.3,5.94,6.05,11.3,NA,16.6,1.1,122.6,NA,NA,"B","B55","U111",1.4685,0.21,c(0.670798632, 45.58011604)
35943240,191,"1",3.2,3.78,16.23,51.2,NA,25.9,3.6,252.3,NA,NA,"C","C10","U120",0.204,0.14,c(-0.580319681, 51.7944284)
35943316,118,"1",6,6.32,15.43,31.9,NA,16.6,3.4,140.3,NA,NA,"F","F40","U111",0.167,0.03,c(-0.742741062, 52.46900099)
35962500,223,"1",4.8,5.45,19.64,72.6,NA,17.2,5,279.7,NA,NA,"C","C10","U120",0.728,0.52,c(0.759732736, 45.20721678)
35962540,301,"1",4.5,5.07,10.49,35.1,NA,11.8,3.3,70.8,NA,NA,"E","E20","U111",0.437,0.12,c(0.69928261, 45.56450417)
35963184,53,"1",3.4,4.08,11.26,22,NA,16.5,1.6,169.8,NA,NA,"C","C10","U120",0.1465,0.23,c(-0.435986509, 51.2996995)
35982096,783,"1",7.3,7.83,17.28,18.8,316,27.7,1.9,266.6,NA,NA,"B","B11","U111",1.3625,0.22,c(1.341141319, 41.59258098)
35982118,569,"2",7.3,7.85,22.2,17.8,352,68.9,2.3,451.7,0.4,0.6,"B","B13","U111",1.3905,0.06,c(1.313139564, 41.78994108)
35982132,662,"3",7.4,7.95,20.7,15.9,333,40.6,1.7,125.4,NA,NA,"B","B11","U111",1.5365,0.04,c(1.2951925, 41.91550848)
36002938,206,"1",3.9,4.43,14.91,76.4,NA,11.1,4.8,221.1,NA,NA,"C","C10","U120",0.634,0.36,c(0.091456379, 49.11736196)
36022114,656,"1",7.3,7.74,21.1,26.8,326,67.5,3.1,643.4,NA,NA,"B","B11","U111",1.3425,0.24,c(1.365934571, 41.75819876)
36022316,267,"1",7.4,8,15.1,11.2,133,15.2,1.5,284.8,0.7,0.5,"B","B31","U111",1.6685,0.16,c(1.09882447, 43.56832864)
36042102,771,"1",7.5,8.18,18.62,16.8,563,21.8,2,119.4,NA,NA,"B","B13","U111",1.306,0.14,c(1.40493619, 41.65259674)
36042956,83,"1",5,5.53,14.57,53,1,17.9,5.3,143.7,NA,NA,"E","E20","U111",0.791,0.21,c(0.113370469, 49.28239798)
36043406,7,"1",5.6,5.98,12.95,18.7,NA,87.2,2,156.9,NA,NA,"E","E20","U111",1.149,0.12,c(-0.794681496, 53.28078133)
36062060,248,"1",7.3,8.02,17.62,19.7,288,NA,1.6,109.2,NA,NA,"B","B74","U111",1.7175,0.06,c(1.48108454, 41.27769956)
36062262,493,"1",7,7.35,15.84,24.6,7,15.9,2.2,160.6,NA,NA,"E","E20","U111",1.2905,0.05,c(1.221113239, 43.08903667)
36062492,274,"1",3.6,4.36,7.99,41.5,NA,NA,1.9,53.2,NA,NA,"C","C32","U120",1.0905,0.17,c(0.897896486, 45.14679194)
36062644,179,"1",6.2,6.47,10.43,12.8,NA,32.5,1.2,184,NA,NA,"F","F40","U111",1.062,0.07,c(0.66652199, 46.50419833)
36062860,234,"1",6,6.4,10.26,22.2,1,36,2.7,214.3,NA,NA,"E","E20","U111",1.1285,0.24,c(0.310324131, 48.43000264)
36083178,190,"4",4.8,5.32,53.38,35.9,NA,50.5,3.9,103.9,NA,NA,"E","E20","U111",1.196,0.04,c(-0.253343128, 51.26162635)
36102588,246,"1",5,5.71,11.52,29.5,NA,10.7,2.9,57.6,NA,NA,"C","C10","U420",0.862,0.1,c(0.804788386, 46.00877927)
36122898,317,"1",5.8,6.19,10.94,24.7,NA,22.3,2.9,130.3,NA,NA,"E","E20","U111",1.086,0.07,c(0.325068394, 48.77554183)
36142378,129,"1",7.3,8.13,14.14,6.3,27,NA,0.9,183.1,1.1,2.9,"B","B16","U111",1.526,0.05,c(1.161154445, 44.1360021)
36142410,198,"3",7.1,7.6,22.98,17,196,18.9,2,300.4,NA,NA,"B","B13","U111",1.2795,0.17,c(1.116380898, 44.42229721)
36142702,148,"1",5.8,6.29,8.62,8.7,NA,34.1,0.95,174.95,NA,NA,"B","B13","U111",1.6855,0.13,c(0.678655699, 47.03075208)
36142788,150,"1",3.3,4.12,12.02,125.7,NA,14.9,5.4,176.1,NA,NA,"C","C10","U120",0.651,0.16,c(0.538858618, 47.79770544)
36142824,128,"1",5.2,5.73,11.63,41.3,NA,28.6,4.2,217.4,NA,NA,"E","E20","U111",1.296,0.07,c(0.478741244, 48.11859168)
36142842,124,"1",6.4,6.81,19.25,34.5,1,16,3.9,516.1,NA,NA,"B","B11","U111",0.846,0.22,c(0.448318506, 48.27899922)
36162114,666,"3",7.4,8.11,14.53,20.8,425,NA,2.1,128.1,NA,NA,"E","E30","U112",1.4485,0.24,c(1.53287874, 41.77250196)
36162924,237,"1",5.1,5.68,11.99,27.2,NA,64,2.8,209.6,1.1,5.6,"B","B11","U111",1.097,0.05,c(0.333703804, 49.01181014)
36182272,315,"2",7.4,8.02,16.14,17,109,NA,1.6,329.7,NA,NA,"B","B11","U111",1.3995,0.03,c(1.354147621, 43.1911521)
36182386,258,"1",7.1,7.94,17.73,7.5,490,13,1.2,214.4,0.6,1.7,"B","B82","U111",1.4075,0.1,c(1.19969447, 44.21182948)
36182776,152,"2",7.1,7.51,22.76,18.5,110,10.7,2.1,506.2,NA,NA,"B","B31","U111",0.9625,0.2,c(0.611593349, 47.69529506)
36202514,239,"1",5.3,5.76,13.1,30.8,NA,NA,3.8,80.6,NA,NA,"E","E20","U111",1.1595,0.1,c(1.042692523, 45.35865439)
36203536,125,"2",5.2,5.6,12.7,49.8,NA,11.1,4.9,237.6,NA,NA,"E","E20","U111",0.924,0.11,c(-0.852576481, 54.45526387)
36242492,295,"1",6.9,7.39,27.23,46.4,41,34.9,5.4,253.4,NA,NA,"B","B15","U111",1.101,0.32,c(1.125161463, 45.16629864)
36242802,212,"1",5.9,6.5,8.02,14.4,NA,19.1,1.7,114.1,NA,NA,"B","B55","U111",1.446,0.06,c(0.648467976, 47.93395002)
36243140,16,"1",6.3,6.67,38.09,7.5,1,34.3,0.9,255.7,NA,NA,"E","E20","U111",1.4505,0.14,c(0.047721835, 50.94363935)
36262836,149,"1",5,5.66,6.74,12.3,NA,17.9,1.3,138.5,NA,NA,"F","F40","U111",1.0265,0.11,c(0.618875211, 48.23934111)
36282144,1145,"3",7.2,7.65,26.2,57.8,470,NA,3.9,204.3,NA,NA,"C","C22","U120",1.0095,0.26,c(1.639061251, 42.05375795)
36282504,237,"4",5.3,5.58,38.05,26.5,NA,12.1,3,104.2,NA,NA,"E","E20","U111",1.083,0.1,c(1.158484004, 45.27785367)
36282930,218,"2",5.9,6.54,8.86,17,NA,24.8,1.8,135.3,NA,NA,"B","B11","U111",1.3905,0.06,c(0.486207891, 49.07928075)
36302512,349,"1",4.2,4.9,5.95,50.6,NA,15.7,3.6,107.9,NA,NA,"C","C10","U120",0.853,0.22,c(1.17231289, 45.35150457)
36302902,307,"1",6.2,6.71,10.91,13.5,NA,29.6,1.7,84.6,0.8,2,"B","B11","U111",1.187,0.2,c(0.561452087, 48.83213225)
36303142,72,"3",5.2,5.95,9.19,20.7,NA,13.1,2.1,72.3,NA,NA,"E","E20","U111",1.347,0.1,c(0.128629936, 50.96871962)
36303160,108,"1",4.9,5.63,21.79,34.7,NA,NA,3.5,120.1,NA,NA,"E","E20","U111",1.237,0.1,c(0.094162752, 51.12881462)
36322504,241,"1",5.8,6.17,7.92,21.9,NA,37.3,2.2,208,NA,NA,"B","B55","U111",1.355,0.24,c(1.209109799, 45.28210711)
36342154,1449,"3",6.6,7.03,60.1,161.3,104,35.7,9.9,1091.9,NA,NA,"E","E10","U111",0.517,0.51,c(1.698649408, 42.14946094)
36342600,275,"3",5.6,6,17.71,33.1,NA,16.6,3.1,155.1,NA,NA,"C","C10","U111",1.0695,0.06,c(1.094803905, 46.14221289)
36342964,153,"2",6.3,6.83,14.72,18.1,1,94,2.1,232.6,3.4,6.5,"B","B11","U111",1.2125,0.45,c(0.508906865, 49.38909458)
36362146,1267,"1",6.8,7.1,20.8,43.6,6,NA,3.1,226.7,NA,NA,"C","C32","U420",1.184,0.39,c(1.732484383, 42.07965811)
36362152,1345,"2",7.1,7.44,21.1,47.7,327,NA,2.8,153.7,NA,NA,"C","C22","U120",0.5765,0.15,c(1.72511547, 42.13349808)
36362380,173,"1",7.1,7.76,18.63,15.5,73,NA,1.7,240.6,NA,NA,"B","B18","U111",1.3835,0.02,c(1.431430472, 44.17692689)
36362452,245,"2",5.9,6.42,10.78,20.2,2,NA,1.3,40.2,NA,NA,"C","C10","U120",0.8935,0.05,c(1.332826802, 44.82125798)
36362512,387,"2",4.2,5.03,7.59,47.1,NA,11.7,3.3,125.6,NA,NA,"C","C10","U120",0.726,0.21,c(1.24835599, 45.35786692)
36382312,205,"3",6.4,6.97,10.2,10.3,NA,34.9,1.3,284.5,NA,NA,"E","E30","U112",1.2895,0.05,c(1.546471652, 43.57001111)
36382514,371,"1",6,6.39,15.25,38.1,NA,39.6,3.9,859.9,NA,NA,"E","E20","U111",0.9995,0.39,c(1.270862583, 45.37785817)
36382568,414,"1",4.5,5.13,13.95,74,NA,49.7,6.6,304,NA,NA,"E","E20","U111",0.839,0.07,c(1.193138142, 45.86056721)
36422180,1396,"2",6.7,7.09,25.3,41,3,NA,4.1,160.4,NA,NA,"D","D20","U420",1.017,0.38,c(1.762792125, 42.3906468)
36422392,271,"3",6.8,7.52,15.72,12.5,3,33.2,1.5,439.6,0.9,5.7,"B","B13","U111",1.053,0.05,c(1.489842847, 44.29051548)
36442160,1242,"1",7.3,7.93,16.38,16.1,296,NA,1.6,194.2,NA,NA,"C","C22","U111",1.4285,0.43,c(1.811383907, 42.21316231)
36442800,246,"3",5.8,6.2,17.53,17.4,NA,45.6,1.8,125.4,NA,NA,"B","B12","U111",1.2675,0.04,c(0.917572322, 47.93851513)
36462156,1134,"3",7.3,7.72,34.7,26.8,295,NA,2.1,180.1,NA,NA,"D","D20","U111",1.666,0.32,c(1.840277964, 42.17922213)
36462238,733,"3",4,4.71,5.92,18,NA,NA,1.5,66,NA,NA,"C","C10","U420",1.3075,0.04,c(1.739063725, 42.91480085)
36462652,174,"3",5.9,6.48,11.38,20.8,1,11.2,2.1,29,NA,NA,"E","E20","U111",1.318,0.15,c(1.172354431, 46.61958989)
36462778,172,"3",6.1,6.73,12.06,13.4,1,41.1,1.4,231.8,NA,NA,"B","B11","U111",1.3125,0.21,c(0.979034749, 47.74443574)
36482182,1238,"2",6,6.2,35.4,50.8,1,14.6,5.4,94.4,NA,NA,"E","E10","U111",0.9085,0.52,c(1.832658984, 42.41448102)
36482794,199,"1",6,6.59,15.48,16.4,NA,19.2,1.7,260.2,0.7,2.2,"B","B41","U111",1.406,0.09,c(0.980277343, 47.8893863)
36483460,11,"3",6.4,6.78,18.45,16.6,NA,22.2,1.6,179.6,NA,NA,"F","F40","U111",1.4265,0.05,c(-0.256376818, 53.81735483)
36502284,337,"2",7,7.78,9.37,9.6,3,NA,1.3,218,NA,NA,"B","B31","U111",1.3295,0.11,c(1.729761253, 43.33115101)
36502698,188,"1",7.5,7.75,12.82,13,4,64.3,1.5,235,NA,NA,"E","E20","U111",1.2225,0.18,c(1.155294101, 47.03468452)
36502878,278,"1",6.1,6.67,12.14,16.4,NA,15.8,1.8,121.5,0.7,2,"B","B32","U111",1.077,0.2,c(0.871655194, 48.64082235)
36502900,233,"3",3.8,4.28,8.87,40.3,NA,19.4,2.4,72.3,NA,NA,"C","C10","U120",0.836,0.11,c(0.835394537, 48.8369743)
36502932,191,"3",6.3,6.74,13.32,14.1,2,68.9,1.7,251.9,NA,NA,"B","B11","U111",1.1825,0.11,c(0.782000706, 49.12222865)
36522208,1294,"1",5.9,6.21,14.35,57.7,NA,NA,4.3,192.2,NA,NA,"C","C10","U420",0.866,0.31,c(1.84910104, 42.65164341)
36523014,120,"1",5.9,6.44,12.03,10.8,NA,37.5,1.5,119.9,NA,NA,"A","A30","U319",1.223,0.03,c(0.669173787, 49.8551724)
36542372,308,"1",6.6,6.98,13.57,38.1,1,NA,3.3,349.5,NA,NA,"C","C10","U420",1.012,0.18,c(1.665485419, 44.12358702)
36562280,337,"1",7.1,7.75,16.34,24.8,270,13.5,2.4,178.9,NA,NA,"E","E20","U111",1.4735,0.1,c(1.808253021, 43.30122114)
36562924,205,"3",5.8,6.19,27.4,9,NA,26.9,1.3,133.3,NA,NA,"B","B22","U111",1.5345,0.09,c(0.876970482, 49.05762582)
36562934,185,"2",7,7.17,12.57,13.4,1,33.4,1.6,127.7,NA,NA,"B","B11","U111",1.2035,0.06,c(0.860330681, 49.14677322)
36563158,25,"1",6.4,6.69,18.85,29.8,3,12.9,3.2,230.5,NA,NA,"C","C10","U420",0.1135,0.21,c(0.466647777, 51.14202752)
36582404,299,"1",7.1,7.29,16.37,30.5,3,NA,2.9,166.4,3.6,3.2,"C","C10","U120",0.914,0.33,c(1.673156437, 44.41416032)
36582596,419,"2",4.7,6.15,64.95,47,NA,32.1,4.9,118.5,NA,NA,"E","E20","U111",0.9435,0.16,c(1.409184494, 46.1318536)
36602158,1085,"1",7.1,7.44,20.2,42.9,48,NA,2.6,109,NA,NA,"E","E10","U420",1.252,0.27,c(2.006074425, 42.21070059)
36602258,417,"1",6.9,7.53,21.54,27,378,11.7,3.4,131.3,NA,NA,"E","E20","U111",1.168,0.16,c(1.884593534, 43.10788329)
36602384,360,"1",6,6.41,7.68,28,NA,13.4,2.7,226.9,NA,NA,"E","E20","U111",1.1385,0.02,c(1.72431494, 44.23705412)
36602568,418,"1",4.2,4.79,8.07,60.1,NA,11.7,3.9,78.3,NA,NA,"C","C10","U120",1.0265,0.04,c(1.474631791, 45.88360252)
36602618,364,"1",4.7,5.36,9.39,35.2,NA,11.1,3.4,90.7,NA,NA,"E","E20","U111",0.9815,0.08,c(1.403345654, 46.33057023)
36602982,177,"2",6.4,6.99,9.73,11.1,NA,37.5,1.4,70.7,NA,NA,"B","B12","U111",1.167,0.04,c(0.834332665, 49.57908178)
36603000,161,"1",5.6,6.19,18.61,16.5,NA,69.7,1.8,283,NA,NA,"B","B16","U111",1.112,0.04,c(0.803694354, 49.73949262)
36603158,32,"4",5.3,5.77,16.9,17,4,97.6,1.7,216.1,1.2,2.6,"B","B11","U111",1.473,0.09,c(0.523401739, 51.14669305)
36622782,175,"1",5.7,6.36,8.66,11.2,NA,37.3,1.3,169,NA,NA,"B","B35","U111",1.107,0.06,c(1.184886882, 47.79746698)
36642840,257,"1",5.8,6.58,7.02,8.9,NA,33.2,1.1,97.5,2.6,1.2,"B","B11","U111",1.4865,0.1,c(1.120974162, 48.3172216)
36642912,199,"1",6.4,7.04,10.47,13.7,NA,43.6,1.4,138.1,NA,NA,"B","B13","U111",1.196,0.11,c(1.005369864, 48.95946516)
36642922,195,"4",5,5.74,6.45,10.7,NA,51.3,1.2,210.7,NA,NA,"B","B11","U111",1.367,0.1,c(0.989013095, 49.04863878)
36643156,46,"1",4.5,5.57,9.36,38.6,NA,18,3.2,93.7,1.8,4.8,"E","E20","U111",1.1915,0.26,c(0.583825266, 51.13352547)
36662704,207,"4",6.9,7.12,14.92,12.4,2,25.7,1.3,71.9,0.7,0.7,"B","B12","U111",1.114,0.07,c(1.355617951, 47.10523238)
36662830,234,"4",5.3,5.76,6.86,9.5,NA,25.2,1.1,148.4,NA,NA,"B","B11","U111",1.388,0.1,c(1.163487445, 48.23014694)
36662908,201,"1",6.3,6.72,8.48,11.4,NA,29.4,1.2,167.9,NA,NA,"B","B11","U111",1.514,0.28,c(1.039010948, 48.92598184)
36682522,460,"2",5.1,5.84,10.36,22.1,NA,26.6,2.4,88.6,0.6,1.8,"B","B53","U111",1.2505,0.04,c(1.640541566, 45.48034184)
36702298,242,"1",5.8,6.37,8.25,11.8,NA,33.2,1.5,148.8,NA,NA,"B","B12","U111",1.3815,0.09,c(1.957334344, 43.47622944)
36703150,51,"1",5.7,6.27,10.94,21.8,NA,30.7,2.4,126.8,NA,NA,"E","E20","U111",1.15,0.07,c(0.679819296, 51.08700038)
36722164,1221,"1",6.9,7.14,21.8,28.3,106,NA,3,126.9,NA,NA,"C","C10","U420",1.1875,0.57,c(2.143295334, 42.2759432)
36722782,172,"2",6.4,6.75,22.44,13.7,NA,24.7,1.5,259.1,NA,NA,"B","B32","U111",0.981,0.26,c(1.317556631, 47.80809653)
36722926,147,"1",4.3,4.87,7.24,28.6,NA,17.5,2.3,63.9,NA,NA,"C","C10","U120",0.9145,0.17,c(1.091285793, 49.09305143)
36722938,203,"1",6.5,6.91,12.54,11,1,77.2,1.4,178.6,NA,NA,"B","B11","U111",1.388,0.13,c(1.071755315, 49.20007014)
36723010,111,"2",6.4,7.03,10.76,9,NA,47.3,1.2,164.8,0.8,2.4,"B","B35","U111",1.1925,0.16,c(0.952283427, 49.84199333)
36723172,167,"4",6.4,6.75,31.2,34.6,3,85.5,3.4,148.8,NA,NA,"E","E30","U111",1.158,0.12,c(0.668315986, 51.2851838)
36742492,401,"1",5.7,5.99,15.05,30.9,NA,22.6,3.3,84.4,NA,NA,"E","E20","U111",1.2815,0.06,c(1.757186689, 45.2179064)
36742604,440,"1",5.8,6.07,8.23,37.7,NA,21.4,4,294.7,NA,NA,"B","B18","U111",1.0795,0.25,c(1.603755411, 46.21980813)
36742852,215,"2",6.2,6.67,15.61,12.4,NA,23.2,1.4,111.4,NA,NA,"B","B32","U111",1.219,0.05,c(1.236258856, 48.43503514)
36742982,223,"1",5.9,6.34,30.85,11.4,NA,57.9,1.5,577.5,NA,NA,"B","B21","U111",1.188,0.08,c(1.026705412, 49.59459012)
36743000,162,"1",5.8,6.67,6.48,10,NA,24.2,1.3,63.3,2.7,3.6,"B","B11","U111",1.233,0.08,c(0.996693479, 49.75506032)
36762164,1399,"2",6.5,6.9,23.2,34.5,21,NA,3,140.8,NA,NA,"C","C10","U120",1.239,0.33,c(2.191430257, 42.27969243)
36782572,524,"1",5,5.36,7.87,12.9,NA,21.7,1.4,172.2,NA,NA,"E","E20","U111",0.902,0.07,c(1.699605162, 45.93767385)
36782716,175,"1",6.7,7.01,12.9,25.1,4,62.3,2.3,305.8,0.8,1.8,"B","B82","U111",1.1845,0.04,c(1.49523829, 47.22490881)
36782730,135,"1",6.4,6.89,8.27,9,NA,32.2,1,76.1,0.7,1.5,"B","B54","U111",1.286,0.05,c(1.474676558, 47.34997706)
36822342,289,"3",5.6,5.97,16.38,50.2,NA,13.5,3.3,319.5,1.2,2.1,"C","C10","U120",0.722,0.18,c(2.050530095, 43.88219373)
36822426,372,"4",5.9,6.47,8.59,22.5,NA,NA,2.4,135.3,NA,NA,"B","B55","U111",0.995,0.09,c(1.944425364, 44.63484615)
36822792,171,"1",7,7.55,21.35,21.6,11,96.5,2.1,572.4,NA,NA,"F","F40","U111",1.0645,0.28,c(1.435258391, 47.90786444)
36822814,172,"2",6.8,7.25,13.96,16.4,5,31.6,1.6,272.4,1.6,2.2,"B","B32","U111",1.4345,0.11,c(1.401983093, 48.10429815)
36822868,232,"1",5.7,6.45,9.26,11.6,1,17.4,1.3,121.6,NA,NA,"B","B11","U111",1.6165,0.05,c(1.318902726, 48.58631819)
36842308,210,"2",6.3,6.82,21.52,34.9,1,29,3.6,394.6,0.4,1.9,"B","B33","U111",0.446,0.06,c(2.117036766, 43.57927575)
36842488,600,"1",4.1,4.59,10.04,57.4,NA,19.6,4.4,162.6,NA,NA,"C","C33","U420",0.916,0.05,c(1.888982013, 45.1919648)
36842826,178,"1",5.7,6.42,8.81,13.4,NA,45.5,1.4,325.6,NA,NA,"B","B35","U111",1.641,0.14,c(1.410446258, 48.21352337)
36862270,171,"1",7.5,8.09,12.83,12.4,71,19.7,1.4,218.3,NA,NA,"F","F40","U111",1.429,0.33,c(2.187507769, 43.24034749)
36862590,614,"4",4.2,4.8,11.09,64.2,NA,20.3,4.4,132.7,NA,NA,"C","C10","U120",0.6045,0.16,c(1.777592649, 46.10666538)
36862662,229,"1",3.9,4.6,6.19,31.7,1,11.7,2,43.1,NA,NA,"C","C10","U120",0.9255,0.04,c(1.67744495, 46.75048844)
36882384,468,"1",5.5,6.05,16.54,36,1,145.4,3.9,295.4,NA,NA,"E","E20","U111",1.1575,0.06,c(2.072597021, 44.26434248)
36882622,369,"1",4.6,5.35,9.38,21.4,1,23.5,2.3,83,NA,NA,"B","B11","U111",1.129,0.08,c(1.759317287, 46.39485342)
36882640,293,"4",7.1,7.24,29.72,53.1,188,42.2,5.5,409,NA,NA,"E","E20","U111",0.7315,0.2,c(1.734304269, 46.55580945)
36882964,195,"1",3.9,4.54,8.42,39.8,NA,25.8,2.7,82.5,NA,NA,"C","C10","U120",1.0885,0.03,c(1.248330179, 49.44922342)
36902560,746,"4",3.9,4.34,17.86,72,NA,18.4,5.1,71.7,NA,NA,"C","C23","U120",0.691,0.16,c(1.869594635, 45.84223464)
36922168,1185,"2",6.4,6.65,8.06,23.7,2,NA,2.8,58.1,NA,NA,"E","E20","U111",1.41,0.38,c(2.379470906, 42.3303833)
36922820,184,"2",5.9,6.5,6.32,14,NA,93.7,1.4,300.6,NA,NA,"B","B11","U111",1.604,0.06,c(1.526490839, 48.16825354)
36922952,88,"3",6.9,7.3,12.74,16.8,2,34.2,1.6,192,1.9,1.5,"B","B11","U111",1.0935,0.14,c(1.322342927, 49.34643096)
36962384,611,"3",5.2,5.58,12.25,53.4,NA,24.2,5,303.8,NA,NA,"E","E20","U111",1.047,0.06,c(2.172160465, 44.27192447)
36962716,169,"2",4.9,5.35,19.43,7.5,NA,26,1,47.4,NA,NA,"B","B16","U111",1.384,0.04,c(1.731556738, 47.24322145)
36962780,153,"4",7.6,7.8,16.28,22.3,81,15.4,2.1,599.2,0.9,4.3,"B","B11","U111",1.263,0,c(1.639096866, 47.81508639)
36962806,181,"1",7.3,7.84,17.49,20.8,107,16.2,2.4,513,NA,NA,"B","B13","U111",1.1485,0.2,c(1.600778569, 48.04732842)
36962888,188,"1",6.8,7.2,14.9,14.5,3,68.8,1.6,267.1,1.2,1.8,"B","B12","U111",1.3125,0.11,c(1.476959801, 48.77949781)
36962982,236,"1",6.5,7.21,17.79,16.5,1,43.1,1.9,120,0.8,2.6,"B","B11","U111",1.3455,0.18,c(1.329229374, 49.61829907)
36963004,125,"1",7.1,7.61,23.22,19.6,740,30.6,2.3,203,NA,NA,"B","B41","U111",1.255,0.11,c(1.293721702, 49.81453775)
36982404,566,"1",5.9,6.42,9.41,29.7,NA,46.3,3.2,65.5,NA,NA,"E","E20","U111",1.1545,0.06,c(2.172307568, 44.45304684)
36982782,153,"1",5.7,6.37,12,10.8,NA,56,1.3,231.3,NA,NA,"B","B11","U111",1.238,0.27,c(1.662728323, 47.83498235)
37002426,309,"2",4.8,5.53,9.1,11.8,1,28.2,1.6,43.8,NA,NA,"E","E20","U111",1.273,0.07,c(2.169905551, 44.65206442)
37002606,443,"2",5.5,6.01,12.68,32.2,1,58.9,2.9,214.9,NA,NA,"E","E20","U111",1.0015,0.14,c(1.936118555, 46.26358017)
37002984,255,"1",6.5,7.06,10.23,14.6,NA,16.2,1.7,77,0.7,1.6,"B","B13","U111",1.1645,0.07,c(1.381069434, 49.64036573)
37003278,48,"4",5.1,5.69,10.66,17.8,NA,29.2,1.9,157.7,0.7,1.7,"B","B15","U111",1.5465,0.16,c(0.877323544, 52.26084849)
37022386,694,"3",5.5,6.17,14,26.8,NA,38.5,2.9,129.1,NA,NA,"E","E20","U111",1.262,0.08,c(2.244398493, 44.29547533)
37022938,168,"1",6.1,6.64,15.31,10.6,NA,21.3,1.4,175.5,NA,NA,"B","B32","U111",1.281,0.12,c(1.481074682, 49.23200272)
37023010,210,"1",6.7,7.03,8.45,15.6,2,23.4,1.9,183.3,1.4,1.1,"B","B13","U111",1.2365,0.16,c(1.366948487, 49.87441596)
37023016,198,"2",6.8,7.41,23.07,17.1,2,67.7,2.2,423.4,NA,NA,"B","B32","U111",1.156,0.15,c(1.357265148, 49.92793676)
37042680,206,"2",7.1,7.51,12.65,16.5,3,44.7,1.8,256.3,0.4,0.7,"B","B11","U111",1.2125,0.1,c(1.886876968, 46.92934204)
37042806,163,"1",7.1,7.7,17.66,12.5,18,53.2,1.7,265.4,NA,NA,"B","B11","U111",1.2825,0.13,c(1.707482973, 48.05544753)
37042900,180,"2",6.1,6.59,8.84,11.3,NA,38.2,1.3,165.4,1.6,1.1,"B","B16","U111",1.347,0.06,c(1.566924146, 48.89488608)
37062384,733,"2",6.4,6.98,15.88,19.4,1,85.4,2.1,423.9,NA,NA,"B","B11","U111",1.2005,0.11,c(2.296647923, 44.28126769)
37062654,278,"1",6.3,6.89,15.36,11.7,NA,NA,1.3,79.2,NA,NA,"F","F40","U111",1.126,0.14,c(1.948677095, 46.6987902)
37082290,969,"1",3.5,4.1,11.48,141.2,1,50.1,8.6,160.5,NA,NA,"E","E30","U120",0.46,0.25,c(2.433379528, 43.44008028)
37082380,581,"1",5.4,6.05,7.57,20.8,NA,22.2,2,136.5,NA,NA,"E","E20","U111",1.2185,0.18,c(2.326397519, 44.24725936)
37082800,167,"1",6.6,7.27,17.55,13.5,2,99,1.5,800.2,0.7,3.3,"B","B11","U111",1.2425,0.07,c(1.769563277, 48.00586321)
37082818,178,"1",7.3,8.01,19.54,20.5,70,35.6,2.2,388.5,NA,NA,"B","B16","U111",1.4055,0.09,c(1.743343324, 48.16667163)
37082974,190,"2",6.8,7.38,14.12,15.6,3,89.8,1.9,214.5,NA,NA,"B","B16","U111",1.2235,0.12,c(1.506939109, 49.55950227)
37102564,700,"1",5.3,5.65,23.11,58.9,1,20.6,6.1,406.5,NA,NA,"E","E20","U111",0.9385,0.2,c(2.120389607, 45.89737948)
37102798,171,"1",3.8,4.32,5.68,22.1,NA,NA,1.5,77.4,NA,NA,"C","C10","U120",1.3385,0.1,c(1.799111528, 47.9899918)
37103014,136,"1",7.4,7.91,18.88,19.6,250,21.7,2.5,261.8,1,2.2,"B","B11","U111",1.1775,0.19,c(1.471239453, 49.91849434)
37122992,254,"3",6.9,7.34,35.09,52.6,186,113.1,5.7,426.6,NA,NA,"E","E20","U111",1.0105,0.15,c(1.533718711, 49.72427222)
37142694,212,"1",5.9,6.58,8.46,14.2,1,35.9,1.7,244,1.4,1.4,"B","B11","U111",1.1495,0.05,c(1.998335467, 47.06429994)
37143022,155,"3",7,7.32,16.61,15.7,NA,57,1.7,189.5,0.7,2.5,"B","B16","U111",1.33,0.17,c(1.513926353, 49.99403302)
37162926,163,"1",6.2,6.62,34.11,11.8,NA,39.7,1.6,193.6,1.8,3.4,"B","B16","U111",0.963,0.37,c(1.690501035, 49.13925926)
37183012,250,"1",4.1,4.66,10.3,37.4,NA,24.2,2.9,99.6,NA,NA,"C","C10","U120",1.1605,0.25,c(1.585165099, 49.90893673)
37183026,162,"1",7.1,7.65,16.75,19.1,31,135.3,1.9,144.5,NA,NA,"B","B11","U111",1.198,0.05,c(1.563075087, 50.03386389)
37202358,528,"1",4.6,5.29,7.15,36.7,NA,10.2,3.5,246.2,NA,NA,"C","C10","U120",0.816,0.21,c(2.501758513, 44.06093832)
37202566,634,"1",4.5,5.23,7.23,23.3,NA,13.3,2.1,135,NA,NA,"E","E20","U111",0.8615,0.37,c(2.245969526, 45.92473112)
37202638,298,"1",6.2,6.37,9.15,25.9,NA,NA,2.6,59.5,NA,NA,"E","E20","U370",1.137,0.11,c(2.152022607, 46.56913832)
37222482,738,"2",6,6.49,9.06,28.55,NA,26.7,3.05,124.75,NA,NA,"E","E20","U111",0.919,0.09,c(2.377274148, 45.17428745)
37222540,853,"1",4.4,5.11,9.83,45.1,NA,22.6,4.6,117.5,NA,NA,"E","E20","U111",1.16,0.26,c(2.304721933, 45.69379894)
37222666,228,"1",3.9,4.45,7.32,20,NA,NA,1.3,45,NA,NA,"C","C10","U120",1.093,0.06,c(2.140758387, 46.82155065)
37223008,169,"1",7,7.69,28.59,32.2,590,11.1,3.5,112.8,NA,NA,"E","E20","U111",0.9715,0.16,c(1.646791868, 49.87734044)
37242460,751,"1",5.7,6,11.92,33.5,NA,12.6,3.6,452.4,NA,NA,"E","E20","U111",0.881,0.12,c(2.429543319, 44.97899325)
37242510,643,"2",4,4.73,9.5,61,NA,17.6,4.2,137.2,NA,NA,"C","C31","U120",0.5855,0.12,c(2.367885463, 45.42696308)
37242618,531,"1",4.8,5.58,7.54,24.9,NA,20.1,2.2,377.2,NA,NA,"B","B55","U111",1.1615,0.1,c(2.230138056, 46.39394741)
37242640,284,"4",7.3,7.53,24.38,36.7,184,63.7,4.2,822.3,NA,NA,"B","B35","U111",0.965,0.12,c(2.201285013, 46.59082362)
37242856,207,"1",6.9,7.24,13.78,12.6,1,53.4,1.4,182.8,NA,NA,"B","B11","U111",1.265,0.14,c(1.902687414, 48.52207555)
37243036,94,"1",6.6,7.23,7.91,9.1,1,42.9,1.2,59.4,0.9,3.2,"B","B22","U111",1.113,0.06,c(1.630650835, 50.1292666)
37262116,178,"1",6.7,7.27,10.57,17.6,2,34.9,1.8,296.7,1,2.9,"B","B55","U111",1.4265,0.08,c(2.844749984, 41.89317291)
37262440,815,"1",5.4,6.02,19.06,39.7,NA,40.9,3.8,447.5,NA,NA,"E","E20","U111",1.262,0.27,c(2.478978761, 44.80156738)
37262830,186,"1",6.2,6.61,10.26,9.8,NA,43.9,1.2,178.6,NA,NA,"B","B13","U111",1.119,0.23,c(1.966978804, 48.29172645)
37282430,789,"1",5.6,6.11,22,61.4,1,36.1,6.1,544.5,NA,NA,"C","C10","U111",0.9265,0.18,c(2.516109591, 44.71373787)
37282438,750,"2",4,4.66,7.68,74.8,NA,NA,3.6,198,NA,NA,"C","C10","U120",0.6785,0.38,c(2.506517258, 44.78544972)
37282474,897,"1",5.2,5.84,16.29,86.4,NA,15.1,8.8,119.2,NA,NA,"E","E20","U111",0.725,0.12,c(2.462950617, 45.108092)
37282492,713,"1",5.2,5.75,15.09,49.6,NA,44,5.4,129.1,NA,NA,"E","E20","U111",0.8135,0.27,c(2.440918132, 45.2693761)
37302458,777,"1",4.8,5.56,11.92,89.2,1,31.7,8.4,130.6,NA,NA,"E","E20","U111",0.669,0.14,c(2.507603449, 44.96651723)
37322140,132,"1",7.3,7.89,17.65,15.5,263,53.6,2,245.6,NA,NA,"B","B52","U111",1.5775,0.08,c(2.891328209, 42.11405091)
37322662,223,"1",7.1,7.66,22.61,20.4,240,NA,2.2,600.6,NA,NA,"B","B11","U111",1.089,0.32,c(2.276383662, 46.79520407)
37322788,157,"1",6.8,7.46,14.92,10.9,3,38.2,1.2,331.1,NA,NA,"B","B11","U111",1.313,0.01,c(2.106274302, 47.92214214)
37322932,173,"1",6.2,6.73,8.13,19.9,NA,37.4,1.8,196.5,NA,NA,"B","B32","U111",1.155,0.07,c(1.899770491, 49.20885673)
37322942,160,"1",7.1,7.64,13.81,11.4,3,20.7,1.4,161.6,1.5,0.6,"B","B11","U111",1.0935,0.1,c(1.884921717, 49.29816656)
37323018,153,"1",6,6.59,10.99,9.7,NA,31.9,1.4,82.3,NA,NA,"B","B13","U111",1.399,0.02,c(1.769803918, 49.97673804)
37342314,1254,"3",3.2,4.07,27.2,300.7,NA,47.4,14.7,135.3,NA,NA,"C","C21","U120",0.277,0.1,c(2.72562177, 43.67861451)
37342350,417,"1",6.8,7.07,16.41,43,4,13.7,3.4,262.4,NA,NA,"C","C10","U120",1.179,0.15,c(2.684657036, 44.00164578)
37342800,188,"2",3.7,4.29,6.38,26.5,NA,NA,1.6,44.5,NA,NA,"C","C32","U120",1.205,0.02,c(2.11625221, 48.03133721)
37362486,1129,"1",5,5.37,41.83,101.5,NA,24.2,10.4,412.3,NA,NA,"E","E20","U111",0.827,0.3,c(2.549572962, 45.22285691)
37362534,781,"1",5.9,6.46,20.13,34.1,1,22,3.7,110.4,NA,NA,"E","E20","U111",1.144,0.02,c(2.490925814, 45.65291656)
37362588,528,"1",5.3,5.86,7.72,21.6,NA,11,2.3,47.7,NA,NA,"E","E20","U111",1.267,0.1,c(2.423496551, 46.13653347)
37362642,300,"1",6.4,7.06,26.49,14.6,3,54.8,1.6,124.9,1.9,4,"B","B55","U111",1.385,0.46,c(2.354481867, 46.61994482)
37362918,128,"1",7,7.79,10.79,11.7,4,13.8,1.5,190.2,NA,NA,"B","B11","U111",0.9215,0.12,c(1.974923484, 49.08774272)
37363038,103,"1",6.7,7.16,29.75,9.9,1,32.5,1.3,120,NA,NA,"B","B21","U111",1.3155,0.06,c(1.794505451, 50.15928763)
37382484,1234,"1",4.9,5.58,26.67,175.9,1,32.9,14.8,287.7,NA,NA,"E","E20","U111",0.5345,0.29,c(2.577309426, 45.20672802)
37382566,692,"1",4.1,4.9,5.35,24,NA,13.8,2.1,56.2,NA,NA,"C","C33","U120",1.077,0.23,c(2.476811592, 45.94135155)
37382578,691,"1",5.5,6.07,11.39,22.5,1,101.6,2.4,242.4,NA,NA,"B","B32","U111",1.243,0.26,c(2.461807178, 46.04881667)
37382614,420,"1",5,5.52,14.64,45.3,NA,23.5,4.4,168.4,NA,NA,"E","E20","U111",0.888,0.21,c(2.416326326, 46.37115121)
37422160,75,"1",7.5,8.24,20.1,11.7,194,32.3,1.6,172,NA,NA,"B","B11","U111",1.465,0.06,c(2.990588523, 42.30228177)
37422586,563,"1",5,5.73,6.31,25.6,NA,25.2,2.5,358.8,NA,NA,"B","B55","U111",1.288,0.11,c(2.503244494, 46.1240938)
37422816,164,"1",7.3,7.88,14.41,13.1,10,38.9,1.6,411.4,1.2,1.5,"B","B13","U111",1.174,0,c(2.200950434, 48.1820052)
37423086,181,"1",7,7.28,18.28,19.5,5,69.3,2.2,277.8,NA,NA,"B","B13","U111",1.0535,0.16,c(1.803744592, 50.59374643)
37442368,954,"1",5.1,5.66,20.23,32.2,NA,NA,3.4,146.8,0.9,4,"B","B16","U111",1.3195,0.05,c(2.788258488, 44.17187205)
37442606,431,"1",4.7,5.42,14.14,33.6,NA,13.7,3.4,62.7,NA,NA,"E","E20","U111",0.9275,0.03,c(2.503975558, 46.30499991)
37462124,80,"1",7.3,8.07,14.71,17,240,28.3,1.4,149.5,NA,NA,"F","F40","U112",1.5735,0.2,c(3.075944863, 41.98194343)
37462370,939,"1",5.1,5.86,8.46,30,NA,52.7,3.3,181.5,3.8,7.7,"B","B18","U111",1.3125,0.21,c(2.810860599, 44.19154818)
37462484,1228,"1",5.3,5.92,24.52,150.3,1,15.3,12.6,135,NA,NA,"E","E20","U111",0.5865,0.21,c(2.678598662, 45.21384302)
37482812,164,"1",6.9,7.56,13.4,13.5,1,48.3,1.4,202.9,NA,NA,"B","B11","U111",1.3865,0.08,c(2.286712736, 48.15190405)
37502154,57,"1",7.3,7.94,13.79,9.1,109,100.8,1.4,204.7,NA,NA,"B","B11","U111",1.6835,0.13,c(3.093171077, 42.25500537)
37502514,1120,"1",4.7,5.09,32.16,191.3,1,24,16.7,208.2,NA,NA,"E","E20","U111",0.467,0.27,c(2.693622446, 45.48624588)
37503086,174,"1",6.3,6.73,11.09,14.2,1,74.5,1.6,159.3,NA,NA,"B","B11","U111",1.55,0.03,c(1.916148535, 50.60172785)
37522944,163,"1",7,7.48,21.73,24.2,128,35,2.8,680.8,NA,NA,"B","B11","U111",0.983,0.23,c(2.155688669, 49.33551591)
37542526,1036,"2",4.5,5.13,7.91,43,NA,39.4,4.1,111.5,NA,NA,"E","E20","U361",0.9375,0.13,c(2.730244854, 45.59730463)
37542814,167,"2",6.9,7.45,14.11,15.7,4,51.1,1.7,320.5,NA,NA,"B","B11","U111",1.2195,0,c(2.364261796, 48.17539062)
37542850,192,"1",6.5,7.06,14.81,10,NA,70.7,1.2,210.3,0.8,3.1,"B","B12","U111",1.33,0.11,c(2.315151286, 48.49728298)
37562340,680,"1",5.9,6.31,7.98,34.5,NA,NA,3.3,113.7,NA,NA,"C","C10","U120",0.6715,0.05,c(2.968451298, 43.9308825)
37562422,1107,"3",5.1,5.61,23.31,104.3,1,14.7,9.9,386.2,NA,NA,"E","E20","U111",0.71,0.44,c(2.876719794, 44.66663832)
37562430,1186,"1",5.5,6.14,27.9,137.6,2,27,12.4,125.9,NA,NA,"E","E20","U111",0.6525,0.26,c(2.867601292, 44.73839152)
37562466,1355,"1",4.6,5.2,19.69,112.9,NA,13.5,9.8,174.4,NA,NA,"D","D20","U111",0.729,0.37,c(2.826186849, 45.06122115)
37562596,588,"3",5,5.73,8.91,27.9,NA,22.1,2.9,151.7,NA,NA,"E","E20","U111",1.0665,0.03,c(2.671259236, 46.22620811)
37562704,225,"2",5.7,6.64,10.59,10.7,NA,41,1.3,167.9,NA,NA,"B","B32","U111",1.289,0.09,c(2.535785153, 47.19315744)
37562776,182,"2",4.3,4.96,8.42,22.7,NA,NA,1.8,78.1,NA,NA,"C","C10","U120",0.891,0.06,c(2.441836155, 47.83737204)
37562812,171,"2",6.7,7.19,19.82,17.7,NA,96.5,2,572.5,NA,NA,"B","B13","U111",1.318,0.16,c(2.393721887, 48.15935963)
37562974,220,"1",7.3,7.82,18.89,12.7,3,36.6,1.5,241.3,1.3,3.3,"B","B11","U111",1.29,0.1,c(2.167246589, 49.60737399)
37582414,1068,"2",5,5.31,11.19,87,NA,12.8,7.7,164.4,NA,NA,"E","E20","U111",0.805,0.26,c(2.910861743, 44.59659093)
37582662,210,"3",5.3,5.95,12.06,17.3,NA,18.6,1.7,233.9,NA,NA,"E","E20","U111",1.316,0.31,c(2.615309344, 46.81900643)
37582828,161,"2",7.4,7.89,19.83,16.1,61,34.4,1.8,491.7,NA,NA,"B","B22","U111",1.027,0.02,c(2.398918894, 48.30429403)
37583008,126,"3",7.3,7.78,21.18,24,378,59.3,2.9,298.1,NA,NA,"B","B11","U111",1.1215,0.08,c(2.145248467, 49.91301995)
37583076,224,"3",6.2,6.68,19.32,14.3,1,58.3,1.7,187.8,NA,NA,"B","B16","U111",1.245,0.11,c(2.043784223, 50.5203115)
37602280,160,"4",7.7,8.44,12.59,5.7,366,NA,0.6,203.5,NA,NA,"D","D10","U415",1.6555,0.05,c(3.082711569, 43.39551878)
37602420,1341,"1",5,5.66,6.01,116.5,NA,13.6,7.9,105.1,NA,NA,"C","C10","U120",0.7235,0.55,c(2.929151131, 44.65211839)
37602640,313,"4",4.6,5.56,12.37,25.6,NA,17.8,2.2,143.1,NA,NA,"D","D10","U120",0.8545,0.17,c(2.668806037, 46.62380868)
37622476,1212,"3",5.1,5.9,9.45,119.6,2,14.8,8.3,277.8,NA,NA,"C","C32","U120",0.582,0.45,c(2.890477684, 45.15605204)
37622758,203,"1",6,6.46,12.01,18.2,NA,68.8,1.9,140.8,NA,NA,"B","B16","U111",1.4085,0.08,c(2.545135409, 47.6818123)
37623064,93,"1",6.9,7.64,17.05,14.6,27,58.4,1.7,144.4,NA,NA,"B","B11","U111",0.897,0.14,c(2.117927824, 50.41703536)
37623100,209,"1",6.6,7.03,25.43,47.9,4,83.7,4.6,444.8,NA,NA,"E","E20","U111",1.1155,0.09,c(2.063570469, 50.73850122)
37642496,1294,"1",4.6,4.92,35.6,158.1,NA,28.6,13.9,305.1,NA,NA,"E","E20","U111",0.535,0.2,c(2.892727251, 45.33708344)
37642574,719,"3",5.4,5.95,9.19,26.2,1,13,2.8,71.1,NA,NA,"E","E20","U111",1.1845,0.23,c(2.800912784, 46.03615486)
37642784,175,"1",3.5,4.24,8.43,80.9,NA,NA,3.5,78,NA,NA,"C","C10","U120",1.034,0.06,c(2.537730225, 47.91624179)
37642978,155,"2",7.3,7.33,17.32,17.5,4,24.2,1.8,161.8,NA,NA,"B","B32","U111",1.237,0.05,c(2.271684421, 49.65071913)
37662516,1318,"2",4.8,5.31,20.51,127.3,NA,29.9,12.3,205.3,NA,NA,"E","E20","U111",0.607,0.18,c(2.894944689, 45.51809268)
37682420,1269,"2",5.2,5.57,14.64,127.9,2,15.4,11.2,170.2,NA,NA,"E","E20","U111",0.882,0.28,c(3.029480397, 44.65888437)
37682496,1342,"1",4.4,5.34,12.43,88.3,1,12.3,6.9,232.1,NA,NA,"E","E20","U111",0.72,0.12,c(2.943503738, 45.34050242)
37682550,824,"1",4.6,5.26,6.37,33.1,1,21.8,3.2,93.5,NA,NA,"E","E20","U111",1.111,0.17,c(2.880711098, 45.82455569)
37682582,672,"1",3.8,4.41,14.56,74.1,1,25.6,4.2,105.3,NA,NA,"C","C21","U120",0.629,0.17,c(2.842810859, 46.1113057)
37682906,128,"1",7,7.47,21.5,16.7,3,45.5,1.5,200,NA,NA,"B","B11","U111",0.8635,0.17,c(2.427599653, 49.01094905)
37702818,161,"1",7.1,7.83,11.61,10.5,4,33.3,1.4,224.8,1.2,2.5,"B","B22","U111",1.2155,0.2,c(2.573157235, 48.22582986)
37722426,1254,"1",5,5.29,21.87,386,3,31,25.8,593.4,NA,NA,"E","E20","U111",0.1745,0.15,c(3.073012376, 44.71606247)
37722504,1244,"1",5.1,5.69,21.17,82.4,NA,23.2,8,179.5,NA,NA,"E","E20","U111",0.98,0.17,c(2.985139338, 45.41562676)
37722648,277,"1",5.4,6.09,10.64,15.8,NA,13.8,1.7,63,NA,NA,"E","E20","U111",1,0.1,c(2.815030654, 46.70600308)
37722822,159,"1",7.2,7.91,15.97,24.9,108,25.6,1.7,259.2,NA,NA,"B","B13","U111",1.07,0.11,c(2.594695234, 48.26341643)
37722832,172,"1",6.9,7.55,13.69,10.1,3,51.3,1.1,198.9,NA,NA,"B","B32","U111",1.2415,0.07,c(2.581506198, 48.35286763)
37742434,1108,"1",4.6,5.24,10.53,31.8,NA,14.6,3.1,119.7,NA,NA,"E","E20","U111",1.024,0.17,c(3.089275834, 44.78950198)
37742592,490,"1",5,5.51,24.6,54.2,NA,55.6,4.1,582.7,NA,NA,"C","C10","U120",0.852,0.02,c(2.908231985, 46.20607697)
37742710,258,"1",6.8,7.24,30.16,42,437,33,4.6,347.9,0.7,1.5,"B","B75","U111",0.8815,0.15,c(2.764760938, 47.26291741)
37742812,158,"1",7.2,7.98,17.71,17,153,45.5,2,316.7,NA,NA,"B","B13","U111",1.1075,0.24,c(2.634595842, 48.1757552)
37743100,64,"1",7.3,7.81,26.22,15.2,20,90.1,1.6,445.3,NA,NA,"B","B11","U111",1.1345,0.06,c(2.232762461, 50.75005591)
37762968,175,"1",7.1,7.63,15,11.9,6,33.8,1.4,248.3,NA,NA,"B","B35","U111",1.231,0.07,c(2.451108843, 49.57255373)
37763062,176,"1",6.7,7.14,11.01,12.3,NA,67.5,1.5,115.9,NA,NA,"B","B11","U111",1.1895,0.06,c(2.316919513, 50.41251937)
37782406,1276,"1",4.2,4.77,7.72,48.2,NA,NA,2.9,85.7,NA,NA,"C","C21","U120",1.0845,0.1,c(3.170187117, 44.54157663)
37782456,968,"1",5.5,6.15,8.2,19.3,NA,NA,1.8,75.2,NA,NA,"E","E20","U111",1.0005,0.14,c(3.115255407, 44.99018684)
37782982,124,"1",7,7.74,15.14,10.5,3,65,1.6,287.4,0.7,1.8,"B","B21","U111",1.1755,0.06,c(2.459091804, 49.69953019)
37783050,192,"1",7,7.56,16.98,12,3,49.7,1.5,145.5,NA,NA,"B","B11","U111",1.1445,0.05,c(2.362326237, 50.30718825)
37783054,197,"1",6.7,7.22,18.31,15.7,1,53.4,1.9,92.8,NA,NA,"E","E20","U111",0.771,0.05,c(2.356537607, 50.34292576)
37802434,1252,"1",4.6,5.13,12.78,80.3,1,16.7,5.2,145.1,NA,NA,"E","E20","U111",0.667,0.16,c(3.164715233, 44.7944718)
37802452,895,"1",4.9,5.22,7.52,24.9,NA,NA,2.4,127.6,NA,NA,"E","E20","U111",1.048,0.12,c(3.14491212, 44.95596091)
37802632,344,"1",5.2,5.73,11.28,25.2,NA,20.2,2.6,89.6,NA,NA,"E","E20","U111",0.8125,0.07,c(2.938320288, 46.56958971)
37822406,1102,"1",4.8,5.59,12.21,60.2,NA,12.6,4.7,257.1,NA,NA,"E","E20","U111",1.019,0.31,c(3.220262784, 44.54485473)
37822910,146,"1",7.7,8.08,32.82,14.1,26,111.9,1.5,494.5,0.6,1.1,"B","B22","U111",1.37,0.08,c(2.61276489, 49.05948904)
37822928,108,"1",7.4,7.91,16.28,12.2,10,63.1,1.4,414.5,NA,NA,"F","F40","U111",1.331,0.1,c(2.588452105, 49.22044319)
37823096,68,"1",6.9,7.63,15.35,11.6,5,41.9,1.4,173.8,NA,NA,"B","B11","U111",1.0485,0.04,c(2.351472821, 50.72188917)
37862420,1114,"1",5.6,6.26,9.38,22.3,NA,37.8,2,51.6,NA,NA,"E","E20","U111",1.4365,0.43,c(3.255299361, 44.67375528)
37862536,656,"1",6.8,7.25,25.93,48.5,359,NA,4.3,723.8,NA,NA,"E","E20","U111",0.987,0.01,c(3.127172854, 45.7142775)
37862928,136,"2",7,7.3,12.61,10.6,1,18.6,1.3,201.9,NA,NA,"B","B35","U111",1.3985,0.03,c(2.643124043, 49.22404879)
37863018,136,"2",7.2,7.8,22.34,20,562,46.2,2.8,218,NA,NA,"E","E30","U111",1.129,0.2,c(2.519388458, 50.02863763)
37863032,187,"2",7.1,7.83,18.1,14.5,27,37.7,1.7,150.3,NA,NA,"B","B11","U111",0.9505,0.05,c(2.499670896, 50.15375965)
37863050,167,"1",7,7.61,18.91,15.3,3,43.6,1.9,239.6,NA,NA,"B","B11","U111",0.9,0.04,c(2.474128796, 50.31461694)
37882440,1150,"1",4.1,4.82,9.47,45.5,NA,15.4,3.3,112.1,NA,NA,"C","C22","U120",0.716,0.25,c(3.258830793, 44.85485323)
37882530,440,"2",6.8,7.45,28.78,26.9,246,59,2.6,1375.4,NA,NA,"F","F40","U111",1.163,0.13,c(3.159498445, 45.6621367)
37882584,376,"1",7.3,7.93,16.78,13.5,485,12.1,1.5,281.5,NA,NA,"B","B11","U111",1.3165,0.04,c(3.098045131, 46.14623561)
37882782,174,"1",6.7,7.22,23.93,15.6,2,42.7,1.7,151.4,NA,NA,"F","F40","U111",1.1805,0.14,c(2.85996445, 47.9196516)
37882980,154,"1",7.3,7.55,12.43,12.6,3,21.6,1.6,196.9,NA,NA,"B","B11","U111",1.0755,0.09,c(2.59986013, 49.69078485)
37902328,822,"1",7,7.21,22.95,67.9,11,NA,6.3,229.8,7.4,2.8,"D","D10","U111",0.8,0.31,c(3.40205689, 43.85098999)
37902390,957,"1",6.5,7.03,11.65,23,NA,10.6,2.3,152.9,2.9,6.1,"B","B55","U111",1.413,0.14,c(3.337390284, 44.40771527)
37902990,129,"1",7.3,7.89,20.76,15.2,24,60.6,1.7,400.9,NA,NA,"F","F40","U111",0.9355,0.21,c(2.613736737, 49.78199109)
37903026,196,"1",7.1,7.44,14.25,12,3,81.5,1.5,239.2,NA,NA,"B","B22","U111",1.258,0.13,c(2.563802166, 50.1037915)
37903116,69,"1",6.5,6.98,33.44,12.3,NA,112.2,1.6,240.8,NA,NA,"B","B23","U111",1.21,0.02,c(2.435205625, 50.90802374)
37922448,1078,"1",5.9,5.98,19.28,68.4,NA,19,6.8,195.9,NA,NA,"E","E20","U111",0.8735,0.2,c(3.300575265, 44.92987835)
37922808,173,"1",6.6,6.91,13.42,11,1,75.8,1.4,267.6,NA,NA,"B","B22","U111",1.2835,0.11,c(2.880658248, 48.15582612)
37923016,141,"1",7.1,7.98,17.52,21.5,27,76.4,2.1,323.6,NA,NA,"B","B11","U111",0.9105,0.24,c(2.60554129, 50.01622195)
37923070,128,"1",7.2,7.69,23.19,11.2,2,64.8,1.2,215.9,NA,NA,"B","B22","U111",1.001,0.23,c(2.529680097, 50.49885309)
37923106,84,"1",5.7,5.81,60.25,16.1,NA,83.1,1.9,331.2,NA,NA,"B","B21","U111",0.888,0.17,c(2.478021083, 50.82053194)
37942418,1111,"1",4.9,5.61,9.44,22.4,NA,69.5,2.3,88.8,1.9,5.5,"B","B55","U111",1.287,0.23,c(3.357820332, 44.66225682)
37942720,238,"1",7.4,7.47,19.46,33.5,70,26.5,3.8,745,NA,NA,"B","B32","U111",0.737,0.11,c(3.015848871, 47.36971676)
37942882,165,"1",6.7,7.28,16.71,6.4,3,18.6,0.8,138.7,NA,NA,"E","E30","U420",1.3575,0.08,c(2.812883224, 48.81971582)
37943040,185,"4",6.7,7.32,14.12,11.3,NA,41,1.4,170.4,NA,NA,"B","B11","U111",1.019,0.02,c(2.599972385, 50.23255742)
37943058,185,"1",4.9,5.46,17.41,86.2,3,19.7,7.7,255.3,NA,NA,"B","B35","U111",0.977,0.1,c(2.574708351, 50.3934364)
37962780,233,"1",7,7.36,19.45,11.6,3,43.1,1.5,198.7,NA,NA,"B","B11","U111",1.416,0.05,c(2.969028119, 47.90864164)
37963036,191,"1",5.3,5.6,23.39,28.4,NA,48.4,3,163.5,1,3.7,"E","E20","U111",0.849,0.17,c(2.63344855, 50.19861181)
37963072,87,"1",6.3,6.84,10.86,16,NA,35.6,1.5,204.7,NA,NA,"B","B13","U111",1.3595,0.22,c(2.582988447, 50.52037561)
37982642,283,"1",5.8,6.14,7.99,19,NA,NA,1.8,93.8,NA,NA,"E","E20","U111",1.111,0.06,c(3.160535626, 46.67434259)
37982764,243,"1",5.2,5.83,15.76,7.5,NA,38.8,1,117.5,NA,NA,"B","B16","U111",1.119,0.13,c(3.015305148, 47.76710158)
37982956,128,"1",7.2,7.79,19.96,19.1,44,52.2,2,496.7,NA,NA,"B","B41","U111",1.263,0.2,c(2.770070862, 49.48512968)
37983124,45,"1",6.8,7.38,34.62,16.2,1,88.8,2,411.1,NA,NA,"B","B43","U111",0.8695,0.03,c(2.53692404, 50.98687688)
38002826,148,"1",7.1,7.65,21.86,12,16,65.6,1.5,330.6,NA,NA,"A","A30","U319",1.432,0.09,c(2.965290064, 48.32381766)
38003068,80,"1",6.8,7.19,20.99,15.1,1,67.7,1.6,204,NA,NA,"B","B11","U111",1.2545,0.05,c(2.644758673, 50.48824637)
38022398,1081,"1",6.9,7.45,20.4,53.7,52,10.2,4.1,503.2,NA,NA,"C","C22","U120",0.954,0.3,c(3.479024202, 44.48906094)
38022408,1316,"1",4.1,4.58,8.65,45.6,NA,15.5,2.8,55.2,NA,NA,"C","C22","U120",1.0545,0.26,c(3.468637477, 44.5788394)
38022606,352,"1",5.8,6.1,33.95,23,NA,43.8,2.5,269.7,NA,NA,"E","E20","U111",1.101,0.16,c(3.253672616, 46.35499137)
38023064,109,"1",7.1,7.68,31.45,31,379,38.7,3.1,315.4,0.6,1.5,"B","B32","U111",0.9225,0.16,c(2.678397663, 50.45429173)
38042428,1377,"2",4,4.44,5.3,40.2,NA,NA,2.2,45.6,NA,NA,"C","C10","U120",0.9885,0.3,c(3.472872683, 44.75995046)
38042982,137,"1",7.3,7.87,18.07,9.2,4,54.1,1.2,278.7,3.2,4.5,"B","B21","U111",1.1185,0.08,c(2.818038676, 49.72292974)
38043050,135,"1",6.6,7.08,10.86,12.8,NA,41.3,1.4,253.4,0.7,2.2,"F","F40","U111",1.1335,0.04,c(2.725800428, 50.33093241)
38062710,341,"1",7.4,7.74,21.2,23.5,43,41.4,2.5,311.9,NA,NA,"B","B13","U111",0.854,0.08,c(3.185864303, 47.29020081)
38062872,169,"2",5.6,6.29,8.06,12.3,NA,50.3,1.4,90.8,NA,NA,"B","B32","U111",1.3965,0.16,c(2.988313141, 48.74062777)
38082624,281,"1",5.5,6.11,10.62,26.9,NA,20,2.9,238.4,NA,NA,"E","E20","U111",0.98,0.08,c(3.311068911, 46.52121747)
38083008,130,"2",7.1,7.66,33.84,23.6,307,27.7,2.3,403.7,NA,NA,"B","B55","U111",1.115,0.26,c(2.838631643, 49.9589457)
38083026,163,"1",6.3,6.98,10.11,10,1,30.1,1.3,149.6,NA,NA,"B","B11","U111",0.93,0.15,c(2.814390396, 50.11990026)
38102416,1467,"1",4.1,4.69,25.59,119.8,1,44.7,7.7,155.2,NA,NA,"D","D20","U111",0.6425,0.24,c(3.560672172, 44.6569117)
38102758,298,"1",4.2,5.03,7.19,29.9,NA,NA,2,89.9,NA,NA,"C","C10","U120",0.7805,0.07,c(3.181913926, 47.72344003)
38122788,214,"1",6.6,7.05,16.67,9.7,1,22,1.1,148.5,0.3,0.3,"B","B32","U111",1.1845,0.06,c(3.172601195, 47.99375129)
38122792,205,"1",5.3,5.89,10.81,11.4,NA,60.2,1.3,177.5,NA,NA,"F","F40","U111",1.209,0.09,c(3.16778275, 48.02956841)
38142550,358,"1",4.6,5.39,5.16,17.3,NA,10.7,1.6,140.3,NA,NA,"D","D20","U112",1.1645,0.28,c(3.470164073, 45.86250233)
38162422,1295,"1",4.4,4.84,18.31,171.9,NA,24.5,12.4,225.9,NA,NA,"E","E20","U111",0.286,0.27,c(3.629859256, 44.71541156)
38162602,333,"1",4.9,5.62,5.23,10.7,1,NA,1.1,49.9,NA,NA,"B","B51","U111",1.141,0.11,c(3.43922407, 46.33040757)
38162848,177,"1",6.8,7.32,17.48,14.7,1,31.3,1.6,278.9,1.1,1.9,"B","B22","U111",1.2135,0.18,c(3.153357207, 48.53426519)
38162866,184,"1",7,7.66,16.03,15.9,7,51,1.8,270.1,NA,NA,"B","B13","U111",1.217,0.1,c(3.131181811, 48.69538897)
38162902,186,"1",7,7.36,13.43,11.1,NA,51,1.5,200.9,NA,NA,"B","B32","U111",1.277,0.16,c(3.086282737, 49.01758587)
38162926,166,"1",7.4,7.68,15.37,11.5,4,27.1,1.4,329.6,NA,NA,"B","B22","U111",1.3175,0.09,c(3.055936964, 49.23234708)
38182406,1252,"1",7,7.57,18.23,44.8,145,12.9,2.6,511.7,NA,NA,"B","B55","U111",1.353,0.1,c(3.671173096, 44.57327463)
38182982,115,"1",7.2,7.63,11.06,8.3,3,40.5,1.1,177.1,NA,NA,"B","B11","U111",1.031,0.09,c(3.011447343, 49.73505843)
38202488,1139,"1",3.9,4.47,6.27,28.3,NA,NA,1.9,33.1,NA,NA,"C","C21","U120",0.947,0.31,c(3.612429909, 45.31093083)
38202830,157,"1",6.9,7.56,11.25,11.8,NA,61.4,1.4,166.4,0.8,1.9,"B","B13","U111",1.2295,0.26,c(3.229138233, 48.37643546)
38202974,109,"1",7,7.23,18.82,10.9,1,45.3,1.3,218.4,NA,NA,"B","B22","U111",1.334,0.06,c(3.049421879, 49.66519636)
38222384,1160,"1",4.6,5.33,7.32,41.4,NA,99.6,3.9,131.7,NA,NA,"C","C10","U370",1.029,0.23,c(3.743210506, 44.37872409)
38222752,306,"1",5.3,6.03,5.63,10.2,NA,20.2,1.1,155.8,NA,NA,"B","B11","U111",0.909,0.06,c(3.348230254, 47.67952077)
38222806,115,"1",7.3,7.92,17.31,13.8,86,19.2,1.5,229.3,NA,NA,"B","B11","U111",1.495,0.13,c(3.284745827, 48.16317517)
38242470,1130,"1",4.3,4.87,10.11,53.9,NA,40,3.6,82.4,NA,NA,"C","C21","U120",0.666,0.18,c(3.681715478, 45.15244245)
38242818,162,"1",7.2,7.9,28.35,14.9,24,66.3,1.6,332.4,NA,NA,"F","F40","U111",1.2825,0.18,c(3.297268602, 48.2722674)
38262408,1404,"1",4,4.8,6.76,44.4,NA,NA,2.9,72.2,NA,NA,"C","C21","U120",0.994,0.36,c(3.769443636, 44.59728715)
38262534,538,"1",4.1,4.87,5.16,34.6,NA,19.2,2.5,78.1,NA,NA,"C","C31","U120",0.967,0.01,c(3.640877854, 45.72831823)
38262832,116,"1",7.2,7.86,14.85,13.6,81,25.5,1.4,154.9,NA,NA,"B","B13","U111",1.1105,0.08,c(3.307440792, 48.39926215)
38263030,101,"1",7.1,7.51,34.59,16.1,3,89.7,2,422.1,NA,NA,"B","B22","U111",0.966,0.08,c(3.059902324, 50.17123771)
38263044,94,"1",6.9,7.51,11.88,13.5,3,38.6,1.6,164.5,4.5,4.8,"B","B11","U111",1.151,0.04,c(3.041524194, 50.29645886)
38282398,1363,"1",4,4.55,5.8,51.1,NA,11.7,3.9,84.2,NA,NA,"C","C21","U120",0.886,0.38,c(3.804393544, 44.50897017)
38282488,1087,"1",3.3,3.99,20.3,266.7,NA,29.4,11.4,210.1,NA,NA,"C","C21","U120",0.217,0.11,c(3.714007954, 45.31705001)
38302418,1145,"1",4.4,5.2,7.49,73.5,NA,23.9,6.7,103.8,NA,NA,"C","C22","U120",0.903,0.08,c(3.809718318, 44.69008807)
38302644,259,"1",5.9,6.25,8.65,11.3,NA,30.9,1.4,328.9,NA,NA,"E","E20","U111",1.607,0.06,c(3.574947509, 46.71798735)
38302950,120,"1",7.1,7.73,17.42,8.5,5,38.9,1.1,137.4,NA,NA,"B","B22","U111",0.8185,0.04,c(3.217612708, 49.45884512)
38302972,111,"1",7.1,7.82,18.21,11.3,5,23,1.5,180.6,0.6,1.5,"B","B16","U111",1.1825,0.07,c(3.189959353, 49.65571359)
38322442,1223,"1",5,5.55,12.75,110,NA,26.4,7.6,110.9,NA,NA,"C","C31","U120",0.6145,0.2,c(3.811057274, 44.90709994)
38322816,260,"1",6.9,7.52,12.43,11,1,29.7,1.3,147.7,NA,NA,"F","F40","U111",1.2575,0.09,c(3.406989683, 48.26083108)
38322924,232,"1",6.9,7.45,18.37,13.6,1,48.2,1.5,243.1,NA,NA,"B","B41","U111",1.238,0.07,c(3.277291257, 49.22779759)
38323000,128,"1",7.2,7.84,16.66,10.1,13,17.6,1.3,201.8,NA,NA,"B","B11","U111",1.169,0.15,c(3.182092494, 49.90791255)
38342524,1105,"1",3.6,4.15,10.65,109.5,NA,30.5,6.4,136.2,NA,NA,"C","C31","U120",0.533,0.28,c(3.753520374, 45.64468067)
38342686,300,"1",7,7.42,16.79,20.2,4,34.2,2.1,240.2,NA,NA,"B","B11","U111",1.4245,0.25,c(3.581225036, 47.09762135)
38343016,133,"1",6.8,7.27,13.51,12,2,43.8,1.2,215.7,NA,NA,"B","B22","U111",1.3585,0.07,c(3.189441619, 50.05273133)
38362496,1175,"1",3.7,4.37,8.32,63.6,1,31.1,3.8,88.2,NA,NA,"C","C31","U120",0.691,0.31,c(3.807535272, 45.39488235)
38362528,1352,"1",3.8,4.43,9.82,99,NA,22,6.2,99.9,NA,NA,"C","C23","U120",0.628,0.26,c(3.774975749, 45.68208343)
38362762,202,"1",7.3,7.81,19.71,21.5,189,23.3,2.5,336.9,NA,NA,"F","F40","U111",1.246,0.28,c(3.522680759, 47.78028096)
38362906,260,"1",6.7,7.32,12.12,10.4,1,30.5,1.4,168.8,0.8,2.1,"B","B32","U111",1.1705,0.15,c(3.353896534, 49.06993495)
38362928,170,"1",7.2,7.82,15.14,9.1,3,46.1,1.1,128.5,NA,NA,"F","F40","U111",1.2005,0.07,c(3.327123281, 49.26687265)
38362960,134,"1",6.8,7.05,11.92,16.4,4,NA,1.6,109.7,NA,NA,"C","C10","U120",1.3855,0.09,c(3.287693088, 49.55328605)
38362988,111,"1",7.1,7.75,23.95,12,43,19.9,1.5,231.2,1.1,2.7,"B","B35","U111",1.2415,0.24,c(3.252709305, 49.80385849)
38382440,1039,"1",5.4,5.85,18.49,41,NA,11.2,3.9,102.2,NA,NA,"B","B11","U111",1.1665,0.11,c(3.88866948, 44.89358962)
38382866,224,"1",6.4,6.91,7.8,13,NA,20.9,1.5,117.7,NA,NA,"B","B11","U111",1.3225,0.17,c(3.42896973, 48.71341073)
38422434,1108,"1",4.3,4.91,7.6,21.9,NA,23.5,2.3,136,1.9,4.4,"B","B55","U111",1.2155,0.17,c(3.944931762, 44.84263888)
38422548,712,"1",6.1,6.23,25.92,29,NA,24.4,3,149.7,1.9,2.4,"B","B55","U111",1.148,0.33,c(3.831355864, 45.86605228)
38422560,1087,"1",3.6,3.92,28.9,205.5,NA,37.1,10.7,163.4,NA,NA,"C","C21","U120",0.3565,0.35,c(3.819076177, 45.9737298)
38442450,908,"1",5.8,6.31,12.93,28,NA,23.1,3.1,277.3,NA,NA,"E","E20","U111",0.992,0.1,c(3.954572463, 44.98779053)
38442534,1042,"1",4.2,4.63,16.49,39.2,NA,38.4,3.1,223.8,NA,NA,"C","C33","U120",0.72,0.29,c(3.871198826, 45.74190125)
38442850,188,"1",7.2,7.95,15.69,16.6,32,42.1,1.7,269.3,NA,NA,"B","B41","U111",1.206,0.08,c(3.528865285, 48.57489201)
38462430,1228,"2",5.1,5.27,21.27,59.6,NA,47,5.1,248.8,NA,NA,"E","E20","U111",0.948,0.19,c(3.999163252, 44.80961908)
38462488,907,"1",5.6,6.18,10.87,21.5,NA,77.9,2.3,474,NA,NA,"B","B55","U111",1.31,0.29,c(3.942631581, 45.33046031)
38462556,925,"1",5.1,5.46,13.14,41.4,NA,53.4,3.9,242.1,1.3,3.5,"B","B55","U111",0.9735,0.35,c(3.874554657, 45.94081369)
38462664,260,"1",6.6,6.93,11.67,18.5,4,52.8,1.8,139.3,NA,NA,"C","C10","U370",1.108,0.15,c(3.762250717, 46.9095945)
38462746,181,"1",5.9,6.51,14.07,12.8,NA,16,1.5,181.5,NA,NA,"B","B32","U111",1.1675,0.08,c(3.673370004, 47.64468651)
38482508,1247,"1",4.2,4.87,5.79,44.3,1,23.9,4.1,82.9,NA,NA,"C","C23","U120",0.7775,0.19,c(3.948304522, 45.51147265)
38482526,904,"1",4.3,4.62,45.14,40.2,NA,33.3,4.1,147.6,NA,NA,"D","D10","U111",0.869,0.05,c(3.930397958, 45.67304756)
38502676,309,"1",6.8,7.23,29.04,75.8,23,42.2,7.9,276.6,NA,NA,"E","E20","U111",0.949,0.02,c(3.801863661, 47.02021335)
38522344,158,"1",7.4,8.24,14.07,14.3,293,NA,1.2,176.9,0.8,2.5,"B","B43","U111",1.1045,0.07,c(4.155006534, 44.04114532)
38522602,333,"1",4.7,5.33,10.98,24.1,1,16.9,2.6,76.2,NA,NA,"E","E20","U111",1.202,0.02,c(3.9050272, 46.35798648)
38522650,331,"1",5.4,5.82,17.4,38.8,NA,22.8,4.4,386.3,NA,NA,"E","E20","U111",1.1315,0.14,c(3.855396341, 46.78854965)
38522782,145,"1",7.1,7.66,22.9,15.9,11,88.5,1.8,456.9,NA,NA,"B","B32","U111",1.322,0.04,c(3.713392288, 47.97190832)
38522836,185,"1",7.2,8.02,24.11,15.2,926,45.5,2.2,112.3,1.4,0.9,"B","B13","U111",1.095,0.16,c(3.652849743, 48.45573588)
38522848,150,"1",7.4,7.98,19.01,19.7,129,44.3,2.2,316.1,0.8,1.6,"B","B11","U111",1.3225,0.15,c(3.639194437, 48.56323272)
38522974,101,"1",7.1,7.66,22.69,22.4,458,105.2,2.2,238,1.4,1.7,"B","B11","U111",1.204,0.24,c(3.491204213, 49.69152644)
38523118,69,"1",6.2,6.57,21,49.5,1,69.7,4.7,286.6,NA,NA,"E","E20","U111",0.7335,0.04,c(3.311100805, 50.98013865)
38542564,397,"2",5.4,5.88,14.1,37.2,NA,16,3.6,273.8,NA,NA,"E","E20","U111",0.866,0.08,c(3.969321158, 46.01848555)
38542640,358,"1",5.2,5.52,20.88,24.1,NA,27.7,2.6,169,1.4,2.1,"B","B14","U111",1.295,0.25,c(3.891876894, 46.70034415)
38542960,138,"1",6.7,7.19,16.35,13.5,2,17.5,1.5,111.5,NA,NA,"B","B11","U111",0.976,0.03,c(3.535629792, 49.56778087)
38562344,209,"1",7.2,7.95,15.72,16.2,300,NA,1.8,160.2,NA,NA,"B","B82","U111",1.0785,0.34,c(4.204687793, 44.04394582)
38562650,323,"1",5,5.38,5.97,35.5,NA,10.5,3.6,193.7,NA,NA,"E","E20","U111",1.1185,0.09,c(3.907595381, 46.79151656)
38582456,1357,"1",4,4.44,21.6,104.7,NA,26.8,7.6,173.1,NA,NA,"C","C31","U120",0.4885,0.23,c(4.1256824, 45.05174127)
38582504,728,"1",4.6,5.34,7.77,21.9,NA,NA,2.2,140.9,NA,NA,"E","E10","U370",1.074,0.17,c(4.079655534, 45.48279134)
38582838,125,"1",7.2,7.87,28.45,27,762,25.9,2.8,275.3,0.3,0.4,"B","B35","U111",1.241,0.07,c(3.73145766, 48.47826427)
38582942,96,"1",6.8,7.43,10.98,8.9,1,51.7,1.1,142,NA,NA,"B","B11","U111",1.325,0.1,c(3.612004855, 49.40975936)
38602818,220,"1",7.2,7.9,23.42,31,572,49.5,2.7,160.3,NA,NA,"B","B11","U111",0.994,0.25,c(3.780656144, 48.30058762)
38622498,659,"1",5.7,6.22,15.65,42.2,NA,27.2,4.1,378.6,NA,NA,"E","E20","U111",0.972,0.2,c(4.136375445, 45.43176314)
38622634,379,"1",5.6,6.1,18.48,33.1,NA,39.6,3.5,188,NA,NA,"E","E20","U111",1.2945,0.32,c(4.002212984, 46.65239093)
38662572,308,"1",6.3,6.43,25.91,86.7,1,70.9,8.1,189.6,NA,NA,"E","E20","U111",0.712,0.14,c(4.115889266, 46.09893202)
38722484,851,"1",6,6.44,22.58,44.7,1,20,4.4,108.9,NA,NA,"E","E20","U111",1.0515,0.17,c(4.276768678, 45.31302884)
38722690,666,"1",3.8,4.49,50.6,336.8,NA,46.8,22.4,287.3,NA,NA,"C","C10","U120",0.2905,0.29,c(4.076053964, 47.16194492)
38722726,356,"1",6.4,6.54,10.94,14.9,NA,22.1,1.7,171.3,NA,NA,"F","F40","U111",1.002,0.15,c(4.0390899, 47.48479993)
38722802,274,"1",7.2,8,19.14,24.9,212,61.3,2.5,219,NA,NA,"B","B11","U111",0.8965,0.06,c(3.959085622, 48.16615334)
38723036,165,"1",6.2,6.77,21.91,42.6,1,152,4.3,713.1,NA,NA,"E","E20","U111",1.153,0.13,c(3.694674387, 50.26224188)
38762644,420,"1",5.1,5.5,7.6,30.1,NA,12.8,3.2,75.8,NA,NA,"E","E20","U111",1.054,0.09,c(4.174613991, 46.75213894)
38762662,407,"1",3.5,4.13,11.22,39.4,NA,19.4,3.3,76.6,NA,NA,"C","C23","U120",1.0415,0.21,c(4.156732019, 46.91363253)
38762780,249,"1",7.2,7.86,15.71,15,199,NA,1.8,200.8,NA,NA,"B","B41","U111",1.0635,0.13,c(4.035925387, 47.97186586)
38782566,588,"1",5.1,5.42,8.67,26.9,NA,NA,2.6,99.4,NA,NA,"E","E20","U111",1.175,0.21,c(4.276256008, 46.05350016)
38782872,193,"1",7.4,8.05,30.85,18.5,779,58.3,2.6,371.6,0.4,0.5,"B","B33","U111",1.255,0.12,c(3.964353744, 48.7979009)
38802318,111,"1",7.4,8.06,13.31,11.2,169,NA,1,168.4,NA,NA,"E","E20","U111",1.433,0.04,c(4.525188452, 43.82641843)
38822584,454,"1",3.6,4.12,9.37,30.9,NA,20.8,2.1,74.6,NA,NA,"C","C23","U120",1.016,0.31,c(4.31070666, 46.21784913)
38822848,160,"1",7.3,8.04,26.64,23.5,724,43.3,1.8,271.2,NA,NA,"B","B21","U111",1.2215,0.2,c(4.044437493, 48.58574793)
38842342,235,"1",6.8,7.18,6.75,6.1,3,31.6,0.7,132.5,0.7,0.8,"B","B31","U111",1.5135,0.2,c(4.554286069, 44.04489504)
38842486,999,"1",4.6,5.25,15.92,99.3,1,42.9,8.5,244.5,NA,NA,"E","E20","U111",0.353,0.19,c(4.427416341, 45.33917627)
38842810,157,"1",7.3,7.93,22.08,26.5,573,14,3.1,130.9,NA,NA,"B","B13","U111",0.9865,0.3,c(4.111566122, 48.24657823)
38843040,195,"1",6.6,6.97,8.8,14.4,NA,61.6,1.6,184.4,NA,NA,"B","B11","U111",1.5,0.06,c(3.857818148, 50.30720554)
38862448,673,"1",4.7,5.47,5.8,13.6,NA,26.1,1.2,144,NA,NA,"E","E20","U420",1.055,0.27,c(4.486913558, 44.9991004)
38862478,1200,"1",3.5,3.97,20.6,198.4,NA,33,10.7,156.4,NA,NA,"C","C23","U120",0.281,0.27,c(4.460058239, 45.26864918)
38863036,202,"1",5.4,5.98,11.44,25.9,1,18.5,2.7,85.2,NA,NA,"E","E20","U111",1.085,0.05,c(3.890437646, 50.27288833)
38882480,1222,"1",4,4.46,16.78,79.1,NA,46.7,6.8,223.9,NA,NA,"C","C10","U111",0.455,0.31,c(4.483654871, 45.2879519)
38882614,355,"1",5.2,5.87,10.22,22.1,NA,10.7,2.4,72.5,NA,NA,"E","E20","U111",1.277,0.1,c(4.359869495, 46.49125247)
38882650,370,"1",5,5.54,12.48,47.1,NA,24.3,4.5,130.1,NA,NA,"E","E20","U111",0.778,0.1,c(4.32537424, 46.81434237)
38902586,550,"1",4.8,5.52,13.26,35.2,NA,83.7,3.3,293,NA,NA,"E","E20","U111",1.1835,0.24,c(4.412172459, 46.24126363)
38902676,362,"1",5.5,6.11,10.95,21.2,NA,12.5,2.2,44.6,NA,NA,"B","B32","U111",1.2705,0.04,c(4.326358254, 47.04901887)
38902838,173,"1",7.3,8.05,20.39,21.3,686,92.4,2.3,374.8,NA,NA,"B","B22","U111",1.058,0.33,c(4.163033564, 48.50186391)
38903014,248,"1",5.8,6.32,18.05,58.4,NA,25.1,5.9,288.8,NA,NA,"E","E20","U111",0.8975,0.18,c(3.971451772, 50.07883905)
38922362,114,"1",6.9,7.47,19.57,15.9,158,33.2,1.4,124.7,NA,NA,"B","B82","U111",1.101,0.11,c(4.636832598, 44.22995504)
38922584,706,"1",3.6,4.08,9.24,75.7,NA,NA,2.8,83.5,NA,NA,"C","C33","U120",0.7585,0.17,c(4.439878252, 46.22465726)
38922812,158,"1",7,7.41,29.76,35.2,25,48.1,3.9,437.8,NA,NA,"E","E20","U111",0.8945,0.31,c(4.216912542, 48.27019313)
38922830,207,"1",7.4,7.82,19.26,13.9,777,24.4,2.1,150.6,NA,NA,"B","B13","U111",1.1445,0.23,c(4.198327745, 48.43156662)
38922992,217,"1",6,6.61,13.01,20.2,NA,27.2,2.2,124.1,NA,NA,"B","B21","U111",1.1145,0.12,c(4.024009635, 49.88325597)
38942352,93,"1",7.1,7.78,15.39,11.9,132,11.4,1.2,296.7,NA,NA,"E","E30","U112",1.127,0.39,c(4.670170249, 44.14131102)
38942568,499,"2",5.2,5.64,15.63,47,NA,51.5,3.8,278.4,NA,NA,"E","E20","U111",0.881,0.18,c(4.480474568, 46.08233909)
38942726,314,"1",6.2,6.68,8.9,11,1,22.7,1.4,111,NA,NA,"B","B13","U111",1.3295,0.25,c(4.330128052, 47.5003427)
38943000,247,"1",5.9,6.43,13.2,39.7,NA,81.9,4.1,294.1,NA,NA,"E","E20","U111",1.09,0.14,c(4.042849192, 49.95637661)
38943176,2,"1",6.8,7.52,15.27,17.1,58,38.7,1.7,231.7,NA,NA,"E","E20","U111",1.175,0.07,c(3.838048246, 51.53231618)
38962578,698,"1",4.9,5.48,7.78,23.9,1,42.2,2.5,105.9,NA,NA,"E","E20","U111",1.154,0.33,c(4.497075835, 46.17346418)
38982480,551,"1",5.2,5.83,10.67,36.5,NA,48.6,3.7,423.8,NA,NA,"E","E20","U111",1.033,0.22,c(4.610667061, 45.2945347)
38982792,266,"1",6.2,6.98,7.44,12.3,NA,73.4,1.4,228.7,1.3,3.4,"B","B11","U111",1.2985,0.1,c(4.317698117, 48.09504931)
38982814,186,"1",7.2,7.49,19.09,10.7,4,61,1.3,254.8,0.4,1.7,"B","B13","U111",1.277,0.08,c(4.295477636, 48.29232187)
38982868,202,"1",7.2,8,33.7,29.7,709,54.7,2.4,271.3,NA,NA,"B","B11","U111",1.2045,0.24,c(4.239990653, 48.77643749)
38982940,113,"1",7,7.71,20.51,21.6,739,26.7,2.2,174.3,NA,NA,"F","F40","U111",1.186,0.12,c(4.163849234, 49.42171695)
39002340,108,"1",7.4,8.31,15.28,10.7,192,15.3,1.2,180.1,4.3,6.7,"B","B82","U111",1.0905,0.06,c(4.754754778, 44.03719608)
39002614,343,"1",5.1,5.87,9.29,25.5,NA,22,2.5,185.2,NA,NA,"E","E20","U111",1.067,0.2,c(4.515675409, 46.499338)
39002952,144,"1",7,7.69,19.33,13.7,396,14.9,1.6,157.5,NA,NA,"F","F40","U111",1.4445,0.1,c(4.178462657, 49.53066807)
39002980,274,"1",5.7,6.25,14.57,31.8,NA,19.3,3.6,132.1,0.9,3.9,"E","E20","U111",1.049,0.15,c(4.148135877, 49.78154367)
39002992,262,"1",6.7,7.15,13.6,18.1,1,45.6,2.1,205,2.7,12.3,"B","B16","U111",1.339,0.08,c(4.13501722, 49.88905192)
39003046,175,"1",7,7.44,18.21,11,NA,59.5,1.3,203.5,0.6,1.7,"B","B16","U111",1.4065,0.06,c(4.075062251, 50.37276841)
39022590,465,"1",4.5,5.12,13.08,15.4,NA,44.4,1.7,353.8,NA,NA,"B","B55","U111",1.3465,0.15,c(4.563621186, 46.28518443)
39023026,277,"1",3.8,4.28,9.11,26,NA,16,2.3,67.9,NA,NA,"C","C10","U120",1.1135,0.09,c(4.125376912, 50.19506998)
39062614,265,"1",5.5,6.01,20.76,37.5,NA,15.1,3.9,104.8,NA,NA,"E","E10","U111",1.1395,0.12,c(4.593594249, 46.50329599)
39062686,454,"1",6.4,6.91,15.82,54.8,1,17.4,5,256.9,NA,NA,"E","E20","U111",0.728,0.16,c(4.526910561, 47.1495732)
39062704,399,"1",6.8,7.17,18.63,26.9,3,25,2.9,211.1,1,3.1,"B","B32","U111",1.1775,0.09,c(4.509907711, 47.31109783)
39062920,227,"1",7.5,7.85,20.91,20.1,811,58.5,2.5,213.1,NA,NA,"B","B11","U111",1.057,0.19,c(4.294824659, 49.24812348)
39082546,376,"1",6.3,6.87,8.25,16.7,NA,42.5,1.6,211.4,NA,NA,"B","B82","U111",1.408,0.12,c(4.680369231, 45.89393806)
39082654,370,"1",6.1,6.73,12.75,13.2,1,21.4,1.3,163.2,NA,NA,"E","E20","U111",1.375,0.09,c(4.582957702, 46.86369172)
39082708,553,"1",5.9,6.35,9.53,31.8,NA,10,3.2,155.3,0.9,1.9,"B","B52","U111",1.1625,0.13,c(4.532502585, 47.34832101)
39082754,364,"1",6.9,7.39,16.28,24.5,7,45.1,2.7,378.6,NA,NA,"B","B11","U111",1.3325,0.19,c(4.48856212, 47.76103095)
39082798,302,"1",6.9,7.62,16.34,16.5,7,37.3,1.9,221.9,NA,NA,"B","B11","U111",1.267,0.08,c(4.445680177, 48.15569618)
39082838,171,"1",7.3,8.03,18.79,19.6,713,36.2,2.3,380.9,2.4,3.9,"B","B11","U111",1.192,0.08,c(4.405953543, 48.51440069)
39082862,238,"1",7,7.78,24.88,27.1,795,59.2,2.8,180.2,NA,NA,"B","B22","U111",1.197,0.06,c(4.381769953, 48.7295872)
39103154,2,"1",7,7.78,14.63,12,30,77.7,1.3,206.2,NA,NA,"B","B23","U111",1.652,0.1,c(4.093561989, 51.34722646)
39122320,82,"1",7.3,8.01,28.34,13.2,408,22.4,1.7,295.7,NA,NA,"B","B72","U111",1.325,0.16,c(4.919798907, 43.86471713)
39122716,551,"1",7.1,7.63,22.33,40.1,225,49.4,4.5,311.4,0.6,2.4,"B","B11","U111",1.0545,0.28,c(4.577784532, 47.42275198)
39122928,167,"2",7.2,7.94,19.59,19.9,252,28.2,2.3,613.4,NA,NA,"B","B13","U111",1.192,0.11,c(4.368759417, 49.32398135)
39123108,106,"1",5.4,5.91,19.26,12.3,NA,64.3,1.4,242.3,NA,NA,"B","B16","U111",1.219,0.04,c(4.17454053, 50.93671902)
39162358,166,"1",7.5,8.04,16.86,15,108,29.2,1.4,391.9,NA,NA,"E","E30","U111",1.518,0.15,c(4.939264063, 44.20903458)
39162670,569,"1",7,7.61,19.97,27.8,95,17.7,3.2,408.9,NA,NA,"F","F40","U111",0.655,0.42,c(4.673029773, 47.01252341)
39162828,163,"1",7.3,8.06,15.91,22.9,271,28.6,2.3,266,NA,NA,"B","B22","U111",1.1115,0.39,c(4.523760892, 48.4301218)
39162930,191,"1",7.1,7.86,18.36,13.2,296,20.5,1.8,262.8,NA,NA,"B","B11","U111",1.2015,0.11,c(4.421592467, 49.34464725)
39182614,301,"1",5.7,5.93,31.9,39.9,NA,20.2,3.6,79.2,NA,NA,"C","C10","U111",1.118,0.16,c(4.749462963, 46.51104235)
39202282,44,"1",7,7.43,30.57,140.2,369,21.3,5.3,354.6,NA,NA,"E","E20","U111",1.0225,0.06,c(5.048250167, 43.52755061)
39202414,306,"1",7,7.19,20.3,42.5,272,NA,3.3,221.3,NA,NA,"C","C10","U370",0.6735,0.14,c(4.944337492, 44.71513229)
39222334,107,"1",7.3,8.15,20.57,12.3,403,19.9,1.4,277.4,NA,NA,"F","F40","U111",1.448,0.11,c(5.032829249, 43.99673074)
39222348,148,"1",7.2,8.35,10.3,11.2,225,14.7,0.6,95.9,NA,NA,"B","B82","U111",1.435,0.11,c(5.02189634, 44.12269583)
39222708,591,"1",7.3,7.56,33.57,42.2,31,27.8,4.2,569.7,NA,NA,"B","B16","U111",0.8915,0.27,c(4.717278229, 47.3574601)
39222802,247,"1",7.2,7.87,19.39,20.4,646,22.7,2.6,171.3,NA,NA,"B","B13","U111",1.0985,0.19,c(4.629554657, 48.20088417)
39222852,179,"1",7.2,8.04,20.82,13.3,794,34.8,1.9,135.8,NA,NA,"B","B11","U111",1.343,0.06,c(4.581362524, 48.6493397)
39222870,211,"1",7.3,7.99,22.94,15.8,744,28.1,2.4,225.5,NA,NA,"B","B11","U111",1.324,0.19,c(4.563744011, 48.81075566)
39242962,264,"1",5.4,5.81,8.14,42.5,NA,74.3,4.3,164.5,NA,NA,"E","E20","U111",0.9,0.1,c(4.499006741, 49.63690032)
39262484,299,"1",5.8,6.35,13.28,8.9,NA,42.3,1.1,210.3,NA,NA,"A","A30","U319",1.5285,0.07,c(4.963161117, 45.34810607)
39262586,228,"1",5.6,6,5.03,6,NA,34.7,0.8,73.6,NA,NA,"B","B11","U111",1.5305,0.15,c(4.877561564, 46.26460176)
39262766,377,"1",4.7,5.36,7.37,32.1,1,NA,2.4,136,NA,NA,"C","C10","U120",1.051,0.1,c(4.716922483, 47.88050618)
39302608,224,"1",6.9,7.54,21.29,26.2,57,53.3,2.4,215.6,NA,NA,"B","B16","U111",1.1615,0.1,c(4.910522632, 46.46467498)
39302712,597,"1",6.9,7.57,30.87,65.7,80,72.8,7,1139.1,3.6,4.6,"B","B32","U111",0.9535,0.35,c(4.819304373, 47.39844519)
39302766,378,"1",7.1,7.8,18.4,22.5,12,26.9,2.5,300,NA,NA,"B","B11","U111",1.2395,0.41,c(4.770263119, 47.88306377)
39302924,220,"1",7.1,7.78,26.82,27.6,768,52.6,3,317.4,NA,NA,"B","B22","U111",1.095,0.09,c(4.619728561, 49.30022992)
39322368,429,"1",7.5,7.87,17.95,9.6,347,14.7,1.8,168,NA,NA,"B","B81","U111",1.0545,0.16,c(5.13102148, 44.30855953)
39322890,233,"1",7.4,7.95,19.51,21.3,442,48.6,2.3,167.5,NA,NA,"B","B13","U111",1.205,0.11,c(4.680307653, 48.99666562)
39342876,216,"2",7.2,7.87,18.97,14.1,775,22.8,1.8,158.2,0.6,1.6,"B","B11","U111",1.4005,0.15,c(4.72100391, 48.8724058)
39342958,275,"1",5.7,6.11,10.29,36.7,NA,17.1,3.3,289,NA,NA,"C","C10","U120",0.8915,0.05,c(4.641097055, 49.60768291)
39362548,330,"2",4.3,4.77,7.01,22,NA,58.1,2,106.4,NA,NA,"E","E30","U112",1.2245,0.13,c(5.038418728, 45.92931444)
39362596,245,"1",7.4,8.05,18.12,19.4,146,18,1.5,254,NA,NA,"B","B16","U111",1.3945,0.17,c(4.9985189, 46.3605562)
39362740,461,"1",6.2,6.58,25.6,102.6,11,17.4,7.3,415.5,NA,NA,"C","C10","U120",0.5615,0.45,c(4.873682199, 47.65351518)
39362952,232,"1",6.9,7.52,16.77,13.8,3,34,1.7,210.2,NA,NA,"B","B11","U111",1.3635,0.24,c(4.674623371, 49.55519701)
39382432,1127,"1",4.4,5.1,6.09,25.6,NA,NA,1.8,40.5,NA,NA,"C","C10","U120",0.8335,0.1,c(5.156753077, 44.88774181)
39382558,327,"1",5.7,5.84,11.42,11.5,NA,29.9,1.4,52.6,NA,NA,"B","B55","U111",1.3715,0.06,c(5.055925423, 46.02036701)
39382738,530,"1",7.2,7.86,35.46,46.3,159,25.2,4,320.3,NA,NA,"B","B16","U111",1.26,0.58,c(4.902017232, 47.63680744)
39383058,191,"1",6.9,7.22,13.02,12.9,1,59.6,1.4,204.2,0.7,1.7,"B","B11","U111",1.29,0.09,c(4.595687768, 50.50667022)
39422452,248,"2",6.3,6.85,13.65,17.9,1,31.7,2.1,266.7,1.2,5.2,"B","B11","U111",0.824,0.31,c(5.191731516, 45.06992298)
39422614,250,"2",5.8,6.41,29.78,13.1,NA,30.2,1.6,162.5,1.6,7.4,"B","B16","U111",1.3575,0.13,c(5.061320418, 46.52585629)
39442442,1084,"2",7,7.19,15.51,11.4,1,19.8,1.1,212.6,NA,NA,"E","E20","U111",1.326,0.04,c(5.224763075, 44.98115285)
39442712,350,"2",7.5,7.9,21,20.4,744,28.1,2.1,263.1,NA,NA,"B","B13","U111",1.0765,0.37,c(5.004297303, 47.40709823)
39442798,363,"2",6.1,6.51,11.84,45.1,NA,NA,3.1,218.3,NA,NA,"C","C10","U120",1.2935,0.23,c(4.928417519, 48.17898189)
39462542,262,"2",6.6,6.9,23.69,15.8,2,29.1,1.9,190.9,0.5,1.7,"B","B16","U111",1.263,0.06,c(5.17177559, 45.88131649)
39462812,354,"2",7.1,7.86,21.44,26,178,16.3,3.1,476.2,4.8,7,"B","B32","U111",1.211,0.17,c(4.942682515, 48.30583919)
39482550,339,"2",5.8,6.04,19.68,11.3,NA,38.4,1.5,165.4,NA,NA,"B","B16","U111",1.366,0.03,c(5.191091263, 45.95437792)
39482622,243,"2",5.3,5.69,16.31,31.1,NA,34.5,3,167.5,NA,NA,"E","E20","U111",1.031,0.15,c(5.132734481, 46.60128209)
39482816,369,"2",7.2,7.94,21.48,25.7,36,30.8,3,396.1,2.1,3,"B","B32","U111",1.0425,0.32,c(4.965994691, 48.34296028)
39522304,301,"2",7.2,7.97,13.25,17,67,NA,1.4,134.9,NA,NA,"E","E20","U420",1.472,0.06,c(5.426959898, 43.74391982)
39522778,404,"1",6.1,6.68,11.79,18.3,1,24.5,2.1,200.6,NA,NA,"B","B11","U111",1.3945,0.05,c(5.05327788, 48.0043738)
39523056,196,"4",7.2,7.54,16.84,11.7,1,58.2,1.3,257.9,NA,NA,"B","B22","U111",1.344,0.11,c(4.794602199, 50.49785126)
39542722,335,"3",6.5,6.79,12.1,30,NA,18.9,3.2,541.3,3.6,5.5,"B","B52","U111",1.1155,0.2,c(5.128022134, 47.50287126)
39562918,224,"2",6.8,7.33,21.09,14.7,3,32.2,1.8,161.2,0.9,1.2,"B","B11","U111",1.1345,0.15,c(4.98198834, 49.26293631)
39582964,204,"4",6,6.4,18.34,24,NA,25.8,2.7,141.6,NA,NA,"B","B55","U111",0.939,0.07,c(4.966865326, 49.67673409)
39583216,-3,"1",5.2,5.49,57.3,251.7,NA,96.3,22.1,283.8,NA,NA,"E","E20","U111",0.594,0.29,c(4.716682082, 51.93563916)
39602980,343,"2",3.6,4.07,13.96,117.8,NA,16,6.5,86.9,NA,NA,"C","C23","U120",0.793,0.39,c(4.979588433, 49.82145166)
39622348,1273,"3",6.5,6.96,28.82,91.3,9,17.7,8.1,366.4,NA,NA,"E","E10","U111",0.507,0.28,c(5.519886903, 44.14546139)
39622352,1096,"3",7,7.13,26.5,98.3,101,15.2,5.2,203,NA,NA,"C","C32","U420",0.389,0.79,c(5.517063108, 44.18146548)
39622388,1079,"1",6.9,7.56,25.2,39.8,353,21.3,3.9,515.8,NA,NA,"E","E20","U111",1.1595,0.35,c(5.491435906, 44.50545353)
39622438,1324,"2",5,5.59,35.2,439.2,NA,89.8,19.2,377.4,NA,NA,"C","C33","U120",0.1305,0.22,c(5.455195124, 44.95529468)
39622492,573,"1",6.2,6.8,12.19,18.9,1,48.6,2,68.6,NA,NA,"B","B18","U111",1.45,0.15,c(5.415185927, 45.44094413)
39622514,292,"1",7.1,7.48,40.8,109.8,494,23,8.2,44.5,NA,NA,"C","C10","U120",0.702,0.22,c(5.398620596, 45.63874984)
39622528,329,"2",7.2,7.63,35.24,40.8,66,71.3,4.5,221.3,NA,NA,"B","B16","U111",1.1935,0.39,c(5.38799761, 45.76461107)
39622718,350,"4",4.7,5.4,7.54,25.7,NA,12.6,1.9,185.6,NA,NA,"C","C10","U120",0.7125,0.23,c(5.237271669, 47.47163893)
39622726,329,"3",7,7.69,19.3,24.5,41,94.6,2.9,418,NA,NA,"F","F40","U111",0.678,0.39,c(5.230645443, 47.54347213)
39622978,314,"2",3.5,4.08,26.7,145.8,NA,47.7,8.6,187.1,NA,NA,"C","C10","U120",0.803,0.54,c(5.009186743, 49.80474076)
39642470,385,"1",6,6.05,42.07,160.4,NA,27.6,14.3,164.6,NA,NA,"E","E20","U111",0.586,0.45,c(5.456993131, 45.24420887)
39642830,369,"1",7.1,7.64,19.48,35.3,33,37.2,3.9,318.6,NA,NA,"B","B32","U111",0.937,0.2,c(5.169306205, 48.47820758)
39642992,440,"1",4.3,4.92,9.37,70.2,NA,11,5.3,108.6,NA,NA,"C","C21","U120",0.749,0.29,c(5.023914853, 49.93151291)
39662496,437,"1",7,7.17,83.84,134.6,161,27.9,13.3,134.8,NA,NA,"A","A30","U319",0.57,0.26,c(5.463193816, 45.4791156)
39662870,313,"2",5.8,6.43,7.97,14.2,NA,44.8,1.7,162.7,NA,NA,"B","B32","U111",1.502,0.04,c(5.161594239, 48.8383312)
39662878,301,"2",5.5,6.37,4.63,10.3,NA,15.2,1.1,135.8,NA,NA,"E","E30","U112",1.5825,0.07,c(5.154576725, 48.91011297)
39662924,302,"1",6.6,6.95,39.2,56.1,70,NA,4.2,362.7,NA,NA,"C","C10","U120",0.7675,0.04,c(5.113722559, 49.3228076)
39663018,224,"1",5,5.68,5.7,16.6,NA,22.2,1.9,73.6,NA,NA,"E","E20","U111",1.2055,0.25,c(5.027481981, 50.16588804)
39702792,438,"1",7,7.53,32.53,33.4,5,93.1,3.6,856.6,2.2,3.1,"B","B32","U111",1.1375,0.14,c(5.282324354, 48.14062552)
39722416,1467,"1",6.7,7.07,19.21,140.8,4,27.3,11.7,335.4,NA,NA,"C","C33","U420",0.142,0.42,c(5.597131085, 44.76276872)
39722740,324,"2",6.7,7.26,15.56,23.5,5,60.7,2.6,266.1,NA,NA,"B","B13","U111",1.3795,0.12,c(5.351854237, 47.67490456)
39742788,488,"1",6,6.5,10.75,35.2,NA,22.1,3.4,436.8,NA,NA,"E","E20","U111",0.985,0.11,c(5.339261598, 48.10700067)
39742824,382,"2",7.1,7.74,17.28,22.5,8,25.6,2.6,486.6,NA,NA,"B","B13","U111",1.283,0.06,c(5.30932608, 48.43015856)
39742828,357,"3",7.3,8.08,18.43,21.8,305,17.8,2.1,282,NA,NA,"B","B16","U111",1.298,0.2,c(5.305969753, 48.46606146)
39762280,582,"2",6.8,7.04,23.6,119.3,9,16.3,6.7,301.5,NA,NA,"C","C10","U420",0.684,0.4,c(5.739729936, 43.54053321)
39762394,1289,"1",6.8,7.22,21.4,73.4,57,11.5,5.6,212.3,NA,NA,"C","C32","U120",0.4875,0.51,c(5.662772828, 44.56690798)
39763194,3,"1",7.2,7.85,13.31,17.2,8,67.7,2,174.3,NA,NA,"B","B22","U111",1.533,0.05,c(4.999818125, 51.74987818)
39782470,246,"1",7.2,8.1,18.57,17.5,193,17.6,1.5,60.7,NA,NA,"B","B16","U111",1.406,0.02,c(5.634793279, 45.25173723)
39782614,533,"3",5.6,5.9,14.24,35.3,NA,12.8,3.9,128.3,1.1,5.9,"E","E20","U111",0.973,0.06,c(5.529388996, 46.54637889)
39782890,351,"1",6.9,7.5,19.7,19.9,4,43.1,2.3,407.9,1.8,2.6,"B","B13","U111",1.21,0.25,c(5.307743299, 49.02477425)
39783064,221,"1",7.1,7.46,19.72,13.1,NA,36.3,1.5,259.7,NA,NA,"B","B21","U111",1.17,0.03,c(5.152973862, 50.58560494)
39783196,-2,"1",6,6.32,34.2,82.4,2,29.3,8.4,230.5,NA,NA,"E","E20","U111",1.0255,0.15,c(5.02674845, 51.76903309)
39802484,502,"1",5.8,6.3,11.65,34.3,1,21.4,3.8,64.6,NA,NA,"E","E20","U111",1.128,0.07,c(5.65028992, 45.37871235)
39802538,774,"1",6.6,6.81,34.3,126.6,106,15.9,7.3,129.9,NA,NA,"C","C21","U120",0.4845,0.09,c(5.611518394, 45.86430972)
39802682,354,"1",6.2,6.74,14.51,11.6,NA,19,1.4,111.8,NA,NA,"B","B16","U111",1.151,0.04,c(5.503594785, 47.15843364)
39802946,231,"1",6.5,6.96,8.69,13.9,NA,33.2,1.5,261.5,NA,NA,"B","B11","U111",1.3675,0.11,c(5.286868665, 49.5283863)
39803036,368,"1",6.2,6.8,5.3,12.7,NA,27.4,1.5,169,1,2.3,"B","B55","U111",1.312,0.25,c(5.206778358, 50.33568639)
39803096,73,"1",6.7,7.04,26.4,27.2,7,100.2,2.9,581.5,NA,NA,"B","B72","U111",1.086,0.06,c(5.151465461, 50.87373688)
39803204,1,"1",5.8,6.31,22.9,59.4,1,106.9,6.2,896.2,2.1,17.9,"E","E20","U111",1.0555,0.09,c(5.047798058, 51.84196423)
39822308,343,"3",7.5,8.12,19.45,15,381,13.2,1.9,482,NA,NA,"B","B32","U111",1.4,0.31,c(5.795445266, 43.79576856)
39822552,1128,"1",5.9,6.3,26.9,196.6,3,18.3,9.7,196.5,NA,NA,"C","C33","U120",0.363,0.59,c(5.627066173, 45.99123873)
39842378,784,"1",7.4,8.09,13.93,13.9,258,NA,1,158.7,NA,NA,"D","D10","U420",1.107,0.41,c(5.773929145, 44.42702911)
39842492,885,"1",5,5.4,8.11,35.4,NA,15.2,3.8,113.9,NA,NA,"E","E20","U111",1.1445,0.11,c(5.695593487, 45.45275589)
39842798,460,"2",7.3,7.85,20.92,33.1,69,15.4,3.7,231.4,NA,NA,"B","B11","U111",1.115,0.15,c(5.465243247, 48.2023764)
39882450,338,"1",7.4,7.85,16.36,45.2,131,12.1,2.7,177.8,NA,NA,"E","E20","U420",1.212,0.28,c(5.775543434, 45.07700279)
39882750,358,"1",4.1,4.74,5.68,23.7,NA,NA,1.7,49.7,NA,NA,"C","C10","U120",1.1525,0.02,c(5.556720394, 47.7735497)
39882756,295,"1",6.7,7.22,92.29,82.7,5,38.5,8.2,181.8,NA,NA,"E","E20","U111",0.7015,0.04,c(5.552043419, 47.82743327)
39902596,736,"1",7.1,7.55,25.33,50.6,393,NA,4.9,287.7,NA,NA,"E","E20","U111",0.962,0.35,c(5.698548948, 46.3909784)
39922842,426,"1",6.9,7.58,21.63,26.8,17,25.2,2.9,378.3,NA,NA,"B","B32","U111",0.9125,0.2,c(5.537734468, 48.60177616)
39942574,1135,"1",5.9,6.14,75.7,259.1,NA,38.9,15.2,173.7,NA,NA,"C","C33","U120",0.262,0.16,c(5.766073123, 46.19527614)
39942730,302,"1",6.9,7.51,17.58,18.1,6,61.5,2.1,459.7,NA,NA,"B","B52","U111",1.02,0.12,c(5.651836363, 47.59712596)
39942766,428,"1",4.4,4.98,5.99,20.7,NA,NA,1.3,35.4,NA,NA,"C","C21","U120",1.274,0.1,c(5.624337114, 47.9204592)
39943050,317,"1",6.9,7.43,10.4,12.4,1,83.4,1.5,218,NA,NA,"B","B55","U111",1.419,0.04,c(5.390842141, 50.46932346)
39962440,1124,"1",5.6,6.22,14.89,36.9,1,19.1,4,109.5,NA,NA,"E","E20","U111",1.1165,0.32,c(5.883508224, 44.9910514)
39982520,604,"2",6,6.53,10.08,46.8,NA,NA,3.7,160,NA,NA,"C","C10","U120",0.8585,0.04,c(5.855080646, 45.71173339)
39982712,250,"3",5.8,6.4,12.03,24.6,1,69.4,2.9,393.7,NA,NA,"B","B16","U111",1.1675,0.2,c(5.718338999, 47.43753027)
39982762,313,"4",6.2,6.43,22.92,59.8,1,11.5,5.8,333.2,NA,NA,"E","E20","U111",1.1675,0.02,c(5.680793273, 47.88665118)
39982874,309,"1",6.9,7.21,38.5,126.4,376,16.6,7.7,374.3,NA,NA,"C","C10","U120",0.645,0.13,c(5.593564805, 48.89227909)
39982916,257,"1",5.5,5.99,35.37,86.3,NA,53.6,9.3,278.8,NA,NA,"E","E20","U111",0.6195,0.09,c(5.559689849, 49.2692571)
40002632,558,"1",6.8,7.12,32,62.6,76,23.5,7.4,134.8,NA,NA,"E","E20","U111",0.7185,0.03,c(5.802811322, 46.71970533)
40002704,313,"1",7.1,7.25,22.51,30.4,9,37.8,2.9,305.3,NA,NA,"B","B12","U111",1.078,0.23,c(5.750692989, 47.36669554)
40002938,364,"2",6.8,7.35,17.25,19.4,6,65.5,2.2,372.9,NA,NA,"B","B55","U111",1.319,0.09,c(5.569227822, 49.46778171)
40022234,120,"1",5,5.83,5.48,25.5,NA,NA,1.7,93.2,NA,NA,"C","C10","U420",1.001,0.2,c(6.088067969, 43.13882821)
40022388,1127,"1",6.3,6.76,12.67,26.6,NA,NA,3.2,99.1,NA,NA,"E","E20","U111",0.9325,0.21,c(5.992911405, 44.52597365)
40022438,1102,"1",6,6.38,10.89,45.4,1,13.7,4.8,103.9,2,1.4,"B","B52","U111",1.294,0.44,c(5.960679959, 44.97600582)
40022914,250,"1",6.1,6.49,16.82,48.7,NA,31.4,5.3,267.7,1.7,3.5,"B","B32","U111",0.975,0.22,c(5.616168388, 49.25346297)
40042506,431,"1",7.2,7.82,20.82,21.6,193,NA,2.1,197.2,0.6,1.2,"B","B55","U111",1.2555,0.22,c(5.94129953, 45.5887857)
40062714,302,"1",4.1,4.88,6.8,19.2,NA,NA,1.4,52.9,NA,NA,"C","C10","U120",0.917,0.07,c(5.822736246, 47.45960948)
40062742,309,"1",6.1,6.49,23.11,23.8,1,NA,2.7,115.2,1.1,3.4,"B","B32","U111",1.2525,0.08,c(5.802309939, 47.71115212)
40062904,252,"1",7.4,7.68,16.25,18,10,36.9,2.2,453.2,1.9,1.4,"B","B32","U111",1.328,0.03,c(5.67894131, 49.1658316)
40082242,158,"1",5.5,6.17,6.53,34.9,NA,NA,2.3,99.2,NA,NA,"C","C33","U420",0.9595,0.31,c(6.156831985, 43.21372358)
40082404,1203,"1",7,7.5,18.23,37.2,33,NA,3.2,163.9,NA,NA,"C","C10","U120",0.8935,0.47,c(6.05811116, 44.67287949)
40082758,280,"1",5.9,6.45,11.47,15.3,NA,16.1,1.8,124.9,1.4,3.6,"B","B11","U111",1.331,0.06,c(5.817198957, 47.85589543)
40082884,292,"1",6.7,7.2,23.76,38.4,122,NA,3.5,161.6,NA,NA,"E","E20","U111",0.9575,0.1,c(5.72194857, 48.98734744)
40102270,187,"1",7.3,8.06,14.81,16.5,288,17.8,1.5,493.9,NA,NA,"C","C10","U415",0.931,0.06,c(6.16486506, 43.4669772)
40102396,1302,"1",7,7.73,18.01,33.4,44,NA,2.8,115,NA,NA,"C","C22","U120",0.752,0.33,c(6.088260418, 44.6018094)
40102530,589,"1",6.8,7.23,22.38,26.6,7,34.6,2.9,131,NA,NA,"E","E20","U111",1.299,0.06,c(6.002219737, 45.80758126)
40102612,1117,"1",6.4,6.55,42.8,260.9,NA,20.1,15.2,170.7,NA,NA,"C","C31","U120",0.1555,0.46,c(5.947081083, 46.54492913)
40102680,319,"1",5.6,6.23,12.83,34.6,1,18.8,3.7,207.2,NA,NA,"E","E20","U111",1.1265,0.11,c(5.899839703, 47.1561185)
40122406,1358,"1",6.4,6.74,22,37.2,12,NA,3,119.6,NA,NA,"C","C10","U120",0.76,0.38,c(6.107163559, 44.69277209)
40142776,371,"1",5.8,6.28,9.81,27.4,1,NA,3,113.3,1.2,4,"E","E20","U111",1.1535,0.11,c(5.884208323, 48.02060803)
40162700,265,"2",5,5.77,12.06,27.7,NA,11.9,3.1,125.4,NA,NA,"B","B16","U111",1.2155,0.24,c(5.964910581, 47.33880585)
40162726,300,"1",5.6,5.92,7.85,31.8,NA,NA,2.9,110.9,NA,NA,"E","E20","U111",0.817,0.06,c(5.946663272, 47.57242555)
40162748,299,"1",5.7,6.37,10.62,19.4,1,71.7,2.3,126.2,NA,NA,"B","B11","U111",1.2175,0.02,c(5.931057571, 47.77007919)
40162772,355,"1",7,7.71,15.4,45.3,108,14.5,2.8,297.9,1.4,2.4,"B","B32","U111",1.3145,0.19,c(5.913857317, 47.98567633)
40202910,251,"1",7.1,7.66,35.51,17.9,378,18.6,2.1,225.9,0.7,3.4,"B","B16","U111",1.277,0.18,c(5.86608105, 49.22692242)
40222524,1457,"1",7.1,7.27,33.6,87.1,152,17.1,6.2,104.1,NA,NA,"C","C31","U120",0.6105,0.26,c(6.160039567, 45.75929757)
40242526,1052,"1",4.7,5.35,7.41,30.3,NA,NA,2.2,73.5,NA,NA,"C","C33","U120",1.006,0.24,c(6.184426529, 45.77821484)
40242846,363,"1",5.7,6.26,5.09,14.9,NA,NA,1.7,214.1,NA,NA,"B","B13","U111",1.3025,0.02,c(5.968041785, 48.65426394)
40243026,541,"1",3.4,4,13.19,140.3,NA,33.4,9.1,98.8,NA,NA,"C","C10","U370",0.5465,0.41,c(5.831858735, 50.27013687)
40262704,302,"1",4.9,5.6,11.21,11.9,NA,23.4,1.5,161.2,1.5,3.4,"B","B16","U111",1.4515,0.05,c(6.094286641, 47.37957462)
40262884,400,"1",6.6,6.93,20.6,56.5,14,NA,4.2,251.2,NA,NA,"C","C10","U120",0.952,0.19,c(5.967516531, 48.99647814)
40283004,525,"1",5.6,6.28,9.5,25.3,NA,32.8,3.1,212.2,NA,NA,"B","B55","U111",1.276,0.14,c(5.904920076, 50.07472065)
40302636,1099,"1",5.9,6.08,27.4,156.4,NA,17.4,10.3,147.8,NA,NA,"C","C31","U120",0.33,0.4,c(6.191852066, 46.77022298)
40303288,0,"1",7.1,7.84,17.37,13.6,63,136.3,1.4,268.9,NA,NA,"B","B13","U111",1.4605,0.16,c(5.700081736, 52.62365077)
40322818,357,"1",5,5.54,10.56,18.4,NA,14,2.2,169,NA,NA,"B","B16","U111",1.051,0.08,c(6.096109921, 48.4066558)
40322908,340,"1",6.8,7.09,18.155,21.8,112,31.55,2.2,294.7,1.4,2.2,"B","B32","U111",0.939,0.09,c(6.032049024, 49.21490462)
40323304,-2,"1",6.9,7.64,14.81,15.1,45,73.5,1.4,220.5,NA,NA,"F","F40","U111",1.495,0.07,c(5.71556683, 52.76820655)
40343302,-4,"1",7.2,7.89,14.02,14.2,57,55,1.4,171.2,NA,NA,"B","B22","U111",1.377,0.14,c(5.746898234, 52.75132418)
40383202,11,"1",7.4,7.99,12.09,7.5,95,10.8,0.6,61.2,NA,NA,"E","E10","U420",1.38,0.04,c(5.889929749, 51.8564008)
40383360,0,"1",6.6,6.95,11.85,11.1,NA,58.2,1.3,116.9,0.2,0.9,"B","B21","U111",1.5285,0.03,c(5.755447796, 53.27360116)
40402890,218,"1",6.4,6.79,23.52,30.5,1,45,3.4,226.7,0.9,1.6,"B","B31","U111",1.1355,0.27,c(6.15437098, 49.05708955)
40442268,70,"1",7.1,7.54,14.95,23.6,269,NA,1.6,167.2,NA,NA,"C","C10","U120",1.178,0.03,c(6.584677565, 43.46376133)
40442740,362,"1",4.7,5.31,9.73,35.7,NA,NA,3.6,108.9,NA,NA,"C","C10","U120",0.9905,0.12,c(6.309194773, 47.71140897)
40442880,275,"1",7.2,7.91,18.15,41.4,165,15.1,2,436.8,NA,NA,"E","E20","U111",1.104,0.04,c(6.215918187, 48.96914578)
40443286,-3,"1",5.3,5.51,0.24,198.4,NA,51,14.8,462.8,NA,NA,"H","H11","U420",0.29,0.01,c(5.908205097, 52.6129664)
40462302,1073,"1",7.1,7.41,22.5,99.4,101,20.6,8.3,494.7,NA,NA,"C","C22","U120",0.719,0.51,c(6.591380464, 43.77101034)
40462418,1477,"1",6.9,7.32,18.99,55.1,121,NA,2.7,65.2,NA,NA,"C","C22","U120",0.7955,0.44,c(6.528273084, 44.81590444)
40462544,1480,"1",5.1,5.7,16.27,78.2,NA,12.7,5.2,198.5,NA,NA,"C","C21","U120",0.7675,0.6,c(6.456135047, 45.9499396)
40462680,687,"1",5.7,6.25,11.37,61.3,NA,22.3,6,180.9,NA,NA,"E","E20","U111",0.863,0.03,c(6.373746927, 47.17300398)
40482646,1153,"1",4.6,5.16,11.01,91.4,1,10.9,5.5,207.2,NA,NA,"C","C21","U120",0.6365,0.2,c(6.420988916, 46.86819714)
40503370,-1,"1",7,7.59,14.11,12,7,75.2,1.5,249.8,0.3,1,"B","B21","U111",1.4865,0.02,c(5.926566539, 53.36946972)
40522348,1569,"1",6.8,7.05,23.1,67.3,33,NA,6.8,107,NA,NA,"C","C33","U111",1.1915,0.41,c(6.641541452, 44.18792233)
40522484,1549,"1",6.5,6.98,24,47.4,19,13.2,2.9,140.2,NA,NA,"C","C31","U120",0.729,0.27,c(6.567436052, 45.41255363)
40522492,1238,"1",6.8,7.21,26.71,48.1,9,15.4,4.5,81.6,NA,NA,"E","E20","U111",0.993,0.21,c(6.562942661, 45.48455614)
40522906,312,"1",7.3,7.67,21.62,26.1,195,16,2.5,260.9,0.8,2.6,"E","E20","U350",0.824,0.02,c(6.307570453, 49.20630316)
40523276,1,"1",5.5,6.15,10.21,15.9,1,63.2,1.9,62,1.1,7.9,"B","B16","U111",1.567,0.01,c(6.034248217, 52.52723861)
40542300,1345,"1",6.5,6.88,39.58,103.6,3,NA,9.1,317,NA,NA,"D","D10","U111",0.5215,0.22,c(6.691460577, 43.75621745)
40542494,1233,"1",7.1,7.35,33.1,103,80,13.9,4.4,165.4,NA,NA,"C","C31","U120",0.727,0.37,c(6.587348671, 45.50338401)
40542512,1420,"1",3.8,4.47,9.65,68.8,NA,17.2,3.4,75.5,NA,NA,"C","C21","U120",0.549,0.45,c(6.577248819, 45.66537706)
40562532,1121,"1",5.3,5.84,36.14,37.9,NA,17.1,5.1,134.4,NA,NA,"E","E20","U111",0.949,0.28,c(6.591627118, 45.84617559)
40562852,328,"1",7.2,7.91,12.8,25.9,60,31.7,3,432,NA,NA,"B","B11","U111",1.168,0.2,c(6.397915485, 48.72305328)
40562870,265,"1",6.7,7.31,17.67,26.7,3,36.5,3.1,244.2,NA,NA,"B","B32","U111",1.143,0.06,c(6.386173015, 48.88474551)
40563266,0,"1",7.1,7.24,43.5,24.6,35,63.8,3,343.8,0.6,3,"B","B16","U111",1.453,0.03,c(6.101043702, 52.43946429)
40563284,0,"1",5.7,6.16,25.8,51.9,1,42.8,5.4,93.4,NA,NA,"E","E20","U313",0.967,0.02,c(6.086738866, 52.60095605)
40582782,452,"1",5.5,5.89,7.82,27,NA,16.4,2.7,242.1,NA,NA,"E","E20","U111",1.257,0.05,c(6.469489449, 48.09499291)
40602702,485,"1",5.5,6.04,14.1,40.4,1,11.1,3.1,192,NA,NA,"C","C21","U120",1.0455,0.07,c(6.545020118, 47.37680036)
40602750,494,"1",4.6,4.35,6.19,38.7,NA,NA,2.3,89.2,NA,NA,"C","C10","U120",0.7635,0.35,c(6.515998202, 47.80826326)
40602894,329,"1",7.2,7.97,15.32,24.1,53,30.5,2.4,648.7,0.7,2.1,"B","B11","U111",1.0095,0.14,c(6.425074148, 49.10207622)
40622664,815,"1",6.9,7.33,37.77,66.2,430,36.4,7,117.1,NA,NA,"E","E20","U111",0.8065,0.18,c(6.593831182, 47.03598089)
40622908,257,"1",5.6,6.14,14.44,37.9,3,25.6,4.1,208,NA,NA,"B","B16","U111",0.8605,0.27,c(6.443337356, 49.22869397)
40623226,8,"1",5.7,6.14,25.4,64.1,1,46.3,6.7,154.5,NA,NA,"E","E20","U111",1.0095,0.19,c(6.219800114, 52.08340249)
40642274,259,"1",4.6,5.43,4.58,21.5,NA,NA,1.4,72.1,NA,NA,"C","C10","U420",1.042,0.26,c(6.828074162, 43.52576197)
40662694,702,"1",6.5,6.89,27.59,87.8,25,14.4,7.3,375.2,NA,NA,"E","E20","U111",0.722,0.11,c(6.629014667, 47.30736547)
40682674,1006,"1",4.6,5.22,10.84,39.2,1,13.4,3.2,154.7,NA,NA,"C","C21","U120",0.8245,0.12,c(6.66692896, 47.12835358)
40682902,376,"1",7.5,7.76,19.37,24.4,102,17.6,2.8,577.1,2,6.7,"B","B13","U111",0.8445,0.2,c(6.529433803, 49.17737673)
40682920,297,"1",7.2,7.41,19.34,27.35,344.5,34.05,2.65,226.1,NA,NA,"B","B55","U111",1.002,0.04,c(6.517959871, 49.33905606)
40702664,1149,"1",6.9,7.04,23.18,66.3,6,11.6,6.2,111.7,NA,NA,"E","E20","U111",1.086,0.16,c(6.698917032, 47.03923726)
40702880,327,"1",7.2,7.87,21.13,31.2,220,24.2,1.7,389.5,NA,NA,"B","B31","U111",1.4005,0.11,c(6.570618857, 48.98059391)
40722296,1147,"1",7.2,7.45,28.7,146.1,79,13.6,9,158.1,NA,NA,"C","C22","U120",0.537,0.49,c(6.916208395, 43.72708305)
40722884,314,"1",5.7,6.2,12.17,10.9,NA,20,1.3,227.5,NA,NA,"B","B31","U111",1.4245,0.09,c(6.595433251, 49.01736217)
40723226,7,"1",5.2,5.94,8.81,30.6,NA,94.9,2.6,42.8,NA,NA,"E","E20","U111",1.2675,0.04,c(6.365525391, 52.08797324)
40743266,9,"1",6.1,6.6,11.78,33.5,1,85.8,2.5,97.3,NA,NA,"E","E20","U111",1.2215,0.02,c(6.365454898, 52.44783326)
40782846,304,"1",6.3,6.73,10.1,16.9,NA,12.2,1.6,278,0.7,1.9,"B","B55","U111",1.462,0.03,c(6.700153528, 48.67840811)
40782882,301,"1",6.3,6.47,14.63,20,NA,17.9,2.1,147.3,NA,NA,"B","B11","U111",1.326,0.09,c(6.678578981, 49.00185829)
40783066,293,"1",7.1,7.78,12.14,28.3,47,117.2,2,489.7,NA,NA,"B","B41","U111",1.2615,0.08,c(6.562506423, 50.65437973)
40783218,16,"1",3.7,4.3,8.17,52.1,NA,126.6,3.9,41.6,NA,NA,"C","C10","U361",0.9775,0.02,c(6.458655315, 52.0188295)
40803286,9,"1",5,5.66,13.33,52.3,2,43.1,3.8,74.9,NA,NA,"E","E20","U111",1.215,0.05,c(6.439141755, 52.62997896)
40822302,1079,"1",6.8,7.27,12.51,49,2,NA,3.2,239.7,NA,NA,"C","C22","U120",0.6795,0.53,c(7.037177302, 43.78480189)
40822860,268,"1",7.1,7.26,21,24.5,3.5,37.5,2.65,192.75,NA,NA,"E","E20","U111",0.9425,0.04,c(6.746197623, 48.80580135)
40882330,1187,"1",7.1,7.71,17.78,32.5,393,NA,2,76.3,NA,NA,"C","C32","U120",1.1085,0.16,c(7.098815482, 44.03929002)
40883024,517,"1",6.4,6.59,18.93,52.7,NA,25.1,5.4,166.3,NA,NA,"E","E20","U111",0.8635,0.02,c(6.73005161, 50.28135716)
40902848,321,"1",4,4.5,8.68,32.3,NA,13.3,2.3,58.7,NA,NA,"C","C10","U120",1.2135,0.1,c(6.861797781, 48.70109171)
40903100,123,"1",6.7,7.38,7.59,15.6,NA,33.8,1.3,132.5,NA,NA,"B","B11","U111",1.1605,0.01,c(6.710584991, 50.96460607)
40922518,1187,"2",4.9,5.43,16.16,36.9,NA,10.6,2.6,55.5,NA,NA,"C","C31","U120",0.81,0.12,c(7.061005373, 45.73399391)
40962778,1038,"1",3.3,3.78,13.6,93.7,NA,45.4,6,111.9,NA,NA,"C","C31","U120",0.848,0.6,c(6.981190868, 48.07419212)
40963282,13,"1",5.5,6.24,5.59,12.9,NA,89.5,1.3,95.5,0.9,3,"B","B21","U111",1.5875,0.02,c(6.677943824, 52.60087972)
40982812,531,"1",5.2,5.58,6.89,23,NA,18.6,2.2,118.1,NA,NA,"E","E20","U111",1.265,0.19,c(6.989870231, 48.38054799)
40982890,320,"1",6.4,6.71,14.61,27.5,5,NA,2.4,317.5,NA,NA,"C","C10","U120",1.0545,0.3,c(6.947208545, 49.08152025)
40983280,9,"1",5.3,5.78,22.6,23.1,1,64.8,2.3,45.6,NA,NA,"B","B55","U111",1.351,0.03,c(6.708778371, 52.58374461)
41022358,1343,"1",7.1,7.19,21.5,53.5,247,17.6,4.8,91.8,NA,NA,"C","C33","U120",0.66,0.34,c(7.260941398, 44.29638173)
41042398,1100,"1",6,6.32,23.5,17.1,NA,NA,1.7,489.1,NA,NA,"C","C10","U420",0.7845,0.33,c(7.268621731, 44.65745825)
41062772,641,"1",5.9,6.1,8.89,21,NA,22.4,2.3,198.3,1.3,1.7,"B","B71","U113",1.145,0.19,c(7.118293321, 48.02384419)
41062784,916,"1",4.5,5.2,7.76,49.4,NA,65.5,4.4,119.5,NA,NA,"E","E20","U111",1.1785,0.35,c(7.112170959, 48.13172663)
41062870,274,"1",5.5,5.76,13.94,43.5,NA,23.7,4.7,131.5,NA,NA,"E","E20","U111",1.0725,0.14,c(7.067307164, 48.90472178)
41063212,47,"1",5.4,5.87,10.25,21.5,NA,77.1,2.2,174.1,NA,NA,"E","E20","U111",1.3275,0.03,c(6.869975888, 51.97648288)
41082390,889,"1",4.5,4.87,20.2,26.9,NA,35.7,2.1,115.1,NA,NA,"C","C10","U120",0.8395,0.19,c(7.322354699, 44.58668526)
41082462,1213,"2",5.9,6.18,17.31,27.3,NA,NA,2.8,33.4,NA,NA,"C","C10","U120",0.929,0.33,c(7.291134962, 45.23524934)
41083172,53,"1",5.8,6.19,22.3,17.3,NA,91.9,1.6,249.2,1.2,4.7,"B","B16","U111",1.564,0.05,c(6.923613113, 51.618117)
41102514,1152,"1",7.3,7.91,13.46,16,155,NA,1.3,44.4,NA,NA,"C","C22","U420",0.9395,0.53,c(7.293619533, 45.70412844)
41122308,1128,"1",6.8,7.18,23.4,88.9,14,14.9,5.1,307.1,NA,NA,"C","C32","U120",0.6385,0.43,c(7.40638441, 43.84891483)
41122362,818,"1",6.4,6.66,11.86,28.3,NA,NA,3.1,145.3,NA,NA,"E","E20","U111",0.761,0.1,c(7.384268609, 44.33565357)
41122412,365,"1",5,5.44,42.18,25.7,NA,19.6,3.3,68,NA,NA,"E","E20","U111",0.7455,0.07,c(7.363341271, 44.78617443)
41162386,688,"1",4.5,5.01,17.47,14.3,NA,NA,1.3,78.4,NA,NA,"C","C10","U420",0.7525,0.25,c(7.424497073, 44.55317642)
41182814,1076,"1",3.4,3.9,23.6,240.8,NA,41.9,12.7,132.6,NA,NA,"C","C21","U120",0.3345,0.26,c(7.258626129, 48.40553564)
41183292,17,"1",4.9,5.4,42.6,122.8,NA,123.9,5.6,203.1,NA,NA,"B","B22","U111",0.9405,0.06,c(6.996273843, 52.69924338)
41183328,1,"1",4.9,5.57,11.71,49.9,NA,74.4,2.5,158.2,NA,NA,"B","B11","U111",1.333,0.06,c(6.973939153, 53.02243325)
41222794,423,"1",3.9,4.59,7.68,68.1,1,81.4,3.5,148,NA,NA,"C","C10","U120",1.0455,0.69,c(7.322158833, 48.22705309)
41242442,430,"1",7.3,7.81,25.35,12.5,32,21.2,1.6,55.8,NA,NA,"B","B11","U111",0.9255,0.1,c(7.502591653, 45.0601417)
41242460,537,"1",5.9,6.36,31.05,28.9,NA,34.8,3.3,114.7,NA,NA,"E","E20","U111",0.918,0.08,c(7.495294982, 45.22227313)
41242892,382,"1",6.9,7.22,23.63,64.3,54,NA,4.5,176.5,NA,NA,"E","E20","U111",1.0705,0.3,c(7.30185019, 49.10862433)
41243258,19,"1",3,3.79,18.66,151.2,NA,49.2,7.3,170.2,NA,NA,"C","C10","U120",0.6605,0.04,c(7.105081025, 52.39617052)
41262512,1518,"1",7.1,7.6,37.3,35.6,35,NA,2.1,16.9,NA,NA,"C","C21","U120",0.6055,0.08,c(7.499527798, 45.69115803)
41263244,35,"1",6.1,6.6,10.03,20.2,NA,70.1,1.7,58.1,0.6,1.3,"B","B55","U111",1.361,0.06,c(7.142544955, 52.27117669)
41283342,0,"1",6.9,7.52,13.29,25.7,4,63,2.5,260.4,NA,NA,"B","B11","U111",1.355,0,c(7.114492778, 53.15177734)
41302368,550,"1",6.2,6.38,25.9,38.5,NA,31.7,3.8,126.5,NA,NA,"C","C10","U120",0.785,0.13,c(7.60713585, 44.39515727)
41302764,252,"1",7.3,8.06,21.27,20.8,75,37.5,2.2,528.3,NA,NA,"B","B16","U111",1.184,0.1,c(7.443340415, 47.95985668)
41322778,237,"1",7.2,7.47,12.86,13.8,2,38.9,1.6,241.5,0.8,1.7,"B","B33","U111",1.326,0.29,c(7.463831336, 48.08636703)
41323026,205,"1",5.6,6.2,13.78,8.2,NA,40.9,1,595.5,6,4.6,"B","B11","U111",1.083,0.22,c(7.346000293, 50.3152994)
41342746,271,"1",7.1,7.85,11.06,14.9,11,39.4,1.6,210.2,1.1,1,"B","B16","U111",1.382,0.38,c(7.504755177, 47.7992145)
41342782,226,"1",7.4,8.12,16.43,18.7,173,11.3,1.8,329.8,1.1,1.2,"B","B16","U111",1.2105,0.1,c(7.488873305, 48.12294941)
41342836,261,"1",6.8,7.27,18.81,42.7,19,38.1,3.9,1042.9,NA,NA,"E","E20","U111",1.3485,0.1,c(7.464561685, 48.60845762)
41362526,2023,"1",4.8,5.38,14.14,31.4,NA,24.2,3.4,121.1,NA,NA,"E","E10","U111",0.7695,0.1,c(7.622192843, 45.82016273)
41382474,398,"1",5,5.46,25.91,19.9,1,16.5,2.6,58.1,NA,NA,"E","E20","U111",0.813,0.12,c(7.667882458, 45.35245724)
41382834,252,"1",7.4,8.16,18.5,13.9,122,25.7,1.4,334.9,NA,NA,"B","B16","U111",1.197,0.17,c(7.519650364, 48.59170093)
41383284,8,"1",4.2,4.72,4.94,14.7,NA,16.9,0.8,15.1,NA,NA,"C","C22","U120",1.4255,0.04,c(7.296365611, 52.63446537)
41402524,1916,"1",4.7,5.2,28.2,25.9,NA,NA,1.9,55.4,NA,NA,"C","C21","U120",0.6635,0.08,c(7.67434455, 45.80329257)
41403088,116,"1",3.4,3.77,24.7,56.2,NA,28,3.5,117.9,NA,NA,"C","C10","U120",0.851,0.12,c(7.42793796, 50.87483445)
41403316,14,"1",5.8,6.38,7.91,12,NA,67.8,1.2,190.6,0.5,4,"B","B16","U111",1.318,0.02,c(7.308268731, 52.92247142)
41442404,323,"1",5.3,5.89,8.14,12.4,1,27.5,1.7,85.6,NA,NA,"E","E30","U112",0.83,0.22,c(7.76967777, 44.7234845)
41442462,278,"1",5.6,6.07,25.32,17.5,NA,37.7,2.1,254.7,NA,NA,"B","B16","U111",0.986,0.07,c(7.748707842, 45.24603082)
41462518,1729,"3",6.1,6.37,40.86,33.7,NA,19.6,3.4,110.2,NA,NA,"E","E20","U111",0.739,0.04,c(7.753623569, 45.75092461)
41463292,25,"2",4.6,5.37,7.42,30.7,NA,102.7,2.4,70.2,NA,NA,"B","B13","U111",1.2145,0.23,c(7.410228763, 52.70891902)
41482416,325,"1",6.5,7.01,29.15,9.6,NA,98.7,1.4,118.5,NA,NA,"B","B16","U111",0.8685,0.17,c(7.815856171, 44.8326796)
41502450,236,"1",7.4,8.14,17.16,10.4,43,NA,1.5,289.6,NA,NA,"F","F40","U112",1.042,0.17,c(7.829217718, 45.13953367)
41522416,345,"1",4.4,4.89,12.8,8.4,NA,11.9,1.2,71.5,NA,NA,"B","B74","U111",0.8575,0.19,c(7.86633281, 44.83372123)
41523334,6,"1",4,4.56,55.2,510.7,NA,88.3,19.3,234,NA,NA,"E","E20","U111",0.335,0.01,c(7.477215484, 53.08797473)
41543076,185,"1",5.1,5.6,18.74,26.5,NA,23.7,2.9,59.6,NA,NA,"E","E20","U111",1.1305,0.04,c(7.632228983, 50.77127831)
41562402,298,"1",7.5,7.66,37.46,20.4,110,64.8,2.5,260.1,NA,NA,"B","B82","U111",0.868,0.07,c(7.921482558, 44.70857892)
41582462,265,"1",5.7,6.23,20.3,13.2,1,40.5,1.6,129.3,0.1,0.3,"B","B54","U111",0.875,0.07,c(7.926693859, 45.24968654)
41582848,193,"1",6.1,6.79,7.37,11,NA,56.2,1.3,174.9,NA,NA,"B","B16","U111",1.417,0.09,c(7.784996972, 48.72329658)
41602484,287,"1",6.9,7.36,21.54,13.6,1,49.2,1.7,81.2,NA,NA,"E","E20","U111",0.8095,0.03,c(7.94476201, 45.44835852)
41603342,3,"1",4.8,5.2,21.7,152.3,NA,25.9,9,72.4,NA,NA,"E","E20","U111",0.754,0.04,c(7.592558458, 53.16225708)
41622476,276,"1",5.2,5.93,8.63,12.3,NA,18.9,1.7,36.7,NA,NA,"E","E20","U111",0.853,0.04,c(7.972933072, 45.37679109)
41642752,1170,"1",3.9,4.44,10.87,51.5,NA,19.4,3.5,116.1,NA,NA,"C","C31","U120",0.888,0.21,c(7.902645817, 47.86156154)
41642978,215,"1",6.6,6.91,17.6,12.9,NA,61.5,1.5,394.8,0.7,2.8,"B","B82","U111",1.2495,0.08,c(7.814925742, 49.89347668)
41643396,-50,"1",5.5,5.98,10.51,21.6,NA,83.9,2,172.3,NA,NA,"C","C10","U120",1.2185,0.03,c(7.625612583, 53.64838771)
41663232,44,"1",4.9,5.57,10.14,26.2,NA,83.7,2.1,131.8,NA,NA,"E","E20","U111",0.789,0.08,c(7.733779992, 52.17604985)
41681964,167,"1",5.7,6.48,11.08,19.3,NA,NA,2.2,305.8,NA,NA,"E","E20","U111",1.024,0.35,c(8.196251124, 40.75760047)
41682400,313,"1",7,7.53,35.03,24.4,186,13.7,2.9,295.4,NA,NA,"B","B82","U111",0.8175,0.14,c(8.073204707, 44.6934523)
41683290,33,"1",3.3,4,5.05,25.9,NA,16.2,1.1,22.9,NA,NA,"C","C23","U120",1.159,0.03,c(7.736517091, 52.69755388)
41702430,252,"1",7.2,7.67,21.45,8.1,79,55.7,1.4,98.5,1.1,2.7,"B","B16","U111",0.9825,0.08,c(8.089196733, 44.96426413)
41722428,288,"1",3.8,4.18,13.91,23.5,NA,NA,1.4,36.9,NA,NA,"C","C10","U120",0.7315,0.1,c(8.115103942, 44.94670033)
41722878,214,"1",6.4,6.66,20.51,13.4,1,72.6,1.4,350.7,NA,NA,"F","F40","U111",1.3285,0.13,c(7.964118108, 48.99665223)
41743306,40,"1",5.6,6.34,8.22,17.9,NA,111.6,1.4,137.3,NA,NA,"B","B16","U111",1.4315,0.02,c(7.81807925, 52.84290865)
41762422,175,"1",7.2,7.83,24.97,10.5,53,NA,1.5,125.7,NA,NA,"E","E20","U111",0.953,0.06,c(8.167459137, 44.8935298)
41763334,11,"1",4.8,5.45,7.46,30.9,NA,127.1,1.9,32.3,NA,NA,"E","E20","U111",1.3125,0.01,c(7.835266057, 53.09493419)
41782388,400,"1",7.3,8.02,24.04,15.2,135,NA,1.5,186.2,NA,NA,"B","B82","U111",0.9285,0.26,c(8.202545042, 44.58754073)
41782412,333,"1",7.3,7.88,29.69,14.4,221,NA,1.2,291.1,0.1,0.7,"B","B82","U111",0.912,0.2,c(8.195629309, 44.80385003)
41782754,751,"1",4.3,4.63,38.1,120.5,NA,32.7,6.3,96.9,NA,NA,"C","C21","U120",0.812,0.29,c(8.088921918, 47.88296642)
41783032,138,"1",6.1,6.51,11.96,18,NA,32.4,1.8,189.5,NA,NA,"B","B32","U111",1.4745,0.08,c(7.989317885, 50.38236788)
41783068,502,"1",4.8,5.43,21,60.4,1,18.5,6.3,247.5,NA,NA,"E","E20","U111",0.964,0.15,c(7.975449471, 50.70586968)
41783204,53,"1",6.1,6.64,8.73,10.5,NA,57.4,1.2,258.2,0.6,2.1,"B","B11","U111",1.4725,0.05,c(7.920836837, 51.92774942)
41783356,6,"1",3.5,4.04,41.3,530.7,NA,31.7,12.5,64.7,NA,NA,"H","H12","U140",0.263,0.1,c(7.855312224, 53.29306377)
41822402,239,"1",6.5,6.6,14.66,26.7,1,49.2,2.9,437.2,NA,NA,"B","B82","U111",0.8155,0.29,c(8.248894425, 44.71458206)
41822414,240,"1",7.2,7.77,45.56,33.1,140,13.4,3.6,328.3,NA,NA,"E","E20","U111",0.8075,0.05,c(8.245521829, 44.82273295)
41822870,201,"1",7.1,7.62,12.97,13.1,NA,22.8,1.6,124.2,0.8,2.5,"B","B51","U111",1.4135,0.05,c(8.103457523, 48.92712459)
41823036,133,"1",6.2,6.59,14.84,22,NA,33.1,2.2,298.8,NA,NA,"B","B11","U111",1.475,0.09,c(8.044049601, 50.41928745)
41862472,201,"1",6.4,6.89,30.25,24.6,NA,25.7,2.9,67.2,NA,NA,"B","B17","U111",0.953,0.07,c(8.27992631, 45.34618907)
41881876,73,"1",7.3,8.04,22.8,19.7,634,10.2,1.7,178.2,NA,NA,"E","E30","U111",0.8145,0.11,c(8.451394349, 39.96538979)
41881930,690,"1",5.5,6,18.89,76.7,1,NA,6.1,474.2,NA,NA,"D","D20","U420",0.799,0.24,c(8.439558058, 40.45406647)
41883064,594,"1",5.1,5.41,46,84.6,NA,24.4,8.3,231.9,NA,NA,"E","E20","U111",0.6805,0.06,c(8.118411606, 50.672323)
41883154,226,"2",3.7,4.18,8.87,31.6,NA,15,2.3,48.2,NA,NA,"C","C10","U361",1.0965,0.16,c(8.085234529, 51.481013)
41883208,53,"1",4.3,5.28,7.78,13.2,NA,75.8,1,513.9,NA,NA,"B","B15","U111",1.4305,0.02,c(8.064621866, 51.96615758)
41902400,411,"1",7,7.67,26.03,17.3,211,NA,1.7,153.1,NA,NA,"B","B82","U111",0.948,0.12,c(8.350176829, 44.69819612)
41902558,320,"1",5.3,5.69,31.9,32,NA,17.4,3,82.4,NA,NA,"C","C10","U420",0.7265,0.03,c(8.307033155, 46.12160609)
41903350,6,"1",6,6.38,15.12,30.1,NA,35.3,2.9,67,NA,NA,"E","E20","U111",1.1125,0.05,c(8.037657717, 53.24222227)
41922420,171,"1",6.1,6.75,12.9,7.5,NA,18.2,1.1,81.5,NA,NA,"B","B11","U111",0.924,0.11,c(8.370136654, 44.87884768)
41922438,267,"1",7.3,8.01,17.5,27.9,80,NA,1.3,331,0.6,1.5,"B","B82","U111",0.8955,0.02,c(8.365399469, 45.04105895)
41941786,163,"1",6.8,7.31,7.12,5.2,1,NA,0.6,112.7,NA,NA,"E","E30","U111",1.5745,0.04,c(8.53956136, 39.15141517)
41963126,290,"1",6.1,6.5,18.93,20.3,1,101.9,2.5,183.9,NA,NA,"B","B16","U111",1.165,0.23,c(8.21021133, 51.23125447)
41981900,416,"1",6.1,6.59,13.63,35.2,NA,11.1,2.8,423.4,NA,NA,"B","B81","U111",0.872,0.2,c(8.562970777, 40.18439233)
41981944,506,"1",5.7,6.04,12.55,45.3,NA,NA,3.8,263.5,1.1,2.5,"E","E20","U111",0.822,0.08,c(8.553984545, 40.5825138)
41982722,620,"1",6.7,6.99,20.2,58.1,4,10.4,5.1,45.7,NA,NA,"E","E20","U111",0.958,0.15,c(8.36530609, 47.59939062)
42022404,255,"1",7.5,8.44,20.72,3,133,NA,0.7,161.6,NA,NA,"A","A22","U312",0.8955,0.13,c(8.500309106, 44.73652863)
42061858,87,"1",6,6.38,50.05,12.4,NA,38.5,1.4,306.3,NA,NA,"B","B16","U111",1.1115,0.24,c(8.664306671, 39.80552586)
42081910,604,"1",5.1,5.82,16.95,59.3,1,NA,5.8,196.5,NA,NA,"E","E20","U111",0.757,0.06,c(8.677918567, 40.2765342)
42083224,117,"1",3.8,4.14,14.89,82.8,2,36.8,5,79.7,1.9,6.1,"C","C10","U120",0.574,0.1,c(8.350276881, 52.11432488)
42101830,113,"1",5.7,6.44,8.4,12.4,NA,10.8,1.5,59.4,NA,NA,"E","E20","U111",1.3935,0.14,c(8.715764981, 39.55259938)
42101916,604,"1",5.6,6.36,10.64,46.2,NA,NA,4.6,493,NA,NA,"E","E10","U111",0.739,0.04,c(8.700212477, 40.33114234)
42121948,367,"1",5.1,5.82,5.63,20.2,NA,42.7,2,113.5,NA,NA,"E","E30","U112",0.973,0.19,c(8.717813702, 40.62097678)
42123628,10,"1",4.4,5.26,9.26,25.3,NA,82.3,1.9,102.5,NA,NA,"B","B22","U111",1.269,0.03,c(8.265288337, 55.74452744)
42141800,121,"1",7,7.49,17.59,14.4,NA,28.4,1.7,209.4,NA,NA,"E","E20","U111",0.68,0.07,c(8.767150606, 39.28145508)
42141848,314,"1",7.3,7.76,19.94,21.1,259,NA,1.8,453.7,NA,NA,"D","D20","U420",0.802,0.19,c(8.758940364, 39.7162065)
42142394,218,"1",6.1,6.63,9.79,25.2,1,NA,2.6,117.1,NA,NA,"E","E30","U112",0.866,0.08,c(8.653664627, 44.64844734)
42161822,142,"1",6.3,6.51,12.19,22.9,NA,NA,2,356.2,NA,NA,"E","E20","U420",0.9445,0.17,c(8.786517178, 39.48103367)
42181938,366,"2",7.1,7.7,17.84,16.4,53,NA,1.7,658.4,0.7,0.6,"E","E10","U111",1.42,0.16,c(8.790107253, 40.53139961)
42181952,402,"1",6.6,6.91,17.15,17.1,NA,NA,1.8,533.1,NA,NA,"E","E30","U112",1.003,0.23,c(8.787690981, 40.65805446)
42182510,299,"2",4.9,5.45,16.75,44.4,NA,32.6,3.6,82.7,NA,NA,"E","E20","U111",1.0595,0.11,c(8.679363518, 45.69439919)
42182748,792,"1",7.2,7.69,20.3,23.9,98,58.7,2.8,339.3,NA,NA,"B","B32","U111",1.125,0.29,c(8.624809245, 47.83698589)
42183148,421,"1",3.3,3.71,10.86,60.1,NA,NA,3.6,63.8,NA,NA,"C","C21","U120",1.0275,0.23,c(8.518759803, 51.43336942)
42223056,202,"1",5.2,5.8,7.45,24.9,NA,17.5,2.7,60.3,NA,NA,"E","E20","U111",1.2615,0.13,c(8.601438468, 50.60726911)
42241882,187,"1",5.9,6.45,9.38,23.2,NA,12.8,2,331,NA,NA,"C","C10","U111",1.0965,0.15,c(8.869556303, 40.0254451)
42241966,223,"1",6.1,6.77,9.66,11.9,NA,18.3,1.2,339.5,NA,NA,"E","E20","U420",1.168,0.34,c(8.856013818, 40.78553715)
42242404,291,"1",5.2,5.88,6.2,30.6,NA,NA,2.8,47.2,NA,NA,"E","E20","U111",0.834,0.1,c(8.777515772, 44.74013969)
42242422,150,"1",7,7.51,26.71,17.2,6,52.5,2.3,174.6,NA,NA,"B","B13","U111",0.8595,0.09,c(8.773976855, 44.90238602)
42262432,122,"1",7.3,8.06,22.59,12.2,89,14.2,1.6,291.6,NA,NA,"B","B11","U111",1.0235,0.09,c(8.797314942, 44.99280818)
42263760,8,"1",5.2,5.65,21.8,18.2,NA,45.8,1.6,36.8,3.7,7.4,"B","B55","U111",1.3975,0.01,c(8.441016762, 56.93347589)
42303034,151,"1",7.5,7.96,15.85,18.6,38,13.7,2,269.9,1.1,1,"B","B11","U111",1.334,0.2,c(8.719814656, 50.41083803)
42321952,228,"2",5.6,6.68,10,10.9,NA,NA,1.2,779,NA,NA,"E","E20","U111",1.11,0.35,c(8.952452423, 40.65994131)
42322510,336,"1",5.4,5.99,8.8,19.1,NA,40.6,2,216.5,4.5,3.3,"B","B16","U111",1.164,0.08,c(8.858841301, 45.696483)
42323042,220,"1",6.1,6.52,25.1,17.2,NA,56.2,2,254.2,NA,NA,"B","B18","U111",1.4435,0.04,c(8.74603739, 50.48305909)
42323086,230,"1",6.6,7.07,10.14,8.5,1,42.1,1,114.6,NA,NA,"B","B11","U111",1.356,0.11,c(8.735411506, 50.87854167)
42361906,200,"1",6.7,7.19,11.91,11.8,1,NA,1.3,204.5,NA,NA,"E","E20","U111",1.1935,0.12,c(9.006040165, 40.24419758)
42362456,138,"1",5.6,6.23,9.99,6.6,NA,32,0.9,45.5,NA,NA,"B","B17","U111",1.304,0.05,c(8.919707727, 45.21047688)
42401958,265,"1",5.4,5.94,5.71,13.7,NA,NA,1.4,115.5,NA,NA,"E","E10","U111",1.3965,0.27,c(9.045787863, 40.71517442)
42402468,147,"1",5,5.46,9.45,5.6,NA,44.9,0.8,104.2,NA,NA,"B","B16","U111",1.3645,0.04,c(8.968527688, 45.31912243)
42403002,99,"1",6.8,7.03,13.45,23.4,14,65.5,2.2,86.7,NA,NA,"E","E20","U111",1.3645,0.03,c(8.867354054, 50.1246571)
42403026,133,"1",7,7.38,10.14,14.2,NA,44.2,1.6,229.9,NA,NA,"B","B11","U111",1.286,0.03,c(8.862202636, 50.34040805)
42403584,9,"1",5.4,5.98,32.6,35.9,NA,87,3.1,445.5,NA,NA,"B","B16","U111",1.1945,0.05,c(8.723527104, 55.35446148)
42422416,319,"1",7.3,8.02,23.07,11.7,216,27.5,1.7,318.2,NA,NA,"B","B75","U111",0.929,0.19,c(9.002423692, 44.85071886)
42423538,4,"1",5.2,5.7,22.9,62.6,NA,42.7,5.1,315.2,NA,NA,"B","B15","U111",1.0725,0.08,c(8.767710907, 54.94146599)
42423564,19,"1",5.4,6.22,12.11,20.4,NA,59.2,1.6,224.7,NA,NA,"B","B16","U111",1.471,0.02,c(8.760586772, 55.17507417)
42443112,433,"1",3.6,4.07,9.95,68.4,1,41.8,3.5,72.9,NA,NA,"C","C31","U120",0.902,0.47,c(8.900368219, 51.11396598)
42443656,26,"1",5.2,5.96,9.48,22.8,NA,77.6,1.6,54.9,NA,NA,"F","F40","U111",1.439,0.06,c(8.76659342, 56.00204432)
42462906,304,"1",4.8,5.52,6.56,9.1,NA,26.7,1.1,137.5,NA,NA,"B","B18","U111",1.458,0.05,c(8.969795243, 49.26228976)
42463162,327,"1",3.9,4.39,18.46,59.9,NA,51.1,3.8,153,NA,NA,"C","C10","U120",0.886,0.07,c(8.918386093, 51.56359765)
42463356,10,"1",4.9,5.48,8.89,38.8,NA,26.9,3.1,57.9,NA,NA,"E","E20","U111",0.9665,0.02,c(8.874941422, 53.30682904)
42481804,149,"1",7.3,8.05,16.18,16.3,243,NA,1.4,282.5,NA,NA,"D","D20","U420",1.151,0.09,c(9.158402836, 39.32188595)
42482476,157,"1",5.5,6.27,11.71,12.7,NA,16.5,1.6,99.8,NA,NA,"B","B17","U111",1.397,0.3,c(9.069178067, 45.39215773)
42482812,475,"1",7,7.47,24.4,49.9,128,16.3,4.7,464.9,1.1,3.4,"B","B71","U111",0.8465,0.03,c(9.014186203, 48.41708053)
42483154,328,"1",3.8,4.34,7.07,27,NA,24.4,1.6,43.1,NA,NA,"C","C10","U120",1.2935,0.02,c(8.948883656, 51.49196437)
42483322,7,"1",6.5,6.93,10.2,12.7,1,62.8,1.5,159.1,NA,NA,"B","B13","U111",1.402,0.12,c(8.912649459, 53.00161124)
42501808,243,"1",7.4,8.32,14.17,6.3,444,NA,0.8,133.3,1,1.7,"B","B81","U111",1.1385,0.05,c(9.181007929, 39.358322)
42502820,346,"1",7,7.32,26.7,35.6,55,13.9,3.3,233.5,NA,NA,"E","E20","U111",1.06,0.14,c(9.03981867, 48.48928324)
42522534,1104,"1",4.2,4.88,10.27,49.9,NA,15.6,4.5,77.7,NA,NA,"C","C10","U420",0.868,0.09,c(9.111741014, 45.9151348)
42543054,309,"1",5.7,6,22.8,33.1,NA,25,3.6,106.5,NA,NA,"E","E20","U111",0.886,0.06,c(9.053803998, 50.59389624)
42543086,297,"1",3.8,4.25,8.92,88.6,NA,27.4,4,83.8,NA,NA,"C","C32","U120",0.5925,0.12,c(9.04796887, 50.88153691)
42543140,246,"1",4,4.64,7.32,21.8,NA,16.6,1.9,83.4,NA,NA,"C","C10","U120",1.147,0.09,c(9.037916446, 51.36688582)
42543680,37,"1",5.3,5.98,10.05,10.9,NA,84.7,0.8,55.3,NA,NA,"E","E20","U111",1.4435,0.05,c(8.920809321, 56.21916178)
42562962,280,"1",4.4,5.44,4.28,13.8,NA,NA,1.3,86.8,NA,NA,"E","E20","U111",1.581,0.02,c(9.097850758, 49.76702472)
42581922,834,"1",5.1,5.76,36.4,169.2,NA,41.2,12.4,829.2,NA,NA,"C","C10","U120",0.531,0.29,c(9.261616019, 40.39126883)
42583038,263,"1",5.6,6.02,16.96,19.5,NA,35.3,2.3,90.5,NA,NA,"E","E20","U111",1.052,0.03,c(9.113000293, 50.45051683)
42583236,97,"1",6,6.47,6.58,12.8,NA,30.4,1.4,203.6,0.7,2,"B","B11","U111",1.3005,0.07,c(9.077918595, 52.23008358)
42602746,693,"1",6.3,6.5,24.1,60,1,48.8,6.1,344.5,NA,NA,"B","B11","U111",1.3405,0.04,c(9.185798597, 47.82458463)
42603190,177,"2",6.7,7.22,9.14,11.3,1,51.4,1.3,115.1,NA,NA,"B","B11","U111",1.3115,0.09,c(9.115374278, 51.81692562)
42603492,6,"1",5.3,5.81,16.96,21.7,NA,96.9,1.9,70.8,0.8,3.9,"B","B16","U111",1.422,0.02,c(9.057999827, 54.53058699)
42621864,1085,"2",5.5,6.08,10.27,58.1,NA,NA,3.6,285.8,NA,NA,"D","D20","U420",0.9405,0.14,c(9.314115252, 39.8665902)
42623116,190,"1",5.4,6.09,7.2,12.7,NA,18.3,1.7,110.6,NA,NA,"F","F40","U111",1.265,0.03,c(9.156744928, 51.15206736)
42623368,1,"1",5.4,6.05,10.74,31.4,NA,53.2,1.8,112.5,NA,NA,"E","E20","U111",1.174,0.05,c(9.11270304, 53.41664479)
42643222,306,"1",3,3.75,14.95,132,NA,27.1,5.7,104.9,NA,NA,"C","C10","U120",0.6385,0.14,c(9.168074855, 52.1049232)
42662462,124,"1",5.9,6.58,9.85,13.2,1,32.1,1.7,94.4,NA,NA,"B","B13","U111",1.48,0.21,c(9.300280753, 45.26777197)
42682790,739,"1",5.1,5.51,12.49,49.1,2,16.5,3.4,179.8,NA,NA,"C","C10","U120",0.997,0.07,c(9.287054685, 48.22122929)
42683042,563,"2",5.2,5.73,21.4,45.9,NA,16.8,4.6,396.3,NA,NA,"E","E20","U111",0.866,0.05,c(9.253215375, 50.48747753)
42683078,285,"1",6,6.45,10.12,9.2,NA,56.2,1.1,69.7,NA,NA,"F","F40","U111",1.24,0.05,c(9.248046884, 50.81109238)
42683096,201,"1",5,5.73,8.67,11.7,NA,37.6,1.1,108.3,NA,NA,"B","B55","U111",1.3855,0.06,c(9.245429085, 50.97288993)
42683482,25,"1",5.9,6.31,14.19,18.8,1,80.1,1.7,132.2,NA,NA,"B","B16","U111",1.4685,0.06,c(9.183307444, 54.44160796)
42721934,567,"1",5.7,6.19,25.48,20.1,NA,19.9,2.2,645.9,NA,NA,"E","E10","U111",1.0015,0.3,c(9.424716582, 40.50095409)
42722438,132,"1",7.1,7.51,103.37,22.9,5,70.7,3,2812.8,NA,NA,"E","E30","U112",1.0525,0.17,c(9.37903231, 45.05194907)
42722500,235,"1",6.5,6.87,13.26,24.4,2,11.1,2.2,74.8,NA,NA,"C","C33","U361",1.089,0.16,c(9.372725019, 45.61066608)
42722532,1045,"1",4.1,4.84,5.22,44.8,NA,11.7,3.2,59.1,NA,NA,"C","C10","U420",0.85,0.23,c(9.369403623, 45.89895649)
42722806,742,"1",6.3,6.8,10.96,18.7,NA,76.5,2.1,221.4,1.3,2.8,"B","B18","U111",1.218,0.09,c(9.338978782, 48.36551222)
42723522,26,"1",5.5,5.99,9.24,32.9,NA,42.1,3.1,47.2,NA,NA,"B","B55","U111",1.1575,0.04,c(9.238314898, 54.80142341)
42723778,-1,"1",4.5,5.18,11,15.5,NA,55.9,1.6,44.3,0.2,0.6,"B","B55","U111",1.568,0.08,c(9.19235457, 57.1020883)
42743070,369,"1",4,4.68,6.07,21.3,NA,17.9,1.5,75.5,NA,NA,"C","C10","U120",1.1995,0.08,c(9.334194444, 50.73970212)
42763074,350,"1",5.5,5.9,10.39,21.8,NA,14.4,2.4,101.6,NA,NA,"E","E20","U111",1.135,0.06,c(9.362034855, 50.77581896)
42763084,296,"1",3.7,4.3,6.35,21.4,NA,16.5,1.3,54.1,1.4,2.3,"C","C10","U120",1.189,0.05,c(9.360804732, 50.86570957)
42763282,47,"1",5,5.56,15.36,20.6,1,81.6,1.6,214.7,NA,NA,"B","B16","U111",1.421,0.03,c(9.335175903, 52.64521359)
42763458,8,"1",5.1,5.83,6.8,11.4,NA,104.8,1.1,79.2,1.4,2.2,"B","B16","U111",1.4625,0.07,c(9.310163878, 54.22670426)
42782380,1014,"1",5.6,6.01,20.5,63.1,4,21.9,6.2,130.4,NA,NA,"C","C33","U120",0.997,0.41,c(9.460114596, 44.52950168)
42782484,145,"1",7.1,8.02,19.75,19.1,51,47.4,1.7,143,NA,NA,"B","B16","U111",1.2295,0.03,c(9.450974062, 45.46692673)
42783592,48,"1",5.5,6.13,15.02,12.1,NA,27.2,1.3,147.6,3.4,6.6,"B","B16","U111",1.5955,0.15,c(9.321100343, 55.43098188)
42802392,802,"1",6.9,7.07,15.86,47.8,31,NA,3.3,280.2,NA,NA,"C","C10","U120",0.561,0.1,c(9.484238655, 44.63782495)
42802824,691,"1",7,7.36,20.8,42.4,448,158,4.3,229,NA,NA,"C","C31","U120",0.878,0.23,c(9.445112804, 48.52803778)
42822448,95,"1",6,6.54,13.49,12.6,NA,27,1.8,118.8,NA,NA,"B","B13","U111",1.62,0.06,c(9.50495604, 45.14275321)
42823644,118,"1",3.1,4.11,7.68,21.7,NA,21.3,2.3,62.1,NA,NA,"C","C33","U420",0.656,0.08,c(9.376956583, 55.89861239)
42842416,226,"1",7.3,7.97,16.44,15.6,85,NA,1.9,256.6,NA,NA,"E","E30","U111",1.077,0.27,c(9.532762142, 44.85442975)
42843218,151,"1",3.8,4.37,7.16,23.6,NA,16,1.6,50,NA,NA,"C","C10","U120",1.2115,0.1,c(9.460399141, 52.07066744)
42843682,77,"1",5.7,6.14,15.18,17.6,NA,34.9,1.8,141.4,1.2,3.8,"B","B16","U111",1.3855,0.07,c(9.403723581, 56.24027982)
42862808,786,"1",7,7.42,22,34.5,9,81.8,3.5,345,NA,NA,"B","B16","U111",0.886,0.16,c(9.527667889, 48.38447238)
42863186,383,"1",4,4.28,39.8,96.5,NA,40.1,5.3,80.2,NA,NA,"C","C10","U120",0.813,0.15,c(9.492815929, 51.78320611)
42863320,47,"1",5.5,6.16,12.59,25.3,NA,67.9,1.7,62.6,NA,NA,"B","B16","U111",1.3595,0.05,c(9.478855088, 52.98742006)
42863582,21,"1",6.2,6.62,16.06,31.9,NA,32.2,2.3,113.1,NA,NA,"B","B11","U111",1.9075,0.04,c(9.448639891, 55.34173183)
42863654,105,"1",5.7,6.33,10.31,10.4,NA,34.2,1.1,51,NA,NA,"B","B51","U111",1.5175,0.08,c(9.439575629, 55.9887789)
42882534,1394,"1",5.7,6.08,11.77,64.1,1,NA,6.9,102.6,NA,NA,"E","E10","U111",0.8855,0.32,c(9.575166996, 45.91799478)
42883694,45,"1",5.5,6.21,12.54,15.7,NA,74.3,1.6,193.1,1.4,2.7,"B","B32","U111",1.7585,0.08,c(9.466703629, 56.34841417)
42903450,0,"1",5.2,5.49,29.6,146,NA,88.1,12.5,172.8,NA,NA,"E","E20","U111",0.6385,0.19,c(9.525589937, 54.15583067)
42903702,46,"1",5.5,6.09,12.74,13.8,NA,48.8,1.4,147.6,1.3,5.1,"B","B13","U111",1.487,0.13,c(9.498091653, 56.42044647)
42903756,27,"1",5,5.53,21,28.7,NA,43.4,2.4,63,NA,NA,"B","B41","U111",1.1655,0.04,c(9.491691529, 56.90581832)
42923736,40,"1",5.7,6.26,7.51,24.4,NA,47.7,2,94,1.9,2.2,"B","B11","U111",1.545,0.08,c(9.526723231, 56.72616783)
42942490,167,"1",7.2,7.77,18.24,24.6,28,41.3,2.5,128,NA,NA,"B","B16","U111",1.1945,0.06,c(9.654920593, 45.52185581)
42942810,776,"2",6.8,7.16,17.51,43.1,3,52.8,4.4,376.2,NA,NA,"E","E20","U111",0.8845,0.32,c(9.635497544, 48.40287369)
42942840,395,"1",6.6,6.93,16.39,48.2,3,NA,4.7,187.2,NA,NA,"E","E20","U111",0.867,0.34,c(9.633530647, 48.67275769)
42943084,372,"1",3.8,4.28,6.07,24,NA,11.6,1.2,47.3,NA,NA,"C","C33","U120",1.1175,0.08,c(9.616477132, 50.86684024)
42963748,35,"1",5.3,6.12,8,35.7,NA,52.5,2.4,91.2,4.2,0.9,"B","B13","U111",1.36,0.32,c(9.590846015, 56.83425285)
42982530,1252,"1",4.4,5.02,6.89,32.1,NA,NA,2.8,108,NA,NA,"C","C10","U120",1.0945,0.32,c(9.70409907, 45.88239682)
43002406,938,"1",6.1,6.26,13.61,52.2,1,NA,4,283.2,NA,NA,"C","C10","U120",0.7305,0.04,c(9.735234346, 44.76498593)
43022470,115,"1",7.3,7.54,25.69,21.1,45,96.4,2.5,356,0.9,3.2,"B","B16","U111",1.435,0.08,c(9.757958253, 45.34191481)
43022488,159,"1",7.1,7.73,21.87,19.8,51,43.6,1.8,167,NA,NA,"B","B16","U111",1.28,0.17,c(9.757245159, 45.50411848)
43022722,478,"1",7.1,7.2,40.6,49.7,27,13.4,5.8,107.6,NA,NA,"E","E20","U111",1.0815,0.07,c(9.747450877, 47.61132489)
43022764,585,"1",5.8,6.05,22.5,25.1,NA,28.8,3,108.8,NA,NA,"E","E20","U111",1.0915,0.02,c(9.745583466, 47.98929011)
43023088,244,"1",6.2,6.7,12.62,11.3,NA,36.3,1.3,543.8,NA,NA,"B","B11","U111",1.3985,0.04,c(9.72990393, 50.90311828)
43023106,394,"1",3.5,4.02,11.09,42.7,NA,41.3,2.3,97.4,NA,NA,"C","C31","U120",0.7665,0.07,c(9.728960856, 51.06492096)
43023370,36,"1",6.1,6.61,11.06,12.8,1,50.3,1.2,172,NA,NA,"B","B11","U111",1.28,0.07,c(9.71412843, 53.43752308)
43042466,113,"1",5.2,6.13,6.8,9.2,NA,74.6,1.1,117.5,NA,NA,"B","B55","U111",1.315,0.03,c(9.783577322, 45.30592254)
43043086,356,"1",4,4.58,5.78,20.9,1,16.8,1.3,34.8,NA,NA,"C","C32","U120",1.455,0.04,c(9.758428202, 50.88520267)
43043486,9,"1",5.1,5.8,4.89,9.9,NA,69.1,0.9,62.7,5.4,4.3,"B","B16","U111",1.532,0.16,c(9.737804833, 54.47996571)
43062380,1032,"1",4.4,5.14,8,38.3,NA,NA,3,158.5,NA,NA,"C","C10","U120",0.7685,0.16,c(9.81166543, 44.53073047)
43083104,348,"1",4.6,4.91,33,81.4,NA,22.6,7.5,122.3,NA,NA,"C","C10","U120",0.584,0.11,c(9.814623724, 51.04711144)
43083270,41,"1",4.4,4.98,21,15.9,NA,47.7,1.8,135,NA,NA,"B","B11","U111",1.4965,0.04,c(9.808404767, 52.53906787)
43083598,32,"1",6,6.56,20.1,18.4,NA,85,2,305.3,0.8,2.9,"B","B16","U111",1.5735,0.05,c(9.794468908, 55.48655689)
43083770,-1,"1",4.8,5.65,7.61,18.9,NA,27,1.8,116.6,NA,NA,"B","B13","U111",1.5775,0.06,c(9.786126319, 57.03248123)
43122426,112,"1",7.1,7.71,14.17,11.9,4,NA,1.6,176.7,NA,NA,"B","B11","U111",1.0925,0.04,c(9.886163262, 44.94555634)
43122714,569,"1",6.4,6.64,36.8,35.8,3,12.8,4.3,122.2,NA,NA,"E","E20","U111",0.926,0.27,c(9.880537765, 47.53954963)
43123092,263,"1",4.8,5.56,6.61,25.8,NA,13,2.8,199.7,NA,NA,"E","E20","U111",1.2145,0.04,c(9.871960406, 50.93931968)
43123120,429,"1",3.1,3.59,11.81,78.5,NA,28.3,3.4,64.1,NA,NA,"C","C21","U120",0.682,0.12,c(9.87126248, 51.19100966)
43123686,75,"1",5.2,5.97,10.99,18.7,NA,24.5,1.7,196.5,NA,NA,"E","E10","U111",1.3695,0.1,c(9.85482253, 56.27752964)
43143096,385,"1",3.7,4.26,8.32,36.4,NA,51.6,1.7,80,NA,NA,"C","C32","U120",0.9655,0.21,c(9.900336512, 50.97530426)
43162914,471,"1",4.7,5.25,15.62,29.1,NA,47,3.3,172.4,NA,NA,"B","B11","U111",1.289,0.19,c(9.931214671, 49.33893917)
43163458,31,"1",5.9,6.52,8.52,6.9,NA,69.7,0.8,116.4,NA,NA,"B","B16","U111",1.515,0.18,c(9.923349374, 54.22860846)
43163818,-3,"1",5.4,5.87,21.2,15.4,NA,35.5,1.7,164.4,1.1,5.1,"B","B15","U111",1.648,0.13,c(9.916788887, 57.46414308)
43182496,214,"1",5.2,5.89,8.73,15.7,NA,45.5,1.9,113.1,NA,NA,"B","B82","U111",1.35,0.11,c(9.961619853, 45.57647566)
43182820,601,"1",4.6,5.11,18.75,15,NA,34.7,1.9,112.6,NA,NA,"B","B53","U111",1.283,0.04,c(9.959426918, 48.49343209)
43183752,54,"1",5.6,6.17,15.74,30,NA,25.4,3,86,NA,NA,"B","B11","U111",1.3195,0.09,c(9.950854592, 56.87084073)
43202452,90,"1",6.4,6.84,31.81,20.1,NA,120.9,2.6,362,NA,NA,"B","B16","U111",1.029,0.11,c(9.987298167, 45.17996972)
43202710,1100,"1",3.2,4.08,8.97,47.5,NA,16.3,3.6,87.2,NA,NA,"C","C31","U120",0.7875,0.14,c(9.98673564, 47.50361239)
43202746,657,"1",5.7,6.12,13.95,38.4,NA,33.6,4.1,213.6,NA,NA,"E","E20","U111",0.931,0.04,c(9.986651958, 47.82760571)
43203016,379,"1",6.6,6.95,14.61,20.1,1,32,2,281.8,NA,NA,"A","A30","U319",1.234,0.11,c(9.985978687, 50.25615159)
43203586,60,"1",5.7,6.2,16.72,10.4,NA,51.2,1.2,163.2,NA,NA,"B","B55","U111",1.488,0.04,c(9.984232435, 55.37888094)
43223216,186,"1",3.9,4.47,9.24,46.6,NA,32.1,2.9,118,NA,NA,"C","C10","U120",0.9585,0.12,c(10.01457821, 52.05392305)
43223266,45,"1",3.5,4,5.14,18,NA,15.6,0.9,20.1,NA,NA,"C","C22","U120",1.3855,0.08,c(10.01472613, 52.5032738)
43223702,54,"2",6.4,6.84,22.7,12.8,1,60,1.5,141.1,NA,NA,"B","B13","U111",1.366,0.16,c(10.01619085, 56.42141926)
43223738,45,"1",3.6,4.4,31,61.1,1,72.9,4,137,NA,NA,"C","C10","U120",0.7735,0.02,c(10.0163278, 56.74500428)
43262402,375,"2",7.2,7.54,30.64,20.9,285,115,2.8,1315.8,NA,NA,"B","B11","U111",0.8065,0.1,c(10.06299926, 44.72924009)
43262410,251,"1",5.3,5.76,7.56,31.2,NA,27.1,3,138.5,1.3,2.3,"E","E20","U111",1.0385,0.09,c(10.06308012, 44.80136341)
43262834,581,"1",6.7,7.08,14.12,16.4,1,35.7,1.8,208.2,NA,NA,"E","E20","U111",0.894,0.11,c(10.06779193, 48.61936548)
43263126,519,"1",6.1,6.3,17.77,57.7,3,20.5,4.4,302.3,NA,NA,"C","C10","U120",0.9055,0.1,c(10.07160466, 51.24499074)
43283052,700,"1",5.7,5.98,32.8,61.7,NA,35.4,6.2,196.7,NA,NA,"E","E20","U111",0.766,0.17,c(10.09882346, 50.57976424)
43283592,78,"1",5.8,6.33,18.92,13.2,NA,50.1,1.4,211.3,1.1,3.7,"B","B32","U111",1.427,0.07,c(10.11052159, 55.43275432)
43303764,1,"1",4.5,4.93,22.7,14.7,NA,55.2,1.5,120.8,NA,NA,"B","B13","U111",1.2175,0.03,c(10.14785572, 56.97863627)
43303776,37,"1",3.4,4.09,14,64.6,1,71.4,4.4,80.9,NA,NA,"C","C10","U120",0.753,0.05,c(10.14827823, 57.08650851)
43342562,1561,"1",3.9,4.5,10.92,104.8,NA,29.8,5.8,116.6,NA,NA,"C","C21","U420",0.5715,0.07,c(10.16814159, 46.17092951)
43343760,11,"1",5.3,5.84,20.7,39.2,NA,71.5,2.6,127.9,NA,NA,"B","B84","U111",0.995,0.07,c(10.21336653, 56.94258891)
43343818,27,"1",4.8,5.36,13.96,8.9,NA,53.4,1,96.5,0.8,1.1,"B","B15","U111",1.3565,0,c(10.21634835, 57.46399253)
43362402,209,"1",5.8,6.58,11.96,9.3,1,NA,1.2,96.2,NA,NA,"B","B13","U111",1.0355,0.27,c(10.18899747, 44.72908814)
43362694,1141,"1",5.7,6.21,14.25,54.3,NA,NA,4.7,114.3,NA,NA,"C","C21","U120",0.6625,0.32,c(10.19841354, 47.35941868)
43363356,12,"1",5.7,6.06,19.71,75.7,NA,26.8,6.3,63,NA,NA,"E","E20","U111",1.0575,0.04,c(10.22502792, 53.31184447)
43382354,1200,"1",4,4.63,8.5,64,NA,15.4,3.8,46.2,NA,NA,"C","C10","U120",0.5975,0.02,c(10.21256675, 44.29622267)
43382422,74,"1",7.4,8.08,15.21,19.5,106,NA,1.7,181.4,NA,NA,"B","B52","U111",1.106,0.2,c(10.21488607, 44.9093402)
43402550,1367,"1",4.6,5.17,11.46,55.1,1,20.3,5.9,60.4,NA,NA,"E","E20","U111",0.863,0.32,c(10.24525359, 46.06269076)
43403168,191,"1",6.6,6.94,19.78,40.5,1,30.6,3.6,51,NA,NA,"E","E20","U111",1.309,0.1,c(10.27435101, 51.62219834)
43403554,32,"1",5.7,6.15,10.19,13.7,NA,15.2,1.5,81.5,1.1,3.3,"B","B13","U111",1.586,0.09,c(10.29745107, 55.09095824)
43403558,80,"1",5.3,6.01,7.28,9.5,NA,14.6,1,87.2,NA,NA,"B","B32","U111",1.4085,0.07,c(10.29771545, 55.1269039)
43423280,61,"1",3.3,3.81,10.59,45.9,NA,26.2,2.6,76.3,NA,NA,"C","C33","U120",0.9145,0.07,c(10.31013078, 52.62868622)
43443572,53,"1",7.3,8.03,16.85,7.3,34,15.2,0.9,75.2,NA,NA,"B","B13","U111",1.3625,0.08,c(10.36151704, 55.25255005)
43502416,70,"1",7.3,8.09,17.15,16.8,160,NA,2.2,340.9,0.2,1.2,"B","B52","U111",1.3635,0.05,c(10.36621503, 44.85483194)
43503136,477,"1",6.6,6.83,11.42,17.4,NA,11.1,1.9,134.5,NA,NA,"B","B13","U111",1.6305,0.08,c(10.41611594, 51.33415553)
43542718,1031,"1",4.8,5.58,11.68,38.8,NA,17.7,4.2,67.1,NA,NA,"E","E20","U111",0.966,0.11,c(10.43832919, 47.57473671)
43543126,248,"1",7,7.38,16.1,17,2,56.2,1.8,174.1,NA,NA,"B","B11","U111",1.289,0.04,c(10.47258486, 51.24405372)
43543590,15,"1",7.1,7.64,19.23,16.9,6,10.1,2.1,76.2,NA,NA,"B","B13","U111",1.319,0.04,c(10.52078813, 55.4137572)
43562354,1149,"1",5.3,6.04,5.8,25.1,NA,NA,2.4,145.8,NA,NA,"C","C10","U120",0.9735,0.03,c(10.43763419, 44.29551783)
43562476,135,"1",7,7.44,17.34,33.7,7,12.5,3.4,107.7,NA,NA,"E","E20","U111",1.098,0.46,c(10.44629988, 45.39531906)
43582384,571,"1",7.1,7.73,22.42,23.5,145,31.6,2.8,669.3,NA,NA,"B","B52","U111",1.1275,0.17,c(10.46485051, 44.56593137)
43583564,120,"1",5.5,6.12,19.11,25,NA,62.1,2.4,162.4,NA,NA,"B","B51","U111",1.0635,0.01,c(10.58052722, 55.1798371)
43602380,763,"1",7.1,7.56,17.18,24.1,46,NA,2.7,185.3,NA,NA,"E","E20","U111",1.1195,0.06,c(10.48966479, 44.52974986)
43622348,1298,"1",4.4,5.54,6.27,35.2,NA,10.1,2.5,195.7,NA,NA,"C","C10","U120",0.8465,0.03,c(10.51216942, 44.24106382)
43622366,453,"1",6.2,6.75,13.57,23.4,NA,NA,2.5,185.3,NA,NA,"E","E20","U111",1.0165,0.15,c(10.51363085, 44.40338918)
43622524,498,"2",4.2,4.7,41.7,100.3,NA,15.3,4.1,127.6,NA,NA,"C","C10","U120",0.8045,0.53,c(10.52694676, 45.82744853)
43622816,479,"1",6,6.33,31.7,30,NA,16.1,3.4,75.2,NA,NA,"E","E20","U111",1.1275,0.09,c(10.55409257, 48.45606867)
43623598,14,"1",5.8,6.36,7.74,19.1,NA,34.6,2,183.4,NA,NA,"E","E30","U420",1.1665,0.02,c(10.6481984, 55.48506575)
43623698,-2,"1",5.7,6.26,9.95,13.9,NA,41.7,1.4,79.3,NA,NA,"B","B13","U111",1.67,0.09,c(10.66318953, 56.38376611)
43662364,770,"1",7.1,7.84,16.25,20.8,212,NA,2.2,212.3,NA,NA,"B","B11","U111",1.028,0.15,c(10.56356081, 44.38509448)
43662400,89,"1",7.3,7.92,20.24,15.1,46,18.1,1.9,312.7,NA,NA,"B","B52","U111",1.393,0.09,c(10.56680259, 44.70968979)
43663254,81,"1",6.7,7.02,16.63,9.7,NA,56,1.1,245.4,0.7,2.3,"B","B11","U111",1.506,0.04,c(10.66104641, 52.39359669)
43663296,71,"1",4.8,5.41,7.29,16.7,NA,17.1,1,73.6,NA,NA,"C","C10","U120",1.1195,0.06,c(10.66673287, 52.77101949)
43663318,50,"1",3.6,4.14,8.16,34.3,NA,30.5,2.3,67,NA,NA,"C","C10","U120",0.914,0.04,c(10.66975963, 52.96871151)
43682430,57,"1",7.1,7.84,13.86,16.2,4,14.4,2.1,313.8,NA,NA,"B","B33","U111",1.1565,0.19,c(10.59485393, 44.97998781)
43682854,377,"1",6.4,6.6,21.3,47.5,4,41.2,4.6,334.1,NA,NA,"E","E20","U111",1.056,0.12,c(10.6395324, 48.79746434)
43722430,62,"1",7.4,8.25,23.16,7.9,135,NA,1,126.9,1.8,0.7,"B","B16","U111",1.1755,0.04,c(10.64547772, 44.97968844)
43742350,1090,"1",6.6,7,34.2,95.6,53,12.6,5.7,281.8,NA,NA,"C","C10","U120",0.478,0.03,c(10.66227597, 44.25825215)
43742362,707,"1",6.8,7.27,19.06,37.4,19,NA,3.8,293.8,NA,NA,"E","E20","U111",0.947,0.17,c(10.66353483, 44.36646791)
43782552,1116,"1",4.3,4.97,9.37,42.5,NA,12.9,2.6,70,NA,NA,"C","C21","U120",0.7545,0.12,c(10.7359874, 46.07844879)
43782612,898,"1",6.3,6.55,53.34,36.9,1,31.2,4.4,270.3,NA,NA,"E","E20","U111",0.835,0.09,c(10.74344133, 46.61878932)
43802266,127,"1",7.2,7.99,18.18,7.8,132,NA,1.1,211,NA,NA,"E","E20","U111",1.434,0.06,c(10.72763067, 43.49999276)
43802352,669,"1",6.9,7.16,19.84,41.7,5,10.6,3.8,291.8,NA,NA,"E","E20","U111",1.014,0.34,c(10.73747976, 44.27578288)
43802474,167,"1",6.9,7.49,18.93,29.1,90,258,2.6,429.9,NA,NA,"B","B54","U111",1.099,0.02,c(10.75207423, 45.37555908)
43802576,1333,"1",4.3,4.63,40.7,59,NA,25,4.5,267,NA,NA,"C","C21","U120",0.7075,0.03,c(10.76487203, 46.29442355)
43802684,781,"1",7,7.13,73.5,143.5,83,27.2,12.1,109.5,NA,NA,"E","E20","U111",0.7165,0.15,c(10.7790551, 47.26679362)
43802766,578,"1",6.6,6.87,29.2,98,2,28.7,10.1,83.9,NA,NA,"E","E20","U111",0.661,0.07,c(10.79028519, 48.00474266)
43803090,273,"1",7.1,7.32,21.7,53.6,18,48.1,5,893.2,NA,NA,"E","E20","U111",1.217,0.21,c(10.83901336, 50.91837108)
43822404,73,"1",7.1,7.8,21.66,23.1,108,62.3,2.6,399.1,1,2.5,"B","B82","U111",1.22,0.04,c(10.76881421, 44.7444623)
43822458,76,"1",6.8,7.26,26.35,42.1,93,82.1,4.6,416.6,NA,NA,"E","E20","U111",1.0965,0.15,c(10.77554315, 45.23118983)
43822800,498,"1",6.2,6.75,11.25,29.6,NA,52,3.1,355.2,1.7,7.5,"B","B13","U111",1.295,0.2,c(10.82201339, 48.31044871)
43842966,298,"1",6.4,6.76,15.02,9.6,NA,16.6,1.1,125.5,NA,NA,"B","B22","U111",1.417,0.06,c(10.87504555, 49.80320762)
43843470,18,"1",6.9,7.43,17.6,34.4,56,56.7,3.2,209.3,0.6,4.9,"A","A30","U319",1.453,0.05,c(10.9682488, 54.3326751)
43862296,65,"1",7.3,7.96,19.36,14.3,80,10.8,1.8,134,NA,NA,"B","B55","U111",1.282,0.03,c(10.80536367, 43.77011622)
43862872,515,"2",6.2,6.67,17.51,17.7,NA,59.4,1.8,347.6,NA,NA,"B","B16","U111",1.3175,0.12,c(10.88733194, 48.95768734)
43863456,21,"1",6.7,6.93,19.5,13.7,NA,47,1.6,199.4,NA,NA,"B","B32","U111",1.6535,0.07,c(10.99596982, 54.20663961)
43882828,374,"1",7.2,7.52,27.5,54.7,62,51.8,4.8,169.8,1.3,5.7,"B","B13","U111",1.269,0.09,c(10.90739236, 48.56170253)
43902582,1045,"2",4.7,5.46,13.03,22.7,NA,NA,1.6,155.6,NA,NA,"C","C21","U120",1.049,0.1,c(10.8954023, 46.347452)
43922404,68,"1",7,8.26,19.49,13.3,87,NA,1.7,265.3,NA,NA,"B","B16","U111",1.353,0.15,c(10.89483975, 44.74345914)
43922494,510,"2",7.3,7.81,25.97,23.2,108,35.7,2.8,301.3,NA,NA,"B","B82","U111",0.719,0.03,c(10.90799329, 45.55456517)
43942340,557,"1",6.9,7.14,19.81,38.4,37,NA,3.2,224.4,NA,NA,"C","C10","U120",0.9145,0.26,c(10.91073507, 44.16617295)
43942996,359,"3",5.7,6.01,13.1,57.6,1,NA,5.4,364.2,NA,NA,"E","E20","U111",1.0015,0.47,c(11.01964097, 50.07177141)
43943536,18,"1",7.3,7.98,18.11,13.6,9,23.8,1.6,70,0.8,1,"B","B13","U111",1.404,0.12,c(11.13821025, 54.92438155)
43962488,338,"1",7.3,7.99,18.62,13.1,93,NA,1.7,250.4,NA,NA,"B","B82","U111",0.993,0,c(10.95820016, 45.50005436)
43962526,633,"1",5.5,5.85,21.6,33.6,NA,NA,2.6,79.6,NA,NA,"C","C10","U120",0.902,0.35,c(10.96421322, 45.84239887)
43962530,1308,"1",7,7.16,38.4,59.7,200,NA,4.9,151.5,NA,NA,"C","C10","U120",0.5905,0.09,c(10.9648519, 45.87843078)
43962560,1089,"3",7,7.15,73.1,98.8,188,14.9,7.7,186.4,NA,NA,"C","C21","U120",0.6495,0.06,c(10.96967729, 46.14864441)
43962614,743,"1",6.4,6.79,36.09,72.6,2,56.5,7.9,268.4,NA,NA,"B","B71","U111",0.7165,0.15,c(10.97852271, 46.63491829)
43982388,83,"1",7.4,8.1,16.2,14.4,128,NA,1.8,214.9,NA,NA,"B","B13","U111",1.317,0.21,c(10.96797345, 44.59854166)
43982406,65,"1",7.4,8.24,16.18,14.6,107,NA,1.6,353.3,NA,NA,"B","B33","U111",1.213,0.06,c(10.97076414, 44.76081357)
43982428,63,"2",7.2,7.85,20.97,20.9,128,32.4,2.6,606.3,NA,NA,"B","B22","U111",1.232,0.07,c(10.97420386, 44.95912044)
43983288,43,"1",3.3,3.85,8.52,33.8,NA,17.3,1.4,30.3,NA,NA,"C","C22","U120",1.0975,0.06,c(11.13892778, 52.69556264)
44002614,1116,"1",4.4,4.92,15.35,18.1,1,17.8,1.5,48.6,NA,NA,"E","E20","U111",0.9545,0.1,c(11.03070488, 46.63443103)
44022576,637,"1",7.3,7.53,28.47,15.5,10,NA,1.6,97.1,NA,NA,"B","B71","U111",1.04,0.31,c(11.05004999, 46.29200522)
44023246,156,"1",3.6,4.17,8.37,30.3,NA,27.2,2.3,74.1,NA,NA,"C","C10","U120",1.2565,0.26,c(11.1878905, 52.31759962)
44023516,9,"3",7.4,8.09,17.67,14.2,8,33.8,1.6,180.9,NA,NA,"B","B13","U111",1.471,0.06,c(11.25737805, 54.74349141)
44042974,411,"1",5.6,6.3,8.99,20.3,NA,62.8,2,145.5,NA,NA,"B","B11","U111",0.983,0.12,c(11.15452498, 49.87265039)
44043276,104,"1",3,3.49,12.43,93.2,NA,31.4,3.7,75,NA,NA,"C","C22","U120",0.571,0.02,c(11.22465385, 52.58686347)
44062500,1140,"1",6.2,6.54,113.4,94.7,6,49.6,10.4,278,NA,NA,"E","E20","U111",0.615,0.16,c(11.08808544, 45.60693326)
44062504,1383,"2",4.7,4.9,37.12,59.3,1,NA,6.2,139,NA,NA,"E","E20","U111",0.647,0.09,c(11.0888012, 45.64296961)
44062508,1500,"3",6,6.07,44.61,60.2,NA,NA,6.3,218.4,NA,NA,"E","E20","U111",0.693,0.61,c(11.08951819, 45.67900513)
44062594,1093,"1",7,7.34,44.83,47,40,36.1,3.4,194,NA,NA,"B","B73","U111",1.227,0.66,c(11.10523627, 46.45357238)
44062810,496,"1",6,6.4,16.68,14.4,NA,52.4,1.7,218,1.1,3.9,"B","B11","U111",1.5855,0.08,c(11.14743365, 48.39752894)
44082612,516,"4",6.1,6.02,29.17,24,NA,27.4,2.6,129.8,0.4,0.7,"B","B71","U111",1.345,0.31,c(11.13468217, 46.61537352)
44102458,62,"1",7.3,7.41,32.11,26.4,48,17.6,2.6,175.3,NA,NA,"B","B16","U111",1.247,0.04,c(11.13149059, 45.22796562)
44102480,125,"2",7.4,7.54,17.92,26.5,221,145.6,0.9,107.6,NA,NA,"B","B82","U111",0.8535,0.17,c(11.13555476, 45.42620225)
44122502,1178,"1",6.6,6.98,78.43,78.1,11,20.6,8.3,160.8,NA,NA,"E","E20","U111",0.6995,0.16,c(11.16526398, 45.62413413)
44123180,174,"1",6.3,6.79,9.96,15,NA,46.4,1.7,184.8,0.5,1.4,"B","B13","U111",1.29,0.08,c(11.31699651, 51.72299169)
44123522,19,"1",5.7,6.49,7.88,9.3,NA,33,1.1,87.5,0.7,1.6,"B","B13","U111",1.6315,0.03,c(11.41443601, 54.79573588)
44142272,328,"1",7.4,8.33,16.16,8.2,96,NA,0.9,173.7,4.3,3.4,"B","B82","U111",1.238,0.03,c(11.1479634, 43.55029906)
44143298,49,"1",5.1,5.39,24.9,212,NA,27.8,17.8,109.2,NA,NA,"C","C10","U111",0.5535,0.01,c(11.37836254, 52.78292374)
44162580,413,"1",7.7,7.98,27.85,37.1,247,NA,1.7,163.6,NA,NA,"B","B82","U111",1.12,0.17,c(11.2323399, 46.32609054)
44163086,403,"1",4.7,5.22,9.23,33.7,NA,10.6,2.3,330,NA,NA,"C","C31","U120",1.016,0.19,c(11.34982453, 50.87757821)
44163400,44,"2",4.8,5.67,5.72,12.9,NA,74,1.4,168.7,NA,NA,"E","E20","U341",1.1135,0.07,c(11.43825375, 53.69897082)
44182560,1191,"1",4.3,4.76,11.23,33.1,NA,NA,1.5,43.7,NA,NA,"C","C23","U111",0.967,0.03,c(11.2540744, 46.1456826)
44202498,554,"2",6.7,6.97,40.6,58.8,6,89.1,5,384.2,NA,NA,"C","C10","U120",0.6175,0.45,c(11.2668555, 45.58692231)
44202554,866,"1",4.5,5.14,12.66,12.8,1,65.8,1.5,307.5,NA,NA,"C","C23","U120",0.9855,0.3,c(11.27864688, 46.09134043)
44203300,33,"1",5.7,6.28,9.86,9,NA,25.5,0.9,37.8,0.7,1.5,"B","B21","U111",1.7705,0.06,c(11.46787002, 52.7998373)
44222484,96,"1",6.8,7.29,24.29,18.6,5,117.4,2.1,1112.7,0.5,2.7,"B","B73","U111",0.9475,0.01,c(11.2894817, 45.46048363)
44223286,30,"1",4.5,5.29,6.94,17.1,NA,33.2,1.7,164.4,NA,NA,"E","E20","U111",1.3715,0.03,c(11.49322517, 52.67368988)
44242414,57,"1",7.1,7.82,15.22,23,132,18.5,2.2,397.2,NA,NA,"C","C10","U420",1.2785,0.03,c(11.30017325, 44.82936525)
44242446,54,"1",7.2,7.61,29.49,57.5,17,88.6,5,263.8,NA,NA,"B","B33","U111",1.1355,0.02,c(11.30690176, 45.1177666)
44242450,56,"1",7.5,7.68,22.6,45.5,566,39.2,3.8,325.3,NA,NA,"B","B75","U111",1.0675,0.04,c(11.30774925, 45.1538127)
44242558,1405,"1",3.9,4.46,6.22,31.7,NA,NA,1.2,82.8,NA,NA,"C","C31","U120",0.6745,0.11,c(11.33118763, 46.12673203)
44242606,856,"1",6.1,6.5,35.51,26.7,1,26.4,3.2,237.6,NA,NA,"E","E20","U111",1.038,0.13,c(11.34196019, 46.55895038)
44244052,154,"1",3.6,4.26,6.58,56.3,NA,NA,2.2,47,4.6,5.3,"F","F30","U120",1.02,0.2,c(11.81758054, 59.55679749)
44262222,474,"1",4.1,4.8,8.1,62.3,NA,NA,2.7,91.9,NA,NA,"C","C33","U120",0.803,0.23,c(11.28613382, 43.09734441)
44262496,329,"1",6.4,6.76,29.24,30.2,2,61.7,3.5,147.9,NA,NA,"E","E20","U111",0.858,0.5,c(11.34317957, 45.56795802)
44262538,1496,"1",5.6,5.86,47.73,67.1,1,NA,6.5,143.4,NA,NA,"E","E20","U111",0.6235,0.06,c(11.35252233, 45.94628339)
44262618,1207,"1",4.1,4.71,11.12,54.9,NA,19,3.3,83.9,NA,NA,"C","C21","U120",0.7315,0.05,c(11.37079401, 46.66665852)
44264058,128,"1",4.5,5.07,8.78,61,NA,43.9,4.3,78.2,NA,NA,"E","E20","U370",0.849,0.02,c(11.85576832, 59.61029457)
44282288,250,"1",7.2,7.98,19.73,12.1,212,12.3,1.7,161.1,NA,NA,"B","B82","U111",1.113,0.37,c(11.3240294, 43.69256742)
44282494,162,"1",7.7,8,19.48,48.5,191,10,1.1,112.2,NA,NA,"E","E30","U318",0.8455,0.04,c(11.36830993, 45.54961253)
44283610,29,"1",7,7.41,22.9,15.7,7,23.5,1.9,70.6,NA,NA,"B","B14","U111",1.8835,0.06,c(11.69596674, 55.58324201)
44302538,1343,"2",5.6,5.79,79.1,148.4,4,10.5,7,224.2,NA,NA,"C","C21","U120",0.3645,0.05,c(11.40403658, 45.94561625)
44304076,224,"1",2.8,3.76,29.3,507.6,NA,40.4,15.9,189.5,NA,NA,"C","C31","U120",0.13,0.25,c(11.93556133, 59.77122432)
44322650,1296,"1",6.1,6.44,34.1,30,NA,17.6,3.3,45.5,NA,NA,"E","E20","U111",0.8645,0.18,c(11.45702478, 46.95369155)
44342190,333,"1",7.4,8.26,16.3,10.4,319,NA,1.2,151.1,NA,NA,"E","E30","U112",1.553,0.17,c(11.37738158, 42.80721689)
44342402,57,"4",7.3,8.25,13.17,10.1,80,14,1.3,164.5,0.7,1.9,"B","B11","U111",1.2315,0.06,c(11.42363621, 44.71955881)
44342474,178,"1",7.3,7.92,17.65,25.6,81,11.5,2.7,207.2,NA,NA,"B","B52","U111",0.972,0.52,c(11.44030106, 45.36840765)
44343058,423,"1",6.6,6.9,10.72,29.8,1,35.7,3.1,293.1,1.5,4.5,"B","B32","U111",1.1575,0.4,c(11.5968954, 50.62267109)
44362440,52,"1",7.3,7.87,17.98,17.2,58,15.8,1.2,126.9,NA,NA,"B","B43","U111",1.223,0.04,c(11.45771434, 45.06169448)
44382616,1557,"1",4.5,5.23,4.38,23.3,NA,NA,1.2,95.4,NA,NA,"C","C22","U120",0.899,0.04,c(11.52690187, 46.64654503)
44384020,144,"2",4.6,5.19,9.15,112.6,NA,11.2,4.7,88.8,NA,NA,"C","C22","U120",0.363,0.08,c(12.04740457, 59.26560831)
44402394,52,"4",7.4,8.14,22.05,10.8,132,NA,1.3,225.9,1.1,3.2,"B","B16","U111",1.292,0.1,c(11.49729349, 44.64639033)
44402962,513,"1",5.3,5.94,9.08,43.4,NA,13,3.6,95.3,NA,NA,"E","E20","U111",1.052,0.08,c(11.65145058, 49.75858497)
44403106,161,"1",7.2,7.72,16.04,21,17,27.8,2,284.6,NA,NA,"B","B11","U111",1.4115,0.01,c(11.69728887, 51.05282373)
44403826,23,"1",5,5.37,35.7,54.8,NA,31.5,5,362.3,NA,NA,"C","C10","U420",0.793,0.14,c(11.98376598, 57.52125788)
44403838,67,"3",4.2,4.78,19.8,187.3,NA,30.6,9.2,159,NA,NA,"C","C32","U362",0.409,0.07,c(11.98954786, 57.62909713)
44422216,637,"1",6.4,6.89,29.25,50.1,3,34.7,4.7,171.3,NA,NA,"B","B81","U111",0.6365,0.28,c(11.48071891, 43.04053427)
44422522,1080,"3",7.2,7.65,36.21,29.4,347,NA,2.8,146.3,NA,NA,"E","E10","U111",0.851,0.04,c(11.55444825, 45.79936072)
44442424,52,"3",7.5,8.13,21.48,11.4,116,NA,1,100.4,NA,NA,"B","B33","U111",1.319,0.07,c(11.55507578, 44.91604943)
44442510,143,"1",7.3,7.44,24.93,19.6,3,49.3,2.4,378,NA,NA,"B","B33","U111",0.9765,0.36,c(11.57700986, 45.69089532)
44444080,120,"1",3.8,4.32,12.26,62.4,NA,14.3,3.8,98.4,NA,NA,"C","C31","U120",0.731,0.07,c(12.18632322, 59.80354236)
44463286,30,"1",6.5,6.9,8.69,17.1,1,48.3,2,137.5,NA,NA,"B","B14","U111",1.446,0.04,c(11.84792247, 52.668736)
44464042,231,"1",4.2,4.67,59.8,398.4,NA,17.7,22,153,NA,NA,"C","C21","U120",0.176,0.05,c(12.19983093, 59.46127562)
44482376,65,"3",7.4,8.09,16.05,7.1,133,NA,1.2,260.6,NA,NA,"B","B12","U111",1.169,0.17,c(11.59334836, 44.48263875)
44482626,806,"2",7,7.4,17.29,12.4,8,39.3,1.4,96.2,1,2.3,"B","B82","U111",1.2505,0.31,c(11.66018396, 46.73463293)
44482636,1515,"3",5.5,5.74,31.48,31.8,NA,42.6,2.9,79.7,NA,NA,"E","E20","U111",0.853,0.11,c(11.66301037, 46.82464674)
44482834,456,"1",6.2,6.6,19.3,20.2,NA,49.2,2.2,320.2,0.9,2.7,"B","B53","U111",1.3475,0.07,c(11.72163603, 48.60605049)
44483006,528,"1",4.6,5.39,6.58,36,NA,15.3,3,50.3,NA,NA,"E","E20","U111",0.969,0.2,c(11.77702961, 50.15241221)
44483096,291,"1",7.1,7.46,29.3,36.5,35,66.5,3.7,454.8,NA,NA,"B","B55","U111",1.366,0.11,c(11.80784457, 50.96123993)
44483176,70,"1",5.9,6.58,7.19,19.1,NA,67.9,1.9,290.2,0.9,1.2,"B","B11","U111",1.437,0.06,c(11.83637585, 51.68005903)
44484206,405,"1",3.4,4.26,7.82,55.6,NA,11.1,2.5,87.2,NA,NA,"C","C32","U120",0.1455,0.12,c(12.33543613, 60.93579568)
44522366,95,"1",7.3,8,14.21,10.4,15,12.6,1.3,167.5,NA,NA,"B","B52","U111",1.227,0.1,c(11.64091092, 44.39170781)
44522402,47,"1",7.5,7.87,26.16,12.7,152,15.4,1.7,422.8,NA,NA,"B","B71","U111",1.386,0.13,c(11.6503514, 44.7162227)
44522406,49,"3",7.2,7.72,25.88,26.3,106,44.2,2.8,327.4,NA,NA,"B","B72","U111",0.9075,0.02,c(11.65140918, 44.75227515)
44522550,1077,"1",6.8,7.08,24.4,46,10,NA,3.3,242.2,NA,NA,"C","C10","U120",0.816,0.06,c(11.69071146, 46.04956663)
44542404,43,"1",7.4,8.16,17.39,16.2,106,NA,1.5,224.3,NA,NA,"B","B11","U111",1.3015,0.01,c(11.67607717, 44.73384784)
44544060,220,"2",4,4.83,4.69,46.2,NA,NA,1.7,34.2,NA,NA,"C","C33","U120",0.948,0.43,c(12.3515507, 59.62082053)
44562976,434,"1",6.7,7.06,14.01,36.5,37,14.4,3.4,185.6,NA,NA,"E","E20","U111",1.1375,0.08,c(11.87831359, 49.8809741)
44564034,184,"1",3.8,4.38,7.17,39.1,NA,NA,1.7,52.3,NA,NA,"C","C21","U120",0.877,0.32,c(12.3707565, 59.38645437)
44564074,65,"2",4.5,4.93,8.96,64.7,NA,NA,5.6,265.7,NA,NA,"E","E20","U420",0.87,0.02,c(12.39567782, 59.74610353)
44582206,715,"1",7,7.46,23.94,41.3,162,NA,4.5,297.7,NA,NA,"E","E20","U111",0.8775,0.12,c(11.67391239, 42.9472498)
44582466,48,"1",7.1,7.5,25.85,86.4,4,15.2,6.1,311,NA,NA,"B","B13","U111",0.886,0.26,c(11.74384273, 45.29171534)
44602356,156,"1",7.3,7.98,16.98,18.6,213,NA,1.7,281.9,NA,NA,"B","B52","U111",1.3355,0.1,c(11.7383337, 44.29992411)
44602522,198,"1",7.1,7.67,21.29,31.7,24,NA,2.2,157.1,NA,NA,"E","E20","U111",1.22,0.23,c(11.78561669, 45.79572471)
44602536,1412,"1",5,5.31,37.7,44.5,NA,10.2,3.9,172,NA,NA,"C","C10","U120",0.762,0.04,c(11.78975944, 45.92180714)
44603022,428,"1",6.4,6.86,15.1,18.1,NA,34.3,2,113.3,NA,NA,"B","B13","U111",1.2015,0.36,c(11.9507598, 50.29347128)
44603962,132,"1",4.9,5.57,7.44,20.5,NA,19.6,1.3,213,NA,NA,"C","C21","U120",0.825,0.47,c(12.39629665, 58.73801644)
44604030,175,"2",3.3,4.05,6.33,72.8,NA,10.8,2.5,63.6,NA,NA,"C","C22","U120",0.793,0.14,c(12.43841564, 59.34927605)
44604052,189,"1",3.7,4.34,5.01,27.3,NA,13.9,1,31,NA,NA,"C","C31","U120",1.0335,0.24,c(12.45241591, 59.54706603)
44604070,57,"1",4.5,5.06,4.81,23.7,NA,NA,1.2,23.5,NA,NA,"C","C21","U120",1.013,0.05,c(12.46401093, 59.70890563)
44604174,450,"1",3,3.97,4.88,59.3,NA,NA,1.7,68.9,NA,NA,"C","C22","U120",0.163,0,c(12.53358646, 60.6441972)
44623090,250,"2",6.1,6.5,15.34,16.1,NA,29.8,1.7,291.5,NA,NA,"B","B13","U111",1.621,0.07,c(12.00472116, 50.90404692)
44624094,111,"1",4.1,4.78,8.02,34.3,NA,10.7,2.7,83.4,NA,NA,"C","C10","U120",0.169,0.13,c(12.51532032, 59.92407509)
44624292,657,"1",4.1,4.72,5.52,102.8,NA,NA,2.2,63.5,NA,NA,"D","D10","U120",0.551,0.06,c(12.65590912, 61.70522788)
44624422,744,"1",3.7,4.48,7.89,37.6,NA,27.1,2,96.2,NA,NA,"C","C31","U120",0.581,0.04,c(12.75856556, 62.87560031)
44643268,31,"1",6.2,6.57,5.48,10.1,NA,22.5,1.1,91.3,0.5,2.4,"B","B14","U111",1.603,0.01,c(12.10614742, 52.50264897)
44643358,72,"1",6.6,6.98,14.65,13.1,3,57.1,1.4,179.2,1,2.3,"B","B16","U111",1.5555,0.07,c(12.14558376, 53.31102703)
44644312,556,"1",3.2,4.02,24.4,516.5,NA,36.2,22.4,180.9,NA,NA,"C","C32","U120",0.099,0.21,c(12.70898146, 61.88454559)
44662456,47,"2",7.4,8.32,12.5,13.9,97,12.5,0.9,68.8,NA,NA,"B","B82","U111",1.1905,0.03,c(11.84264, 45.19988822)
44662492,66,"1",7.4,8.09,18.17,15,43,NA,1.5,95.1,NA,NA,"B","B16","U111",1.095,0.06,c(11.85349343, 45.52419711)
44663338,72,"1",5.7,6.24,10.82,10.8,NA,30.5,1.1,152.4,NA,NA,"B","B18","U111",1.516,0.03,c(12.16653167, 53.13086078)
44663914,113,"1",3.2,4.16,14.99,520.6,NA,51.4,16.5,306.5,NA,NA,"C","C23","U120",0.1185,0.04,c(12.46969346, 58.30478636)
44663942,65,"1",5.5,5.96,11.29,28.6,NA,37.7,2.5,116.6,4,3,"B","B13","U111",1.106,0.08,c(12.48706621, 58.55641537)
44682440,45,"2",7.3,7.92,17.36,13.2,65,15.6,1.5,145.9,NA,NA,"B","B33","U111",1.2305,0.03,c(11.86321028, 45.05528104)
44683766,10,"1",4.9,5.52,35.1,89.7,NA,46.7,6.7,163.1,NA,NA,"B","B55","U111",0.529,0.11,c(12.4152404, 56.97442991)
44683820,72,"1",4,4.63,19.06,68.5,NA,28.2,4.5,85.5,NA,NA,"C","C10","U120",0.7255,0.21,c(12.4466617, 57.45955205)
44683856,107,"2",3.6,4.15,28.3,175.5,NA,29.1,10.1,119.4,NA,NA,"C","C31","U120",0.513,0.13,c(12.46815282, 57.78299671)
44684198,416,"1",3.7,4.39,24.4,120.3,NA,21.2,4.9,122.5,NA,NA,"C","C21","U120",0.427,0.15,c(12.696937, 60.85741998)
44702302,1257,"1",4.2,4.98,6.41,48.2,NA,NA,3.1,262.8,NA,NA,"C","C10","U420",0.6925,0.03,c(11.84761294, 43.81083737)
44702374,45,"2",7.4,8.17,19.71,16.8,118,30.4,1.5,322,NA,NA,"B","B12","U111",1.2635,0.1,c(11.86867649, 44.46002062)
44702410,39,"1",7.3,7.9,59.04,19.2,76,27.7,2.2,300,0.6,2,"B","B16","U111",1.1935,0.18,c(11.8794485, 44.78449289)
44723916,6,"1",6.1,6.6,10.86,22.7,NA,25.9,2.2,173.1,2.1,2.7,"B","B11","U111",1.1975,0.03,c(12.57308487, 58.32085225)
44724132,204,"2",3.2,4.22,7.34,56.8,NA,NA,2.2,103.4,NA,NA,"C","C31","U120",0.7725,0.07,c(12.7209965, 60.26245602)
44742228,301,"2",7.5,8.25,16.12,11,66,12.5,1.4,145.7,0.7,1,"B","B82","U111",1.2355,0.06,c(11.87562845, 43.14238228)
44742400,37,"1",7,7.28,152.9,87.3,41,25.4,6.8,375.8,NA,NA,"B","B19","U111",0.885,0.06,c(11.92679529, 44.6934523)
44743884,125,"4",3.7,4.33,9.14,67.6,NA,NA,2.9,124.8,NA,NA,"D","D10","U120",0.6775,0.02,c(12.58652969, 58.03266784)
44743890,63,"1",5.8,6.28,12.91,38.6,NA,20,3.3,163,NA,NA,"E","E20","U111",1.1025,0.1,c(12.59036415, 58.08657825)
44744208,455,"1",3.1,3.99,6.56,38.5,NA,NA,1.2,39.7,NA,NA,"C","C22","U120",0.929,0.05,c(12.81464669, 60.94526658)
44762530,205,"1",7,7.12,32.3,53.2,15,NA,4.7,146.7,NA,NA,"C","C10","U420",1.0135,0.69,c(11.99371079, 45.86411304)
44762764,446,"1",6.1,6.4,44.6,87.3,1,52.1,9,156.5,NA,NA,"E","E20","U111",0.662,0.18,c(12.07502674, 47.97000493)
44782216,329,"1",7.4,7.97,47.79,7.4,118,NA,0.9,249.4,0.5,2.9,"B","B82","U111",1.3025,0.12,c(11.92112097, 43.03318467)
44782356,59,"1",7.2,7.91,23.12,34.3,160,91.4,3.1,546,NA,NA,"B","B75","U111",1.2445,0.13,c(11.96335881, 44.29591156)
44783296,25,"1",6,6.44,7.39,17.6,2,84.3,1.8,48.5,NA,NA,"E","E20","U111",1.399,0.03,c(12.32547864, 52.75030802)
44783818,96,"1",4.6,5.25,23.8,59.1,NA,16.9,5,136.6,NA,NA,"E","E20","U111",0.6735,0.05,c(12.61170075, 57.43840736)
44802442,49,"1",7.2,7.76,25.33,22.2,66,35.6,2.1,186.5,1.9,2.8,"B","B16","U111",1.226,0.03,c(12.0158999, 45.07049196)
44802636,1146,"1",6.2,6.69,20.82,21.6,1,104.7,2.3,179.5,NA,NA,"E","E20","U111",1.252,0.21,c(12.08186335, 46.81737776)
44803324,44,"1",5.9,6.43,12.38,7.9,NA,31.4,1,124.3,1,1.6,"B","B21","U111",1.842,0.05,c(12.36869996, 53.00119596)
44804076,143,"1",4.1,4.76,11.12,157,NA,22.7,7.9,94.2,NA,NA,"C","C31","U120",0.6225,0.11,c(12.8226503, 59.75615118)
44823334,56,"1",4.6,5.14,10.87,8.7,NA,47.3,0.9,44.1,NA,NA,"B","B16","U111",1.4895,0.1,c(12.40344626, 53.09041263)
44824420,612,"1",4.9,5.49,13.38,58.8,NA,21.6,2.9,231.3,NA,NA,"C","C22","U120",0.553,0.14,c(13.14746909, 62.85001611)
44843230,139,"1",5.9,6.52,4.84,5.3,NA,23,0.6,294.8,1,1.7,"B","B13","U111",1.617,0.07,c(12.38215234, 52.15579274)
44844134,355,"1",3.8,4.69,4.99,27.3,NA,20.3,1.4,36.9,NA,NA,"C","C22","U120",0.943,0.06,c(12.93857536, 60.27612864)
44844188,475,"1",3.7,4.58,16.35,436.1,NA,31.3,13.1,757.5,NA,NA,"C","C23","U120",0.727,0.07,c(12.98195176, 60.76169898)
44862512,99,"4",7,7.47,16.68,16.5,1,24.3,2,115.9,1.6,4.1,"B","B16","U111",1.228,0.46,c(12.11597944, 45.69953101)
44862602,1231,"4",6.3,6.54,91.1,222.9,18,13,10.2,310.2,NA,NA,"C","C21","U120",0.385,0.06,c(12.14797108, 46.50982643)
44863766,60,"4",5.1,5.75,7.9,27.1,NA,102.7,2.5,170.2,NA,NA,"E","E30","U420",1.031,0.07,c(12.71072576, 56.9686447)
44864414,622,"1",3.5,4.22,15.59,195.7,NA,22.8,7.9,249.6,NA,NA,"C","C23","U120",0.3365,0.13,c(13.21978946, 62.79436511)
44882226,308,"1",6.9,7.59,32.11,21.5,33,NA,2.4,122.1,NA,NA,"E","E20","U111",0.777,0.03,c(12.04656002, 43.12103955)
44882352,61,"4",7.4,8.16,14.72,15.1,117,NA,1.6,299.7,NA,NA,"E","E30","U112",1.159,0.1,c(12.08703989, 44.25741307)
44883234,129,"1",4.1,4.64,3.78,7.8,NA,21.2,0.6,27.2,NA,NA,"C","C22","U120",1.55,0.09,c(12.44253493, 52.19052828)
44884030,78,"1",4.2,4.97,10.19,54.6,NA,NA,3.4,180.1,NA,NA,"C","C31","U120",0.1015,0.05,c(12.92910338, 59.33976986)
44884274,537,"1",3.7,4.38,3.79,21.2,NA,NA,0.8,31.4,NA,NA,"C","C22","U120",0.807,0.19,c(13.12903263, 61.53366682)
44904150,167,"1",3.1,4.06,14.89,451.3,NA,50.1,13.2,270,NA,NA,"C","C22","U420",0.7015,0,c(13.05977804, 60.41769988)
44922166,545,"2",5.7,6.31,6.35,22.4,NA,18.2,2.1,204.3,NA,NA,"B","B52","U111",1.166,0.16,c(12.07656224, 42.5785452)
44922328,269,"1",7.3,7.85,105.5,11.6,269,NA,1.1,460.8,NA,NA,"B","B52","U111",1.1615,0.2,c(12.12894364, 44.04002771)
44922480,45,"4",7.1,7.77,19.53,31.7,92,13.1,2.1,129.7,NA,NA,"B","B16","U111",1.2385,0.06,c(12.18140482, 45.40977032)
44922558,440,"1",5.9,6.38,34.11,50.5,NA,NA,5.4,103.5,NA,NA,"E","E20","U111",0.9105,0.12,c(12.20966986, 46.11215657)
44922728,669,"1",5.3,5.71,26.7,46.6,NA,17.5,5.3,138.8,NA,NA,"E","E20","U111",0.926,0.11,c(12.27469785, 47.64196001)
44923890,48,"1",5.3,5.85,8.64,16.2,NA,22.2,1.7,75.7,1.7,6.4,"B","B11","U111",1.198,0.09,c(12.89480327, 58.08036261)
44923902,46,"1",4.9,5.69,5.4,21.1,NA,56.1,1.4,95.7,NA,NA,"E","E30","U112",1.2905,0.02,c(12.90341614, 58.18816487)
44924046,39,"1",3.5,4.15,5.61,43.6,NA,12.6,1.8,42.8,NA,NA,"C","C22","U120",0.545,0.23,c(13.01167456, 59.48206395)
44924280,547,"1",3.5,4.36,2.8,29,NA,13.8,1,24.5,NA,NA,"C","C22","U120",0.892,0.04,c(13.20932085, 61.5860245)
44942142,426,"1",6.2,6.91,14.14,13.4,1,NA,1.5,665.8,NA,NA,"B","B81","U111",0.9335,0.23,c(12.09328204, 42.36137391)
44942422,40,"1",7.3,8.23,9.03,5.1,53,53.6,0.5,55.3,1.5,1,"B","B45","U111",1.314,0.01,c(12.18625163, 44.88674217)
44942974,557,"1",5.6,6.08,14.02,50.6,NA,21.9,4.5,151.4,NA,NA,"E","E20","U111",0.96,0.13,c(12.40581971, 49.85303262)
44943874,126,"1",3.8,4.78,6.75,19,NA,NA,1,52.3,NA,NA,"E","E10","U120",0.995,0.07,c(12.91710018, 57.93590108)
44962522,107,"1",7.2,7.73,20.3,46.9,57,38.2,2.9,159.5,NA,NA,"B","B51","U111",1.301,0.52,c(12.2478603, 45.78694333)
44963130,173,"1",4.2,4.63,9.83,65.2,1,28.8,3.6,67.1,NA,NA,"C","C10","U120",0.824,0.14,c(12.50721986, 51.25398038)
44963904,47,"1",3.6,4.29,5.69,22.1,NA,30.6,1.5,53.9,NA,NA,"C","C32","U120",0.925,0.02,c(12.97273126, 58.20465152)
44963908,43,"1",4.9,5.22,10.54,28.9,NA,25,1.8,103.9,NA,NA,"E","E20","U111",1.103,0.01,c(12.97568627, 58.24058481)
44964210,427,"1",3.4,4.3,12.63,440.3,NA,14.7,9.8,577.7,NA,NA,"C","C22","U420",0.5785,0.02,c(13.22061885, 60.95480426)
44982564,567,"1",5,5.71,8.98,61.6,NA,NA,4.3,129.8,NA,NA,"C","C31","U120",0.8095,0.18,c(12.2894517, 46.16453805)
44983828,160,"1",3.4,4.08,4.59,27.2,NA,NA,1.3,23.3,NA,NA,"C","C21","U120",0.802,0.12,c(12.95117894, 57.52124378)
45002386,42,"1",7.4,8.16,17.57,19.8,211,NA,1.7,167.8,NA,NA,"B","B12","U111",1.236,0.07,c(12.24903414, 44.56073557)
45002638,1827,"1",5.2,5.67,39.2,53.8,NA,41.7,3.2,239.8,NA,NA,"C","C21","U120",0.364,0.15,c(12.34438732, 46.8300065)
45003106,195,"1",6.8,7.13,20.6,12.9,NA,57.4,1.3,310.8,NA,NA,"B","B23","U111",1.3375,0.2,c(12.55253496, 51.03715458)
45004036,56,"1",4.6,5.34,18.72,19.1,NA,NA,1.8,73,NA,NA,"E","E20","U111",1.0865,0.05,c(13.14420506, 59.38908054)
45004078,53,"2",3.6,4.33,5.64,19.5,NA,NA,0.9,36.3,NA,NA,"C","C31","U120",0.77,0.06,c(13.17893007, 59.76652439)
45004144,324,"2",3.8,4.57,4.09,48.2,NA,NA,1.9,62.7,NA,NA,"C","C23","U120",0.253,0.07,c(13.23534093, 60.35976101)
45023176,179,"1",3.5,3.91,7.99,32.3,NA,19.2,1.7,33.6,NA,NA,"C","C10","U120",0.9625,0.05,c(12.61667231, 51.66525261)
45023284,34,"2",6.9,7.31,9.13,20.1,8,39.9,2.3,68.6,1.1,7.5,"B","B16","U111",1.3955,0.01,c(12.67411138, 52.63512968)
45023756,160,"1",3.1,4.33,17.3,252.7,NA,38.2,11.6,263.3,NA,NA,"C","C21","U120",0.12,0.19,c(12.96627352, 56.87314155)
45024130,258,"1",3,4.1,18.7,457.4,NA,36.4,21.2,189.1,NA,NA,"C","C31","U120",0.2185,0.11,c(13.25914422, 60.23308831)
45042534,88,"1",7.2,7.81,19.24,26.7,17,43.3,2.1,276.5,NA,NA,"B","B82","U111",1.3335,0.09,c(12.35523249, 45.89276465)
45044198,441,"1",3.1,4.01,11.87,498.85,NA,51.75,12.1,465.4,NA,NA,"C","C22","U120",0.0665,0.13,c(13.35651524, 60.84355663)
45062500,44,"1",7.6,8.26,16.18,37.7,177,16.8,1.4,195.2,NA,NA,"E","E30","U112",1.4685,0.06,c(12.36764265, 45.58604515)
45062550,1344,"2",3.5,3.86,27.9,104.4,NA,38.5,6.2,129.7,NA,NA,"C","C10","U120",0.5845,0.04,c(12.38729114, 46.03623942)
45062554,1186,"1",5.2,5.57,50.2,67.3,NA,31.5,5.4,376.8,NA,NA,"C","C10","U120",0.646,0.03,c(12.38888137, 46.07224928)
45063274,29,"1",3.3,3.86,6.33,27.5,NA,31.9,1.7,54.9,NA,NA,"C","C32","U120",1.32,0.05,c(12.727588, 52.54400022)
45063428,20,"1",6.1,6.7,16.51,115.1,1,42.7,9.7,29.5,NA,NA,"E","E20","U111",0.7445,0.05,c(12.81654292, 53.92671596)
45063878,199,"1",2.8,3.62,25,308.3,NA,60.6,12.5,179.1,NA,NA,"C","C21","U120",0.1835,0.11,c(13.12226836, 57.96727018)
45064062,152,"1",3.4,4.5,17.61,69.9,NA,25.5,3.4,93.6,NA,NA,"C","C23","U120",0.4865,0.06,c(13.27155955, 59.62028477)
45064102,244,"1",3.9,4.58,5.37,24.5,NA,29.3,1,80,NA,NA,"F","F40","U120",0.837,0.15,c(13.30626029, 59.97975594)
45102102,158,"1",6.1,6.91,15.34,7.8,1,14.1,1,490.7,NA,NA,"B","B14","U111",1.2365,0.07,c(12.27320449, 41.99599202)
45102336,65,"1",7.2,7.89,26.83,21.7,267,NA,2.2,127.3,NA,NA,"E","E20","U361",1.148,0.1,c(12.35588371, 44.10729274)
45102516,58,"1",7.1,7.41,27.16,52.6,263,16,2.1,87.4,NA,NA,"B","B82","U111",1.076,0.01,c(12.42518048, 45.72896114)
45103836,154,"1",4.1,4.82,8.75,64.9,NA,11.8,3.4,52.7,NA,NA,"C","C21","U120",0.51,0.21,c(13.15712854, 57.5884867)
45104136,133,"1",3.7,4.19,15.25,28.3,NA,25,2.5,34.4,NA,NA,"C","C10","U120",0.154,0.08,c(13.40846592, 60.28363335)
45122134,293,"1",5.8,6.63,16.53,5.4,NA,69.6,0.8,5093.1,1.7,2.3,"B","B74","U111",1.0135,0.14,c(12.30820931, 42.28439874)
45122296,657,"1",7.6,7.96,23.43,12.9,245,NA,1.5,460.7,NA,NA,"B","B12","U111",0.6,0.46,c(12.36594285, 43.74608727)
45122434,43,"1",7.2,7.83,17.79,16.3,158,NA,1.8,187.9,NA,NA,"B","B55","U111",1.321,0.08,c(12.41826453, 44.98985563)
45122530,63,"1",7.4,7.91,21.05,28.1,189,23.7,1.8,233.3,NA,NA,"E","E30","U112",1.4045,0.13,c(12.45650236, 45.85442264)
45122538,78,"1",7,7.45,30.46,79.9,114,265.9,5.1,314.4,NA,NA,"B","B16","U111",1.247,0.13,c(12.45976033, 45.92644718)
45123304,45,"1",5.8,6.17,21.8,241.3,1,11.7,18.8,70.1,NA,NA,"E","E20","U111",0.555,0.05,c(12.83330183, 52.81130913)
45123664,69,"1",4.6,5,24.06,22.1,NA,45.5,2.1,48.1,NA,NA,"B","B53","U111",1.205,0.21,c(13.06361708, 56.04329814)
45123700,130,"1",3.4,4.15,10.78,96.5,NA,12,4.7,69.1,NA,NA,"C","C10","U120",0.577,0.06,c(13.08917569, 56.36651398)
45123718,0,"1",5,5.78,12.04,34.9,NA,105.4,2.3,53.3,NA,NA,"B","B13","U111",1.2635,0.07,c(13.10214661, 56.52812661)
45124060,91,"1",4.1,4.64,10.25,51.1,NA,NA,2.9,83.3,NA,NA,"C","C31","U120",0.733,0.08,c(13.37573996, 59.59978821)
45124114,178,"1",3.8,4.4,5.42,12.3,NA,NA,0.8,NA,NA,NA,"C","C31","U120",0.1195,0.09,c(13.42424744, 60.08504168)
45124270,530,"1",3.5,4.16,7.65,29.6,NA,NA,1,26.7,NA,NA,"C","C22","U120",0.718,0.36,c(13.57394773, 61.48742971)
45142936,561,"1",4.9,5.61,9.94,23.8,NA,26.8,2.3,78.2,NA,NA,"E","E20","U111",1.374,0.27,c(12.66485678, 49.50535005)
45143760,163,"1",3,4.01,18.62,484.6,NA,83.5,14.3,486,NA,NA,"C","C22","U120",0.073,0,c(13.16568636, 56.90444745)
45162820,488,"1",5.6,6.05,18.53,31.6,NA,46,3.3,172.1,NA,NA,"E","E20","U111",1.225,0.21,c(12.63624948, 48.46209643)
45163932,98,"1",5,5.54,10.68,19.4,NA,34.1,1.9,174.8,0.9,2.4,"B","B15","U111",1.1145,0.05,c(13.3352191, 58.44821322)
45182534,64,"1",7.4,8.17,17.27,20.6,359,NA,1.3,136.2,NA,NA,"B","B16","U111",1.58,0.11,c(12.53529771, 45.88862301)
45183250,71,"1",3.8,4.5,3.97,10.3,NA,19.3,0.7,19.2,NA,NA,"C","C22","U120",1.488,0.03,c(12.89023487, 52.32434083)
45183658,124,"1",3.8,4.18,24.9,79.8,NA,40.3,5.6,123.8,NA,NA,"C","C10","U120",0.6345,0.06,c(13.15539655, 55.98710028)
45183892,102,"1",3.6,4.48,20.7,158.4,NA,53.9,9.7,178.9,NA,NA,"C","C10","U361",0.3315,0.05,c(13.3360119, 58.08812864)
45184078,184,"1",3.4,4.3,2.5,9.4,NA,NA,0.5,18.1,NA,NA,"C","C21","U120",1.1555,0.12,c(13.49810873, 59.75891108)
45184186,321,"1",3.3,4.12,4.26,41.9,NA,19.9,1.4,59.4,NA,NA,"C","C22","U120",0.861,0.28,c(13.6009983, 60.72948505)
45202942,496,"1",6.1,6.67,6.9,17.1,NA,33.5,1.9,125.5,NA,NA,"B","B11","U111",1.3805,0.23,c(12.75068415, 49.55727805)
45203698,34,"1",2.9,3.88,15.55,298,NA,20.5,13.1,172.3,NA,NA,"C","C10","U120",0.3275,0.34,c(13.21690869, 56.34540214)
45203792,97,"1",3.9,4.68,7.06,42.6,NA,NA,2.1,37,NA,NA,"C","C31","U120",0.713,0.1,c(13.28890891, 57.18933917)
45203834,139,"1",3.9,4.28,26.1,136.1,NA,19.7,9.4,52.8,NA,NA,"C","C21","U120",0.4105,0.15,c(13.3223323, 57.56645573)
45203870,175,"1",4,4.61,24.8,56.6,NA,17.4,4.5,39.7,NA,NA,"B","B55","U111",0.943,0.05,c(13.35162691, 57.88972152)
45203882,160,"1",3.2,4.07,36.1,311,NA,34.4,15,274.2,NA,NA,"C","C21","U120",0.2425,0.08,c(13.36152768, 57.99748195)
45203924,122,"1",6.5,6.94,11.96,18,2,25.1,1.6,79.6,NA,NA,"B","B11","U111",1.1595,0.06,c(13.39672929, 58.37466557)
45204248,532,"1",3.6,4.23,7.26,64.7,NA,17.3,3.2,58.3,NA,NA,"C","C22","U120",0.142,0.25,c(13.70042709, 61.28590658)
45222326,133,"1",7.5,8.31,16.2,12.7,279,17.2,1.4,274,NA,NA,"B","B52","U111",1.3135,0.02,c(12.5014392, 44.013638)
45222602,1498,"1",6.8,7.34,25.56,55.8,59,NA,3.4,55.7,NA,NA,"E","E20","U111",1.044,0.05,c(12.61631129, 46.49943282)
45222812,417,"1",5.9,6.39,17.06,17,NA,56.9,1.8,221.6,0.8,3.1,"B","B16","U111",1.2765,0.16,c(12.71341771, 48.38822096)
45242518,46,"1",7.3,7.94,17.39,17.8,18,NA,1.9,250.4,1.5,3.7,"B","B11","U111",1.1085,0.02,c(12.60556033, 45.74271007)
45242722,639,"1",4.5,5.1,30.8,227,1,26.4,14.8,167.6,NA,NA,"E","E20","U111",0.34,0.28,c(12.69724159, 47.57832152)
45242946,493,"1",6.4,6.95,14.34,17.3,NA,27.9,2,224.9,1.1,4.5,"B","B11","U111",1.3605,0.47,c(12.80800561, 49.59185947)
45243306,46,"1",3.6,4.12,3.22,6.2,NA,50.9,0.4,14,NA,NA,"C","C22","U120",1.504,0.02,c(13.01236388, 52.82493007)
45243630,82,"1",7,7.53,10.56,14.8,10,28.8,1.7,209.8,NA,NA,"B","B13","U111",1.389,0.07,c(13.23068894, 55.73335149)
45243882,226,"1",3.7,4.38,6.97,54.1,NA,21.8,3.6,34.1,NA,NA,"C","C31","U120",0.7005,0.04,c(13.42899556, 57.99577271)
45243904,110,"1",4.8,5.39,11.66,15.3,NA,25.9,1.6,89.2,NA,NA,"B","B15","U111",1.217,0.08,c(13.44769347, 58.1933301)
45244598,295,"1",3.9,4.59,5.8,37.2,NA,14.1,1.7,30.5,NA,NA,"C","C31","U120",1.147,0.09,c(14.19117885, 64.43309527)
45264114,265,"1",3.3,4.13,9.55,70.4,NA,NA,2.7,67.6,NA,NA,"C","C31","U120",0.476,0.11,c(13.67480733, 60.07873852)
45282148,206,"1",7.2,8.07,21.16,12.3,144,NA,1.4,210.4,NA,NA,"B","B11","U111",1.591,0.03,c(12.50669872, 42.40617185)
45282274,1166,"1",6.2,6.59,22.36,82.8,1,15.1,7.3,613.3,NA,NA,"E","E20","U111",0.537,0.37,c(12.55527051, 43.54296919)
45282706,873,"1",4.3,4.84,35.7,62,NA,30.7,6.3,164.8,NA,NA,"E","E20","U111",0.8085,0.17,c(12.74270783, 47.43310202)
45283408,80,"1",6.8,7.2,12.08,9.9,NA,39.9,1,103.3,0.8,1.8,"B","B19","U111",1.538,0.06,c(13.13773966, 53.73904779)
45283926,143,"1",3.5,4.1,7.55,57.2,NA,NA,2.5,58.7,NA,NA,"C","C21","U120",0.716,0.06,c(13.53483215, 58.38913222)
45284100,266,"1",3.6,4.25,2.72,10.6,NA,NA,0.7,13.8,NA,NA,"C","C21","U120",1.077,0.14,c(13.6968032, 59.9520172)
45302988,680,"1",5.8,6.25,9.75,32,NA,28.8,3.1,68.9,NA,NA,"E","E20","U111",1.114,0.15,c(12.91364293, 49.96709777)
45303820,184,"1",3.4,4.18,5.87,27.2,NA,21.7,1.3,37.9,NA,NA,"C","C21","U120",0.82,0.05,c(13.47724057, 57.43648416)
45303910,181,"1",5.7,6.33,8.36,23.3,NA,25.9,2.3,48.5,1.6,3.2,"B","B11","U111",1.0905,0.1,c(13.55472579, 58.24456284)
45304234,467,"1",2.9,3.77,10.88,248.3,NA,14.9,5.6,264.1,NA,NA,"C","C32","U120",0.2365,0.13,c(13.87085968, 61.15523061)
45304270,531,"1",3.6,4.45,5.73,79.1,NA,24.2,2.4,57,NA,NA,"C","C22","U120",0.404,0.17,c(13.91009511, 61.47883988)
45322594,1468,"1",7.1,7.73,27.6,53.7,683,NA,3.1,32.7,NA,NA,"E","E20","U111",0.9985,0.15,c(12.74267578, 46.4241947)
45323152,180,"1",6.1,6.51,5.2,10.5,NA,17.4,0.7,36,NA,NA,"E","E20","U312",1.5605,0.23,c(13.03554683, 51.4392894)
45323652,82,"1",3.6,3.94,16.77,63.1,NA,15.8,3.7,72.8,NA,NA,"C","C10","U120",0.817,0.06,c(13.37469704, 55.92752948)
45323656,81,"1",3,3.65,34.1,320.3,NA,42.2,12.8,164.1,NA,NA,"C","C33","U120",0.251,0.01,c(13.37778498, 55.96343304)
45323868,214,"1",3.8,4.63,12.98,85.9,1,29.9,5.2,94.9,NA,NA,"C","C21","U120",0.5735,0.07,c(13.55167679, 57.86655256)
45342100,88,"1",6.7,7.57,16.27,12.1,1,19.3,1.3,269.4,1.3,3.9,"B","B55","U111",1.164,0.09,c(12.56093343, 41.97098805)
45342510,42,"1",7.4,7.99,24.06,45.2,291,17.5,2.5,227.4,NA,NA,"B","B33","U111",1.1605,0.04,c(12.73021457, 45.66745915)
45342706,717,"1",5.3,5.89,13.6,27.1,NA,NA,3.4,45.7,1.5,11.7,"E","E20","U111",1.13,0.08,c(12.82213968, 47.43107322)
45362066,107,"1",6.3,6.96,12.7,11.9,NA,NA,1.4,1232.2,4.2,1.7,"B","B52","U111",1.28,0.12,c(12.57204007, 41.6633081)
45362200,367,"1",7.2,7.95,26.2,17.6,277,11.4,1.9,281.2,NA,NA,"E","E20","U111",1.0365,0.19,c(12.62401753, 42.87299179)
45364090,226,"1",3.9,4.49,8.12,37.2,NA,NA,2.5,42.1,NA,NA,"C","C21","U120",0.8105,0.15,c(13.82924909, 59.85836452)
45364600,347,"1",4.3,4.52,55.3,395.9,NA,10.1,22,42.4,NA,NA,"C","C31","U120",0.1775,0.06,c(14.4411054, 64.44442115)
45382568,294,"1",7,7.32,40.26,78.9,17,19.3,8,144.3,NA,NA,"E","E20","U111",0.818,0.36,c(12.80832996, 46.18819758)
45382978,467,"1",5,5.77,5.59,25.7,NA,14.8,2.6,254.5,NA,NA,"E","E20","U111",1.382,0.45,c(13.01940026, 49.87435918)
45383788,129,"1",3.2,3.93,14.39,94.9,NA,24.6,3.7,66.6,NA,NA,"C","C31","U120",0.499,0.15,c(13.58251116, 57.14566911)
45383878,245,"1",4.3,4.83,38.21,417.1,NA,60.7,21.3,296.2,NA,NA,"E","E20","U111",0.3985,0.06,c(13.66147988, 57.95361164)
45383972,58,"1",3.8,4.41,14.82,85.4,NA,16.4,5.5,85.7,NA,NA,"C","C31","U120",0.508,0.1,c(13.74847259, 58.79761429)
45403874,214,"1",3.8,4.11,32.2,98.3,NA,32.1,6.5,111.5,NA,NA,"C","C31","U120",0.587,0.17,c(13.69153772, 57.91677571)
45422942,373,"3",6.9,7.26,18.26,17.3,1,38.4,1.8,195.7,NA,NA,"B","B32","U111",1.497,0.19,c(13.05447991, 49.54946768)
45423634,122,"1",5.3,5.75,17.68,19.5,NA,38.3,2,56.1,3.7,2.8,"B","B11","U111",1.2655,0.22,c(13.51993003, 55.76166946)
45423684,62,"1",4.4,5.15,5.88,48.7,NA,35.6,3.4,45.4,NA,NA,"C","C10","U120",0.811,0.13,c(13.56046093, 56.21040953)
45423958,71,"1",5.7,6.17,17.41,33.9,NA,27.9,3,177.6,1.8,3.7,"B","B32","U111",1.0595,0.06,c(13.80393381, 58.66999807)
45442766,432,"1",3.4,3.98,13.31,80.6,NA,18.4,5,99.1,NA,NA,"C","C21","U120",0.662,0.14,c(12.98566922, 47.96704562)
45443304,43,"1",3,3.58,7.12,34.8,NA,27.7,1.6,19.6,NA,NA,"C","C22","U120",1.052,0.02,c(13.30742454, 52.79916576)
45444258,570,"1",4.9,5.21,2.59,21.9,NA,NA,1.2,23.4,NA,NA,"C","C32","U120",0.75,0.17,c(14.15736441, 61.36377851)
45444294,451,"1",4.6,5.2,2.47,10.8,NA,11.7,0.7,15,NA,NA,"C","C22","U120",1.217,0.09,c(14.19986254, 61.68733738)
45462120,137,"3",7.1,7.77,21.57,16.2,6,67.9,1.8,382,NA,NA,"B","B75","U111",1.5945,0.1,c(12.71315332, 42.14777986)
45462542,94,"1",7.1,7.58,23.2,68.8,347,NA,2.1,43.8,NA,NA,"C","C10","U120",1.422,0.07,c(12.89919183, 45.95143126)
45462760,657,"1",5,5.66,10.94,25.6,NA,24.7,3,153.4,NA,NA,"E","E20","U111",1.157,0.06,c(13.00923883, 47.91237505)
45463614,71,"4",4.9,5.53,6.46,19.4,NA,69.9,1.8,173.8,NA,NA,"E","E20","U111",0.886,0.05,c(13.56734692, 55.58041262)
45463704,74,"3",2.8,3.91,16.15,519.7,NA,51.2,19.8,235.2,NA,NA,"C","C23","U120",0.1505,0.11,c(13.64162294, 56.38810394)
45463966,73,"3",3.1,3.77,18.63,465.2,NA,41.7,17.1,224.3,NA,NA,"C","C10","U120",0.1195,0.06,c(13.88049361, 58.73988835)
45464052,166,"2",3.3,4.12,5.17,51.8,NA,13.4,1.8,41.1,NA,NA,"C","C22","U120",0.892,0.13,c(13.96720937, 59.51212184)
45464154,354,"3",3.5,4.28,13.9,133.6,NA,14,5.3,138.9,NA,NA,"C","C21","U120",0.242,0.13,c(14.07611841, 60.42827314)
45482304,297,"2",7.6,8.29,33.84,5.1,501,NA,0.8,179.8,0.5,1.8,"B","B12","U111",1.231,0.04,c(12.81506071, 43.80699979)
45482530,55,"4",7.3,7.99,21.02,44.2,258,42.7,2.8,124,NA,NA,"B","B33","U111",1.1415,0.01,c(12.91912946, 45.84271796)
45482566,175,"3",7.3,7.92,15.33,49.7,237,NA,1.5,42.4,NA,NA,"B","B16","U111",1.261,0.29,c(12.93665018, 46.16672082)
45482622,771,"1",5.2,5.61,26.7,50.2,NA,11.2,3.5,89.5,NA,NA,"C","C31","U120",0.654,0.09,c(12.96445362, 46.67059222)
45483874,283,"1",4,4.61,7.76,29.6,NA,14.2,2.2,48.1,NA,NA,"C","C21","U120",0.76,0.1,c(13.82614094, 57.91299256)
45483892,72,"1",5.4,5.87,17.49,32.2,NA,32.2,2.4,84.8,NA,NA,"B","B13","U111",0.962,0.15,c(13.84313739, 58.07457186)
45484288,436,"1",4.3,4.76,2.72,8.5,NA,NA,0.5,12,NA,NA,"C","C21","U120",1.089,0.03,c(14.26773234, 61.6312487)
45502518,48,"1",7.6,7.89,26.99,55,311,17.1,1.2,96.4,0.8,3.3,"B","B16","U111",1.5665,0.05,c(12.93899463, 45.73399391)
45502702,1258,"1",4.8,5.5,7.14,16.8,NA,NA,1.9,90.5,NA,NA,"E","E20","U111",1.21,0.25,c(13.03182701, 47.38941082)
45502954,380,"1",4.8,5.57,9.3,16.1,NA,35.8,1.5,217.2,0.6,3.3,"B","B52","U111",1.338,0.11,c(13.17197492, 49.65422139)
45503652,116,"2",4.7,4.95,35.59,33.6,NA,110.2,3.3,94.4,NA,NA,"E","E20","U111",1.1445,0.18,c(13.66212724, 55.91961847)
45503854,247,"1",2.9,3.85,8.1,63,NA,16.3,2.1,62.8,NA,NA,"C","C22","U120",0.6475,0.09,c(13.84094542, 57.73250467)
45503926,79,"1",5.4,5.86,9.1,24.7,NA,18.5,2.3,132.9,NA,NA,"E","E30","U111",0.87,0.06,c(13.909812, 58.37881167)
45522910,716,"2",3.6,4.09,15.31,30.4,NA,42.7,2,76.6,NA,NA,"C","C21","U120",0.9605,0.15,c(13.17377617, 49.25817306)
45522960,335,"2",5.4,5.93,10.7,29.5,NA,11.9,2.6,238.7,NA,NA,"E","E30","U420",1.217,0.06,c(13.20321517, 49.70733735)
45523324,39,"1",3.5,3.96,14.43,55.7,NA,45.2,4.1,76.9,NA,NA,"C","C10","U120",0.9085,0.16,c(13.44005528, 52.97533354)
45542560,171,"1",7.6,7.78,26.11,26.8,77,31.4,1.7,137.5,0.7,0.8,"B","B13","U111",1.406,0.15,c(13.01118148, 46.11056617)
45544090,225,"1",5.2,5.42,27,46.6,NA,58.3,3.9,50.1,NA,NA,"E","E20","U111",0.984,0.12,c(14.14913962, 59.84926538)
45562852,335,"1",5.7,6.27,13.73,23.9,NA,45,2.6,65.4,NA,NA,"E","E20","U111",1.3185,0.05,c(13.19478697, 48.73549081)
45562946,396,"1",6.2,6.64,10.09,13.7,NA,39,1.5,157.1,0.9,3.1,"B","B15","U111",1.487,0.14,c(13.25016175, 49.58000278)
45562960,356,"1",3.2,3.73,7.9,118.1,NA,29.5,4.8,58.5,NA,NA,"C","C23","U120",0.8095,0.17,c(13.25861695, 49.70575596)
45562982,456,"1",5.3,5.82,10.9,34.1,NA,NA,3.7,65.6,NA,NA,"E","E20","U111",0.873,0.01,c(13.27201577, 49.90335581)
45563756,158,"1",3.2,3.82,14.5,76.2,NA,47.6,3.4,134.1,NA,NA,"C","C21","U120",0.393,0.12,c(13.84978183, 56.85007521)
45564112,235,"3",4,4.74,8.13,79.6,NA,NA,2.8,71.4,NA,NA,"C","C22","U120",0.318,0.12,c(14.20916286, 60.04577469)
45564170,260,"1",3,3.78,9.38,125.4,NA,14.1,3.9,116,NA,NA,"C","C32","U120",0.5205,0.13,c(14.27535203, 60.56669351)
45564266,556,"3",2.8,3.62,10.07,476.8,NA,31.7,10.6,379.2,NA,NA,"C","C33","U120",0.088,0.42,c(14.39037373, 61.4291309)
45564332,397,"3",3.9,4.56,3.24,15.1,NA,NA,0.7,19.7,NA,NA,"C","C22","U120",0.911,0.05,c(14.47368849, 62.02223889)
45564350,530,"3",3.7,4.36,5.05,22.6,NA,NA,1.5,37,NA,NA,"C","C31","U120",0.9725,0.1,c(14.49704527, 62.18402345)
45581630,104,"2",7.4,8.14,16.55,13.7,268,NA,1.3,521.1,NA,NA,"B","B82","U111",1.2235,0.01,c(12.66824548, 37.71013656)
45582938,417,"1",5.2,5.8,11.38,17.9,NA,29.3,2,183.7,NA,NA,"B","B11","U111",1.449,0.06,c(13.27294215, 49.50734391)
45583928,101,"1",3.8,4.73,11.43,82.4,NA,21.2,6.1,92.4,NA,NA,"C","C31","U120",0.558,0.28,c(14.04813904, 58.39275333)
45584576,418,"2",3.7,4.21,14.87,99.9,NA,NA,3.9,27,NA,NA,"C","C21","U120",0.4505,0.04,c(14.85683846, 64.21521251)
45601646,268,"3",7.5,8.15,18.3,15.8,168,NA,1.1,692.2,NA,NA,"B","B82","U111",1.153,0.25,c(12.6964357, 37.85463222)
45602298,130,"2",7.5,8.23,19.88,9,320,11.4,1.2,309.4,0.3,0.9,"B","B12","U111",1.0355,0.09,c(12.96097718, 43.74874531)
45602518,45,"2",7.7,8.25,22.42,34.9,362,21.2,1.4,183.9,NA,NA,"E","E30","U112",1.319,0.17,c(13.06721207, 45.73036258)
45603022,300,"4",7.2,7.52,45.9,38.5,8,61.6,4.2,2215.9,NA,NA,"B","B11","U111",0.9315,0.16,c(13.35277836, 50.26096132)
45603882,271,"2",3,3.94,5.11,27,NA,NA,1,49.8,NA,NA,"C","C22","U120",0.793,0.03,c(14.03592309, 57.97886327)
45604130,396,"3",3.6,4.46,13.94,386,NA,32.1,13.5,880.4,NA,NA,"C","C21","U120",0.0685,0.25,c(14.30126514, 60.20526407)
45622768,545,"1",4,4.41,34.8,52.3,NA,13.8,4.6,182.4,NA,NA,"E","E30","U120",0.7935,0.06,c(13.22754121, 47.97821812)
45622926,448,"1",6,6.5,21,14.4,NA,21.5,1.6,81.8,0.8,3,"B","B14","U111",1.3155,0.25,c(13.32075489, 49.39793908)
45642750,672,"1",7.2,7.47,39.8,85.8,105,10.1,4,70.8,NA,NA,"E","E20","U111",1.0685,0.29,c(13.24400882, 47.8156297)
45643686,11,"1",3.7,4.42,9.23,87.9,NA,25.7,5.1,105.4,NA,NA,"C","C10","U120",0.779,0.06,c(13.91605904, 56.21807351)
45643866,204,"1",3.9,4.41,14.63,28.3,NA,NA,2.2,130.9,NA,NA,"C","C10","U120",0.962,0.08,c(14.0872449, 57.8332268)
45662196,1252,"4",7.4,7.83,24.12,25.3,664,NA,2,228.3,NA,NA,"D","D20","U420",0.6555,0.05,c(12.98804239, 42.82680654)
45662242,418,"2",7.3,7.95,20.13,22.7,118,NA,2.3,408.9,0.5,1,"B","B52","U111",1.2815,0.08,c(13.00908502, 43.24169757)
45662592,541,"2",7,7.1,41.9,146.8,82,NA,6.9,66.5,NA,NA,"C","C22","U420",0.6845,0.2,c(13.18311355, 46.39399408)
45663622,76,"2",6.4,6.88,22.79,24.2,NA,156.8,2.5,156.3,NA,NA,"B","B11","U111",1.2,0.16,c(13.89090627, 55.64289064)
45683638,173,"1",5.1,5.34,72.5,137.3,NA,35.3,10.6,80.3,NA,NA,"C","C10","U420",0.335,0.1,c(13.93686714, 55.78546002)
45683670,-20,"2",3.1,3.87,21.2,274.8,NA,32.7,13.9,151.6,NA,NA,"C","C10","U361",0.3265,0.04,c(13.96575864, 56.07255141)
45702042,68,"3",4.7,5.67,7.08,6.6,NA,NA,0.7,63,NA,NA,"E","E20","U111",1.6455,0.1,c(12.96801816, 41.43526487)
45702780,677,"1",2.9,3.78,27,164.5,NA,48.4,8.1,117.1,NA,NA,"C","C31","U120",0.269,0.29,c(13.34162619, 48.08287618)
45702964,372,"2",5.2,5.71,8.98,28.2,NA,25.7,2.8,181.3,NA,NA,"E","E20","U111",1.198,0.18,c(13.45506618, 49.73593117)
45703360,53,"2",6.4,6.52,33.8,13.8,1,33.7,1.6,283.1,NA,NA,"B","B16","U111",1.385,0.03,c(13.73550631, 53.29039241)
45703900,150,"1",3.6,4.31,5.35,27.6,NA,NA,1.6,29.2,NA,NA,"C","C33","U120",0.9815,0.16,c(14.22313415, 58.13520457)
45704062,185,"1",3.4,4.06,3.81,21.4,NA,NA,0.9,24.1,NA,NA,"C","C31","U120",1.032,0.12,c(14.40083921, 59.58920059)
45704188,352,"1",3.9,4.55,18.75,448.2,NA,31.3,17.6,368.5,NA,NA,"C","C22","U120",0.085,0,c(14.55165529, 60.7205041)
45704742,481,"1",4.9,5.35,20,68.7,NA,10.2,4.2,50.5,NA,NA,"C","C21","U120",0.64,0.33,c(15.38696136, 65.70133524)
45721660,245,"1",7.1,7.9,15.3,10.1,5,NA,1.2,364.9,0.8,2.2,"B","B82","U111",1.454,0.24,c(12.83698262, 37.97766248)
45722614,1042,"2",5.4,5.76,57.1,113.1,NA,21.7,6.8,233.2,NA,NA,"C","C31","U120",0.1915,0.17,c(13.27310089, 46.58955263)
45723844,208,"1",4.4,5.25,2.78,4.7,NA,NA,0.3,20.8,NA,NA,"F","F40","U140",1.215,0.1,c(14.19891872, 57.63164496)
45724726,387,"2",4,4.78,9.54,54.7,NA,27.7,2.8,71.8,NA,NA,"C","C21","U120",0.734,0.17,c(15.40078257, 65.55589833)
45742046,53,"3",7.5,8.3,28.88,24.8,377,58.2,2.6,791,NA,NA,"B","B43","U111",0.9765,0.03,c(13.01741661, 41.46996371)
45742568,233,"1",4.1,4.46,17.99,23.5,NA,NA,2.1,75.9,NA,NA,"C","C10","U120",0.976,0.34,c(13.27374174, 46.17494248)
45743608,66,"1",6.7,7.24,17.91,8.7,1,122.1,1,95.7,NA,NA,"B","B32","U111",1.5025,0.03,c(14.00503424, 55.51335316)
45743978,189,"1",2.9,3.88,9.92,129.2,NA,17.1,3.8,139,NA,NA,"C","C22","U120",0.4425,0.07,c(14.37557161, 58.83302032)
45744008,97,"1",3.3,4.14,23.4,412.2,NA,60.6,14.1,316.4,NA,NA,"C","C31","U120",0.202,0.04,c(14.40922535, 59.10226549)
45762134,739,"1",7,7.6,16.75,15.5,20,NA,1.9,80.9,NA,NA,"E","E20","U111",1.2285,0.09,c(13.08101475, 42.26374329)
45762794,463,"1",5,5.57,21.1,11.8,NA,57.1,1.6,146.1,NA,NA,"B","B16","U111",1.312,0.06,c(13.4305462, 48.2062195)
45763046,236,"1",6.6,7.07,15.35,30.6,1,13.6,2.5,502.7,NA,NA,"B","B11","U111",1.348,0.19,c(13.59324995, 50.46964178)
45763604,35,"1",5,5.63,12.91,19,NA,32.6,2.3,86.2,NA,NA,"F","F40","U111",1.229,0.1,c(14.03299971, 55.47646837)
45763802,178,"1",4.4,5.19,6.83,32.7,NA,24.5,2.6,65.6,NA,NA,"E","E20","U111",0.7145,0.12,c(14.22267548, 57.25270016)
45763820,207,"1",4.2,4.99,7.93,52.8,NA,34.6,3.5,45.4,NA,NA,"C","C21","U120",0.8835,0.15,c(14.24098025, 57.41419081)
45764378,296,"1",3.1,3.76,26.6,155.3,NA,107.5,4.3,324.1,NA,NA,"C","C21","U120",0.1345,0.19,c(14.91857918, 62.423616)
45764468,346,"1",4.6,4.98,15.08,19.2,NA,NA,1.7,80.4,NA,NA,"E","E30","U120",1.003,0.26,c(15.05238658, 63.23246424)
45784048,109,"1",3.3,4.11,7.79,85.3,NA,17.7,3.6,82.4,NA,NA,"C","C22","U120",0.7515,0.03,c(14.52529816, 59.45901591)
45784336,311,"1",4.3,4.97,2.31,23.7,NA,NA,0.8,34.8,NA,NA,"C","C22","U120",0.983,0.07,c(14.89684322, 62.04501098)
45784746,570,"1",4.4,5.04,6.85,19.4,NA,NA,1.9,21.2,NA,NA,"C","C10","U420",0.9685,0.13,c(15.56682608, 65.73166117)
45821652,136,"3",6.9,7.71,16.26,9.4,4,NA,1.1,306.3,0.8,1.9,"B","B82","U111",1.3645,0.04,c(12.94679757, 37.9016936)
45822828,479,"2",3.3,4,20.6,243.9,NA,33,12.9,140.4,NA,NA,"C","C31","U120",0.269,0.17,c(13.5325144, 48.50918011)
45823296,110,"1",3.4,3.88,4.79,9.8,NA,41.5,0.6,15.3,NA,NA,"C","C32","U120",1.394,0.04,c(13.86376072, 52.71053826)
45823804,163,"1",3.5,4.32,4.62,32.2,NA,50.8,1.2,36.3,NA,NA,"C","C22","U120",0.864,0.12,c(14.3238728, 57.26742487)
45823962,179,"2",3.9,4.84,6.28,39.7,NA,23.7,2.5,44.9,NA,NA,"C","C23","U120",0.8435,0.05,c(14.49531119, 58.68496272)
45824010,36,"2",3.6,4.22,8.17,61.9,NA,13.7,2.8,46,NA,NA,"C","C31","U120",0.525,0.05,c(14.55061446, 59.11568627)
45842754,593,"4",5.8,6.18,10.44,27.7,5,NA,3.2,158.5,NA,NA,"E","E20","U111",0.9995,0.24,c(13.51312906, 47.84336232)
45842808,436,"1",5.3,5.81,22,16.3,NA,13.8,2,149.7,NA,NA,"B","B13","U111",1.427,0.13,c(13.54684775, 48.32862057)
45843766,161,"1",3.1,3.84,5.19,48.3,NA,10.3,1.5,32.8,NA,NA,"C","C22","U120",0.765,0.22,c(14.31766231, 56.92546506)
45844024,166,"1",3.5,4.39,6.37,35.7,NA,34.4,1.5,55.4,NA,NA,"C","C32","U120",0.736,0.18,c(14.60194603, 59.24016338)
45844060,184,"3",3.1,3.98,9.33,100.4,NA,26,4.6,141.6,NA,NA,"C","C22","U120",0.459,0.1,c(14.64516585, 59.56323428)
45863044,329,"1",7.2,7.84,16.59,20.2,71,NA,1.7,733,NA,NA,"E","E10","U420",1.184,0.22,c(13.73252252, 50.44719469)
45863670,-12,"2",6.6,6.97,24.5,23.6,NA,41.5,2.4,112.8,NA,NA,"B","B13","U111",1.1735,0.05,c(14.25413514, 56.06330666)
45863868,312,"1",3.4,3.96,11.38,54,NA,15.8,4.1,46,NA,NA,"C","C21","U120",0.7095,0.03,c(14.45856769, 57.83935008)
45864106,176,"1",3.7,4.63,6.28,51.2,NA,NA,2.1,85,NA,NA,"C","C33","U120",0.716,0.13,c(14.73743718, 59.97489247)
45864696,585,"1",3.9,4.49,8.97,20.7,NA,10.6,1.9,25.2,NA,NA,"C","C10","U420",1.177,0.22,c(15.64376421, 65.27590982)
45882610,1231,"4",4.1,4.21,15.79,45,NA,NA,3.5,73.6,NA,NA,"C","C31","U120",0.7525,0.34,c(13.47913314, 46.54702765)
45882618,639,"1",6.9,7.1,33.8,52.3,5,10,5.6,96.8,1.1,4.4,"E","E20","U111",0.9175,0.13,c(13.48384238, 46.61897682)
45882676,1362,"2",4.3,4.8,16.86,107.9,NA,20.2,6.2,104.9,NA,NA,"C","C21","U120",0.396,0.06,c(13.51848206, 47.1405132)
45883896,64,"1",5.7,6.27,10.56,12.4,NA,23.2,1.5,133.9,4.3,10.4,"B","B53","U111",1.2835,0.1,c(14.52317119, 58.08940574)
45884278,428,"2",3.6,4.35,9.22,106.9,NA,13,3,162.7,NA,NA,"C","C22","U120",0.3745,0.26,c(15.00321645, 61.5177605)
45884526,388,"1",3.6,4.27,10.73,62.3,NA,39.5,3.3,122.5,NA,NA,"C","C10","U120",0.588,0.21,c(15.38418405, 63.74576849)
45902272,133,"1",7,7.2,73,127,15,12.1,13.5,393.3,NA,NA,"B","B12","U111",0.808,0.37,c(13.31884542, 43.50305337)
45902624,1050,"1",6.5,6.66,64.6,265.9,NA,26.9,12.1,120.1,NA,NA,"C","C21","U120",0.162,0.14,c(13.51347386, 46.67208777)
45902768,496,"1",6.4,6.61,72,23.8,1,85.1,2.9,495.6,NA,NA,"B","B16","U111",1.112,0.07,c(13.60202602, 47.9665807)
45903046,371,"1",7.3,7.68,26.9,35.3,8,37.6,3.3,720.9,1.2,2,"B","B32","U111",1.094,0.03,c(13.79021448, 50.46330279)
45903064,324,"1",4,4.37,14.71,59.8,1,94.9,4.4,330.5,NA,NA,"C","C10","U120",0.868,0.12,c(13.80326038, 50.62487391)
45903754,139,"1",3,3.88,26.4,462.7,NA,51.4,13,811.3,NA,NA,"C","C31","U120",0.193,0.01,c(14.40342299, 56.81455092)
45904000,87,"3",3.9,4.28,5.68,43.3,NA,NA,1.2,29.1,NA,NA,"C","C22","U120",0.1045,0.01,c(14.67769806, 59.02129217)
45904180,217,"1",4.1,4.86,5.62,30.4,NA,18.3,2.1,32.6,NA,NA,"C","C21","U120",0.8985,0.08,c(14.90539561, 60.63665682)
45904216,206,"1",3.7,4.6,7.82,94.5,NA,14.5,3.8,87.6,NA,NA,"C","C31","U120",0.5835,0.14,c(14.95407017, 60.95982524)
45904450,415,"1",3.7,4.45,6.96,65.4,NA,18.6,2,127.8,NA,NA,"C","C22","U120",0.4465,0.29,c(15.29980256, 63.06139734)
45922694,1402,"2",6.2,6.46,55.4,57.4,NA,27.3,3.6,49.4,NA,NA,"C","C21","U120",0.819,0.25,c(13.58221638, 47.30060871)
45923018,517,"1",3.3,3.69,23.2,23,NA,11,1.2,71,NA,NA,"C","C23","U120",1.063,0.07,c(13.79812619, 50.21102417)
45923114,255,"1",3.2,3.72,16.68,89.4,NA,20,4.2,77.1,NA,NA,"C","C21","U120",0.5985,0.04,c(13.86859458, 51.0726899)
45923252,61,"1",3.7,4.25,4.46,10.6,NA,17,0.8,26.6,NA,NA,"C","C10","U120",1.385,0.07,c(13.97578645, 52.31094528)
45923270,51,"1",4,4.66,4.49,16.8,NA,41.8,1,24.9,NA,NA,"C","C33","U120",1.368,0.02,c(13.99031145, 52.47242904)
45924062,187,"1",3.6,4.39,6.24,42.8,NA,NA,1.7,37.9,NA,NA,"C","C22","U120",0.6635,0.08,c(14.78854827, 59.57640634)
45924116,272,"1",4.3,4.93,5.19,41.1,NA,NA,1.9,41,NA,NA,"C","C32","U120",0.7175,0.23,c(14.85727095, 60.06099199)
45924670,428,"1",3.9,4.41,5.03,43.8,NA,NA,1.7,39.7,NA,NA,"C","C31","U120",1.2725,0.35,c(15.72158536, 65.03762514)
45944144,303,"1",3.9,4.79,73.2,326.2,NA,39.7,16.8,354.4,NA,NA,"C","C21","U120",0.2605,0.19,c(14.92981656, 60.31103858)
45962662,1144,"2",5,5.59,13.04,43.7,1,17,4.4,174.8,NA,NA,"E","E20","U111",0.9015,0.12,c(13.6150654, 47.01118125)
45963310,33,"1",3.9,4.54,3.02,6.3,NA,31.7,0.6,16.4,NA,NA,"C","C22","U120",1.5245,0.03,c(14.08232502, 52.82925931)
45963382,18,"1",5.6,6.44,8.45,10.5,NA,44.9,1.2,124.8,NA,NA,"B","B16","U111",1.698,0.09,c(14.14384729, 53.47506769)
45963860,303,"2",3.2,4.04,8.97,113.7,NA,19.3,3.8,88.5,1.5,3.1,"C","C22","U120",0.442,0.12,c(14.6173277, 57.76188382)
45964246,350,"3",3.1,3.72,8.07,109.5,NA,19.3,3,84.6,NA,NA,"C","C22","U120",0.129,0.27,c(15.10653046, 61.22530034)
45964616,459,"1",3.4,4.14,6.24,34.7,NA,17.5,1.8,122.8,NA,NA,"C","C23","U120",0.678,0.19,c(15.70464052, 64.54910502)
45964850,459,"1",3.7,4.22,5.87,33.9,NA,58.9,1.9,66.8,NA,NA,"C","C10","U420",0.688,0.19,c(16.17344791, 66.65405795)
45982782,469,"1",3.4,4.05,16.7,118.7,NA,43.2,7.5,117.1,NA,NA,"C","C10","U120",0.56,0.05,c(13.71817178, 48.08881509)
45982944,573,"2",6.4,6.86,10.86,16.9,NA,24.9,1.8,102.6,1,3.2,"B","B11","U111",1.2975,0.27,c(13.82874793, 49.54385972)
45982980,401,"2",6.7,7.16,17.53,23.3,1,42.7,2.4,390.5,0.9,4.1,"B","B13","U111",1.442,0.14,c(13.85446101, 49.86707447)
45983142,164,"2",3.2,3.73,7.59,55.8,NA,18.8,2.3,43.2,NA,NA,"C","C22","U120",0.9915,0.34,c(13.9757312, 51.32106209)
45983214,54,"1",3.3,3.76,4.47,10.8,NA,36.5,0.5,21.6,NA,NA,"C","C22","U120",1.1865,0.16,c(14.03273651, 51.96706621)
45984276,341,"1",3.1,3.81,11.18,114.2,NA,20.7,2.7,182.8,NA,NA,"D","D10","U120",0.138,0.2,c(15.18700646, 61.49330722)
46002792,428,"1",6.7,6.96,55.5,55.9,22,19.5,4,177.4,NA,NA,"C","C31","U120",0.8755,0.02,c(13.75161667, 48.17775205)
46002900,698,"1",5,5.43,12.76,67.7,NA,20.4,5,121.7,NA,NA,"C","C33","U120",0.7975,0.08,c(13.82527615, 49.1478285)
46002912,419,"1",5.8,6.39,9.91,13.4,NA,31.2,1.5,136,NA,NA,"B","B32","U111",1.486,0.25,c(13.83368741, 49.25558748)
46003030,369,"1",6.4,6.95,10.86,17.9,1,48.8,1.8,196.7,NA,NA,"B","B11","U111",1.3695,0.15,c(13.91894495, 50.31495816)
46003080,660,"2",4.9,5.68,11.39,26.9,NA,17.7,2.6,103.8,NA,NA,"E","E20","U111",1.1935,0.19,c(13.95652302, 50.76371508)
46003740,131,"1",3.2,4,15.16,114.8,NA,19.7,5.1,105.8,NA,NA,"C","C21","U120",0.167,0.01,c(14.55168461, 56.68338554)
46003818,200,"2",3.6,4.33,9.33,69.4,1,20.6,3.7,53.1,NA,NA,"C","C21","U120",0.441,0.11,c(14.63685712, 57.38287495)
46004196,292,"1",5.5,5.97,22.9,99.6,NA,NA,6.1,156.4,NA,NA,"C","C31","U120",0.541,0.02,c(15.10942152, 60.77390288)
46004610,342,"4",4.6,5.06,6.91,63.6,NA,11.5,4.6,50.1,NA,NA,"C","C31","U120",0.6755,0.23,c(15.77609252, 64.49220435)
46004632,469,"2",3.6,4.24,4.16,31.9,NA,16.4,1.5,30.2,NA,NA,"C","C33","U120",1.033,0.24,c(15.81715994, 64.68997227)
46022134,1441,"1",7.1,7.55,16.22,26.7,7,NA,2.8,398.5,NA,NA,"D","D10","U420",0.6675,0.42,c(13.39482093, 42.25366115)
46022620,1072,"1",6.2,6.53,18.93,132.3,NA,NA,6.2,300.3,NA,NA,"C","C21","U120",0.297,0.28,c(13.66750419, 46.63089403)
46023042,192,"1",7.3,7.92,21.4,36.1,65,NA,3.3,1234.9,NA,NA,"B","B13","U111",0.9905,0.08,c(13.95598983, 50.42169954)
46023898,234,"1",3.6,4.34,25,213.2,NA,17.6,7,218.4,NA,NA,"C","C21","U120",0.5355,0.07,c(14.76202357, 58.09916448)
46024108,207,"1",4.8,5.15,46.1,179,NA,10.5,9.7,73.5,NA,NA,"C","C31","U120",0.338,0.06,c(15.02521508, 59.98294064)
46024234,212,"1",4,4.77,3.13,10.2,NA,10.9,0.6,31.4,NA,NA,"C","C22","U120",1.2125,0.16,c(15.20014422, 61.11364812)
46024690,502,"1",4,4.69,5.5,38,NA,47.6,1.9,61.6,NA,NA,"C","C31","U120",1.0535,0.19,c(15.97093729, 65.20991906)
46024708,504,"1",4.3,4.88,18.77,100.4,NA,NA,4.7,18.3,NA,NA,"C","C31","U120",0.5325,0.16,c(16.00677449, 65.37177909)
46043728,151,"1",3.2,4.12,14.67,214.4,NA,50.5,8,181.5,NA,NA,"C","C32","U120",0.076,0.17,c(14.60381119, 56.57348647)
46043778,207,"1",3.2,4.05,21.1,244,NA,67.8,11.4,335.7,NA,NA,"C","C10","U120",0.174,0.11,c(14.658379, 57.02183699)
46044606,303,"1",3.5,4.32,4.2,14.6,NA,11.9,1,48.7,NA,NA,"C","C33","U120",1.2355,0.03,c(15.851005, 64.45325097)
46062258,110,"2",7.2,7.79,15.74,10.4,3,41.5,1.2,253.3,NA,NA,"B","B31","U111",1.0395,0.1,c(13.50842572, 43.37029659)
46063266,61,"1",3.9,4.39,4.59,15.5,NA,36.3,1.2,33.5,NA,NA,"C","C32","U120",1.4135,0.06,c(14.19263415, 52.42947736)
46063684,7,"1",5.3,5.69,55.64,403.1,2,190.2,21.3,322.9,NA,NA,"E","E30","U112",0.3115,0.04,c(14.58915049, 56.17780473)
46063842,239,"1",4.4,4.61,121.7,301.4,NA,16.6,15.2,137.3,NA,NA,"C","C31","U120",0.255,0.39,c(14.76384075, 57.59455946)
46064206,316,"1",4.9,5.63,8.56,64.4,NA,NA,3.2,57.1,NA,NA,"C","C32","U120",0.848,0.17,c(15.23324849, 60.85970165)
46082614,562,"1",7.2,7.69,19.89,81.7,245,NA,2.4,69.3,NA,NA,"E","E20","U111",1.135,0.01,c(13.74189902, 46.57424737)
46082678,1124,"4",3.4,4.03,15.19,98.4,NA,32.4,5.1,141.2,NA,NA,"C","C21","U120",0.4945,0.13,c(13.78295124, 47.14962803)
46082830,599,"3",5.4,5.88,25.8,22.3,NA,59.2,2.5,340.2,NA,NA,"B","B13","U111",1.2365,0.12,c(13.88525065, 48.51539121)
46082944,479,"3",5.9,6.17,25.5,17.1,NA,48.7,1.8,180.9,NA,NA,"B","B11","U111",1.464,0.36,c(13.96673217, 49.53909321)
46083880,183,"1",4.1,4.73,16.79,295.2,NA,25.1,20.2,224.7,NA,NA,"C","C10","U120",0.198,0.14,c(14.84187887, 57.93411387)
46084690,410,"1",3.9,4.53,4.25,37.7,NA,45.1,1.3,40.2,NA,NA,"C","C31","U120",1.1685,0.13,c(16.09776225, 65.20523438)
46102726,891,"4",6.5,6.66,30.2,64.1,8,32.4,5.1,317.9,NA,NA,"C","C33","U120",0.803,0.5,c(13.84104915, 47.58010261)
46102852,834,"1",4.1,4.63,20.7,60.3,NA,33.2,4.7,68.6,NA,NA,"C","C21","U120",0.5335,0.24,c(13.92778205, 48.71203121)
46102910,451,"1",5.2,5.79,15.89,18.1,NA,26.9,2.1,197.3,NA,NA,"B","B32","U111",1.5085,0.14,c(13.96940478, 49.23286222)
46102964,461,"1",5.9,6.44,13.47,50.8,1,12.7,2.9,197,NA,NA,"D","D10","U311",1.286,0.34,c(14.0091702, 49.71766416)
46103252,47,"1",3.4,3.88,5.76,17.8,NA,48.6,1,19.2,NA,NA,"C","C10","U120",1.262,0.06,c(14.23932488, 52.30182378)
46103960,155,"1",4.2,5.13,10.41,96.3,NA,12.1,5,49.6,NA,NA,"C","C31","U120",0.647,0.04,c(14.97358847, 58.65030061)
46104050,92,"1",3.1,4,6.1,64.2,NA,NA,2.7,58.4,NA,NA,"C","C23","U120",0.6485,0.1,c(15.08960643, 59.45749977)
46104170,149,"1",4.1,4.81,3.35,10.1,NA,30.1,0.7,20,NA,NA,"C","C31","U120",1.1615,0.05,c(15.25450462, 60.53400587)
46104418,428,"1",3.7,4.5,4.71,20.5,NA,23.7,1.2,76.8,NA,NA,"C","C31","U120",0.802,0.26,c(15.63791649, 62.7599433)
46104530,302,"2",3.5,4.24,7.57,60.7,NA,17.8,2.2,162.6,NA,NA,"C","C22","U120",0.4235,0.21,c(15.83303811, 63.7658406)
46104554,320,"1",3.7,4.6,65.1,489.6,NA,20,23.7,407.9,NA,NA,"C","C21","U120",0.0945,0,c(15.87686735, 63.98144879)
46121612,199,"1",7.4,8.21,19.86,16.8,215,NA,1.4,312.5,NA,NA,"B","B81","U111",1.5545,0.32,c(13.26793774, 37.52788386)
46122272,54,"1",7.5,8.22,21.94,9.9,309,13.7,1.3,319,NA,NA,"B","B31","U111",0.643,0.2,c(13.58993932, 43.4939217)
46123910,148,"1",6.6,7.11,26.5,25.7,5,NA,1.7,62,NA,NA,"A","A22","U312",0.9485,0.09,c(14.94564433, 58.20066919)
46124594,403,"1",3.3,4.13,3.78,20.5,NA,NA,1.1,28.1,NA,NA,"C","C31","U120",0.233,0.15,c(15.9925775, 64.33930437)
46142788,337,"2",6.9,7.31,25.7,14.6,1,57.4,1.8,187.3,0.6,4,"B","B16","U111",1.3215,0.15,c(13.93676805, 48.1352633)
46142896,478,"1",5.1,5.83,5.02,16,NA,14.1,1.8,117.4,1.3,7.9,"E","E20","U111",1.58,0.13,c(14.01395884, 49.1052085)
46142982,393,"2",7,7.58,20.7,49.7,6,269.9,5.9,1252.2,NA,NA,"B","B52","U111",1.237,0.23,c(14.07822268, 49.87725941)
46144062,80,"1",3.5,4.13,21.76,346.9,NA,21.5,12,277.9,NA,NA,"F","F30","U120",0.092,0.02,c(15.17597436, 59.56253494)
46144080,234,"1",4.2,5.14,17.98,41.9,NA,12.4,3.3,71.4,NA,NA,"C","C10","U120",0.928,0.04,c(15.20044701, 59.7239822)
46163088,449,"1",2.8,3.34,14.17,109.1,NA,22.9,4.5,48.7,NA,NA,"C","C23","U120",0.7,0.06,c(14.1894247, 50.8275023)
46163970,198,"3",4.7,5.43,8.14,80.6,NA,13.3,4.9,70.7,NA,NA,"C","C31","U120",0.448,0.1,c(15.08935037, 58.73616966)
46164168,125,"1",4.4,5.31,8.18,21.7,NA,22.9,1.9,31.4,NA,NA,"E","E20","U111",1.161,0.08,c(15.3602737, 60.51201842)
46164258,269,"1",3.3,4.12,5.05,64.6,NA,10.2,2.4,73.9,NA,NA,"C","C22","U120",0.7995,0.1,c(15.4948646, 61.31949906)
46181644,860,"4",7,7.83,20.9,16.7,377,NA,1.9,464.3,NA,NA,"E","E20","U111",1.315,0.26,c(13.34932448, 37.81573174)
46182544,1307,"1",6,6.23,74.2,113.5,3,NA,8.7,126.9,NA,NA,"C","C10","U120",0.357,0.1,c(13.82695676, 45.94013037)
46183002,414,"1",6,6.53,7.26,14.9,1,10.9,1.6,134.4,0.5,1,"B","B12","U111",1.296,0.17,c(14.14931752, 50.05475108)
46183264,85,"3",3.7,4.24,4.93,15,NA,35.4,1,21.4,NA,NA,"C","C32","U120",1.446,0.07,c(14.36700957, 52.40520144)
46183872,240,"1",4,4.81,15.19,101.5,NA,22.2,6,90.9,NA,NA,"C","C21","U120",0.5325,0.07,c(15.00023416, 57.85619227)
46183938,113,"1",5.3,6.16,9.115,137.65,40,NA,3.7,103.9,NA,NA,"F","F20","U140",1.573,0.09,c(15.08262903, 58.44794928)
46183974,169,"1",3.1,3.94,13.76,492.3,NA,42.9,17.9,301.4,NA,NA,"C","C22","U120",0.502,0.08,c(15.12893122, 58.77074875)
46184632,414,"1",3.8,4.23,6.45,28.6,NA,13.2,1.8,47.4,NA,NA,"E","E10","U120",0.9495,0.29,c(16.19048867, 64.67601975)
46202044,375,"1",6.9,7.32,15.33,22.5,3,38.4,2.2,665.9,NA,NA,"E","E20","U111",1.156,0.04,c(13.56437997, 41.43381132)
46202106,698,"1",7.5,8.05,51.19,15.2,508,72.2,2.1,483.6,1.4,1.4,"B","B43","U111",0.603,0.03,c(13.5970107, 41.99346369)
46202116,1115,"1",6.9,7.24,34.7,30.3,4,11.2,3.4,387.4,NA,NA,"E","E20","U420",0.5605,0.74,c(13.6023499, 42.08370133)
46202440,124,"1",6.7,6.99,10.19,33.9,NA,NA,2.8,218,NA,NA,"D","D10","U420",0.7735,0.01,c(13.78767817, 45.00344896)
46202812,261,"1",7,7.51,21,12.9,2,43.8,1.5,166.4,NA,NA,"B","B16","U111",1.314,0.03,c(14.03441481, 48.34792763)
46203042,225,"1",5.7,6.33,5.49,13.2,NA,24.3,1.5,184.9,1.1,1.8,"B","B11","U111",1.2775,0.12,c(14.20890681, 50.41268881)
46203078,508,"1",4.8,5.66,5.47,20.8,NA,34.5,2.1,251,NA,NA,"E","E20","U111",1.2325,0.21,c(14.23795664, 50.73570951)
46203982,62,"1",3.8,4.5,7.96,61.4,NA,23.8,4.1,46,NA,NA,"C","C10","U120",0.852,0.03,c(15.17384406, 58.84118292)
46204126,140,"1",4.7,5.13,18.46,30.4,NA,10.6,2.4,71.2,NA,NA,"C","C33","U120",0.842,0.05,c(15.37162135, 60.1325526)
46204204,427,"1",3,3.78,12.72,143,NA,15,4.5,143,NA,NA,"C","C32","U120",0.451,0.07,c(15.48629552, 60.83221512)
46224444,438,"3",4.3,4.92,23.6,210.8,NA,39.5,6.8,314.5,1.2,4.1,"C","C21","U120",0.163,0.15,c(15.91669176, 62.984493)
46224682,477,"4",3.3,4.13,5.36,55.5,NA,11.7,2.5,55.8,NA,NA,"C","C32","U120",0.6825,0.2,c(16.37664683, 65.12203565)
46241610,338,"1",7.4,8.11,16.29,11.7,295,NA,1.2,348.3,NA,NA,"B","B81","U111",1.353,0.11,c(13.40167107, 37.50500784)
46244008,111,"1",4.1,4.86,4.81,21.8,NA,12.7,1.4,24.8,NA,NA,"C","C31","U120",1.0275,0.01,c(15.27771975, 59.07167189)
46244076,119,"1",3.8,4.63,7.93,48.6,NA,10.9,2.1,109.3,NA,NA,"C","C23","U120",0.539,0.04,c(15.37162894, 59.68141598)
46262056,184,"1",7.2,7.96,13.06,13.3,9,NA,1.5,155.3,3.6,5,"B","B54","U111",1.365,0.03,c(13.64219386, 41.53956911)
46262660,1328,"1",4,4.64,12.81,123.8,NA,23.4,6.2,240.8,NA,NA,"C","C21","U120",0.27,0.17,c(14.00742325, 46.97932748)
46263700,115,"1",3,3.86,18.65,324.4,NA,90.9,11.3,258.7,NA,NA,"C","C22","U120",0.032,0.05,c(14.92844288, 56.309344)
46263934,48,"1",5.8,6.59,17.13,18.1,NA,23.2,2,167.2,NA,NA,"F","F40","U111",1.238,0.05,c(15.21384182, 58.40689695)
46263946,90,"2",6.8,7.24,15.55,20.4,2,31.4,1.9,180.2,NA,NA,"E","E20","U361",1.157,0.16,c(15.22953765, 58.51447652)
46264636,352,"4",3.9,4.53,4.03,32,NA,18.5,1.3,41.6,NA,NA,"C","C32","U120",0.7945,0.2,c(16.36452309, 64.70547166)
46282550,769,"2",6.8,7.15,25.9,56.8,17,NA,4.6,271.8,NA,NA,"E","E20","U111",0.8665,0.13,c(13.95954517, 45.98938519)
46282726,1416,"1",3.3,4.07,50.3,268.9,1,73.9,11.7,238.2,NA,NA,"E","E30","U120",0.3005,0.24,c(14.0798686, 47.57143692)
46282880,713,"1",3.8,4.37,6.04,22.9,NA,45.1,1.6,75.4,NA,NA,"C","C23","U120",1.114,0.2,c(14.19315539, 48.95453917)
46283032,208,"1",7.1,7.48,22.7,19.1,30,30.1,2,311.8,NA,NA,"B","B11","U111",1.3005,0.06,c(14.31309177, 50.31877944)
46283230,93,"1",3.4,3.94,5.33,13.2,NA,73.8,0.8,21.6,NA,NA,"C","C10","U120",1.31,0.07,c(14.48286679, 52.09483631)
46284248,252,"1",3.2,4.08,15.31,174.6,NA,27.1,5.5,245,NA,NA,"C","C22","U120",0.352,0.14,c(15.70146814, 61.22122634)
46302152,1533,"2",7.6,8.07,16.49,9.7,311,15.1,1.1,275.2,NA,NA,"E","E20","U420",0.729,0.52,c(13.74271535, 42.40408067)
46302542,1035,"3",6.7,6.96,70.7,123.7,40,NA,9.6,134.7,NA,NA,"C","C10","U120",0.202,0.42,c(13.98001032, 45.91647508)
46302682,1357,"1",3.6,4.29,13.97,112.4,NA,31.6,6,135.5,NA,NA,"C","C21","U120",0.465,0.18,c(14.07524146, 47.1750839)
46303244,43,"1",4.6,5.12,4.05,15.3,NA,25.1,0.8,18.3,NA,NA,"C","C22","U120",1.2225,0.02,c(14.52471837, 52.21926789)
46304558,247,"1",3.5,4.29,4.78,27.4,NA,46.7,1.2,71,NA,NA,"C","C33","U120",0.7315,0.12,c(16.28927729, 64.00171278)
46322834,795,"2",5.1,5.8,10.43,27.7,NA,12.3,2.7,386.8,NA,NA,"E","E20","U111",1.065,0.13,c(14.21256397, 48.53946822)
46322896,413,"2",6.5,6.97,9.3,15.3,NA,17.5,1.8,155.6,NA,NA,"B","B11","U111",1.555,0.09,c(14.26007047, 49.09611484)
46323072,348,"1",5,5.64,7.25,20.8,1,18.4,2.2,145.2,NA,NA,"E","E20","U111",1.185,0.12,c(14.40260366, 50.6755168)
46323328,100,"1",6.8,7.32,14.98,10.3,3,21.9,1.3,112.1,NA,NA,"B","B11","U111",1.0425,0.04,c(14.63261748, 52.97128887)
46323742,108,"1",3.7,4.42,45.4,361,NA,25.6,17.2,100.1,NA,NA,"C","C31","U120",0.1515,0.08,c(15.07452784, 56.68202946)
46323810,191,"1",3.9,4.42,12.92,75.9,NA,16.3,3.8,49.3,NA,NA,"C","C23","U120",0.6105,0.07,c(15.15705999, 57.29148241)
46323922,63,"1",5.4,5.76,16.25,25.9,NA,17.4,2.6,110.4,NA,NA,"F","F40","U111",1.058,0.02,c(15.30015167, 58.29535251)
46323954,121,"1",3.5,4.1,54.4,247.7,NA,40.6,14.4,174.3,NA,NA,"C","C32","U120",0.2095,0.02,c(15.34277078, 58.58219452)
46324314,167,"1",3.6,4.4,37.3,328.6,NA,39,12.8,238.2,NA,NA,"C","C23","U120",0.174,0.29,c(15.88402333, 61.81032972)
46324552,304,"1",3.3,3.99,9.81,174.5,NA,78.3,4.1,197.5,NA,NA,"C","C22","U120",0.267,0.06,c(16.31787244, 63.94621961)
46324670,445,"1",3.5,4.2,4.66,26.4,NA,26.6,0.9,31,NA,NA,"C","C31","U120",1.382,0.35,c(16.56126493, 65.00586517)
46342786,298,"1",6,6.7,18.58,12,NA,49.8,1.5,182.3,NA,NA,"B","B16","U111",1.3325,0.13,c(14.2035016, 48.1073876)
46342980,355,"1",5.1,5.78,9.98,14.2,NA,19.9,1.9,158.9,NA,NA,"B","B12","U111",1.3765,0.2,c(14.35440057, 49.84898778)
46362660,1173,"1",3.3,3.96,12.67,155.9,NA,27.5,8.2,139.1,NA,NA,"C","C21","U120",0.3095,0.18,c(14.13857867, 46.97438527)
46362688,1726,"1",3.1,4.11,28,366.8,NA,36.8,18.5,372,NA,NA,"C","C21","U120",0.175,0.12,c(14.15852243, 47.22600082)
46362900,424,"3",5.9,6.37,8.59,9.2,NA,NA,1.1,117.8,0.5,4.8,"B","B11","U111",1.5735,0.18,c(14.3179017, 49.12992643)
46363020,281,"2",7.3,7.74,25.5,21.1,60,81.8,2.1,647.7,NA,NA,"B","B32","U111",1.3465,0.16,c(14.41520594, 50.20683127)
46363102,427,"1",5.1,5.82,5.96,21.7,NA,57.3,2.2,80.8,NA,NA,"E","E20","U111",1.178,0.15,c(14.48492468, 50.94244603)
46363782,233,"1",3,3.96,18.41,376.5,NA,54.4,12.1,493.9,NA,NA,"C","C21","U120",0.2255,0.26,c(15.18835889, 57.03794335)
46364254,190,"1",3.5,4.32,6.56,80.1,NA,18,2.5,98.4,NA,NA,"C","C21","U120",0.545,0.39,c(15.85917188, 61.26915396)
46364290,274,"2",2.9,3.78,23.2,407.9,NA,42.5,11,151.1,NA,NA,"C","C21","U120",0.0975,0.03,c(15.91880434, 61.5920352)
46364574,360,"1",3.7,4.32,3.18,14,NA,10.7,0.8,25,NA,NA,"C","C22","U120",1.339,0.26,c(16.44304739, 64.14044571)
46381602,433,"1",7.4,7.9,72.75,9.6,130,NA,1.3,679.2,NA,NA,"B","B81","U111",1.24,0.09,c(13.55494864, 37.42668585)
46382944,574,"1",6.2,6.63,17.91,21.7,1,75.5,2.4,224.4,NA,NA,"B","B11","U111",1.4065,0.17,c(14.38053016, 49.52378265)
46382970,409,"4",3.5,4.11,16.22,42,NA,17.3,2,54.7,NA,NA,"C","C10","U120",1.225,0.24,c(14.40171215, 49.75710808)
46383088,452,"2",4.5,5.08,13.76,75.6,1,14.9,3.8,60.7,2.6,8.1,"C","C23","U120",0.774,0.1,c(14.50116171, 50.81576558)
46383352,82,"3",5.2,5.75,9.53,4.1,NA,51.9,0.6,87.1,NA,NA,"B","B11","U111",1.078,0.06,c(14.7452977, 53.18296004)
46383708,73,"1",3.4,4.1,21.1,319.8,NA,36.6,12.7,130.5,NA,NA,"C","C31","U120",0.0875,0.21,c(15.13123365, 56.37349438)
46383790,240,"1",3.2,4.02,41.7,524.3,NA,48.3,19,261.7,NA,NA,"C","C21","U120",0.2195,0,c(15.23113784, 57.10833057)
46383874,224,"1",3.8,4.52,7.43,79.9,NA,86.3,3.7,78.9,NA,NA,"C","C32","U120",0.62,0.15,c(15.33838083, 57.86112005)
46383946,41,"2",6.6,7.19,13.84,22,1,23.3,2.2,85.9,NA,NA,"B","B13","U111",1.117,0.07,c(15.43452237, 58.50641198)
46384162,105,"4",4.2,4.9,8.98,43.4,NA,NA,2.8,85.4,NA,NA,"C","C31","U120",0.8525,0.08,c(15.74898117, 60.44269088)
46384288,237,"1",3.9,4.85,6.67,52.9,NA,NA,2,69.8,NA,NA,"C","C22","U120",0.36,0.06,c(15.95283428, 61.57258335)
46384540,290,"2",3.5,4.24,8.25,59.7,NA,36.9,2.6,97.5,NA,NA,"C","C22","U120",0.4295,0.03,c(16.41499547, 63.83358097)
46401640,779,"1",7.3,8.13,13.9,7.2,132,NA,1.4,206.4,NA,NA,"E","E20","U111",1.566,0.08,c(13.59524765, 37.77042098)
46402688,1193,"1",6.8,7.03,73,85.1,8,18.8,8.4,140.2,NA,NA,"E","E20","U111",0.6355,0.13,c(14.21122967, 47.22396819)
46402932,464,"1",5,5.53,6.46,27.2,NA,13.2,2.9,121.1,NA,NA,"E","E20","U111",1.21,0.13,c(14.39835703, 49.41501398)
46403724,138,"1",3.6,4.56,28.5,170.5,NA,25.4,7.9,141.2,NA,NA,"C","C31","U120",0.314,0.21,c(15.18275685, 56.51558289)
46403760,146,"1",3.8,4.42,63.8,374,NA,40.6,23.1,286.9,NA,NA,"C","C21","U120",0.258,0.02,c(15.22671431, 56.83818048)
46403836,295,"1",3.5,4.4,12.36,57,NA,19.9,3.3,85.9,NA,NA,"C","C21","U120",0.403,0.22,c(15.32248077, 57.51923434)
46403872,162,"1",3.7,4.42,6.74,46.6,NA,45.1,1.9,62.1,NA,NA,"C","C22","U120",0.7955,0.26,c(15.36930799, 57.84185)
46422624,542,"2",5.8,6.28,8.8,19.1,NA,12.3,2.1,114.5,NA,NA,"E","E20","U111",1.2955,0.18,c(14.19149875, 46.64780123)
46422690,1225,"1",3,3.85,19.48,285.6,NA,18.8,12.7,282.8,NA,NA,"C","C21","U120",0.269,0.16,c(14.23904299, 47.24091212)
46422942,597,"1",5,5.74,6.31,17.9,NA,49,2,185.3,0.9,7.9,"B","B51","U111",1.407,0.23,c(14.43404575, 49.50367852)
46423788,232,"1",3,3.98,22.5,349,NA,46.6,11.2,278.9,NA,NA,"C","C21","U120",0.1415,0,c(15.29439144, 57.08776856)
46424152,242,"1",3.6,4.35,8.97,87.3,NA,18.2,3.6,101.1,NA,NA,"C","C22","U120",0.42,0.18,c(15.80551332, 60.35010254)
46424310,112,"1",4.1,4.93,6.44,32.3,NA,76.3,1.6,69.3,NA,NA,"C","C31","U120",0.958,0.25,c(16.06536277, 61.7668271)
46424620,393,"2",3.9,4.65,6.32,43.3,NA,18.9,1.9,57.6,4.5,7,"C","C21","U120",0.7395,0.19,c(16.66188792, 64.54834206)
46442642,1017,"1",4.1,4.66,18.21,26.8,NA,50.1,3.3,183.2,NA,NA,"C","C10","U120",0.661,0.18,c(14.23047478, 46.80855783)
46442920,411,"2",5.4,6.11,4.68,11.7,NA,NA,1.4,114.3,NA,NA,"B","B51","U111",1.342,0.13,c(14.44357061, 49.30515624)
46442992,354,"1",5.9,6.31,19.98,12.1,NA,34.7,1.4,179.1,NA,NA,"B","B11","U111",1.57,0.17,c(14.50330498, 49.95124149)
46444288,300,"1",3.5,4.35,16.86,242.1,NA,39.8,11.2,203.9,NA,NA,"C","C31","U120",0.34,0.03,c(16.06495223, 61.5679868)
46461650,342,"3",7.3,7.99,16.04,12.7,80,NA,1.4,404.8,NA,NA,"B","B81","U111",1.4495,0.05,c(13.66763071, 37.85849208)
46462856,704,"1",5.5,6.15,8.66,18,NA,32.4,1.9,796.1,NA,NA,"E","E20","U111",1.382,0.09,c(14.41925342, 48.72962107)
46462862,615,"1",3.1,3.47,16.92,83.4,NA,15.1,3.6,58.3,NA,NA,"C","C23","U120",0.9055,0.07,c(14.42404274, 48.78348227)
46462874,481,"1",5,5.75,5.88,18.3,NA,25.9,1.9,302.5,NA,NA,"E","E20","U111",1.485,0.06,c(14.43366082, 48.8912003)
46463090,566,"2",3.1,3.55,19.65,103.9,NA,21.2,5.3,113.1,NA,NA,"C","C21","U120",0.5345,0.12,c(14.6162615, 50.82922694)
46463396,82,"1",5.8,6.39,6.87,12.3,NA,24.3,1.2,30.1,NA,NA,"C","C10","U420",1.227,0.06,c(14.90972145, 53.5725554)
46463428,56,"2",5.4,5.94,9.8,20.8,NA,20.2,2.2,80.6,NA,NA,"B","B12","U111",1.488,0.09,c(14.94308949, 53.85933833)
46463828,160,"1",3.9,4.84,9.6,81.3,NA,20.5,3.8,95.8,NA,NA,"C","C21","U120",0.155,0.22,c(15.41175395, 57.44350405)
46463950,47,"2",4.4,4.99,9.98,83.5,NA,16.6,4.4,100.9,NA,NA,"C","C21","U120",0.629,0.04,c(15.57672649, 58.53670859)
46464292,373,"2",3.9,4.88,5.17,15.4,NA,NA,1,35.2,NA,NA,"C","C21","U120",0.491,0.12,c(16.10923052, 61.6023033)
46464656,441,"1",3.4,4,5.74,33.8,NA,29.4,1.5,60,NA,NA,"C","C31","U120",0.704,0.19,c(16.82339998, 64.86804308)
46464716,562,"2",3.2,3.95,6.17,60.1,NA,14.2,2.9,127.9,NA,NA,"C","C10","U120",0.67,0.14,c(16.95984973, 65.40673703)
46482134,292,"1",7.3,7.79,32.81,26.5,456,13.4,2.5,516,1.2,2.8,"B","B74","U111",0.7285,0.01,c(13.94977149, 42.23343225)
46482866,554,"1",5.8,6.37,10.28,19.4,NA,15,2.1,230.7,NA,NA,"B","B32","U111",1.4625,0.05,c(14.45442829, 48.8183053)
46483298,98,"1",3.6,4.27,5.76,37.5,NA,41.5,1.7,24.7,NA,NA,"C","C22","U120",0.739,0.03,c(14.84037041, 52.69299271)
46483856,136,"1",3.3,4.08,15.3,397.1,NA,40,17.9,145.4,NA,NA,"C","C31","U120",0.1875,0.01,c(15.481999, 57.69302041)
46484090,84,"1",4.3,4.95,9.94,29.7,NA,NA,2.2,92,NA,NA,"C","C31","U120",1.147,0.23,c(15.8166662, 59.78992866)
46502082,1181,"4",6.8,7.05,63.7,172.5,240,67.8,10.1,439.7,NA,NA,"C","C22","U120",0.399,0.83,c(13.94339543, 41.76335642)
46502158,293,"1",7.5,8.1,46.29,17.5,370,39.8,1.9,1011.9,NA,NA,"B","B81","U111",0.674,0,c(13.98818382, 42.44893138)
46502720,1162,"1",3.2,4.09,17.87,186.3,NA,45.7,8.9,289.4,NA,NA,"C","C21","U120",0.325,0.16,c(14.36709679, 47.50624219)
46502906,482,"1",6.2,6.72,8.72,14.3,NA,NA,1.6,96.3,1.1,3.4,"B","B32","U111",1.461,0.06,c(14.51433313, 49.17622842)
46503018,207,"1",6.6,6.89,34.7,21.9,1,47.3,2.2,801.4,0.6,1.9,"B","B13","U111",1.5665,0.09,c(14.60923771, 50.18114843)
46503054,353,"2",4.7,5.47,9.58,16.5,NA,16.6,1.8,132.8,NA,NA,"E","E20","U111",1.4105,0.04,c(14.64081538, 50.50406743)
46503198,103,"1",4.8,5.54,5.11,8.1,NA,56.3,0.9,86.5,NA,NA,"B","B12","U111",1.481,0.1,c(14.77270206, 51.79536298)
46503360,60,"1",6.4,6.7,19.16,17,1,49.7,2.1,233.2,NA,NA,"B","B32","U111",1.0375,0.03,c(14.93263058, 53.24748039)
46503450,38,"1",4.7,4.99,53.9,134.8,NA,22.9,11.4,48.6,NA,NA,"E","E20","U111",0.9125,0.06,c(15.02729104, 54.05401405)
46503878,197,"1",3.3,4.02,10.34,124.1,NA,25,5.1,132.2,NA,NA,"C","C21","U120",0.651,0.17,c(15.54512072, 57.88875289)
46503972,33,"2",3.9,4.87,7.38,50,NA,19.7,3.6,95.1,NA,NA,"C","C31","U120",0.838,0.07,c(15.67647702, 58.73101126)
46504048,19,"4",5.5,5.89,14.56,27.5,NA,69.3,2.8,202.4,NA,NA,"B","B51","U111",1.298,0.12,c(15.78814332, 59.41205318)
46504238,319,"1",3.2,4.03,19.57,473.5,NA,35.3,16.6,230.6,NA,NA,"C","C10","U120",0.119,0.34,c(16.09109682, 61.1150377)
46504246,368,"1",3.4,4.46,10.5,73,NA,21.6,3.5,94.9,NA,NA,"C","C21","U120",0.598,0.17,c(16.10466265, 61.18675687)
46522626,517,"1",4.4,5.14,5.87,16.2,1,11,1.5,61.3,NA,NA,"C","C31","U120",0.7975,0.18,c(14.32328565, 46.66061565)
46522722,692,"2",5.9,6.09,44,62,1,31.5,6.2,133.5,NA,NA,"E","E20","U111",0.9545,0.36,c(14.39511742, 47.52314219)
46522836,670,"1",5.5,5.89,11.99,67.2,NA,14.3,5.8,247.4,NA,NA,"E","E20","U111",0.8735,0.27,c(14.48449934, 48.54682264)
46523016,238,"1",7.2,7.72,19.42,17.2,5,25.8,1.8,174.7,NA,NA,"B","B11","U111",1.5625,0.17,c(14.63544074, 50.16207489)
46524186,249,"1",4.1,4.72,15.04,56.6,NA,18.5,2.4,105.6,NA,NA,"E","E30","U120",0.803,0.19,c(16.04090759, 60.64736411)
46524204,261,"1",3.6,4.29,5.75,57.3,NA,25,1.9,80.1,NA,NA,"C","C22","U120",0.31,0.14,c(16.07070997, 60.80870696)
46542614,458,"2",6.5,6.79,29.7,69.5,NA,NA,3.6,80.1,NA,NA,"C","C33","U120",0.551,0.08,c(14.34053549, 46.55171767)
46543398,101,"1",6.1,6.56,11.01,7.7,NA,45.7,0.9,64.3,NA,NA,"B","B13","U111",1.346,0.01,c(15.03233651, 53.58555241)
46543710,65,"2",3.2,4.11,6.52,58,NA,30.2,2.5,62.9,NA,NA,"C","C21","U120",0.727,0.21,c(15.3918111, 56.3808855)
46543926,65,"1",5.8,6.12,20.6,114.4,NA,15.4,7.2,162.3,NA,NA,"C","C21","U120",0.5985,0.1,c(15.67923689, 58.3159888)
46543992,8,"1",4.2,4.57,46.7,312.4,NA,32.1,17.2,233,NA,NA,"C","C21","U120",0.342,0.07,c(15.774442, 58.9073284)
46544236,329,"2",3.5,4.28,5.23,55.1,NA,NA,2.3,57.4,NA,NA,"C","C22","U120",0.6585,0,c(16.16135689, 61.09399068)
46544244,335,"1",3.6,4.44,5.93,66.8,NA,NA,2.6,74.6,NA,NA,"C","C22","U120",0.345,0.12,c(16.17506718, 61.16570173)
46544532,205,"1",3.7,4.49,4.96,30.5,NA,58.6,1.3,44.3,NA,NA,"C","C21","U120",0.7595,0.11,c(16.72006118, 63.74827891)
46562146,246,"1",7.4,7.96,39.6,27.2,173,18,2.8,896.5,1.2,1.9,"B","B81","U111",0.599,0.29,c(14.05350749, 42.33782603)
46562632,490,"1",6.2,6.8,8.9,11.2,NA,18,1.4,131.35,NA,NA,"B","B18","U111",1.2465,0.12,c(14.37987973, 46.71242592)
46562722,1114,"1",3.5,4.18,13.03,140.9,NA,20.2,6.9,115.1,NA,NA,"C","C21","U120",0.465,0.15,c(14.44811846, 47.52099275)
46562902,458,"1",6,6.47,16.04,15.2,NA,28.5,1.7,222.4,NA,NA,"B","B32","U111",1.416,0.1,c(14.5931121, 49.13699443)
46563820,105,"1",3.8,4.58,6.85,70.8,NA,19.8,2.6,63.5,NA,NA,"C","C22","U120",0.6375,0.15,c(15.56688826, 57.36493906)
46564018,38,"2",4.6,5.06,16.95,59.6,NA,21.2,4.3,93.5,NA,NA,"C","C10","U120",0.848,0.21,c(15.84773941, 59.13881984)
46564612,411,"1",4.6,5.1,2.33,4.4,NA,NA,0.3,12,NA,NA,"C","C22","U120",1.225,0.13,c(16.93269672, 64.46426833)
46581654,400,"1",7.1,7.68,24.39,23.7,245,NA,2.3,299.2,3.2,4.4,"B","B81","U111",1.266,0.03,c(13.80489206, 37.88943737)
46582562,712,"1",6.7,7.01,24.6,209.5,58,12.5,7.7,77.8,NA,NA,"C","C32","U120",0.0685,0.11,c(14.35442359, 46.08219651)
46583886,198,"1",3.5,4.22,24.9,206.3,NA,26.1,9.9,227.1,NA,NA,"C","C21","U120",0.351,0.11,c(15.69057148, 57.9547736)
46584516,217,"2",4.1,4.84,2.99,17.3,NA,35.5,0.7,27.7,NA,NA,"C","C22","U120",1.204,0.3,c(16.76672012, 63.601289)
46602010,54,"1",7.4,7.93,29.83,20.8,12,33.2,2.3,542.5,NA,NA,"B","B16","U111",0.8465,0.04,c(14.02062805, 41.10870081)
46602676,1073,"1",4,4.71,16.12,104.8,NA,39.6,7.1,215.9,NA,NA,"C","C21","U120",0.515,0.18,c(14.46548297, 47.10562096)
46602982,351,"2",5.6,6.07,9.79,11.2,NA,21.1,1.3,62.3,NA,NA,"B","B33","U111",1.4025,0.08,c(14.71700434, 49.85249847)
46603720,69,"2",3,3.83,43.6,470.4,NA,31,19,323.9,NA,NA,"C","C21","U120",0.182,0.13,c(15.50137262, 56.46637807)
46603756,184,"1",2.8,3.85,19.68,308.7,NA,36.8,9.3,212.9,NA,NA,"C","C22","U120",0.0985,0.22,c(15.54794553, 56.78884686)
46604040,-4,"1",3.9,4.51,6.89,34.1,NA,NA,2.2,73.2,2.3,4.5,"C","C31","U120",0.714,0.19,c(15.95091598, 59.33294911)
46604152,132,"1",3.7,4.36,7.93,62,NA,39,2.4,77,NA,NA,"C","C33","U120",0.651,0.17,c(16.12947937, 60.33647271)
46604310,171,"1",3.9,4.66,45.6,406.9,NA,34.4,19.6,332.5,NA,NA,"C","C31","U120",0.1175,0,c(16.40363949, 61.75251011)
46622038,225,"1",6.3,6.89,11.33,11.6,3,45.3,1.3,619.9,NA,NA,"B","B71","U111",0.971,0.12,c(14.06076778, 41.36051159)
46622560,382,"1",6.8,7.12,27.5,48.3,27,NA,2.6,99.8,NA,NA,"C","C31","U120",0.165,0.15,c(14.40453666, 46.06209688)
46623028,208,"1",5.4,6.1,7.05,3.2,1,53,0.4,76,NA,NA,"B","B19","U111",1.548,0.04,c(14.78596475, 50.26393765)
46642802,237,"1",6.6,6.84,49.2,49.9,5,175.4,4.2,582.4,NA,NA,"C","C10","U120",0.697,0.08,c(14.61858827, 48.23494302)
46642928,429,"1",4.3,5.28,6.95,20.7,NA,11.1,1.5,201.1,NA,NA,"E","E20","U111",1.37,0.14,c(14.72499588, 49.36573982)
46643006,270,"1",7.2,7.73,17.14,14.9,3,20,1.7,224.9,NA,NA,"B","B11","U111",1.5865,0.08,c(14.79403083, 50.06544676)
46643036,243,"1",7.4,8.05,17.37,8.7,49,11.6,1.1,149.4,0.6,1.2,"B","B11","U111",1.3605,0.11,c(14.82126093, 50.33450791)
46643090,330,"1",4,4.62,7.71,33.2,NA,26.4,3.3,89,2.1,5.2,"E","E10","U111",0.8905,0.1,c(14.87125978, 50.81874432)
46643168,178,"1",4.7,5.47,4.26,9.9,NA,30,0.8,18.2,NA,NA,"C","C22","U120",1.431,0.05,c(14.94579983, 51.51804321)
46643788,145,"1",5.1,5.4,12.54,103.6,NA,45.9,3.9,132,NA,NA,"D","D10","U120",0.5015,0.13,c(15.65583248, 57.07266657)
46643918,79,"1",5.1,5.43,66.3,198.8,NA,32.2,13.5,254.1,NA,NA,"C","C21","U120",0.423,0.08,c(15.83742146, 58.23707142)
46644422,255,"3",4.3,4.98,3.48,14.2,NA,NA,0.8,29.5,NA,NA,"C","C33","U120",1.213,0.14,c(16.6933525, 62.75318717)
46644472,225,"1",3.9,4.59,8.56,30.4,NA,NA,1.4,26.9,NA,NA,"C","C10","U120",1.43,0.22,c(16.79448829, 63.2014785)
46644692,412,"2",3.7,4.26,3.44,28.8,NA,22.1,1,28,NA,NA,"C","C31","U120",1.142,0.08,c(17.28413264, 65.174731)
46662682,1110,"2",3.8,4.35,29.2,127.5,NA,54,7.7,156.7,NA,NA,"C","C21","U120",0.4275,0.15,c(14.54903322, 47.15623747)
46662794,269,"1",3.9,4.74,12.06,41.2,NA,19.4,3.8,294.1,NA,NA,"C","C10","U120",0.8945,0.14,c(14.63886538, 48.16199724)
46663262,173,"2",3.8,4.31,6.8,22.4,NA,21.8,1.2,25.1,NA,NA,"C","C22","U120",0.954,0.06,c(15.06876574, 52.35932895)
46664162,115,"1",4.1,4.63,10.82,39.5,NA,11.4,2.7,101.3,NA,NA,"C","C22","U120",0.512,0.05,c(16.25425028, 60.42136058)
46664594,528,"2",3.2,4.04,8.19,119,NA,14,3.6,124,0.8,0.5,"C","C21","U120",0.5985,0.16,c(17.09734073, 64.29375121)
46681582,321,"1",7.3,8,49.67,9.1,81,NA,1.3,599.9,NA,NA,"B","B53","U111",1.237,0.19,c(13.88081827, 37.23209078)
46682050,244,"1",7.4,8.02,14.94,18.4,27,NA,2,199.1,NA,NA,"B","B15","U111",1.301,0.13,c(14.13933535, 41.4658806)
46682698,1186,"2",4.7,5.29,31.6,51.6,NA,58.2,5,263.1,NA,NA,"E","E20","U111",0.957,0.16,c(14.58797894, 47.29884348)
46682946,466,"1",4.9,5.36,22.4,19.2,NA,66.6,2.1,339.2,2,5.2,"B","B16","U111",1.2075,0.22,c(14.79585009, 49.52489845)
46683238,116,"1",4.3,4.84,2.83,7.3,NA,14.9,0.5,15.8,NA,NA,"C","C22","U120",1.235,0.08,c(15.07345214, 52.14299382)
46683878,79,"2",3.5,4.18,8.94,79.8,NA,17.6,3.2,114.7,NA,NA,"C","C32","U120",0.6635,0.28,c(15.84721313, 57.87586115)
46683954,15,"1",4.7,5.26,11.42,32.7,NA,NA,2.2,69.3,NA,NA,"C","C32","U120",0.822,0.21,c(15.95854348, 58.55655166)
46684188,204,"1",3,3.97,16.39,252.8,NA,24.5,8.2,211.8,NA,NA,"C","C22","U120",0.131,0.02,c(16.33484501, 60.65271028)
46702674,1600,"1",3.8,4.6,6.43,40,NA,18.7,2.6,96.9,NA,NA,"C","C21","U120",0.522,0.26,c(14.59533803, 47.08215585)
46703178,215,"1",3.9,4.21,6.49,22.4,NA,14.1,1.1,19.6,NA,NA,"C","C22","U120",1.0175,0.06,c(15.04199564, 51.60399368)
46703376,100,"2",4.5,4.85,10.78,8.4,NA,46.8,0.9,38.7,NA,NA,"E","E10","U111",0.9045,0.04,c(15.24904694, 53.37824876)
46703898,140,"1",3.8,4.44,9.54,86.2,NA,20.2,3.4,130.9,NA,NA,"C","C22","U120",0.616,0.19,c(15.90975246, 58.05350416)
46703970,75,"1",3.4,4.35,7.9,106.4,NA,10.6,3.7,87.6,NA,NA,"C","C22","U120",0.4895,0.12,c(16.01694001, 58.69834682)
46704528,214,"1",4.5,4.98,1.97,10.3,NA,17.8,0.6,16.4,NA,NA,"C","C22","U120",1.178,0.1,c(17.03205283, 63.69826146)
46704726,397,"1",3.9,4.47,3.29,45.7,NA,24.6,1.7,53.8,NA,NA,"C","C32","U120",0.558,0.17,c(17.49487109, 65.47403589)
46722576,386,"1",5.6,5.93,41.1,34.8,NA,37.2,3.7,216.8,NA,NA,"B","B55","U111",0.903,0.05,c(14.54554301, 46.20050025)
46722638,1170,"1",4.9,5.52,13.05,46.4,NA,21.4,4.6,146.3,NA,NA,"E","E20","U111",1.0415,0.17,c(14.59328973, 46.75763449)
46722642,1132,"1",4.7,5.43,9.73,31,NA,23.7,3.5,91.9,NA,NA,"E","E20","U111",0.935,0.1,c(14.59641469, 46.79357148)
46722786,352,"1",6.4,6.8,15.52,16.9,NA,53.3,2.1,217.6,0.7,3.2,"B","B13","U111",1.443,0.13,c(14.71266799, 48.0867641)
46722792,308,"1",5.4,5.84,28.2,21,NA,22.3,2.5,227.4,0.8,4.9,"B","B16","U111",1.0725,0.16,c(14.71767565, 48.14062552)
46723066,291,"1",3.8,4.61,4.44,12.6,NA,NA,0.7,61,NA,NA,"C","C22","U120",1.161,0.01,c(14.96166134, 50.59872549)
46723200,118,"1",6.2,6.54,8.32,39.8,1,NA,3.2,36.8,NA,NA,"E","E20","U111",1.1055,0.06,c(15.09294632, 51.79992683)
46723944,29,"1",6,6.46,20.16,21.5,NA,33.7,2.3,182.2,2.1,3.6,"B","B35","U111",1.2365,0.1,c(16.01180867, 58.46397232)
46724182,230,"1",3.9,4.4,43.8,161.3,NA,49.1,7.2,379.4,NA,NA,"D","D20","U120",0.336,0.25,c(16.39701551, 60.59572237)
46724682,361,"2",4.1,4.75,3.18,18.7,NA,20.4,0.9,23,NA,NA,"C","C32","U120",1.055,0.27,c(17.42816793, 65.0774148)
46742002,62,"2",6.9,7.62,25.54,13.2,1,70.8,1.6,2893.3,0.6,1.8,"B","B43","U111",1.0675,0.13,c(14.18156839, 41.02961674)
46742542,676,"3",4.7,5.43,4.34,30.7,1,NA,2.6,67.8,NA,NA,"E","E20","U111",1.0025,0.02,c(14.54559777, 45.89378738)
46742758,548,"1",5.1,5.5,26.6,25.7,NA,NA,3.2,132.7,NA,NA,"E","E20","U111",1.1785,0.09,c(14.7161331, 47.83424481)
46742980,406,"2",4.8,5.43,8.03,16.7,NA,31.6,1.9,109.2,NA,NA,"E","E20","U111",1.3595,0.07,c(14.90945896, 49.82631225)
46743172,233,"1",3.9,4.49,3.99,9.6,NA,NA,0.7,21.4,NA,NA,"C","C22","U120",1.2535,0.12,c(15.09357999, 51.54772131)
46743736,98,"3",3.1,3.95,16.06,162.3,NA,33.8,5.6,144.2,NA,NA,"C","C31","U120",0.105,0.01,c(15.74907914, 56.59982296)
46744302,424,"2",3.3,4.01,14.78,424.4,NA,34.8,11.7,245,NA,NA,"C","C31","U420",0.0655,0.02,c(16.65138905, 61.66915964)
46744684,290,"1",4.4,4.87,2.43,16.6,NA,14.4,0.7,23.7,NA,NA,"C","C32","U120",1.26,0.13,c(17.47507747, 65.09342654)
46761582,314,"1",7.4,8.25,19.05,11.9,349,NA,1.4,433.5,NA,NA,"B","B41","U111",1.231,0.26,c(13.97016681, 37.22837742)
46762986,375,"1",6.3,6.59,13.9,13.6,1,53.3,1.5,104.4,1.1,2.2,"B","B32","U111",1.214,0.08,c(14.94273402, 49.87891818)
46764066,5,"1",5.3,5.67,16.91,58.1,NA,13.2,4.9,277.8,NA,NA,"D","D10","U111",1.037,0.07,c(16.27263803, 59.5534831)
46764124,78,"1",5.1,5.45,17.47,20.8,NA,NA,2.1,63.3,NA,NA,"E","E20","U111",1.2255,0.13,c(16.36931427, 60.07294752)
46764408,277,"1",4,4.74,5.62,23.9,NA,NA,1.4,30.5,NA,NA,"C","C31","U120",1.106,0.12,c(16.8973501, 62.61726073)
46782910,483,"1",6.1,6.68,6.48,12.3,NA,26.8,1.4,90.6,NA,NA,"B","B11","U111",1.51,0.15,c(14.90113701, 49.19601998)
46782946,596,"2",3.2,3.62,17.56,87.8,1,19.3,4.7,102.5,NA,NA,"C","C21","U120",0.5295,0.15,c(14.93369025, 49.51895076)
46783180,185,"1",3.7,4.3,6.66,39.3,NA,NA,2.4,112.5,NA,NA,"C","C10","U120",0.7225,0.15,c(15.15925838, 51.61689718)
46783194,164,"1",6.2,6.81,9.94,6.9,NA,44.1,0.9,192,NA,NA,"E","E20","U111",1.3215,0.09,c(15.17357284, 51.74236259)
46784508,311,"3",3.6,4.48,3.56,16.7,NA,NA,0.9,22,NA,NA,"C","C22","U120",1.264,0.13,c(17.14792261, 63.51168359)
46802648,1490,"1",3.1,3.7,15.43,192.1,NA,38.5,8.8,185.7,NA,NA,"C","C21","U120",0.252,0.14,c(14.70573746, 46.84296037)
46802974,410,"2",5.8,6.36,10.34,12.2,NA,28.5,1.4,148.6,NA,NA,"B","B16","U111",1.313,0.11,c(14.9870943, 49.76886788)
46804024,38,"1",4,4.73,8.56,80.1,NA,100.7,3.6,110.7,NA,NA,"C","C31","U120",0.5155,0.19,c(16.27428427, 59.17418939)
46804054,-6,"1",5.3,5.98,14.22,48.7,NA,146.3,4.2,452.8,NA,NA,"C","C10","U120",0.886,0.05,c(16.3231503, 59.44283207)
46804126,85,"3",3.5,4.19,15.24,237.8,NA,19.5,8.4,227.2,NA,NA,"C","C31","U120",0.354,0.2,c(16.4441238, 60.08761181)
46804612,388,"1",3.5,4.16,4.58,15.7,NA,35.2,1.1,36.4,NA,NA,"C","C23","U120",1.196,0.18,c(17.42563907, 64.44205448)
46822568,493,"1",6,6.27,27.3,48.4,2,NA,4.8,127.4,NA,NA,"E","E20","U111",0.73,0.02,c(14.66851387, 46.12302424)
46822808,520,"1",4,4.46,36.5,84.2,NA,50.6,6.7,231.6,NA,NA,"C","C21","U120",0.621,0.2,c(14.86554239, 48.27840372)
46823014,193,"1",4.7,5.45,7.77,8.6,NA,44.6,0.9,137.7,NA,NA,"B","B22","U111",1.587,0.07,c(15.05251091, 50.1263363)
46823086,626,"1",3.4,3.88,12.31,98.4,NA,19,4.8,85.5,NA,NA,"C","C10","U120",0.683,0.3,c(15.12220762, 50.77184279)
46823428,103,"2",5.1,5.67,17.77,10.7,NA,53.7,1.1,145.9,NA,NA,"B","B16","U111",1.339,0.07,c(15.48875811, 53.83605858)
46823954,9,"1",4.9,5.37,17.32,19.2,NA,21.4,1.7,132.3,2.3,6.1,"B","B11","U111",1.2675,0.02,c(16.19777941, 58.54582718)
46823996,22,"1",4.1,4.56,63.2,426.6,NA,23.7,26.7,165.7,NA,NA,"C","C31","U120",0.2075,0.01,c(16.26399074, 58.9218866)
46842128,167,"1",7.5,8.23,24.25,20.2,239,NA,1.3,434.1,NA,NA,"B","B12","U111",0.6355,0.13,c(14.37991957, 42.1613698)
46842534,679,"1",6.5,6.87,50.1,113.4,4,NA,7.2,300.7,NA,NA,"C","C31","U120",0.2795,0.06,c(14.66789674, 45.81630266)
46842660,1049,"2",3.5,4.22,14.47,150.3,NA,42.1,8.7,214.7,NA,NA,"C","C21","U120",0.319,0.09,c(14.76779589, 46.94845087)
46843046,250,"1",6,6.43,10.38,30.4,1,NA,2.9,242.8,NA,NA,"E","E20","U111",1.233,0.04,c(15.1112731, 50.41199966)
46843298,57,"2",5.4,5.91,7.61,9.2,NA,34.9,1,47.9,2.8,5.9,"B","B18","U111",1.1035,0.05,c(15.37154148, 52.67029191)
46843766,58,"1",3.1,4.03,16.79,192.9,NA,46,6.6,175.9,NA,NA,"C","C22","U120",0.289,0.17,c(15.95305881, 56.86111275)
46861592,199,"1",7.4,8.27,20.2,16.1,85,NA,1.4,602.5,NA,NA,"B","B12","U111",1.327,0.14,c(14.08715678, 37.31430066)
46862528,573,"1",5.6,6.12,15.12,21.4,1,NA,2.5,68.1,NA,NA,"E","E20","U111",1.287,0.03,c(14.68890836, 45.76123757)
46862582,823,"1",5.4,6,14.41,66.7,1,NA,6.4,106.1,NA,NA,"E","E20","U111",0.984,0.22,c(14.73117528, 46.24655977)
46862586,797,"2",3.8,4.53,10.09,69.3,NA,NA,4.1,92.7,NA,NA,"C","C21","U120",0.158,0.02,c(14.73434552, 46.28250289)
46863932,55,"1",5.1,5.8,6.05,13.3,NA,14.3,1.2,91.2,NA,NA,"B","B55","U111",1.2165,0.07,c(16.231703, 58.34572602)
46863958,11,"2",5.5,5.94,11.75,17.2,NA,18.2,1.9,107.1,NA,NA,"B","B11","U111",1.235,0.19,c(16.27241074, 58.57849688)
46864012,13,"1",5.7,5.9,47.8,43.2,NA,62.9,3.9,147.4,NA,NA,"B","B32","U111",0.763,0.03,c(16.35897881, 59.06195655)
46864094,71,"1",3.5,4.22,18.19,147.2,NA,27,7.7,186.6,NA,NA,"C","C21","U120",0.302,0.18,c(16.49590512, 59.79614184)
46864678,234,"1",4.7,5.12,2.41,4.8,NA,NA,0.4,12,NA,NA,"C","C31","U120",1.378,0.07,c(17.71184627, 65.02785248)
46864688,292,"1",3.9,4.43,2.84,17.6,NA,11.3,0.8,22.4,NA,NA,"C","C32","U120",1.2375,0.07,c(17.73725111, 65.11749569)
46882520,1272,"1",6.9,6.96,99.3,228.2,35,18.7,17.9,228.9,NA,NA,"E","E10","U120",0.341,0.43,c(14.70832948, 45.68818828)
46882726,708,"1",4.1,4.83,7.4,70.6,1,11.3,4.8,95.8,NA,NA,"C","C21","U120",0.936,0.14,c(14.87536709, 47.53878371)
46884096,56,"1",5.2,5.68,30.84,23,NA,19.8,2.1,127.2,NA,NA,"F","F40","U111",0.957,0.04,c(16.53474423, 59.81239934)
46884150,99,"1",3.4,4.21,10.44,142.3,NA,12,5.1,109.7,NA,NA,"C","C23","U120",0.138,0.17,c(16.62934794, 60.29589757)
46884672,326,"1",3.8,4.39,4.58,22,NA,58.6,1,24.4,NA,NA,"C","C22","U120",1.0645,0.15,c(17.73850931, 64.97207385)
46901572,67,"4",7.7,8.35,24.81,9.9,250,NA,1.2,487,0.7,0.8,"E","E30","U411",1.228,0.12,c(14.12115254, 37.13098407)
46902810,509,"2",6.2,6.64,13.93,19.2,NA,34.3,2.1,78.2,1.6,2.7,"B","B18","U111",1.228,0.3,c(14.97484889, 48.29155823)
46902972,400,"2",5.4,5.91,15.31,13.7,NA,21.6,1.7,194.3,1.3,2.8,"B","B35","U111",1.3565,0.1,c(15.12370063, 49.7447475)
46903264,130,"1",6.1,6.4,8.64,10,NA,55,1.2,140.8,0.7,5.5,"B","B13","U111",1.206,0.14,c(15.42239989, 52.36171814)
46903344,119,"1",3.9,4.06,8.75,5.9,NA,126,0.8,22.1,1.6,2.8,"B","B14","U111",1.4685,0.08,c(15.51194482, 53.07829199)
46903444,106,"1",3.7,4.17,10.12,24.2,NA,55.9,1.5,32.8,NA,NA,"C","C31","U120",1.276,0.06,c(15.62908818, 53.97382961)
46903710,21,"1",3.3,4.11,21.4,281.3,NA,109.5,11,183.4,NA,NA,"C","C31","U120",0.3305,0.24,c(15.97224767, 56.35530582)
46903894,71,"2",4,4.92,6.82,53.1,NA,NA,2.7,75.8,NA,NA,"C","C22","U120",0.8275,0.1,c(16.24062504, 58.0024051)
46903998,24,"2",2.8,3.67,17.7,497.8,NA,28,15,145.1,NA,NA,"C","C10","U120",0.134,0.02,c(16.40533964, 58.93339738)
46904416,92,"1",3.9,4.66,7.71,44.1,NA,20.1,2.9,84.7,NA,NA,"C","C32","U120",0.813,0.04,c(17.18445062, 62.67632041)
46922116,545,"4",7.1,7.62,34.21,27.1,107,22.5,2.6,688.3,NA,NA,"E","E30","U111",0.543,0.05,c(14.46828693, 42.04892635)
46923460,74,"1",5.8,6.34,8.73,12.6,1,25.7,1.2,150.7,NA,NA,"E","E30","U112",1.1805,0.07,c(15.67889139, 54.11569436)
46923874,22,"3",4.5,5.17,9.03,37.5,NA,15.2,2.2,100.4,NA,NA,"C","C21","U120",0.894,0.06,c(16.24356947, 57.82180732)
46923892,86,"1",3,3.99,18.71,205.6,NA,35.3,7.7,307.3,NA,NA,"C","C22","U120",0.23,0.16,c(16.27119298, 57.9829287)
46924036,32,"4",4.6,5.13,8.01,14.1,NA,11,1.2,99.5,NA,NA,"E","E30","U111",1.184,0.02,c(16.50296007, 59.27194363)
46924050,-12,"1",4.8,5.75,11.37,20.2,NA,72,2.3,236.2,1.2,5,"B","B13","U111",1.254,0.13,c(16.52656825, 59.39727097)
46924162,109,"1",3.9,4.68,3.37,13.9,NA,10.7,0.5,27.4,NA,NA,"C","C22","U120",0.9775,0.1,c(16.72286024, 60.39995218)
46924438,284,"1",4.1,4.71,5.29,14.7,NA,NA,1,19.1,NA,NA,"C","C22","U120",1.073,0.13,c(17.27050678, 62.87153093)
46924564,320,"1",3.5,4.15,5.44,70.2,NA,61.5,2.5,51.3,NA,NA,"C","C22","U120",0.591,0.18,c(17.55617971, 64.00029179)
46924576,401,"3",4.4,5.13,5.15,55.8,NA,NA,1.9,35.8,NA,NA,"C","C31","U120",0.778,0.17,c(17.58472166, 64.10780909)
46924698,339,"1",3.6,4.27,4.18,36.6,NA,27,1.2,55.4,NA,NA,"D","D10","U319",0.8135,0.06,c(17.88933132, 65.20107018)
46941586,437,"1",7.4,8.31,12.31,8.9,21,NA,0.9,165.2,NA,NA,"B","B75","U111",1.34,0.04,c(14.17334042, 37.25598606)
46942572,697,"1",6.8,7.12,38.8,103.7,74,NA,7.1,201,NA,NA,"E","E20","U111",0.742,0.29,c(14.8265475, 46.15207451)
46942670,1433,"1",3.5,4.49,22.6,210.4,NA,44.9,9.6,293.5,NA,NA,"E","E10","U120",0.3175,0.11,c(14.9071984, 47.0323917)
46942846,623,"4",3.5,4.05,13.63,72.3,NA,30.2,3.5,148,NA,NA,"C","C23","U120",0.6035,0.2,c(15.06110589, 48.61213016)
46943850,47,"1",4,4.79,5.86,58.3,NA,NA,2.5,64.2,NA,NA,"C","C22","U120",0.651,0.17,c(16.24047666, 57.60541628)
46944012,7,"1",5.1,5.6,15.65,25.6,NA,12.8,2.7,138.2,NA,NA,"E","E20","U111",1.2195,0.05,c(16.49759806, 59.05546376)
46944048,-17,"1",5.1,5.94,12.64,34.1,NA,22.4,3.1,274.7,NA,NA,"E","E10","U420",0.98,0.04,c(16.5581521, 59.37771348)
46944268,30,"1",3.9,4.4,31,123.9,NA,24,8.7,130.5,NA,NA,"C","C31","U120",0.4555,0.23,c(16.95876089, 61.34728069)
46963846,37,"1",3.4,4.23,23.2,522.7,NA,52.2,19.8,248.7,NA,NA,"C","C31","U120",0.138,0.02,c(16.26769074, 57.56804353)
46963986,47,"2",4.1,4.47,20.7,45.6,NA,24,3.5,115.5,NA,NA,"C","C10","U120",1.056,0.08,c(16.48908911, 58.82110021)
46982044,1326,"1",5.8,6.32,31,137.1,NA,NA,7.9,218.6,NA,NA,"C","C10","U120",0.7515,0.12,c(14.492605, 41.39626638)
46982080,743,"2",7.3,8.07,19.87,16.9,61,88.8,1.7,582.4,NA,NA,"B","B12","U111",1.019,0.26,c(14.51633438, 41.72103322)
46982534,464,"1",5.6,6.16,17.29,34.3,NA,NA,3.2,96.5,NA,NA,"D","D10","U420",0.929,0.01,c(14.84749351, 45.80824863)
46983928,37,"1",3.2,4.02,19.79,532.4,NA,44,18.3,161.5,NA,NA,"C","C31","U120",0.191,0.2,c(16.42910074, 58.30035567)
47002510,689,"1",5.7,6.11,9.45,27.7,2,NA,2.1,59.5,NA,NA,"C","C10","U120",0.148,0,c(14.85392226, 45.59136487)
47003108,409,"1",4.1,4.47,18.63,27.6,1,54,2.5,140.5,NA,NA,"F","F40","U111",0.863,0.16,c(15.39963898, 50.95739399)
47003450,70,"1",5.7,6.26,12.75,12.8,NA,35.5,1.4,182.8,NA,NA,"B","B13","U111",1.2685,0.08,c(15.7884497, 54.02047101)
47004058,-13,"1",5.7,6.08,13.21,34.5,NA,10,2.1,115.7,NA,NA,"C","C31","U120",1.186,0.2,c(16.68036248, 59.46220091)
47004152,66,"1",4.9,5.29,40.3,229.8,NA,NA,14.5,154.2,NA,NA,"C","C31","U120",0.4185,0.12,c(16.84846811, 60.30354576)
47022062,727,"1",7.2,7.89,25.55,17.2,133,37.8,1.7,524.9,NA,NA,"B","B81","U111",0.952,0.1,c(14.55212485, 41.55649859)
47022650,1496,"1",4.4,5.06,22.1,101.2,NA,17.5,5.5,98.5,NA,NA,"E","E20","U111",0.5435,0.08,c(14.99507212, 46.84798219)
47022884,630,"1",3.3,3.94,7.32,36.2,NA,24.9,1.8,51.7,NA,NA,"C","C21","U120",0.808,0.15,c(15.20494258, 48.94799358)
47023028,235,"1",5.8,6.43,8.8,26.8,NA,40.3,2.5,277.4,NA,NA,"B","B52","U111",1.643,0.14,c(15.3456569, 50.23910802)
47023118,388,"1",5.5,5.86,44,15.9,NA,114.2,1.9,344.3,NA,NA,"E","E20","U111",1.138,0.08,c(15.43855795, 51.04566902)
47024648,334,"2",3.3,4.21,10.54,444.7,NA,30.8,12,213.9,NA,NA,"H","H12","U420",0.065,0.09,c(17.96856057, 64.7428258)
47024684,345,"1",4.1,4.85,NA,443.4,NA,15.6,18.6,420.8,NA,NA,"C","C33","U120",0.102,0.19,c(18.06272432, 65.06531586)
47041596,531,"2",7.4,7.81,12.25,8.4,105,NA,0.9,72,NA,NA,"E","E30","U111",1.2075,0.05,c(14.29063235, 37.34165091)
47042658,1350,"1",3.3,3.97,12.15,104.5,NA,24.8,5.5,141.8,NA,NA,"C","C21","U120",0.414,0.12,c(15.02807888, 46.91860612)
47042914,631,"1",6.1,6.46,18.28,13.1,NA,39.9,1.4,419.4,NA,NA,"F","F40","U111",1.273,0.11,c(15.26087803, 49.21576215)
47043220,148,"1",4.1,4.74,3.24,4.2,NA,NA,0.2,11,NA,NA,"C","C22","U120",1.446,0.02,c(15.57784086, 51.9580937)
47043788,5,"2",3,3.91,18.88,464,NA,86.5,13.4,452.4,NA,NA,"C","C32","U120",0.1585,0.13,c(16.31227012, 57.04266259)
47043994,-8,"1",5.5,6.19,21.4,56.3,NA,12.7,4.4,333.2,0.8,0.6,"B","B14","U111",1.021,0.07,c(16.64022909, 58.88607284)
47044134,71,"1",3.5,4.4,9.81,89.4,NA,36.8,4.4,97.7,NA,NA,"C","C31","U120",0.5705,0.04,c(16.88700529, 60.13895763)
47044570,405,"1",4.2,4.89,31,228.1,NA,23.7,10.8,319.4,NA,NA,"C","C33","U120",0.07,0.3,c(17.8132264, 64.04217258)
47044660,267,"3",3,3.94,NA,459.5,NA,45.5,11.7,335.9,NA,NA,"C","C22","U120",0.078,0.02,c(18.04128275, 64.84824918)
47064096,57,"1",3,3.79,12.32,192.9,NA,21.6,5.3,132.3,NA,NA,"C","C22","U120",0.35,0.34,c(16.85331895, 59.79714522)
47082858,591,"2",4.7,5.28,14.01,12.9,NA,23,1.5,156.1,NA,NA,"B","B11","U111",1.124,0.11,c(15.26185432, 48.71096538)
47083048,292,"1",3.5,4.02,12.82,66.4,NA,NA,3.6,81.1,NA,NA,"C","C33","U120",0.8245,0.2,c(15.45018216, 50.4143898)
47083830,10,"1",3.4,4.22,21.5,421.1,NA,50.3,16.7,370.3,NA,NA,"C","C31","U120",0.123,0.1,c(16.4422672, 57.41528667)
47084016,10,"1",5.4,6.12,21.3,45.8,NA,63.5,3.9,393.3,NA,NA,"E","E20","U370",0.96,0.18,c(16.74697275, 59.07955729)
47084448,188,"1",4,4.82,64.3,477.7,NA,95.3,24.4,481.5,NA,NA,"C","C31","U120",0.106,0.01,c(17.60432382, 62.9458351)
47102944,594,"1",4.5,4.99,19.82,13.2,NA,54.9,1.6,324.7,2.3,3.7,"B","B21","U111",1.265,0.14,c(15.37258004, 49.48085727)
47103196,152,"1",6.5,7.04,13.21,11.6,1,53.2,1.4,193.9,NA,NA,"B","B16","U111",1.47,0.04,c(15.63791483, 51.73898512)
47103862,1,"1",3.6,4.56,7.79,83.5,NA,63.3,4.3,93.4,NA,NA,"C","C22","U120",0.578,0.1,c(16.52575162, 57.69997627)
47103916,7,"1",3.7,4.3,10.54,79.9,NA,17.5,3.3,139.4,NA,NA,"C","C21","U120",0.555,0.2,c(16.61287119, 58.18312332)
47104042,9,"3",4.8,5.29,15.22,67.5,NA,26.6,4.4,376.6,NA,NA,"C","C32","U120",0.987,0.13,c(16.82717555, 59.3104833)
47122698,1290,"3",3.5,4.2,15.66,164,NA,39.9,9.3,127.1,NA,NA,"C","C21","U120",0.298,0.06,c(15.16817196, 47.27277908)
47122726,681,"1",6.9,7.09,40.6,81.4,8,14.3,6.7,68.5,NA,NA,"E","E20","U111",0.7465,0.18,c(15.19329717, 47.52410118)
47122882,466,"1",6.1,6.59,9.25,12.1,NA,17.8,1.4,96.8,NA,NA,"B","B11","U111",1.269,0.19,c(15.33919359, 48.92362338)
47123314,38,"1",4,4.48,2.72,10.7,NA,51,0.7,NA,NA,NA,"C","C22","U120",1.272,0.03,c(15.8032872, 52.7942638)
47123404,177,"1",5,5.59,8.92,9.6,NA,46.6,1,37.4,NA,NA,"E","E20","U111",1.129,0.19,c(15.9129387, 53.59997521)
47123976,35,"3",3.3,4.05,20.2,165.3,NA,27.5,6.7,128.9,NA,NA,"C","C21","U120",0.3545,0.12,c(16.74724386, 58.71825886)
47124138,51,"1",5.6,6.24,22.2,45.1,NA,50.3,4.2,292.8,1.9,8.4,"B","B13","U111",1.0345,0.05,c(17.03744604, 60.16769233)
47124462,68,"1",4.8,5.36,13.02,75.4,NA,NA,4.7,62.5,NA,NA,"C","C31","U120",0.7765,0,c(17.71463666, 63.06723367)
47124588,415,"1",3.3,4.1,15.37,393.2,NA,23.9,15.3,362.5,NA,NA,"C","C21","U120",0.1105,0.18,c(18.02033075, 64.19519966)
47142600,522,"3",5.9,6.36,21.6,27.6,1,NA,3.2,107.6,NA,NA,"E","E20","U111",1.368,0.01,c(15.10855772, 46.39158751)
47142960,459,"4",4.5,5.18,7.81,29.6,NA,22.4,2.9,94.7,NA,NA,"E","E20","U111",1.154,0.03,c(15.44373234, 49.62164934)
47143018,230,"1",7,7.45,13.73,14.2,2,25.8,1.6,150.7,NA,NA,"B","B52","U111",1.9135,0.06,c(15.50306348, 50.14150751)
47143068,504,"2",3.2,3.59,14.45,50.9,NA,16.3,2.8,73.1,NA,NA,"C","C21","U120",0.95,0.11,c(15.55552443, 50.5895607)
47143320,22,"1",5.9,6.21,39.6,79.6,1,22.7,6.9,32.9,NA,NA,"E","E20","U111",0.9675,0.05,c(15.84004556, 52.84654411)
47143860,7,"1",3.4,4.13,13.62,239.5,NA,64.6,8.8,261.9,NA,NA,"C","C22","U120",0.1645,0.16,c(16.58927879, 57.67878798)
47144152,80,"1",4.3,4.88,10.14,92.2,NA,19.1,5.7,161.2,NA,NA,"C","C21","U120",0.457,0.06,c(17.09978895, 60.29116309)
47161630,772,"1",7.4,8.17,11.24,4.4,21,NA,0.6,74.2,NA,NA,"B","B13","U111",1.267,0.05,c(14.44457641, 37.64361575)
47162890,499,"1",5.3,5.91,7.76,26.1,NA,11.4,2.7,196,NA,NA,"E","E20","U111",1.2,0.09,c(15.40148245, 48.99274007)
47163154,0,"1",3.4,3.96,5.54,31.1,NA,NA,1.3,30.2,NA,NA,"C","C22","U120",0.6815,0.16,c(15.67737067, 51.35861974)
47163286,121,"1",5.8,6.33,18.69,7.9,NA,52.3,1,174.8,NA,NA,"B","B14","U111",1.258,0.2,c(15.82897002, 52.54069762)
47164000,21,"2",3.8,4.43,30,146.2,NA,22.1,9.3,206.2,NA,NA,"C","C22","U120",0.388,0.03,c(16.85750124, 58.9295389)
47164636,350,"3",3.7,4.27,7.63,28.9,NA,68.5,1.1,137.2,NA,NA,"D","D20","U120",0.7065,0.27,c(18.2266565, 64.62074191)
47182862,569,"1",4.7,5.33,12.46,18,NA,17.6,1.8,118.7,NA,NA,"B","B11","U111",1.1845,0.07,c(15.40128492, 48.74033774)
47182946,631,"4",5.6,6.02,10.905,17.6,NA,21.45,1.85,137.55,NA,NA,"E","E20","U111",1.13,0.08,c(15.48472942, 49.49347839)
47183240,100,"1",3.7,4.51,2.91,12.3,NA,30,0.8,15.7,2,2.6,"C","C22","U120",1.0695,0.06,c(15.80414731, 52.12738896)
47184004,16,"1",5.4,6.15,17.78,48.3,NA,69.5,4.4,390.5,1.6,5.4,"B","B53","U111",1.128,0.07,c(16.8990428, 58.96358556)
47184076,0,"1",6.5,6.94,12.38,21,2,33.5,2.3,257,2.5,7.8,"B","B11","U111",1.097,0.04,c(17.0285617, 59.60766069)
47184094,15,"1",5.2,5.85,8.85,22.3,NA,27.1,2.4,193.9,NA,NA,"E","E20","U111",0.888,0.07,c(17.0618311, 59.76868274)
47184638,295,"1",3.3,4.26,4.64,24.5,NA,14.8,0.9,48.2,NA,NA,"C","C22","U120",0.727,0.24,c(18.27323958, 64.63651802)
47202848,537,"1",5.2,5.76,12.97,43.6,NA,22.9,4.2,82.6,NA,NA,"E","E20","U111",0.857,0.03,c(15.41474181, 48.61346751)
47204720,423,"1",3.2,3.85,6.5,49.9,NA,47.7,1.9,61.5,NA,NA,"C","C21","U120",0.656,0.11,c(18.54098267, 65.36838768)
47221592,296,"1",7.2,8.12,16.85,11,116,NA,1.1,325.3,NA,NA,"E","E30","U111",1.503,0.12,c(14.48958917, 37.29604327)
47221618,348,"1",7.4,7.75,263.5,13.5,54,NA,1.5,531.7,NA,NA,"B","B12","U111",1.194,0.09,c(14.50486644, 37.53169724)
47222114,107,"1",7.6,7.99,19.44,14.2,182,NA,1.6,618,NA,NA,"E","E30","U112",1.38,0.01,c(14.82738559, 42.01420845)
47222546,501,"1",3.8,4.45,3.68,17.8,NA,NA,0.9,59.3,NA,NA,"C","C10","U120",0.2165,0.02,c(15.16550168, 45.90154626)
47222554,302,"1",7.1,7.68,23.8,28.4,79,14.2,3.1,250.5,NA,NA,"B","B52","U111",1.1955,0.47,c(15.17235951, 45.97341517)
47223018,265,"1",4.6,5.36,5.25,12.5,NA,NA,1.2,87.4,NA,NA,"E","E10","U420",1.217,0.06,c(15.61469236, 50.13606079)
47223706,13,"1",6.7,7.1,20.99,63.8,11,NA,7.5,106.1,NA,NA,"E","E20","U111",0.748,0.05,c(16.48155826, 56.29460105)
47224120,94,"1",3.2,4,19.77,509.3,NA,20.4,15.7,196.4,NA,NA,"C","C22","U120",0.1075,0.17,c(17.18169575, 59.9976523)
47224696,373,"4",4.2,4.7,3.39,39.6,NA,29.2,1.6,39.7,NA,NA,"C","C22","U120",0.7635,0.12,c(18.51531343, 65.1513515)
47242494,316,"2",4.6,5.46,8.18,30.4,NA,NA,2.5,145.1,NA,NA,"C","C10","U120",0.216,0,c(15.14696822, 45.43306281)
47242774,676,"1",6.2,6.32,46.3,82.4,12,11.5,6.3,267.8,NA,NA,"C","C31","U120",0.6665,0.18,c(15.39733381, 47.94708374)
47242926,614,"2",3.4,3.9,12.71,50.3,NA,13.3,2.5,109.3,NA,NA,"C","C21","U120",0.8605,0.17,c(15.54687688, 49.31015066)
47244024,39,"3",4.5,4.78,39.5,259.9,NA,29.1,14.5,191.8,NA,NA,"E","E20","U111",0.481,0.2,c(17.03859412, 59.13720054)
47244096,42,"1",4.3,5.04,7.22,45.8,NA,NA,3.4,136,NA,NA,"C","C31","U120",0.891,0.15,c(17.17161903, 59.78116827)
47261442,66,"1",7.6,8.18,89.9,22.1,445,253.8,2.7,1247.9,NA,NA,"B","B23","U113",1.269,0.03,c(14.44813591, 35.93292101)
47262412,1079,"2",6.3,6.77,25.9,97,9,NA,5.8,137.5,NA,NA,"C","C33","U120",0.684,0.03,c(15.1043261, 44.69469889)
47262606,1324,"2",3.1,3.64,21.4,196.3,NA,24.1,9.2,118.3,NA,NA,"C","C21","U120",0.0365,0.17,c(15.26941058, 46.43793021)
47262900,525,"1",5.7,6.26,12.8,12.2,NA,36,1.4,108.1,NA,NA,"B","B32","U111",1.4925,0.07,c(15.54786147, 49.07571679)
47263030,260,"1",6.9,7.24,15.41,14.7,1,39.3,1.6,132.3,0.6,2.6,"B","B22","U111",1.927,0.1,c(15.68335177, 50.24081614)
47263380,153,"1",3.9,4.34,3.56,8.5,NA,19.6,0.5,NA,5.2,5.5,"C","C22","U120",0.656,0.14,c(16.09294827, 53.37476062)
47264416,34,"4",3.3,4.09,21.1,328.8,NA,38.8,13,247.4,NA,NA,"C","C21","U120",0.255,0.11,c(17.87967059, 62.64162061)
47264650,356,"1",2.9,3.61,28.2,505.3,NA,24.6,12,50.3,NA,NA,"C","C31","U120",0.0965,0.31,c(18.47106368, 64.73528068)
47264686,372,"1",3.9,4.44,48.2,490.3,NA,62.6,15.5,192.2,NA,NA,"C","C22","U120",0.134,0.12,c(18.57110418, 65.05743789)
47264704,315,"1",3.3,4.05,22.76,322.7,NA,48.9,11,289.3,NA,NA,"E","E10","U120",0.2375,0.05,c(18.62212543, 65.21852201)
47264722,435,"1",3.6,4.14,3.65,36.6,NA,25.8,1.7,33,NA,NA,"C","C21","U120",0.712,0.13,c(18.67383167, 65.37960974)
47282424,784,"1",5.9,6.45,11.38,51.3,3,NA,3.9,72.4,NA,NA,"C","C33","U120",0.113,0.01,c(15.1393345, 44.80136116)
47282530,366,"1",4,4.59,14.47,38.8,NA,10.1,3.5,91.2,NA,NA,"C","C10","U120",0.2365,0.14,c(15.22872407, 45.75403215)
47282676,496,"1",3.6,4.05,22.2,43.8,NA,19.9,3.2,97.3,NA,NA,"C","C31","U120",0.728,0.05,c(15.35870234, 47.06508257)
47282938,530,"4",6.5,6.86,8.56,16.9,NA,68.2,1.8,263.3,1.7,4.4,"B","B11","U111",1.3115,0.07,c(15.61411675, 49.41498686)
47283082,1088,"1",3.1,3.6,12.79,115.9,NA,37.6,5.7,65.9,NA,NA,"C","C21","U120",0.7095,0.19,c(15.76813938, 50.70526143)
47284000,16,"1",5.8,6.19,20.6,34.2,NA,52.6,3.3,221.9,NA,NA,"E","E20","U111",0.874,0.08,c(17.06450365, 58.91899987)
47284036,3,"1",4.9,5.24,13.06,57,NA,18.1,4.9,286.1,NA,NA,"E","E10","U111",0.776,0.04,c(17.12998269, 59.24094265)
47284582,322,"1",3.7,4.5,7.38,51.2,NA,37.9,1.9,65.2,NA,NA,"C","C22","U120",0.5145,0.12,c(18.32960743, 64.12466369)
47284720,395,"1",3.8,4.43,3.35,16.6,NA,NA,0.9,31.1,NA,NA,"C","C22","U120",0.771,0.11,c(18.71039546, 65.35946357)
47301568,285,"3",7.4,8.27,13.98,10.3,263,NA,0.9,100.2,NA,NA,"D","D20","U420",0.9165,0.11,c(14.56474562, 37.074176)
47302554,532,"3",3.9,4.52,7.185,20.45,NA,NA,1.65,87.25,NA,NA,"C","C10","U120",0.1445,0.32,c(15.27525182, 45.96836011)
47302694,748,"1",6.5,6.69,59.1,66.8,3,119.2,6.9,203.4,NA,NA,"E","E20","U111",0.757,0.23,c(15.40164026, 47.22532737)
47303044,279,"2",6.1,6.66,11.46,16,NA,21.7,1.8,367.2,NA,NA,"B","B41","U111",1.6505,0.02,c(15.75451171, 50.36344156)
47304102,27,"1",5.1,5.96,12.47,20.4,NA,59.8,2.1,205,NA,NA,"B","B11","U111",1.302,0.07,c(17.28917064, 59.8293372)
47304642,258,"1",3.7,4.42,9.23,161.5,NA,21,5.1,133.1,NA,NA,"C","C31","U120",0.3625,0.23,c(18.53178242, 64.6593126)
47304858,369,"1",3.6,4.06,4.33,26.5,NA,11.5,0.9,32.8,NA,NA,"C","C22","U120",0.807,0.11,c(19.1767812, 66.59207836)
47322802,263,"1",7.4,7.98,15.93,14.9,53,29.3,1.4,199.3,NA,NA,"E","E20","U312",1.3435,0.18,c(15.53143347, 48.19292023)
47323986,-19,"1",6.3,6.94,11.45,16.5,NA,33.8,1.7,248.9,NA,NA,"B","B13","U111",1.068,0.18,c(17.10814992, 58.79023223)
47324008,16,"4",4.1,5.03,11.98,84,NA,11.2,4.6,128,NA,NA,"E","E10","U120",0.8685,0.23,c(17.14804659, 58.98695196)
47344000,21,"4",3.9,4.55,5.09,40.2,NA,11.1,1.8,41,NA,NA,"C","C21","U120",0.841,0.06,c(17.16796084, 58.91361332)
47344078,4,"2",5.2,6.07,10.61,32.2,NA,29.9,3.3,229.8,NA,NA,"B","B54","U111",1.1955,0.17,c(17.31370947, 59.61103542)
47361656,1271,"2",6.6,7.13,18.54,14.6,3,NA,1.7,371.2,NA,NA,"E","E20","U111",1.4575,0.1,c(14.68522597, 37.86834532)
47362636,466,"1",3.7,4.45,6.36,65,NA,NA,3.3,88,NA,NA,"C","C10","U120",0.7025,0.04,c(15.42655909, 46.70080052)
47364080,44,"1",3.9,4.38,29.1,211.8,NA,12.7,9.4,147.7,NA,NA,"C","C22","U120",0.2435,0.08,c(17.35272327, 59.62706261)
47364724,389,"1",4.5,5.2,6.63,24.2,NA,NA,1.4,33.6,NA,NA,"C","C33","U120",0.6985,0.05,c(18.89154288, 65.38614632)
47382700,643,"3",6.7,7.03,14.93,25.4,1,12,3,153.9,NA,NA,"E","E20","U111",1.078,0.14,c(15.51265654, 47.27386952)
47382884,456,"1",5.6,6.3,7.62,13.2,NA,40.8,1.6,185.1,1.3,2.1,"B","B11","U111",1.518,0.1,c(15.69506846, 48.92405208)
47383388,134,"1",4.5,5.23,2.75,14.8,NA,87.4,1.2,11.4,NA,NA,"E","E20","U111",1.4585,0.09,c(16.28316523, 53.43715642)
47384720,358,"4",3.8,4.38,3.28,28.7,NA,27.1,1.2,22.5,NA,NA,"C","C22","U120",0.728,0.03,c(18.92200989, 65.34806369)
47401614,224,"1",7.7,7.79,135.43,10.2,108,NA,1.6,377.6,NA,NA,"E","E20","U111",1.1475,0.03,c(14.70422644, 37.48564446)
47402096,230,"1",7.3,8.02,35.05,19.1,357,75.5,2,1619,0.3,0.2,"B","B12","U111",0.9125,0.2,c(15.03015174, 41.84133378)
47402582,313,"1",6.3,7.01,15.92,16.2,NA,23.6,2.1,192.2,NA,NA,"B","B16","U111",0.9715,0.12,c(15.42910477, 46.21335049)
47402590,378,"1",6.7,6.97,26.2,41.2,5,23.7,4.7,116.3,NA,NA,"E","E20","U111",1.0515,0.15,c(15.43637881, 46.28518443)
47402604,713,"2",6.6,7.12,23.5,42.2,22,13.8,3.1,66.1,NA,NA,"E","E20","U111",0.991,0.18,c(15.44916917, 46.41088472)
47402702,785,"1",3.7,4.27,9.96,74.8,NA,16.3,4.8,58.6,NA,NA,"C","C21","U120",0.5215,0.31,c(15.54092189, 47.29047316)
47402780,694,"2",5,5.36,39.7,41.7,NA,NA,4.3,235.8,NA,NA,"E","E20","U111",0.995,0.38,c(15.61683824, 47.9901826)
47403158,200,"1",6.1,6.34,16.91,13.2,NA,32.3,1.6,106.7,NA,NA,"B","B11","U111",0.7455,0.08,c(16.02565012, 51.37717373)
47403238,104,"3",6.1,5.43,42.9,18.9,2,118.7,2,247.2,NA,NA,"B","B16","U111",1.069,0.05,c(16.12196665, 52.09331647)
47403374,113,"1",5.6,6.35,3.94,7,NA,40.9,0.7,36.1,NA,NA,"E","E20","U111",0.639,0.12,c(16.29469777, 53.31034177)
47404098,27,"1",5.2,5.77,9.56,26.8,NA,36.2,2.6,180.5,NA,NA,"F","F40","U111",1.245,0.06,c(17.45823688, 59.78424001)
47404116,25,"1",5.7,6.11,21.23,39.6,NA,NA,3.8,152.2,NA,NA,"E","E10","U111",1.111,0.16,c(17.49377777, 59.94515554)
47404156,49,"1",5.5,5.96,22.3,438,NA,36.3,26.4,274.9,NA,NA,"C","C21","U120",0.168,0.06,c(17.5741794, 60.30274803)
47404678,273,"1",2.9,3.78,11.36,450.8,NA,30,9.8,257.7,NA,NA,"C","C22","U120",0.0905,0.08,c(18.840932, 64.97012969)
47404804,335,"1",4,4.79,3.67,27.9,NA,11.7,1.2,30.4,NA,NA,"C","C22","U120",0.891,0.11,c(19.22301216, 66.09702733)
47422412,680,"1",5.4,5.93,8.33,47.4,NA,NA,2.8,166.7,NA,NA,"C","C10","U420",0.7215,0,c(15.30541055, 44.68466192)
47443048,300,"1",7,7.28,15.26,14.2,1,32.6,1.7,192.2,NA,NA,"B","B32","U111",1.7165,0.11,c(15.95523297, 50.38922533)
47443326,27,"2",5.5,5.71,54.4,140.6,NA,101,13,59.7,NA,NA,"E","E20","U111",0.684,0.02,c(16.29161026, 52.87776391)
47443426,146,"2",5.1,5.74,9.99,9.3,NA,19.8,1.1,71.9,NA,NA,"E","E20","U111",1.2515,0.06,c(16.42438931, 53.77238542)
47461998,517,"1",7.3,8.02,20.3,10.8,139,NA,1.4,574.2,NA,NA,"E","E30","U112",1.237,0.13,c(15.02968861, 40.95393894)
47462578,380,"1",7.1,7.82,20.1,18.5,17,NA,1.1,102.4,NA,NA,"C","C10","U120",0.2035,0.18,c(15.50292417, 46.17346418)
47462636,394,"2",4.2,5.04,8.39,46.1,NA,NA,3.2,148.5,NA,NA,"C","C10","U120",0.7855,0.03,c(15.55689744, 46.69414396)
47462746,1080,"1",3.2,3.81,10.03,174.9,NA,16.5,7.9,63.4,NA,NA,"C","C21","U120",0.467,0.26,c(15.66310175, 47.68111841)
47462830,192,"2",7.6,8.19,21.3,17,26,40.9,1.7,437.9,NA,NA,"B","B12","U111",1.2195,0.13,c(15.74777325, 48.43438076)
47462992,295,"2",7,7.54,15.94,26.7,30,NA,2.5,256.7,NA,NA,"B","B75","U113",1.25,0.17,c(15.92048964, 49.8861675)
47463010,231,"1",7.4,7.99,20.8,19,56,11.5,2.3,370.2,NA,NA,"B","B32","U111",1.3995,0.04,c(15.94049151, 50.04740784)
47463226,125,"1",6.1,6.65,10.11,33,1,67.1,2.7,248.6,0.8,1.9,"B","B14","U111",1.5995,0.08,c(16.19434705, 51.98136145)
47463250,125,"1",6.7,6.93,97.4,41,8,254.4,4.2,239.4,NA,NA,"B","B32","U111",0.921,0.04,c(16.22422602, 52.19615006)
47463358,137,"1",3.7,4.24,4.02,23.4,NA,29.5,1.1,13.3,5.8,8.1,"C","C22","U120",0.941,0.08,c(16.36317229, 53.16249892)
47464006,3,"1",3.7,4.34,11.98,133.2,NA,25.1,5.1,123.1,NA,NA,"C","C31","U120",0.646,0.22,c(17.38606753, 58.95623504)
47464032,6,"1",4.1,4.81,8.61,40.6,NA,12,2.4,115.1,NA,NA,"C","C21","U120",0.829,0.17,c(17.4354266, 59.18862545)
47464150,0,"3",5.8,6.03,68.5,422.6,NA,35.5,30.5,124.7,NA,NA,"E","E20","U111",0.408,0,c(17.66944272, 60.24331644)
47482810,221,"1",7.3,7.85,27.9,16.5,48,104.4,1.7,477.1,0.8,0.8,"B","B16","U111",1.3005,0.03,c(15.75417784, 48.25366633)
47484016,24,"2",3.9,4.87,6.24,30.9,NA,NA,2.3,84.4,NA,NA,"C","C22","U120",0.891,0.17,c(17.43955856, 59.04374269)
47484120,24,"4",6.1,6.41,15.62,43.2,NA,33.4,4.1,433.4,NA,NA,"E","E20","U111",0.9245,0.24,c(17.64386917, 59.9732426)
47484138,48,"1",5.6,5.96,23,92.4,NA,NA,5.4,68.3,NA,NA,"C","C23","U120",0.549,0.48,c(17.68056241, 60.13411747)
47502046,929,"3",7.2,8.01,25.61,14.4,322,NA,1.5,643.4,NA,NA,"B","B54","U111",1.069,0.09,c(15.11230619, 41.38447376)
47502586,304,"1",3.6,4.03,21.7,44.7,NA,16.8,3.2,63.2,NA,NA,"C","C31","U120",0.1725,0.08,c(15.5619823, 46.2426133)
47504008,15,"1",4.8,5.71,14.52,82.7,NA,20.2,4.7,216,NA,NA,"F","F40","U120",0.771,0.09,c(17.45888964, 58.9703644)
47504040,21,"1",3.6,4.34,6.35,63.2,NA,NA,2.2,47.4,NA,NA,"C","C23","U120",0.618,0.19,c(17.52038005, 59.2563483)
47504058,-20,"3",5.2,6.12,6.3,20.5,NA,35.4,1.7,164.8,NA,NA,"B","B53","U111",1.3175,0.07,c(17.5554899, 59.41721342)
47522416,762,"1",5.7,6.23,9.34,49.4,1,NA,3.4,173.6,NA,NA,"C","C10","U420",1.162,0,c(15.43453076, 44.71414728)
47522710,627,"4",3.3,3.82,16.83,154.1,NA,31.5,8.3,81.7,NA,NA,"C","C21","U120",0.403,0.24,c(15.70695091, 47.35405148)
47522738,750,"1",6.7,7.01,11.5,30.3,1,NA,3,33.3,NA,NA,"E","E20","U111",1.084,0.16,c(15.73476033, 47.60520776)
47522908,456,"1",6.8,7.05,17.71,36.4,3,22.6,3.8,155.2,NA,NA,"E","E20","U111",1.1675,0.03,c(15.91131036, 49.12923431)
47523010,249,"2",6.3,6.75,8.94,19.6,NA,20.4,2.2,183.5,NA,NA,"B","B11","U111",1.5715,0.16,c(16.02401833, 50.04301341)
47524702,306,"1",3.3,4.09,4.59,21.2,NA,21.9,1,37.3,NA,NA,"C","C22","U120",0.732,0.12,c(19.16316747, 65.17075843)
47542880,422,"1",6.2,6.78,9.28,13.3,NA,27.5,1.5,193,1.1,2.5,"B","B11","U111",1.5515,0.11,c(15.90847447, 48.87687516)
47542970,673,"1",3.7,4.28,9.98,51.2,NA,13.6,3,99.3,NA,NA,"E","E10","U120",0.485,0.01,c(16.00681642, 49.6832554)
47542978,658,"1",3,3.45,10.76,46.6,NA,68.5,2.6,75.1,NA,NA,"C","C21","U120",0.7815,0.07,c(16.01575755, 49.75491663)
47542996,290,"1",5.7,6.18,10.86,14.3,NA,16.6,1.6,125.6,NA,NA,"B","B32","U111",1.407,0.11,c(16.03599734, 49.91614464)
47544094,23,"1",5.1,5.51,16.52,40.4,NA,16.7,2.8,146.6,NA,NA,"C","C32","U120",1.072,0.23,c(17.69742805, 59.735065)
47544130,74,"1",3.9,4.29,16.59,295.5,NA,13,11.5,208.4,NA,NA,"D","D20","U120",0.2,0.04,c(17.7710469, 60.05675194)
47544566,230,"1",4.1,4.46,2.46,10.4,NA,NA,0.4,13.4,NA,NA,"C","C22","U120",1.162,0.11,c(18.81172973, 63.95292797)
47562650,325,"1",5.7,6.31,11.76,15.1,NA,19.5,1.5,185.9,NA,NA,"B","B16","U111",1.0205,0.08,c(15.70074642, 46.81296314)
47563046,299,"1",5.1,5.67,12.53,12.7,NA,16.4,1.5,122,NA,NA,"B","B11","U111",1.4725,0.17,c(16.12114743, 50.36243449)
47564108,-3,"2",4.9,5.33,7.8,26.6,NA,NA,2.5,176.7,NA,NA,"E","E10","U120",1.1175,0.16,c(17.76126869, 59.85820534)
47564180,8,"1",5.5,5.94,6.75,23.8,NA,12.9,2.4,31.9,NA,NA,"E","E20","U111",1.085,0.11,c(17.9121198, 60.5015358)
47582082,225,"1",7.4,8.16,16.2,12.3,53,NA,1.3,785.9,0.7,0.8,"B","B12","U111",1.0375,0.12,c(15.23488432, 41.70409046)
47582914,495,"1",3.5,3.95,7.87,21,NA,21.8,1.5,50.3,NA,NA,"C","C33","U120",1.1895,0.11,c(15.99985094, 49.17863294)
47583122,245,"1",6.8,7.2,18.05,9.6,2,64.6,1,206.9,NA,NA,"B","B32","U111",1.371,0.15,c(16.23944204, 51.04133221)
47583292,132,"1",5.1,5.49,15.33,10,NA,87,1.2,114.9,1,1.9,"B","B18","U111",1.1525,0.07,c(16.4537652, 52.56256295)
47584120,30,"1",3.4,4.03,9.99,61.8,NA,10.5,2.7,50.8,NA,NA,"C","C22","U120",0.6535,0.27,c(17.82145807, 59.96345107)
47584184,0,"1",4.5,5.15,13.05,106.8,NA,13.8,4.8,143.6,NA,NA,"C","C21","U120",0.51,0.12,c(17.95681127, 60.53526169)
47584660,262,"1",3.1,4,5.22,332.8,NA,30.2,7.4,245,NA,NA,"C","C22","U120",0.167,0.15,c(19.16239865, 64.78831154)
47584804,444,"1",4,4.58,5.42,56.9,NA,NA,1.8,39.4,NA,NA,"C","C32","U120",0.6435,0.12,c(19.61405859, 66.07504535)
47602098,114,"3",6.8,7.36,25.83,11,12,17.7,1.1,667,1.7,2.2,"B","B12","U111",0.886,0.01,c(15.27117915, 41.84704006)
47602574,294,"1",6.2,6.57,15.43,35.6,NA,NA,3.3,152.2,NA,NA,"C","C10","U120",1.218,0.03,c(15.67980124, 46.12807846)
47621670,1291,"1",5.8,6.29,9.13,21.3,1,NA,2.2,221.4,NA,NA,"E","E20","U111",1.167,0.02,c(14.98736634, 37.98022402)
47622390,630,"1",4.8,5.27,21.8,58.4,NA,NA,4.6,314,NA,NA,"E","E30","U420",0.931,0.01,c(15.53722576, 44.47382601)
47622700,681,"1",5.5,5.94,19.54,55.1,NA,18.9,3.3,137.9,NA,NA,"C","C21","U120",0.8255,0.09,c(15.82881114, 47.25734612)
47622718,965,"4",5.8,6.33,10.23,28.1,NA,11.6,3,68.2,NA,NA,"B","B13","U111",1.032,0.15,c(15.84697644, 47.4187931)
47622754,1150,"3",3.9,4.79,21.5,481,NA,60.4,18.9,328,NA,NA,"C","C21","U120",0.1115,0.45,c(15.88374465, 47.7416345)
47623012,268,"1",6,6.39,9.42,23.8,NA,NA,2.7,104.7,NA,NA,"E","E20","U111",1.2405,0.01,c(16.1655137, 50.05346306)
47623038,351,"1",6.6,6.91,21.2,19.7,1,80.3,2.3,394.8,NA,NA,"B","B11","U111",1.1805,0.18,c(16.19581477, 50.28627415)
47623218,147,"1",6.2,6.8,12.48,8.2,NA,35.9,0.8,67.6,1.4,1.7,"B","B14","U111",0.923,0.03,c(16.41620322, 51.89734757)
47642424,814,"1",4.7,5.07,22.4,74.9,NA,NA,6.2,150.8,NA,NA,"E","E20","U111",0.738,0.05,c(15.59252547, 44.77807326)
47642728,1389,"1",3.5,4.2,24.6,170.3,NA,39,10.7,207.6,NA,NA,"C","C21","U120",0.329,0.23,c(15.88359546, 47.50705186)
47642862,254,"1",7.5,8.15,22.6,22,39,10.6,2.1,526.7,NA,NA,"B","B82","U111",0.9805,0.08,c(16.02476493, 48.70829192)
47642916,444,"1",6.6,6.93,9.22,22.8,1,23.5,2.5,94.1,NA,NA,"B","B32","U111",1.1125,0.07,c(16.08411895, 49.19212478)
47643172,144,"1",5,5.51,7.35,7.2,1,38.2,0.8,127.8,NA,NA,"E","E30","U112",1.337,0.13,c(16.38675192, 51.48417002)
47644036,3,"1",4.5,5.1,9.35,49.8,NA,11.2,3.2,202.3,NA,NA,"C","C31","U120",0.7995,0.05,c(17.75590879, 59.20710456)
47644078,35,"1",4.8,5.54,5.89,27.3,NA,NA,1.9,151.4,NA,NA,"C","C32","U120",1.056,0.12,c(17.84084239, 59.58228953)
47644644,234,"1",4.8,5.32,12.71,44.1,NA,11.2,3.1,91.4,NA,NA,"C","C31","U120",0.521,0.08,c(19.23876937, 64.63824499)
47644662,264,"1",3.7,4.43,6.09,53.8,NA,NA,1.4,48.5,NA,NA,"C","C22","U120",0.68,0.07,c(19.29270227, 64.79903936)
47644756,353,"1",3.2,4.01,8.03,55.3,NA,17,1.8,100.3,NA,NA,"C","C22","U120",0.409,0.45,c(19.58622809, 65.63874004)
47662698,387,"1",5.6,6.14,15.65,16,NA,57.4,1.9,340.9,NA,NA,"E","E20","U111",1.273,0.31,c(15.87945824, 47.23656434)
47662860,248,"1",7.5,8.19,14.88,18.7,11,21.4,1.8,414.1,NA,NA,"B","B82","U111",1.1445,0.11,c(16.04967587, 48.68889773)
47663044,580,"1",4.2,4.88,6.56,35,NA,12.7,3.2,58.1,NA,NA,"E","E20","U111",1.136,0.35,c(16.2588746, 50.33694196)
47663058,678,"1",3.7,4.01,7.72,41.8,NA,46.2,3.3,38.4,NA,NA,"C","C21","U120",0.7755,0.21,c(16.27553883, 50.46227797)
47663076,452,"1",4.7,5.64,4.13,10.8,NA,NA,1.3,43.2,NA,NA,"E","E20","U111",1.3365,0.13,c(16.29712708, 50.62341299)
47663278,134,"1",3.7,4.23,4.38,14.3,NA,26.2,0.9,13.5,NA,NA,"C","C33","U120",1.116,0.05,c(16.55265747, 52.43091063)
47664160,20,"1",5,5.46,19.58,51,NA,17,4,45.7,NA,NA,"C","C22","U120",0.671,0.03,c(18.04891669, 60.31274218)
47681988,825,"1",7.4,8.06,18.54,11.2,109,NA,1.8,378.6,0.6,1.9,"B","B55","U111",1.1785,0.33,c(15.2817817, 40.85019057)
47682402,729,"1",7.1,7.27,20.6,75,19,NA,6.2,215.1,NA,NA,"E","E10","U111",0.867,0.04,c(15.62305053, 44.57765384)
47682690,416,"1",3.6,4.22,17.34,65.8,1,12.1,3.7,75.4,NA,NA,"C","C21","U120",0.614,0.07,c(15.89765686, 47.16337965)
47682888,281,"4",6.7,6.83,17.2,19,2,11.6,1.6,92.5,NA,NA,"C","C10","U420",1.396,0.15,c(16.10759263, 48.938298)
47683090,546,"1",5.4,5.83,13.95,21.2,1,22.8,2.1,315.7,NA,NA,"B","B71","U111",0.891,0.24,c(16.34229439, 50.7471788)
47684022,41,"1",3.6,4.24,14.18,177.4,NA,32.3,8.5,107.1,NA,NA,"C","C21","U120",0.4615,0.02,c(17.79730135, 59.0781227)
47684814,359,"1",3.5,4.37,3.48,13.5,NA,NA,0.6,29.1,NA,NA,"C","C32","U120",0.8205,0.12,c(19.86497972, 66.15175039)
47702092,117,"1",7.3,7.92,14.17,7.6,5,48.9,0.8,206.7,NA,NA,"B","B12","U111",0.957,0.16,c(15.38615377, 41.78659698)
47702576,207,"1",7,7.3,23.9,36.7,64,NA,4,165.1,NA,NA,"E","E20","U111",1.3675,0.01,c(15.81066743, 46.13907968)
47702884,271,"1",5.5,6.05,6.27,15.6,NA,NA,1.6,161.6,NA,NA,"C","C10","U120",1.5495,0.08,c(16.13035783, 48.90096806)
47704630,200,"1",3.5,4.16,4.4,22.8,NA,NA,0.9,47.4,NA,NA,"C","C32","U120",0.759,0.07,c(19.32035954, 64.50602623)
47721542,147,"1",7.3,7.94,18.4,16.3,753,NA,1.9,209.2,NA,NA,"B","B75","U111",1.0585,0.1,c(15.01565672, 36.81466721)
47722586,288,"1",3.9,4.57,6.09,26.9,NA,NA,1.7,28.5,NA,NA,"C","C31","U120",0.592,0,c(15.84621437, 46.22742363)
47722924,532,"2",3.5,4.08,9.09,31.7,NA,12.2,1.9,79.7,NA,NA,"C","C21","U120",1.0335,0.27,c(16.20260578, 49.25778578)
47724104,36,"1",3.8,4.45,11.78,95.1,NA,NA,3.8,105.6,NA,NA,"C","C21","U120",0.4055,0.03,c(18.03587892, 59.80648075)
47724116,32,"1",4,4.56,19.26,159.5,NA,12.4,7.8,96.1,NA,NA,"C","C21","U120",0.3905,0.05,c(18.06137686, 59.91364567)
47742642,224,"1",6.1,6.47,8.94,28.1,NA,32.6,2.5,84,NA,NA,"E","E20","U111",0.9235,0.15,c(15.92771236, 46.72849651)
47742758,436,"4",7,7.33,60.9,63.8,127,16.1,6.4,376.2,NA,NA,"E","E10","U111",0.7665,0.29,c(16.04745715, 47.7687947)
47743406,181,"1",5.2,5.69,10.42,11.9,NA,37,1.2,49,NA,NA,"F","F40","U111",1.126,0.07,c(16.84855137, 53.56887845)
47744090,22,"1",4.9,5.22,19.23,97.6,NA,142.6,7.8,438.9,NA,NA,"E","E20","U111",0.734,0.04,c(18.04157111, 59.67942464)
47744144,16,"1",3.5,4.11,6.6,45.5,NA,NA,2,45,NA,NA,"C","C21","U120",0.748,0.15,c(18.15730702, 60.16163252)
47744162,10,"1",4.7,5.3,8.88,66.7,NA,15.3,3.8,77.9,NA,NA,"C","C23","U120",0.6025,0.07,c(18.19674742, 60.32236587)
47744846,239,"1",4.2,4.74,11.07,34.3,NA,72.5,2.3,49.1,NA,NA,"C","C22","U120",0.8615,0.06,c(20.1073171, 66.42971225)
47762636,266,"3",5.5,6.04,18.67,36.5,NA,11.2,4.2,394.8,NA,NA,"E","E20","U111",1.2625,0.06,c(15.94772984, 46.67322866)
47762888,244,"2",7.3,7.74,21.8,20.5,6,16.4,2.1,248.1,NA,NA,"B","B11","U111",1.3995,0.02,c(16.21644011, 48.93228364)
47762968,683,"1",5.4,6.07,6.56,20.3,NA,51.1,2.1,140.9,NA,NA,"E","E20","U111",1.2785,0.12,c(16.3083493, 49.64877826)
47763032,625,"1",4.2,4.65,19.69,23,NA,34.8,2.1,509.2,NA,NA,"E","E20","U111",1.0485,0.27,c(16.38437178, 50.22177033)
47764062,19,"3",3.1,3.74,22.5,179.4,NA,101,7.1,246.2,NA,NA,"C","C21","U120",0.242,0.1,c(18.01799184, 59.4273638)
47764076,46,"2",3.4,4.25,10.37,61.4,NA,21.1,2.8,90.8,NA,NA,"C","C31","U120",0.623,0.19,c(18.04725751, 59.55237551)
47764156,14,"1",3.5,4.38,37.5,372.8,NA,24.4,17.8,447.5,NA,NA,"C","C31","U120",0.181,0.01,c(18.21936042, 60.26670925)
47764876,234,"1",4.3,4.91,2.83,19.9,NA,20.9,0.9,25.1,NA,NA,"C","C22","U120",0.9515,0.12,c(20.25910734, 66.69487488)
47783448,207,"3",6,6.54,9.47,12.6,1,56.5,1.2,177.2,4.1,6.2,"B","B14","U111",1.078,0.14,c(16.97041836, 53.94087817)
47784042,16,"3",4.1,4.67,11.7,76.3,NA,16.7,4.1,190.8,NA,NA,"C","C31","U120",0.5515,0.08,c(18.01137933, 59.24675489)
47802318,61,"1",6.7,6.98,15.82,72.2,3,NA,4.9,735.2,NA,NA,"C","C33","U420",0.626,0.02,c(15.69755952, 43.81432962)
47802696,351,"2",3.7,4.4,8.1,52.4,NA,17.5,2.9,97.1,NA,NA,"C","C32","U120",0.7305,0.14,c(16.06162634, 47.20848131)
47802732,700,"1",5.1,5.45,38.7,34.9,NA,42.5,3.7,110,NA,NA,"E","E20","U111",0.937,0.19,c(16.09950134, 47.53127198)
47803020,454,"4",5.7,6.22,10.02,21.9,NA,41.3,2.5,126.3,0.8,1.8,"B","B13","U111",1.2865,0.47,c(16.42568468, 50.11121405)
47803344,87,"1",5.7,6.44,4.15,7.1,1,51.1,0.7,35.6,0.9,2.1,"B","B14","U111",1.545,0.05,c(16.8496094, 53.0095271)
47803416,180,"1",4.5,5.11,5.8,6.9,NA,36.2,0.8,31.6,1,3.8,"B","B19","U111",1.319,0.13,c(16.95338599, 53.6531401)
47804614,240,"2",3.2,4.05,8.28,52.2,NA,12.9,1.6,95.5,NA,NA,"C","C22","U120",0.679,0.3,c(19.47681651, 64.35106988)
47821962,273,"1",7.5,7.78,20.49,18.5,389,20.9,1.5,770,1.1,3.2,"B","B75","U111",1.1125,0.1,c(15.42654041, 40.60669649)
47822602,289,"4",6.7,7.14,26.4,39.3,164,18.7,4,266.9,NA,NA,"E","E20","U111",0.826,0.02,c(15.99140313, 46.36384004)
47822764,263,"1",7.3,7.58,43.4,46.2,136,61.6,4.2,650.9,NA,NA,"B","B16","U111",1.0715,0.49,c(16.16029648, 47.81664234)
47822830,217,"1",7.5,8.24,12.48,19.3,39,19.1,1.8,243.9,NA,NA,"A","A30","U319",1.0485,0.03,c(16.23266131, 48.40811053)
47822974,519,"2",6.7,6.89,13.88,29.9,2,10.6,3,129.6,NA,NA,"E","E20","U111",1.2905,0.16,c(16.39828254, 49.69783961)
47823064,373,"2",6.5,6.8,13.85,13.5,1,24.4,1.6,104.7,NA,NA,"B","B11","U111",1.177,0.02,c(16.50754725, 50.50344683)
47823106,244,"1",5.5,5.98,19.93,12.95,NA,74.95,1.55,195.1,NA,NA,"B","B13","U111",1.337,0.25,c(16.56014691, 50.8792833)
47823196,176,"1",3.6,4.09,6.06,30.1,NA,16.3,2,30.1,NA,NA,"C","C10","U120",1.129,0.09,c(16.67648803, 51.68442248)
47842050,161,"1",7.3,7.56,15.52,17.5,1,11.5,1.9,1778.5,NA,NA,"B","B12","U111",1.0385,0.05,c(15.51955317, 41.39894621)
47842612,315,"1",4.1,5.27,3.41,10,NA,NA,1.1,126.3,1.2,2.5,"B","B55","U111",1.228,0.24,c(16.02742283, 46.45210677)
47843026,637,"1",5.1,5.64,18.86,31.9,NA,16.3,3.3,84.2,NA,NA,"E","E20","U111",1.04,0.19,c(16.48874731, 50.16175737)
47844048,16,"2",3.5,4.27,9.65,104.4,NA,15.3,4,89.7,NA,NA,"C","C22","U361",0.523,0.15,c(18.12823955, 59.29420925)
47844700,339,"1",4,4.73,3.07,14.3,NA,12.3,0.7,26.2,NA,NA,"C","C32","U120",1.03,0.28,c(19.82799068, 65.11365412)
47864116,21,"3",5,5.47,15.35,472.2,NA,34.5,23.1,136.4,NA,NA,"C","C31","U120",0.1445,0.01,c(18.30938247, 59.89914118)
47864818,269,"1",3.4,4.16,2.63,17.9,NA,NA,0.6,24.9,NA,NA,"C","C32","U120",0.786,0.12,c(20.27049408, 66.16396085)
47882038,211,"1",7.3,8.23,17.8,7,187,NA,1.1,549.8,NA,NA,"B","B54","U111",0.946,0.16,c(15.55739025, 41.28813326)
47882408,1117,"1",5.2,5.6,25.4,107.2,NA,NA,7.2,191.4,NA,NA,"C","C10","U120",0.5425,0.01,c(15.8793984, 44.61771258)
47883118,193,"1",6.7,7.11,19.57,12.9,1,61.2,1.5,259.7,NA,NA,"B","B11","U111",1.102,0.1,c(16.66051957, 50.98177755)
47884100,2,"1",5.6,5.84,64.7,238.1,NA,18.7,16.5,240.5,NA,NA,"E","E20","U420",0.5435,0.17,c(18.30967288, 59.75422537)
47884132,16,"1",3.4,4.21,14.01,266.8,NA,27,10.1,218,NA,NA,"C","C21","U120",0.366,0.2,c(18.3802633, 60.03983972)
47884810,288,"1",4.5,5.28,4.32,24.9,NA,14.3,1.2,50.3,NA,NA,"D","D20","U319",0.762,0.1,c(20.28557131, 66.0899257)
47902078,99,"1",7.3,8.09,39.84,13.5,483,71.4,1.7,627.9,0.9,2.3,"B","B82","U111",1.034,0.16,c(15.61379479, 41.6472924)
47903014,507,"1",5.2,5.94,5.45,15.7,NA,39.9,1.8,93.8,NA,NA,"B","B51","U111",1.4575,0.08,c(16.55760702, 50.04956201)
47904130,28,"2",3.9,4.61,7.53,60.9,NA,14.2,3,84.1,NA,NA,"C","C21","U120",0.578,0.09,c(18.41134812, 60.01986353)
47904770,325,"1",3.9,4.66,2.92,20.9,NA,16.8,0.9,22.1,NA,NA,"C","C22","U120",0.926,0.16,c(20.18884365, 65.73044845)
47904850,190,"1",3.7,4.63,2.96,21.5,NA,NA,0.8,25.8,NA,NA,"C","C21","U120",0.8745,0.15,c(20.47340029, 66.44403773)
47904922,351,"1",3.7,4.49,3.21,9.8,NA,NA,0.6,15.5,NA,NA,"C","C22","U120",0.945,0.11,c(20.7450424, 67.08618136)
47923082,425,"1",5.8,6.2,14.51,15.3,1,22.7,1.7,224.4,1.2,6.2,"B","B14","U111",1.1665,0.18,c(16.67090251, 50.6564329)
47924096,6,"1",5.6,5.89,19.46,32.5,NA,NA,2.9,122.3,NA,NA,"E","E20","U111",1.264,0.08,c(18.37139569, 59.71430589)
47942316,124,"1",7.3,7.58,22.6,66.3,125,NA,3.4,398.8,NA,NA,"C","C22","U420",0.603,0.1,c(15.86891977, 43.78661361)
47942784,203,"1",7.6,8.28,17.83,37.7,241,NA,2.1,465.1,0.6,0.3,"B","B41","U111",1.056,0.17,c(16.34222748, 47.98675742)
47942860,220,"1",7.3,7.77,22.3,16.6,2,10.5,1.9,279,NA,NA,"B","B11","U111",1.2485,0.1,c(16.42865737, 48.66760092)
47942870,179,"1",7.2,7.55,20.8,11.4,2,16.9,1.3,139.3,0.9,1.4,"B","B22","U111",1.54,0.06,c(16.44025251, 48.75716362)
47942996,368,"1",6.2,6.74,7.41,12.1,NA,28.3,1.4,97.5,NA,NA,"B","B51","U111",1.282,0.09,c(16.5909997, 49.88524262)
47943040,390,"1",6.4,6.65,33,54.2,NA,61.5,5,792.2,NA,NA,"C","C10","U420",0.7045,0.04,c(16.64575267, 50.27900529)
47944796,274,"1",3,3.76,15.13,216.6,NA,29.6,4.7,248.4,NA,NA,"C","C22","U120",0.2665,0.24,c(20.36574763, 65.95702666)
47944962,418,"1",3.9,4.79,10.38,110.3,NA,24.1,4.4,71,NA,NA,"C","C33","U120",0.4135,0.16,c(20.99414844, 67.43717829)
47982796,177,"1",7.3,7.87,26,28.4,77,31.4,2.4,642,NA,NA,"B","B31","U111",1.2605,0.05,c(16.40918794, 48.09117243)
47982846,222,"1",7.3,7.81,35,23.4,47,12.7,2.6,654.1,NA,NA,"B","B13","U111",1.1425,0.31,c(16.46649408, 48.5390661)
47983048,429,"1",7.2,7.8,9.07,5.1,7,10.6,0.7,99.3,NA,NA,"E","E30","U420",0.991,0.02,c(16.71183136, 50.34731389)
47983080,384,"1",5.5,6.04,11.01,30.2,1,11.7,3,164.4,NA,NA,"E","E10","U420",0.8945,0.03,c(16.75286051, 50.6336015)
47983110,195,"1",6.3,6.68,15,21.4,NA,98.2,2,298.8,NA,NA,"C","C10","U111",0.947,0.06,c(16.79189525, 50.90195798)
47983236,118,"1",6.1,6.54,11.93,13.2,NA,70.1,1.4,159.7,NA,NA,"B","B35","U111",1.024,0.06,c(16.96213043, 52.02867733)
47984874,335,"1",3.3,4.35,2.85,11,NA,NA,0.5,33.1,NA,NA,"C","C10","U120",0.741,0.11,c(20.73942128, 66.6470298)
47984970,367,"2",4.3,4.95,2.56,18.8,NA,24,1,23.4,NA,NA,"C","C32","U120",0.642,0.19,c(21.11813559, 67.5027247)
48002872,215,"4",6.6,6.97,30.5,22.1,NA,14.3,2.2,542.3,NA,NA,"B","B31","U111",1.142,0.13,c(16.52392271, 48.77033238)
48002880,190,"4",5.8,6.34,11.16,15.7,NA,12.1,1.4,307.6,2.8,6.7,"B","B32","U111",1.515,0.05,c(16.53336151, 48.84197028)
48004126,17,"1",5.2,5.72,8.57,37.2,NA,82,2.7,102.7,NA,NA,"C","C10","U420",0.909,0.09,c(18.57986189, 59.97341578)
48004600,200,"2",3.3,3.84,16.49,412.2,NA,27.2,22.1,142.5,NA,NA,"C","C31","U120",0.176,0,c(19.84047097, 64.2013065)
48004654,283,"2",3.5,4.09,5.25,60.3,NA,10.3,2.2,34,NA,NA,"C","C21","U120",0.663,0.13,c(20.01159239, 64.68284093)
48004770,262,"1",4.3,4.78,3.89,31.6,NA,NA,1.5,39.1,NA,NA,"C","C22","U120",0.8195,0.18,c(20.40275729, 65.71712628)
48004842,169,"1",3.2,3.96,5.77,55.5,NA,43.4,1.4,36.8,NA,NA,"C","C32","U120",0.569,0.13,c(20.66321891, 66.35899239)
48004986,312,"1",4.7,5.28,9.6,73.9,NA,NA,4.2,39.2,NA,NA,"C","C31","U120",0.484,0.23,c(21.23016765, 67.64239547)
48021928,538,"1",6.3,6.88,10.62,19.5,NA,10.9,2.2,95.9,NA,NA,"E","E30","U111",1.181,0.02,c(15.63403165, 40.28675727)
48022972,470,"1",5.8,6.3,13.43,10.9,NA,37.2,1.3,135.5,NA,NA,"B","B16","U111",1.6415,0.23,c(16.67203814, 49.66395509)
48042028,265,"1",7.1,7.3,12.66,14.7,2,25.7,1.4,1129,NA,NA,"B","B55","U111",0.9445,0.03,c(15.73887566, 41.18720536)
48043464,207,"1",4.6,5.41,3.75,11.4,NA,38.6,0.9,30,NA,NA,"C","C22","U120",1.0755,0.13,c(17.38967846, 54.0606912)
48044728,265,"1",3.2,3.85,28,332.4,NA,23.1,13.4,197.3,NA,NA,"C","C32","U120",0.127,0.05,c(20.34159634, 65.3373429)
48044814,164,"2",3.4,4.21,3.75,52.7,NA,25,1.5,45.8,NA,NA,"C","C22","U120",0.5625,0.12,c(20.64697517, 66.10389283)
48063208,162,"1",6,6.39,14.97,11.5,1,112.4,1.3,354.7,0.6,2.2,"B","B22","U111",1.323,0.06,c(17.03885305, 51.77147225)
48082834,0,"1",4.2,4.82,8.36,26.6,NA,14.5,2.1,93.9,NA,NA,"C","C10","U120",0.819,0.17,c(16.58726406, 48.42364179)
48082906,187,"1",7.2,7.82,17.35,28.4,91,25.1,3,335.5,NA,NA,"B","B11","U111",1.399,0.08,c(16.67337578, 49.06830945)
48083158,210,"1",5.6,6.03,16.65,14.6,NA,55.6,1.8,134.9,NA,NA,"B","B22","U111",1.2835,0.14,c(16.99845058, 51.32274143)
48084692,312,"1",3.3,4.13,5.8,73.8,NA,NA,2.1,51,NA,NA,"C","C22","U120",0.467,0.15,c(20.30283315, 65.01113024)
48084764,160,"1",3.8,4.45,15.17,177.8,NA,19.4,5.7,185.8,NA,NA,"C","C32","U120",0.232,0.18,c(20.55233739, 65.65280266)
48084860,249,"1",4,4.62,3.21,15.9,NA,20.9,0.7,25.3,NA,NA,"C","C22","U120",0.893,0.12,c(20.90677007, 66.50821132)
48103388,114,"1",7,7.53,18.55,22.6,10,42.8,2.2,79.9,0.8,1.3,"B","B41","U111",1.4805,0.06,c(17.36156554, 53.37637292)
48122780,228,"1",7.4,8.03,14.67,31.6,105,10.5,2.3,291.4,0.7,0.6,"B","B13","U111",1.041,0.07,c(16.57783537, 47.93677674)
48122896,285,"1",7.3,7.96,12.94,20.5,11,NA,2.1,215.8,NA,NA,"B","B52","U111",1.4995,0.03,c(16.71568817, 48.97552382)
48122968,487,"1",3.1,3.61,15.85,103.6,NA,18.1,5,89.8,NA,NA,"C","C21","U120",0.6175,0.08,c(16.80499178, 49.61992102)
48123032,841,"1",2.9,3.34,16.88,107.6,NA,36.2,5.5,45.1,NA,NA,"C","C21","U120",0.8025,0.15,c(16.88691328, 50.19251399)
48124678,231,"1",3.6,4.19,3.02,21.7,NA,NA,0.7,24.9,NA,NA,"C","C22","U120",0.853,0.18,c(20.33880536, 64.88103965)
48124750,221,"1",4,4.89,3.64,29.1,NA,12.2,1.1,41.9,NA,NA,"C","C22","U120",0.625,0.09,c(20.58766125, 65.52258754)
48124778,50,"1",3.7,4.47,3.57,24.4,NA,42.1,0.9,114.7,NA,NA,"C","C22","U120",0.8585,0.03,c(20.68809099, 65.7720519)
48124868,303,"1",3.6,4.18,17.38,396.1,NA,16.2,25.9,62.6,NA,NA,"C","C32","U120",0.171,0.42,c(21.02576361, 66.57378439)
48124966,351,"1",3.4,4.13,3.78,31.3,NA,17.3,1,50.9,NA,NA,"C","C31","U120",0.891,0.15,c(21.42145371, 67.44653731)
48142494,333,"2",7,7.24,27,71.9,155,10.5,5.6,206.9,NA,NA,"C","C10","U120",0.857,0,c(16.29214078, 45.37090188)
48142980,445,"2",4.1,4.59,9.92,49.3,NA,19.1,4.2,61.8,NA,NA,"C","C10","U120",0.989,0.34,c(16.84780228, 49.72562517)
48142998,298,"2",6.6,7.03,12.43,19.7,1,149.8,1.7,299.1,1.1,3.7,"B","B75","U113",1.1895,0.15,c(16.87081525, 49.88666944)
48143826,40,"2",6.8,7.52,10.92,12.5,188,24.6,1.2,30.8,NA,NA,"B","B55","U111",1.1885,0.03,c(18.18559202, 57.28229707)
48162584,431,"1",6.9,7.05,45.3,71.8,17,9,5.8,591,NA,NA,"C","C10","U120",0.556,0.02,c(16.41208309, 46.17684235)
48162858,175,"1",7.3,7.89,17.07,13.7,11,17.1,1.3,299.7,0.7,0.6,"B","B11","U111",1.303,0.02,c(16.72379813, 48.63205722)
48164838,130,"1",3,3.84,9.32,137.1,NA,27.8,3.7,140.2,NA,NA,"C","C32","U120",0.236,0.16,c(20.99794168, 66.30088053)
48184716,292,"2",3.5,4.05,7.9,106.8,NA,20.7,3,134.8,NA,NA,"D","D20","U120",0.642,0.14,c(20.59439449, 65.21148829)
48184896,455,"1",4.5,4.89,4.19,19.4,NA,56.7,1.1,42.2,NA,NA,"D","D20","U120",1.148,0.13,c(21.26928226, 66.81443882)
48184914,253,"1",4.1,4.8,2.71,32.6,NA,31.7,1.1,25.9,NA,NA,"C","C22","U120",1.014,0.09,c(21.34207164, 66.97468527)
48184932,315,"2",3.5,4.2,4.65,55.1,NA,11.2,1.9,48.5,NA,NA,"C","C31","U120",0.6575,0.08,c(21.41590644, 67.13492125)
48203382,119,"1",7.1,7.71,16.52,9,5,48.3,1.1,55.4,0.7,1.9,"B","B15","U111",1.487,0.06,c(17.50170531, 53.31359162)
48204714,203,"1",3.8,4.45,6.16,53.5,NA,16.2,2.2,48,NA,NA,"C","C10","U120",0.735,0.17,c(20.62932061, 65.1909348)
48204840,156,"1",3.3,4.11,7.23,71.6,NA,25.1,2.2,102.3,NA,NA,"C","C21","U120",0.405,0.09,c(21.09295459, 66.31296148)
48222820,156,"1",6.9,7.23,27.6,25.3,12,15.9,2.1,79.3,NA,NA,"C","C10","U120",1.1895,0.05,c(16.75881338, 48.28689838)
48222982,259,"1",7.1,7.54,16.59,17.5,14,53.3,2.1,165.2,NA,NA,"B","B13","U111",1.5455,0.07,c(16.96091563, 49.73676416)
48223270,138,"1",7.2,8.05,14.28,2.8,134,42.6,0.6,96.5,NA,NA,"B","B16","U111",1.417,0.09,c(17.36041182, 52.31135577)
48223392,121,"1",7,7.57,10.94,5.8,2,30.8,0.8,60.7,NA,NA,"E","E20","U111",1.565,0.05,c(17.54732615, 53.40103162)
48242800,191,"1",7.5,8.2,17.68,19.2,36,NA,1.9,199.5,NA,NA,"B","B33","U111",1.276,0.12,c(16.76163138, 48.10616571)
48242890,230,"1",7.5,8.19,19.71,20.1,101,28.2,1.8,408.5,NA,NA,"B","B16","U111",1.4495,0.12,c(16.87148961, 48.9118739)
48243208,164,"1",5.9,6.49,9.03,9.4,NA,77.5,1.2,163.8,NA,NA,"B","B18","U111",1.688,0.06,c(17.29851132, 51.75559311)
48244900,300,"3",3.7,4.4,10.17,448.8,NA,31.1,16.1,350.9,NA,NA,"C","C33","U420",0.086,0.02,c(21.41904107, 66.84120101)
48263042,506,"1",5.8,6.03,12.84,60.8,NA,NA,4.7,94,NA,NA,"C","C10","U120",0.842,0.1,c(17.09557654, 50.26996536)
48263050,336,"1",4.8,5.58,4.95,11.6,NA,36.3,1.2,109.7,2.5,3.9,"B","B11","U111",1.5615,0.16,c(17.10633137, 50.34150216)
48263072,341,"4",5.2,5.61,15.92,14.9,NA,18.4,1.7,105.7,NA,NA,"B","B11","U111",0.872,0.05,c(17.13611722, 50.53821368)
48263276,151,"3",4,4.7,3.96,9.7,NA,31.7,0.8,12.9,NA,NA,"C","C32","U120",1.341,0.08,c(17.42780123, 52.36130963)
48264962,348,"1",4.6,5.36,12.5,451.4,NA,34.1,13.9,451.7,NA,NA,"C","C23","U420",0.07,0,c(21.72341036, 67.38984077)
48282506,142,"1",7.2,7.59,14.47,23.7,13,18.6,2.5,134.1,NA,NA,"E","E30","U420",1.054,0.01,c(16.48274977, 45.46778894)
48282884,189,"1",7.5,8.39,16.33,11.9,75,NA,1.1,233,NA,NA,"B","B75","U113",1.4285,0.07,c(16.91832421, 48.85481169)
48282902,200,"1",7.3,7.98,22.7,18.3,117,12.6,1.7,166.1,0.3,0.3,"B","B16","U111",1.3615,0.07,c(16.9409533, 49.01589545)
48283352,117,"1",3.9,4.31,7.45,13,NA,21.5,0.9,25.3,NA,NA,"C","C22","U120",1.1,0.03,c(17.57381488, 53.03823366)
48302874,152,"1",7.7,8.34,19.63,14.7,47,NA,1.7,209.3,0.8,0.9,"B","B16","U111",1.359,0.06,c(16.93293113, 48.76362629)
48303040,629,"1",3.7,3.99,14.62,67.9,NA,30.2,4.6,72.9,NA,NA,"C","C21","U120",0.7445,0.2,c(17.14875373, 50.24859235)
48304692,175,"1",3.1,3.71,6.74,121.1,NA,11.8,3.1,53.7,NA,NA,"C","C33","U120",0.2935,0.35,c(20.76078605, 64.9812446)
48304706,179,"1",4,4.59,2.77,16.3,NA,NA,0.6,16.4,NA,NA,"C","C22","U120",1.1455,0.1,c(20.81029367, 65.10586889)
48304768,27,"1",3.6,4.26,9.32,89.7,NA,34.5,3.7,142.9,NA,NA,"C","C31","U120",0.432,0.32,c(21.03579585, 65.65771743)
48322710,198,"2",6.2,6.63,18.79,14.7,NA,92.7,1.8,331.6,NA,NA,"B","B13","U111",1.287,0.08,c(16.76146998, 47.29349658)
48323286,151,"2",5,5.41,14.55,6.6,1,45.1,0.8,135.6,0.5,1.6,"B","B22","U111",1.045,0.05,c(17.53070679, 52.44509626)
48323862,52,"1",6,6.25,18.7,101,NA,NA,4.9,73.8,NA,NA,"C","C32","U120",0.6005,0.1,c(18.55562944, 57.58446531)
48342036,198,"3",7.4,8.13,18.01,27.5,212,NA,1.9,514,NA,NA,"B","B81","U111",1.1705,0.17,c(16.10116761, 41.23809221)
48342670,255,"1",6.5,6.69,10.57,11.1,NA,49.6,1.3,184.3,0.9,2.6,"B","B32","U111",1.258,0.05,c(16.74135329, 46.93347395)
48343344,104,"1",4.2,4.53,9.45,6.1,1,42.6,0.8,59.7,NA,NA,"B","B55","U111",0.9795,0.02,c(17.6501818, 52.96115771)
48344622,172,"1",3.3,4.09,10.49,156.4,NA,18.4,5.1,100.3,NA,NA,"C","C33","U120",0.1945,0.07,c(20.60203164, 64.35262152)
48344758,39,"1",3.8,4.51,18.01,137.6,NA,34.6,5.5,102,NA,NA,"E","E10","U120",0.3425,0.08,c(21.08364095, 65.56300832)
48344784,144,"1",3.4,4.14,14.53,468.6,NA,17.3,16.7,258.3,NA,NA,"C","C32","U120",0.077,0.28,c(21.18134293, 65.79434973)
48344794,82,"1",3.4,4.11,7.41,76.8,NA,28.7,2.4,78.6,NA,NA,"C","C23","U120",0.5205,0.16,c(21.21943254, 65.88332183)
48363340,137,"1",5.4,5.93,7.93,3.3,NA,55.4,0.4,76.1,NA,NA,"B","B16","U111",1.0435,0.05,c(17.6734718, 52.92355093)
48381694,1767,"2",5,5.51,20.3,101.5,1,17.1,4.8,307.8,NA,NA,"C","C10","U120",0.622,0.34,c(15.86310001, 38.1485395)
48383062,241,"2",6.4,6.85,12.85,13.2,NA,45.3,1.6,95.7,NA,NA,"B","B11","U111",1.276,0.06,c(17.29078454, 50.43820463)
48383094,226,"2",6.6,7.15,16.25,11.3,1,37.9,1.4,220.2,NA,NA,"B","B11","U111",1.344,0.07,c(17.33547378, 50.72423215)
48383224,178,"2",5.9,6.46,6.97,7.3,1,23.5,0.9,43.4,NA,NA,"B","B18","U111",1.45,0.14,c(17.52422613, 51.88576741)
48402618,240,"1",4.7,5.24,9.16,10.2,NA,12.1,1.2,96,1,3.6,"B","B11","U111",1.1035,0.07,c(16.75995054, 46.46255175)
48403140,176,"2",5.4,6.12,10.87,7.6,NA,39.4,0.9,90.6,0.9,2.4,"B","B14","U111",1.2235,0.02,c(17.42936807, 51.13349667)
48403162,248,"1",4,4.66,4.35,8.2,NA,37.1,0.8,45.1,NA,NA,"C","C10","U420",1.114,0.11,c(17.46130091, 51.330062)
48403252,111,"1",4.9,5.68,7.43,11.6,NA,86.3,1.2,111.2,NA,NA,"E","E30","U420",1.5375,0.06,c(17.59553619, 52.13398685)
48404692,89,"1",3.3,3.96,7.18,212.9,NA,12.3,6.6,65.7,NA,NA,"C","C23","U120",0.45,0.24,c(20.96862909, 64.96723519)
48421886,1057,"1",6.3,6.87,20.03,52.6,1,11.9,5.5,197.8,NA,NA,"E","E20","U111",0.8905,0.1,c(16.06511759, 39.87995066)
48422818,157,"2",7.2,7.68,28.1,23.6,117,NA,2.7,299,0.9,1.2,"B","B32","U111",1.875,0.03,c(17.02470785, 48.25221417)
48423136,184,"1",3.6,4.33,7.16,41.7,NA,81.9,2.3,33.4,NA,NA,"C","C22","U120",1.002,0.03,c(17.45202462, 51.09592879)
48423254,114,"1",4.9,5.82,6.82,7.1,NA,69.5,0.7,100.5,NA,NA,"B","B21","U111",1.44,0.07,c(17.62767085, 52.1499724)
48423448,162,"1",5.9,6.49,6.21,22.6,NA,19.3,1,284.5,NA,NA,"B","B16","U111",0.748,0.08,c(17.93967317, 53.8817503)
48442898,181,"1",3.9,4.62,6.86,5.5,NA,65.5,0.7,110.9,NA,NA,"B","B32","U111",1.432,0.01,c(17.15357907, 48.96635022)
48442996,604,"1",5.9,6.37,7.83,20.8,1,17.1,2.3,222,NA,NA,"B","B15","U111",1.442,0.39,c(17.28378758, 49.84280985)
48444854,207,"1",3.7,4.44,4.4,56.8,NA,13.2,1.7,55.1,NA,NA,"C","C22","U120",0.468,0.11,c(21.6730828, 66.40209471)
48462300,399,"1",6,6.53,6.17,29.2,NA,NA,2.8,191.7,NA,NA,"D","D10","U420",0.772,0,c(16.49536351, 43.60417593)
48462686,238,"1",3.4,4.01,13.85,98.9,NA,47.9,6.1,87.4,NA,NA,"C","C22","U120",0.4595,0.36,c(16.91716404, 47.0668822)
48462776,140,"1",7.6,8.15,30.9,21.8,112,22.3,2,220.2,NA,NA,"B","B13","U111",1.277,0.09,c(17.02603165, 47.87283272)
48464702,69,"1",3.2,4.05,17.08,330.2,NA,14.7,9.6,89.1,NA,NA,"C","C22","U120",0.168,0.11,c(21.12959348, 65.04763842)
48464972,241,"1",3.6,4.56,8.68,451.6,NA,27.5,18.9,200.4,NA,NA,"C","C22","U120",0.141,0.17,c(22.2225188, 67.44756318)
48482748,120,"1",6.4,6.85,9.12,30,NA,72.9,3.2,234.5,NA,NA,"B","B31","U111",1.155,0.23,c(17.01818973, 47.62044204)
48483018,665,"1",5.5,5.99,7.62,27.4,1,23.6,2.8,156.8,NA,NA,"E","E20","U111",1.191,0.01,c(17.36943795, 50.03590677)
48483256,106,"3",3.8,4.45,3.68,9.9,NA,37.3,0.8,21.7,NA,NA,"E","E10","U420",1.36,0.02,c(17.71800909, 52.16215988)
48501738,170,"3",5.8,6.36,31.46,25.5,4,20.6,3.1,180.5,NA,NA,"B","B53","U111",0.723,0.05,c(16.03420754, 38.53783343)
48504726,18,"1",3.2,4.06,4.43,21.1,NA,25.7,0.9,33.5,NA,NA,"C","C22","U120",0.736,0.02,c(21.30186614, 65.25525991)
48523134,194,"1",6.3,6.85,13.31,9.4,NA,30.3,1,118.7,NA,NA,"B","B11","U111",1.306,0.19,c(17.59117954, 51.06882589)
48523170,240,"1",3.7,4.42,6.77,14.6,NA,11.7,1,23.7,1.3,1.6,"C","C32","U120",1.0445,0.18,c(17.64463788, 51.39038765)
48523322,139,"1",6.8,7.24,14.28,9.2,2,65.5,1.1,121.8,NA,NA,"B","B35","U111",1.21,0.06,c(17.88096383, 52.747503)
48523386,122,"1",3.3,4.03,6.08,55.4,NA,22.7,2.6,27.2,NA,NA,"C","C22","U120",0.7915,0.03,c(17.98591884, 53.31865493)
48524748,22,"1",4.3,5.12,8.19,32.8,NA,NA,2,82.9,NA,NA,"C","C21","U120",0.6795,0.04,c(21.42706975, 65.44789893)
48524838,15,"2",3,3.61,9.41,308.3,NA,75.5,7.4,396.3,NA,NA,"C","C22","U120",0.092,0.21,c(21.78230634, 66.24773849)
48524866,294,"1",3.9,4.61,4.56,40.3,NA,30.5,1.7,46.2,NA,NA,"C","C32","U120",0.768,0.12,c(21.89788225, 66.49651133)
48524898,212,"4",3.9,4.65,9.87,455,NA,31.8,12.2,377.4,NA,NA,"C","C21","U420",0.11,0.34,c(22.03307797, 66.78078083)
48524982,269,"4",3.9,4.67,4.04,36.1,NA,22.9,1.4,33.7,NA,NA,"C","C32","U120",0.776,0.1,c(22.40464804, 67.52675156)
48542012,626,"1",7.2,7.52,15.06,26.7,4,NA,2.5,671.4,NA,NA,"E","E20","U420",0.98,0.17,c(16.31619222, 41.00705828)
48542026,354,"1",7.3,8.09,15.82,10.2,15,NA,1.1,823.2,NA,NA,"B","B82","U111",0.9825,0.15,c(16.32896665, 41.13317181)
48542772,123,"1",7.5,7.89,22.3,27,15,31.7,2.6,295.4,1.4,1.2,"B","B32","U111",1.134,0.1,c(17.12750635, 47.83014262)
48543070,239,"1",6.5,7.06,16.11,10.1,2,12,1.3,191.2,NA,NA,"B","B13","U111",1.2785,0.06,c(17.52644612, 50.49517735)
48543106,194,"1",7,7.22,26.3,16.7,2,53.5,2,289.3,NA,NA,"B","B11","U111",1.3435,0.01,c(17.57848623, 50.81682709)
48543226,167,"1",5.5,6.2,12.49,5,3,63.2,0.7,105.7,NA,NA,"B","B13","U111",1.3465,0.08,c(17.75857701, 51.88857914)
48543334,126,"1",7.1,7.69,17.58,8.5,31,13,1.1,134.7,NA,NA,"B","B41","U111",1.5615,0.06,c(17.9299244, 52.85265085)
48544698,31,"1",3.2,4.12,5.74,68,NA,37.4,2.6,47.3,NA,NA,"C","C22","U120",0.6095,0.13,c(21.28136064, 65.00051385)
48544798,16,"2",3.6,4.26,12.19,137.3,NA,31.3,5.8,166.6,NA,NA,"C","C22","U120",0.3055,0.11,c(21.66435827, 65.88928017)
48544816,20,"2",3.9,4.35,106.4,477.7,NA,50.6,32.3,293.8,NA,NA,"C","C10","U120",0.131,0.19,c(21.73639515, 66.04921827)
48544950,199,"1",3.6,4.49,8.14,112.9,NA,24.6,4,92.5,NA,NA,"C","C31","U120",0.4005,0.04,c(22.30531217, 67.23942039)
48562914,354,"1",6.2,6.7,9.38,17.5,NA,32.2,1.9,315,NA,NA,"B","B32","U111",1.52,0.28,c(17.33808593, 49.09885315)
48564876,181,"1",3.9,4.76,3.52,13.5,NA,NA,0.5,23.2,NA,NA,"C","C22","U120",0.8825,0.13,c(22.02783352, 66.57913281)
48564930,223,"1",3.7,4.41,14.55,451.8,NA,29.6,20.3,145.7,NA,NA,"C","C10","U120",0.1065,0.24,c(22.26139491, 67.05865208)
48583324,147,"1",6.7,7.04,13.53,12,1,25.7,1.4,40.7,1.3,1.7,"B","B11","U111",1.242,0.08,c(17.97261928, 52.75948217)
48584620,29,"1",3.8,4.49,24.1,125.5,NA,22.6,5.6,109.1,NA,NA,"C","C21","U120",0.223,0.05,c(21.08263343, 64.30136485)
48584908,181,"1",3.9,4.55,4.05,40.6,NA,37.8,1.5,46.4,NA,NA,"C","C31","U120",0.7325,0.16,c(22.20953551, 66.86014488)
48584940,247,"1",4.2,4.7,3.95,26.7,NA,38.4,1.2,36.9,NA,NA,"C","C22","U120",0.7305,0.09,c(22.35072954, 67.14423077)
48603376,126,"1",5,5.53,10.35,6.8,NA,83.4,0.8,123.5,1.2,9.2,"B","B32","U111",1.306,0.02,c(18.08843911, 53.22148232)
48622646,136,"1",7,7.19,29.1,44,74,16.3,4.6,205.2,NA,NA,"C","C10","U120",0.8165,0.12,c(17.0784286, 46.69500225)
48622960,238,"1",7,7.76,15.25,19.5,22,15.8,1.4,270.7,NA,NA,"D","D10","U420",1.207,0.12,c(17.48276193, 49.50471683)
48623122,191,"2",6,6.51,17.63,14.1,NA,39.7,1.6,206.8,NA,NA,"B","B11","U111",1.268,0.06,c(17.71523488, 50.95224458)
48623230,149,"3",3.7,4.18,3.69,12.4,NA,13.8,0.7,NA,NA,NA,"C","C32","U120",1.206,0.07,c(17.88047518, 51.9165903)
48623384,121,"1",5.2,5.73,12.46,9.6,1,22.3,1.1,94.9,NA,NA,"B","B18","U111",1.4625,0.11,c(18.13175313, 53.29084664)
48623474,192,"2",5,5.48,8.76,9.8,NA,15.6,1.1,47.5,NA,NA,"B","B13","U111",1.458,0.1,c(18.2878723, 54.09357479)
48624986,234,"3",4.2,4.98,6.68,54.7,NA,26.9,2,61.4,NA,NA,"C","C32","U120",0.702,0.05,c(22.65147886, 67.54594211)
48644756,9,"1",3.7,4.25,57.5,437.9,NA,28,19.5,283.6,NA,NA,"C","C31","U120",0.095,0,c(21.71160231, 65.5010518)
48662892,218,"1",7.1,7.58,12.65,14.2,3,NA,1.7,250.2,NA,NA,"B","B11","U111",1.5435,0.31,c(17.44458942, 48.89310023)
48664768,0,"1",3.6,4.29,17.14,450,NA,15.3,17.1,370.7,NA,NA,"C","C32","U120",0.0685,0.02,c(21.80129253, 65.60458733)
48664836,180,"1",3.3,4.26,5.18,32.7,NA,NA,1.4,66.6,NA,NA,"C","C22","U120",0.7915,0.2,c(22.07813239, 66.20834263)
48681954,376,"1",7.4,8.26,12.88,9.4,185,NA,0.9,217.3,NA,NA,"B","B81","U111",1.551,0.03,c(16.42791313, 40.4738047)
48683412,136,"1",4.9,5.61,6.29,6.9,NA,54.1,0.8,104.4,0.8,1.2,"B","B32","U111",1.1975,0.05,c(18.26954109, 53.53450901)
48684852,291,"1",3.5,4.38,4.07,50.8,NA,NA,1.7,33.4,NA,NA,"C","C22","U120",0.753,0.21,c(22.18899422, 66.34721871)
48701838,1266,"1",4.4,5.12,8.51,44.9,1,NA,2.4,101.6,NA,NA,"C","C22","U120",0.7695,0.44,c(16.34745141, 39.42617432)
48702630,70,"4",6.8,7.07,30.2,72.6,8,16.3,7.7,82.4,NA,NA,"E","E20","U111",1.108,0.11,c(17.16312338, 46.54478258)
48702840,201,"1",5.5,6.14,16.81,14.9,NA,40.9,1.7,328.4,NA,NA,"B","B31","U111",1.421,0.22,c(17.42908789, 48.42442446)
48702966,283,"1",6.4,6.87,11.77,15.6,1,29.2,1.7,142.6,1,3.1,"B","B35","U111",1.38,0.08,c(17.60112917, 49.55097564)
48703152,231,"1",5.4,5.76,11.52,10.4,NA,31.9,0.9,99.5,1.4,3.1,"B","B16","U111",1.6575,0.04,c(17.8742223, 51.21248885)
48703210,169,"1",6.4,6.75,25.3,12.7,2,33.2,1.4,124.3,NA,NA,"B","B23","U111",1.2425,0.07,c(17.96444667, 51.73026422)
48703278,142,"1",5.4,5.95,14.12,9.9,NA,40.4,1.2,73.7,NA,NA,"B","B16","U111",1.2765,0.05,c(18.07352092, 52.3371267)
48704820,104,"2",3.5,4.22,11.16,450.4,NA,46.2,19.1,412,NA,NA,"C","C10","U120",0.099,0.01,c(22.09801613, 66.06006085)
48722938,241,"3",6.5,6.91,6.78,10.3,NA,33.2,1.2,148,1.4,1.1,"B","B13","U111",1.5195,0.09,c(17.58940879, 49.29885532)
48723124,198,"1",4.9,5.54,8.36,15.4,NA,21.5,1.7,122.6,NA,NA,"B","B11","U111",1.7515,0.07,c(17.85988883, 50.96054871)
48724914,190,"2",4,4.86,3.01,17.1,NA,25.2,0.8,30.7,NA,NA,"C","C32","U120",1.024,0.01,c(22.54751823, 66.89088896)
48724996,284,"2",3.2,4,10.09,494.4,NA,37.4,16.4,162.4,NA,NA,"C","C22","U420",0.111,0.02,c(22.9273598, 67.61797202)
48742590,115,"2",6.7,7.18,11,16.7,1,24.2,2,89.2,NA,NA,"B","B52","U111",1.836,0.07,c(17.16674593, 46.18298221)
48743058,253,"2",6.1,6.69,9.13,13.2,NA,19.8,1.6,111.3,NA,NA,"B","B11","U111",1.2075,0.09,c(17.78917753, 50.36920684)
48743116,210,"4",3.1,3.98,10.91,115.6,NA,29.3,4.1,70.5,NA,NA,"C","C22","U120",0.683,0.08,c(17.8760459, 50.88718365)
48743134,222,"3",4.2,4.6,13.5,10.8,NA,123.8,1.2,109.7,NA,NA,"B","B16","U111",1.178,0.05,c(17.90349556, 51.04790265)
48763252,137,"3",4.5,4.78,6.96,6.3,NA,67.9,0.8,18.5,NA,NA,"E","E20","U111",1.442,0.02,c(18.11849338, 52.09914702)
48763266,0,"1",4.4,5.13,3.67,7.9,NA,39.3,0.8,NA,NA,NA,"E","E20","U111",1.3755,0.01,c(18.14135441, 52.22406125)
48763414,133,"1",3.6,4.01,12.22,55.9,NA,41.3,3,46.5,NA,NA,"C","C32","U120",0.666,0.04,c(18.39300809, 53.54409705)
48781756,629,"1",5.4,6.02,8.12,25.1,NA,NA,2.1,506.4,NA,NA,"C","C10","U120",0.8545,0.11,c(16.36790195, 38.67985815)
48781948,118,"1",7.4,8.25,18.8,15.7,201,43.5,1.5,455.1,NA,NA,"B","B54","U111",1.209,0.24,c(16.53938924, 40.41200704)
48782686,126,"3",6.7,6.88,20.6,117.1,5,17.4,12.6,429.3,NA,NA,"E","E20","U111",0.6785,0.11,c(17.33643573, 47.03922112)
48782830,137,"3",7.4,7.89,20.9,19.4,28,NA,1.9,182.6,1.1,1.1,"B","B11","U111",1.3845,0.03,c(17.52325374, 48.32770319)
48782998,505,"2",3.7,4.05,8.605,24.2,NA,11.5,1.9,65.25,NA,NA,"C","C33","U120",1.0995,0.25,c(17.75711167, 49.82941425)
48801836,1212,"4",4.9,5.38,46.19,38.5,NA,56.7,3.6,404,1.2,1.4,"B","B21","U111",0.8765,0.23,c(16.46084721, 39.40051733)
48802924,421,"1",4.2,4.71,10.33,41.4,NA,25.4,3,131.3,NA,NA,"C","C21","U120",1.0135,0.1,c(17.67917973, 49.16626573)
48803000,478,"1",6,6.61,8.68,17.9,NA,15,2,101.3,NA,NA,"B","B11","U111",1.3925,0.19,c(17.78768116, 49.84538126)
48803078,239,"1",3.4,4.15,13.39,79.7,NA,34.5,4.6,69.2,NA,NA,"C","C10","U120",0.826,0.18,c(17.90310124, 50.54205738)
48803234,166,"3",5.2,5.8,6.29,8.4,2,57.6,1,127.2,NA,NA,"B","B16","U111",1.3115,0.06,c(18.14718554, 51.93453369)
48803330,112,"1",7,7.37,18.67,13.9,7,37.8,1.6,152.4,NA,NA,"B","B23","U111",1.5455,0.03,c(18.30686259, 52.79090774)
48804824,122,"1",3.8,4.62,4.01,18.7,NA,NA,0.9,28.2,NA,NA,"C","C22","U120",0.8265,0.17,c(22.33054615, 66.07974463)
48804914,197,"2",4.3,4.9,3.72,16.6,NA,26.2,0.8,23.6,NA,NA,"C","C32","U120",1.1235,0.17,c(22.7254369, 66.87776614)
48822296,677,"1",5.7,6.25,11.04,45.4,NA,NA,2.6,223.7,NA,NA,"C","C33","U420",0.7795,0.01,c(16.9343925, 43.53920961)
48823118,206,"1",3,3.59,33,201,NA,33.2,7.3,98.7,NA,NA,"C","C22","U120",0.3735,0.11,c(17.9922452, 50.89725305)
48823460,119,"1",5.6,6.24,5.97,9.9,NA,60.9,1.1,81.3,NA,NA,"B","B51","U111",1.1095,0.16,c(18.56595411, 53.94787336)
48843166,208,"1",4.2,4.41,4.84,4.7,NA,55.6,0.6,29.1,NA,NA,"B","B14","U111",1.306,0.03,c(18.09562623, 51.32373039)
48844930,182,"1",3.3,4.04,5.87,64.8,NA,22.7,1.7,61.4,NA,NA,"C","C22","U120",0.744,0.29,c(22.88795735, 67.0129147)
48861746,1121,"2",5,5.51,21.4,65.9,NA,NA,5.1,292.4,NA,NA,"C","C22","U120",0.77,0.11,c(16.45030604, 38.58345978)
48864834,128,"1",3.6,4.34,8.76,63.4,NA,44,2,125.8,NA,NA,"C","C22","U120",0.254,0.12,c(22.50291811, 66.15877656)
48881748,999,"1",4.8,5.46,6.34,28.7,NA,13.9,1.4,172.7,NA,NA,"C","C10","U420",0.865,0.18,c(16.47479835, 38.59999013)
48881820,1345,"1",5.2,5.74,13.4,24.9,NA,29,2.5,697.8,NA,NA,"E","E30","U111",0.8675,0.27,c(16.53854215, 39.24996732)
48882576,128,"3",5.2,6.16,4.46,9.8,NA,33.4,1.1,148,NA,NA,"C","C10","U120",1.4545,0.16,c(17.3300528, 46.04528746)
48883192,159,"2",4.5,5.17,4.25,12.9,1,45.4,1.6,61.3,NA,NA,"B","B18","U111",1.2685,0.06,c(18.19439969, 51.55174292)
48883296,118,"2",4.2,4.31,5.71,8.4,1,32.2,0.9,13.6,NA,NA,"E","E10","U420",1.2665,0.03,c(18.36654402, 52.47945763)
48884898,160,"4",4.2,4.87,3.72,27.2,NA,NA,1.1,27.3,NA,NA,"C","C32","U120",1.057,0.15,c(22.82999369, 66.72270807)
48902764,104,"2",7.4,8.15,14.89,30.1,187,NA,1.9,157.7,NA,NA,"F","F40","U111",1.178,0.09,c(17.59536297, 47.7263464)
48902836,130,"2",7.3,7.85,17.61,15.2,49,NA,1.5,133.4,0.7,1.2,"B","B41","U111",1.503,0.01,c(17.69252093, 48.37024191)
48902848,151,"1",7.4,7.92,24.9,16.1,70,17.4,1.7,278.8,NA,NA,"B","B16","U111",1.431,0.02,c(17.70902136, 48.47752768)
48902970,287,"3",6.2,6.69,12.22,17.6,1,16.4,2,167.7,NA,NA,"E","E20","U111",1.29,0.1,c(17.88198747, 49.56779931)
48903124,220,"2",3.3,4.26,12.64,62.5,NA,28.5,3,75.3,NA,NA,"C","C22","U120",0.713,0.02,c(18.11476041, 50.94290681)
48903214,161,"1",4.6,5.3,10.08,10.2,NA,76.2,1.1,141.3,0.6,1.7,"B","B11","U111",1.211,0.05,c(18.25889174, 51.74600204)
48903376,123,"2",6.8,7.23,17.41,6.3,1,76.3,0.9,197.7,NA,NA,"B","B11","U111",1.324,0.03,c(18.53485692, 53.19066428)
48903448,84,"3",7.1,7.59,24.5,14.1,100,27.2,1.5,476.4,1.4,1.9,"B","B32","U111",1.0465,0.12,c(18.66487488, 53.83238936)
48903466,108,"2",5.2,5.76,15.91,11.6,1,79.2,1.4,210.1,NA,NA,"B","B11","U111",1.279,0.05,c(18.69813198, 53.99278923)
48904906,132,"2",4.5,5.02,13.42,53.4,NA,30.7,3.4,105.8,NA,NA,"C","C10","U120",0.5525,0.25,c(22.91075903, 66.79024261)
48923022,306,"1",6.5,6.85,20.8,13.6,1,17.5,1.7,117.9,NA,NA,"B","B32","U111",1.4345,0.03,c(17.98648934, 50.03030656)
48923094,220,"3",4.8,5.25,13.73,20.8,NA,30.1,1.3,46.6,NA,NA,"C","C10","U120",1.1115,0.07,c(18.09622958, 50.67314096)
48923224,172,"2",3.5,3.98,4.19,23,NA,12.9,1.1,18.1,NA,NA,"C","C22","U120",1.0265,0.03,c(18.3041527, 51.8331718)
48923238,174,"3",3.6,4.15,2.77,7.1,NA,NA,0.4,11.5,NA,NA,"C","C22","U120",1.208,0.04,c(18.32733331, 51.95805136)
48924916,181,"2",3.5,4.38,8.04,454.2,NA,27.1,14.4,221.1,NA,NA,"C","C22","U420",0.0765,0.1,c(23.00125236, 66.87545345)
48924934,251,"2",4.4,5.11,3.17,16.9,NA,25.9,0.8,35.3,NA,NA,"C","C32","U120",1.0705,0.13,c(23.08536266, 67.03485546)
48941776,114,"1",7.1,7.91,17.89,20.9,96,NA,1.9,362,NA,NA,"D","D10","U420",1.3505,0.11,c(16.56788778, 38.84817328)
48941830,1333,"2",5.3,5.78,21.3,75.2,NA,16.4,4.3,330.4,NA,NA,"C","C32","U120",0.64,0.28,c(16.61654355, 39.33550652)
48942888,416,"2",6,6.55,6.84,19.6,NA,NA,2.2,129.7,NA,NA,"E","E20","U111",1.352,0.08,c(17.81889379, 48.83128675)
48942960,387,"3",5.4,5.94,16.68,16.8,NA,60.3,1.9,352.1,NA,NA,"B","B16","U111",1.393,0.13,c(17.92236632, 49.47460652)
48943234,171,"2",4.8,5.2,10.89,16.4,1,10.3,1.4,18.5,NA,NA,"E","E20","U111",1.2805,0.05,c(18.34960377, 51.92032071)
48944890,189,"1",4.2,4.91,3.34,17.8,NA,NA,0.7,26.4,NA,NA,"C","C32","U120",0.9825,0.16,c(22.92586679, 66.64182104)
48962830,163,"1",7,7.39,12.15,15,4,48.2,1.6,411,NA,NA,"B","B11","U111",1.3865,0.07,c(17.76480493, 48.31095431)
48963460,63,"1",6.7,7.15,19.44,12.9,2,50.7,1.7,209.9,0.5,2.2,"B","B32","U111",1.038,0.11,c(18.77777559, 53.93283365)
48964996,202,"1",4.4,5.02,2.78,13.1,NA,19.7,0.7,21.9,NA,NA,"C","C22","U120",1.04,0.05,c(23.47573041, 67.57673681)
48982754,118,"2",7.4,7.85,23.1,53.7,501,NA,4.8,160.5,NA,NA,"E","E30","U120",0.8605,0.1,c(17.68804394, 47.62947139)
48982838,227,"3",7.4,7.87,19.04,14.4,28,14.9,1.5,181,NA,NA,"B","B11","U111",1.5255,0.01,c(17.80274576, 48.38057606)
48983302,138,"1",4.8,4.91,28.3,6.9,1,38.9,0.9,91.6,NA,NA,"B","B35","U111",1.3495,0.11,c(18.52324118, 52.5225455)
49003136,258,"1",6.3,6.88,10.98,11.8,NA,32.2,1.3,207.2,1.2,1.2,"B","B11","U111",1.2055,0.1,c(18.27545927, 51.03993844)
49022788,110,"2",7.1,7.85,16.7,41.5,182,154.4,3,371.3,NA,NA,"B","B16","U111",1.3545,0.02,c(17.78721773, 47.92976795)
49024904,165,"1",3.4,4.39,13.28,466.2,NA,28.6,26.6,78.2,NA,NA,"C","C22","U120",0.1405,0.08,c(23.16690333, 66.7522391)
49024940,252,"1",3.5,4.36,4.82,46.9,NA,11.1,1.4,65,NA,NA,"C","C22","U120",0.899,0.09,c(23.33742359, 67.0708103)
49042854,244,"4",7.2,7.7,18.5,16.7,18,26.9,1.8,296.1,0.8,1.4,"B","B13","U111",1.5205,0.02,c(17.90590567, 48.51784737)
49043232,189,"1",3.2,3.87,3.6,15.9,NA,NA,0.7,20.6,NA,NA,"C","C22","U120",1.126,0.03,c(18.49073322, 51.89212204)
49062684,260,"3",7.4,7.72,36.2,44.3,93,152.4,4.2,711.1,NA,NA,"B","B16","U111",0.8345,0.22,c(17.70032613, 46.99579353)
49062756,124,"1",7.6,8.22,21,25.7,46,16.9,2.6,247.9,NA,NA,"F","F40","U111",1.3155,0.07,c(17.79666362, 47.63983432)
49063030,255,"2",6.1,6.4,21.4,20.8,1,57.7,1.9,257.7,NA,NA,"B","B45","U111",1.079,0.08,c(18.19315139, 50.08787574)
49063498,31,"1",5.9,6.23,35.4,31,NA,28.5,3.7,242.5,0.9,2,"B","B32","U111",0.845,0.12,c(19.00192668, 54.26029567)
49064428,16,"3",6.1,6.52,6.03,17.6,NA,56.1,1.5,80.1,NA,NA,"F","F40","U112",1.1935,0.06,c(21.36954311, 62.52712847)
49064982,171,"1",4.2,4.7,63.3,479.4,NA,13.5,26.7,104.1,NA,NA,"C","C10","U120",0.1405,0.01,c(23.63330965, 67.4352837)
49081786,222,"1",7.3,7.85,19.38,14.6,240,NA,1.6,391,NA,NA,"B","B81","U111",0.833,0.08,c(16.73685563, 38.9273828)
49082872,582,"2",6.4,6.78,22.2,47.2,3,NA,4.3,224.1,NA,NA,"C","C10","U120",0.185,0.09,c(17.98553092, 48.67482556)
49083010,250,"1",7.1,7.5,21.7,21.5,5,85.8,1.9,344.2,NA,NA,"B","B32","U111",1.1815,0.09,c(18.19019157, 49.90733112)
49084870,128,"1",3.5,4.2,10.96,149.4,NA,25.8,4.7,90.9,NA,NA,"C","C31","U120",0.3745,0.11,c(23.14121991, 66.44111838)
49101820,557,"1",6,6.68,7.78,12.8,NA,11.6,1.2,164.1,NA,NA,"B","B81","U111",0.873,0.06,c(16.79118837, 39.23255184)
49102936,741,"3",4.9,5.67,7.19,24.4,NA,12.6,2.6,136.9,NA,NA,"E","E20","U111",1.4015,0.12,c(18.10616084, 49.24458134)
49142992,275,"2",5.8,6.43,5.44,14,NA,10.4,1.4,91.8,0.7,2.1,"B","B33","U111",1.25,0.06,c(18.24555865, 49.74061307)
49144846,117,"1",4,4.6,30.7,197.4,NA,14.2,7.7,133.9,NA,NA,"C","C32","U120",0.2165,0.01,c(23.1619299, 66.2185529)
49161826,512,"1",7.5,7.97,31.51,11,345,NA,1.5,321.2,0.6,0.7,"B","B15","U111",0.916,0.11,c(16.86572425, 39.28180645)
49162664,111,"1",6.7,6.92,12.15,14.3,1,48.9,1.7,256.8,0.6,1,"B","B16","U111",1.521,0.02,c(17.80444364, 46.80745406)
49162820,142,"1",7.3,7.88,18.61,20.9,84,27.3,1.8,234.8,NA,NA,"B","B11","U111",1.4555,0.05,c(18.01876873, 48.20236228)
49162978,477,"1",3.5,3.94,10.73,29.5,NA,40,1.7,55.2,NA,NA,"C","C10","U120",1.076,0.2,c(18.25169263, 49.61361588)
49163194,195,"1",3.8,4.48,3.4,16.5,1,83.3,1.3,21.6,1.9,3.6,"B","B14","U111",1.362,0.04,c(18.59908852, 51.54068151)
49163482,33,"1",6,6.58,14.73,17.6,NA,39,2.2,196.3,NA,NA,"B","B11","U111",1.3905,0.04,c(19.12287614, 54.10659448)
49164374,8,"1",3.6,4.16,15.76,191.3,NA,30.5,11.4,103.4,NA,NA,"C","C21","U120",0.298,0.09,c(21.38049584, 62.03354457)
49164932,172,"2",3.8,4.59,5.21,65,NA,11.8,2.3,57,NA,NA,"C","C22","U120",0.817,0.32,c(23.61103283, 66.97557832)
49184882,264,"1",4,4.74,3.72,11.8,NA,27.4,0.7,29.7,NA,NA,"C","C21","U120",0.955,0.27,c(23.41558754, 66.53006343)
49184918,212,"1",4.1,4.76,4.47,16.8,NA,41.8,0.9,41.1,NA,NA,"C","C31","U120",0.8305,0.16,c(23.58741057, 66.84830741)
49203018,237,"1",4.8,5.23,16.97,71.5,NA,11.6,6.7,197.1,NA,NA,"E","E20","U111",0.654,0.31,c(18.3688414, 49.96658625)
49203212,167,"2",4.1,4.16,12.22,10.2,1,89.1,1.1,45.7,NA,NA,"B","B18","U111",1.3155,0.06,c(18.68719789, 51.69690379)
49203356,122,"3",5.9,6.4,11.34,19.2,1,54.6,2,183.4,0.8,2.6,"B","B31","U111",0.9715,0.04,c(18.94358957, 52.98006021)
49203450,108,"1",7.1,7.43,72.2,115.1,178,43.1,13.4,108.4,NA,NA,"B","B32","U111",1.479,0.07,c(19.12117086, 53.81717016)
49204444,47,"1",5.2,5.45,31.9,434,NA,48.8,21.7,139.7,NA,NA,"E","E20","U111",0.3175,0.18,c(21.69155208, 62.64843329)
49242634,197,"1",7.3,7.92,11.07,11.2,4,13,1.2,121.9,1,1.3,"B","B16","U111",1.385,0.03,c(17.86860983, 46.5314452)
49243008,232,"1",4.6,5.29,7.12,14.2,1,NA,1.4,172.1,NA,NA,"E","E20","U111",1.339,0.1,c(18.40854988, 49.87324126)
49262008,278,"1",7.3,7.84,15.28,21.9,12,23.3,2.1,731.3,NA,NA,"B","B73","U111",1.1435,0.14,c(17.16137712, 40.91316241)
49262866,179,"2",6.3,6.8,16.87,14.6,NA,55.9,1.7,298.1,NA,NA,"B","B11","U111",1.455,0.02,c(18.21974919, 48.603456)
49263016,274,"3",5.2,5.95,10.5,10.4,NA,25.6,1,181.4,NA,NA,"E","E20","U111",1.15,0.05,c(18.44883973, 49.9425681)
49282846,303,"1",4.8,5.44,9.11,16.1,NA,13.3,1.8,171.1,NA,NA,"E","E20","U111",1.395,0.23,c(18.21724793, 48.4228088)
49283238,161,"1",3.8,4.23,16.94,6.4,NA,67.6,0.9,65.8,NA,NA,"B","B16","U111",0.997,0.05,c(18.8477337, 51.92000411)
49302672,140,"2",6.7,7.37,5.88,12.6,1,12.4,1.5,155.8,1,0.9,"B","B11","U111",1.764,0.05,c(17.99773126, 46.86561142)
49302960,746,"2",3.2,3.67,8.36,25.4,NA,NA,1.6,36.7,NA,NA,"C","C21","U120",1.0805,0.13,c(18.41630943, 49.43868869)
49303252,143,"2",4.2,4.68,11.04,10.7,1,46.5,1.3,60.2,NA,NA,"E","E20","U111",1.279,0.07,c(18.90146231, 52.04256537)
49322920,336,"1",4.9,5.78,4.61,10.6,NA,NA,1.3,99.4,NA,NA,"E","E20","U111",1.379,0.01,c(18.38209685, 49.07958371)
49323304,127,"1",4,4.33,11.23,4.2,NA,36.7,0.6,19.1,0.3,0.7,"B","B13","U111",1.115,0.03,c(19.02449895, 52.50358885)
49342622,144,"1",5.5,5.93,13.29,27.3,NA,15.9,2.8,194.6,NA,NA,"C","C10","U120",1.054,0.06,c(17.98208644, 46.4144874)
49342736,229,"2",5.1,5.99,3.46,6.1,NA,16.4,0.8,88.4,1,2.4,"B","B11","U111",1.6615,0.06,c(18.13889426, 47.4339294)
49342798,109,"2",5.6,6.35,8.97,19.1,NA,25.1,2.1,270.1,NA,NA,"B","B31","U111",1.274,0.07,c(18.2275364, 47.98799433)
49342852,380,"1",3.8,4.42,7.76,20.5,NA,78.5,1.6,100.9,NA,NA,"C","C10","U120",0.1025,0.04,c(18.30676463, 48.47036469)
49342934,365,"1",5,5.71,4.93,12.4,NA,NA,1.4,118.4,NA,NA,"B","B72","U415",1.4775,0.04,c(18.43083218, 49.20250645)
49343216,185,"1",3.6,3.76,6.35,9.9,NA,73.6,0.9,22.2,NA,NA,"C","C22","U111",1.1135,0.03,c(18.89544604, 51.71741881)
49343288,152,"1",4.5,4.93,19.35,7.9,NA,55.8,1,101.2,NA,NA,"B","B16","U111",0.84,0.09,c(19.0244621, 52.35885367)
49343312,103,"1",5,5.53,21.2,39.2,NA,17.6,3.9,NA,1.3,2.3,"B","B14","U111",0.649,0,c(19.06849119, 52.57260899)
49344824,43,"1",3.3,4.2,3.37,17.7,NA,NA,0.6,22.5,NA,NA,"C","C22","U120",1.076,0.3,c(23.49189819, 65.98957914)
49364510,4,"1",6,6.42,10.28,25.3,NA,59.8,2.5,267.9,NA,NA,"A","A30","U319",1.1555,0.05,c(22.23631018, 63.20874762)
49364810,6,"2",3.9,4.42,44.2,413.8,NA,10.8,16.3,635.9,NA,NA,"C","C22","U420",0.0375,0.07,c(23.47033438, 65.86239993)
49384418,140,"1",3.3,3.84,7.18,44.1,NA,14.7,1.4,51.4,NA,NA,"C","C32","U120",0.813,0.25,c(21.94463793, 62.39088013)
49384832,51,"2",3.4,4.28,17.28,456.3,NA,27.5,18.7,334.1,NA,NA,"C","C23","U120",0.158,0.07,c(23.61484961, 66.05324344)
49385056,235,"2",3.3,4.23,2.58,23.5,NA,NA,1,31.5,NA,NA,"C","C22","U120",1.2195,0.14,c(24.75711223, 68.02935512)
49402656,209,"2",7.1,7.32,21.6,42.4,8,NA,4.2,200.2,NA,NA,"C","C10","U120",1.0365,0.02,c(18.10607478, 46.71276252)
49423282,162,"1",4.3,4.52,14.04,12.7,1,25.7,1.4,71.3,0.5,1.2,"B","B13","U111",1.489,0.06,c(19.130034, 52.29647003)
49423480,21,"1",6.5,6.9,16.69,7.9,NA,42.6,0.9,100.2,NA,NA,"E","E20","U111",0.6215,0.24,c(19.51321547, 54.05877671)
49423488,128,"1",6.6,7.1,12.01,10.4,NA,NA,1.3,72.5,NA,NA,"E","E20","U111",1.5385,0.02,c(19.52952051, 54.12994284)
49424542,19,"3",3.3,4.07,8.13,90.1,NA,18.1,3.6,46.5,NA,NA,"C","C33","U120",0.8185,0.03,c(22.47381655, 63.48252601)
49425064,241,"1",3.4,4.3,4.67,53.4,NA,18.4,1.6,72.6,NA,NA,"C","C22","U120",0.8675,0.04,c(24.89464084, 68.09209904)
49442934,407,"1",7,7.83,18.76,23.4,322,NA,2.6,145.9,NA,NA,"E","E20","U111",1.342,0.07,c(18.56726007, 49.19213605)
49443178,206,"3",3.9,4.12,9.72,13,NA,40.7,1.3,40.2,NA,NA,"B","B14","U111",1.4725,0.05,c(18.971868, 51.36784634)
49443502,161,"3",5.2,5.82,9.39,7.9,NA,34.5,0.9,60.8,NA,NA,"B","B14","U111",1.4815,0.07,c(19.5886604, 54.25210319)
49464312,3,"1",5.6,6.03,20.4,50.6,NA,47.6,4.3,176.4,NA,NA,"B","B13","U111",0.882,0.09,c(21.73522615, 61.43980143)
49464498,52,"4",3,4.25,10.52,439.8,NA,56.3,11.2,239.2,NA,NA,"C","C22","U120",0.0735,0.52,c(22.38624389, 63.0867795)
49482568,105,"2",6.5,6.98,6.13,13.5,NA,39.5,1.6,161.6,NA,NA,"B","B31","U111",1.363,0.07,c(18.08991827, 45.91773662)
49483014,299,"1",5.9,6.35,19.64,22.9,NA,11.6,2.4,76.7,NA,NA,"C","C10","U120",0.9215,0.05,c(18.75021193, 49.90159134)
49483302,157,"1",5.4,6.07,5.97,8.1,NA,62.6,0.9,116.4,NA,NA,"B","B22","U111",1.461,0.04,c(19.25472929, 52.46775432)
49503208,224,"1",5.3,5.87,16.5,33.5,NA,10.3,2.7,44.2,NA,NA,"E","E20","U111",1.2025,0.13,c(19.11101584, 51.62843775)
49504222,5,"1",6.3,6.56,17.92,11.1,NA,39.9,1.2,117.4,0.8,4.4,"B","B13","U111",1.296,0.23,c(21.51916834, 60.63645577)
49504478,30,"1",4.9,5.53,9.23,35.4,NA,25.5,2.7,353.3,NA,NA,"D","D20","U111",0.9415,0.05,c(22.38947853, 62.90346047)
49522970,623,"1",2.9,3.41,8.52,57.9,NA,15.7,2.9,60.9,NA,NA,"C","C21","U120",1.037,0.15,c(18.73390934, 49.50487808)
49523266,148,"1",4.9,5.26,15.41,10,NA,81.4,1.2,142.1,NA,NA,"B","B13","U111",1.379,0.08,c(19.24579655, 52.14268457)
49523276,145,"1",7.3,7.93,14.87,11.9,7,38,1.4,29.5,NA,NA,"B","B11","U111",1.335,0.09,c(19.26439333, 52.23171701)
49523284,161,"1",5.4,5.85,15.42,9.4,NA,76.1,1.2,151.5,0.4,0.9,"B","B11","U111",1.299,0.09,c(19.27933663, 52.30293927)
49523302,142,"2",4.8,5.46,6.49,6.6,NA,14,0.9,65.6,1.2,1.4,"B","B21","U111",1.3255,0.04,c(19.31317497, 52.46317749)
49524464,81,"1",3.2,4.14,7.71,181.1,NA,27.8,7.8,163,NA,NA,"C","C33","U120",0.5155,0.04,c(22.37643482, 62.7764154)
49544434,87,"1",4.5,5.39,5.41,38.6,NA,57.6,1.8,74.3,NA,NA,"E","E30","U112",1.1145,0.04,c(22.30554483, 62.5077981)
49564412,120,"1",5,5.65,7.87,18.6,NA,40,1.8,63,NA,NA,"B","B15","U111",1.197,0.04,c(22.26460995, 62.30998024)
49565214,260,"3",3.6,4.3,8.52,115.3,NA,NA,4.3,136.3,NA,NA,"C","C10","U120",0.601,0.05,c(26.1383109, 69.38229132)
49582782,125,"2",6.7,6.96,8.9,22.9,NA,18.2,2.3,312.3,NA,NA,"E","E20","U111",1.4085,0.02,c(18.52317426, 47.82064023)
49583316,104,"3",3.7,4.08,5.38,6.2,NA,31.7,0.6,20.3,NA,NA,"C","C32","U120",1.437,0.02,c(19.42759243, 52.58085455)
49584522,37,"1",5.5,5.95,8.54,23.5,NA,78.1,1.5,48.7,NA,NA,"B","B21","U111",1.307,0.03,c(22.71052242, 63.27982943)
49601964,203,"1",7.2,7.71,16.48,28,5,14.7,3,291.5,NA,NA,"B","B81","U111",0.872,0.05,c(17.51436106, 40.48745766)
49603476,126,"1",6,6.51,11.93,16.1,NA,39.1,1.9,196,0.8,4.4,"B","B41","U111",1.39,0.08,c(19.77749005, 54.00169772)
49604542,36,"2",2.9,3.81,9.94,476.4,NA,33.1,11.2,248.3,NA,NA,"C","C22","U120",0.1435,0.21,c(22.8272633, 63.45337932)
49604566,8,"3",5.2,5.75,11.09,28.8,NA,16.9,2.3,75,1,2.3,"B","B53","U111",1.41,0.09,c(22.92195137, 63.66551302)
49604884,49,"1",3.6,4.59,9.72,482.9,NA,53.2,23.4,242.8,NA,NA,"C","C32","U120",0.188,0.07,c(24.34231553, 66.47224842)
49623502,88,"4",4.1,4.81,7.3,23.5,NA,13,2,147.6,NA,NA,"C","C10","U120",1.187,0.04,c(19.86250883, 54.23040455)
49624302,19,"2",5.3,5.74,29.9,179.1,1,39.1,11.7,209.9,NA,NA,"B","B11","U111",0.704,0.13,c(21.99628073, 61.32712617)
49625026,213,"1",3.6,4.3,2.45,16.8,NA,14.1,0.6,17.7,NA,NA,"C","C22","U120",1.247,0.05,c(25.14089735, 67.71860035)
49643278,142,"1",7,7.47,10.11,5.5,2,22.7,0.7,NA,1.7,3.9,"B","B13","U111",1.5275,0.1,c(19.44256953, 52.23569721)
49644354,92,"1",4.1,4.72,19.44,109.7,NA,54.8,5.8,110.4,NA,NA,"C","C10","U120",0.1515,0.28,c(22.21061357, 61.78427363)
49663176,242,"2",4.3,5,3.54,11.1,NA,56.9,0.9,14.5,NA,NA,"C","C10","U120",1.1555,0.03,c(19.28198581, 51.32537202)
49663270,142,"2",4.9,5.51,6.41,8.3,NA,61.8,0.9,45.6,NA,NA,"B","B11","U111",1.422,0.08,c(19.4564169, 52.16217289)
49663284,146,"1",6.4,6.66,16.65,8.8,1,18.8,1.1,53.4,NA,NA,"B","B52","U111",1.66,0.08,c(19.48308629, 52.28676216)
49664548,44,"1",3.6,4.59,2.71,12.2,NA,12.6,0.7,23.2,NA,NA,"C","C22","U120",1.3175,0.1,c(22.96865956, 63.49650223)
49664566,37,"2",4,4.69,16.15,214.2,NA,47.6,9.6,118.7,NA,NA,"E","E10","U120",0.443,0.01,c(23.04043669, 63.65553838)
49682686,99,"1",7.3,7.65,23.6,70.5,310,11.1,6.6,116.7,NA,NA,"E","E20","U111",0.973,0.06,c(18.51335534, 46.95274405)
49684564,22,"3",5.2,5.58,34.6,172.3,NA,29.1,11.8,68.8,NA,NA,"B","B13","U111",0.5975,0.06,c(23.07187262, 63.63452622)
49684592,3,"2",3.4,4.1,16.49,399.3,NA,25.2,17.1,142.4,NA,NA,"C","C10","U120",0.323,0.13,c(23.18547885, 63.88184381)
49701980,186,"2",7.3,8.03,16.22,18.7,5,41.1,1.9,499.1,NA,NA,"B","B81","U111",0.9585,0.07,c(17.64870269, 40.62238356)
49703144,252,"1",4.1,4.5,3.26,12.7,NA,41.4,0.9,NA,NA,NA,"C","C22","U120",1.592,0.03,c(19.28103279, 51.03585215)
49703500,86,"1",5.9,6.15,15.21,11.4,1,21,1.5,126.3,NA,NA,"B","B18","U111",1.514,0.04,c(19.9798441, 54.2027926)
49704544,52,"2",3.8,4.56,3.13,16.7,NA,NA,0.7,31.7,NA,NA,"C","C32","U120",1.1465,0.14,c(23.03127699, 63.45450804)
49704562,42,"1",3.3,4.18,3.1,11.8,NA,10,0.5,16.8,NA,NA,"C","C23","U120",1.3315,0.1,c(23.10326536, 63.61350839)
49724396,163,"1",3.7,4.43,2.17,13.4,NA,14.2,0.6,11.7,NA,NA,"C","C22","U120",1.0785,0.03,c(22.50901358, 62.14319772)
49724528,50,"1",6.3,6.61,30.6,73.2,NA,53.1,5.3,158.7,2,4,"B","B53","U111",0.9635,0.15,c(23.00705949, 63.30983414)
49724574,19,"1",4.5,5.03,10.19,77.6,NA,15.7,5.3,46,NA,NA,"B","B55","U111",1.0865,0.09,c(23.19130735, 63.71612234)
49741978,158,"1",6.9,7.25,13.58,21.8,2,NA,2.3,761.6,NA,NA,"B","B54","U111",0.9405,0.13,c(17.69338939, 40.60073603)
49741988,148,"1",7.2,7.83,15.4,16.8,5,26.9,1.9,728.3,NA,NA,"B","B81","U111",0.913,0.22,c(17.70436762, 40.69068545)
49742582,171,"2",6.4,6.94,6.46,11.9,1,10.8,1.3,148.4,NA,NA,"B","B31","U111",1.098,0.26,c(18.44252758, 46.01698651)
49744242,44,"2",5.1,5.66,11.97,52.5,NA,60.6,3.9,132.9,NA,NA,"B","B15","U111",0.932,0.09,c(22.01574819, 60.77778742)
49744314,61,"1",3.9,4.68,37.1,471.1,NA,32.6,24.4,286.8,NA,NA,"C","C33","U120",0.151,0.1,c(22.25746483, 61.41483425)
49744548,44,"2",4.3,4.7,38,128.2,NA,44.5,7.7,88.5,1.5,10.4,"B","B53","U111",0.815,0.02,c(23.125702, 63.48314486)
49763232,292,"1",5.5,5.95,11.165,13,NA,77.75,1.25,117.05,NA,NA,"E","E20","U111",1.187,0.09,c(19.52893195, 51.81231928)
49763304,113,"2",4.5,5.05,6.96,11.8,NA,41.5,1,20,NA,NA,"E","E30","U111",1.2165,0.04,c(19.6675282, 52.45290587)
49763448,139,"1",4.1,4.36,98,488.4,NA,62.8,32.2,166.3,NA,NA,"E","E30","U120",0.214,0.01,c(19.96002056, 53.73325276)
49764590,16,"2",3.8,4.26,19.35,89,NA,72.6,6.2,97.9,NA,NA,"B","B55","U111",0.824,0.08,c(23.33622052, 63.85059045)
49783174,272,"1",4.3,4.82,4.12,10,NA,56.8,0.8,19.5,NA,NA,"C","C22","U120",1.3305,0.07,c(19.44923274, 51.29376615)
49783246,179,"1",4.6,5.02,13.47,12.3,NA,45.3,1.6,26.5,0.8,1.4,"B","B15","U111",1.191,0.06,c(19.58436825, 51.93454539)
49784290,53,"1",3,3.89,11.64,200,NA,24.7,7.4,168.3,NA,NA,"C","C22","U120",0.336,0.14,c(22.24875983, 61.19631721)
49803016,0,"1",4.6,5.12,12.14,19.8,NA,66.4,2.2,258.2,NA,NA,"C","C10","U120",1.266,0.05,c(19.1961105, 49.88431474)
49804816,-12,"3",4,4.44,22.8,91.3,NA,16.1,7.3,77.3,NA,NA,"C","C31","U120",0.6845,0.08,c(24.43570094, 65.8360593)
49822698,115,"1",7.5,8.1,17.36,16.3,29,17.8,1.6,192.9,NA,NA,"B","B32","U111",1.0375,0.05,c(18.7139645, 47.04532722)
49823260,148,"1",6.5,6.82,15.44,10,1,55.9,1.2,105.5,NA,NA,"B","B14","U111",1.466,0.06,c(19.66908083, 52.05436236)
49824264,65,"2",3.1,3.85,33.7,524.6,NA,112.1,27.8,380.8,NA,NA,"C","C31","U120",0.136,0.02,c(22.23360824, 60.96013401)
49824592,18,"1",4.9,5.39,14.1,48.6,NA,40.7,3.8,111.2,NA,NA,"E","E10","U370",1.0155,0.05,c(23.46367447, 63.85794033)
49825168,159,"2",4.4,4.94,2.16,18.3,NA,NA,0.8,25.8,NA,NA,"C","C22","U120",1.294,0.03,c(26.46684376, 68.92374647)
49843216,240,"1",4.4,4.69,10.72,6,1,44,0.7,28,1.9,3.1,"B","B45","U111",1.331,0.04,c(19.61357677, 51.66053135)
49844454,102,"2",3.4,4.21,11.33,136.7,NA,48.1,6.7,110.9,NA,NA,"C","C33","U120",0.3855,0.15,c(22.95165851, 62.63629395)
49844566,52,"3",4.1,4.8,2.66,12.1,NA,13,0.6,17.9,NA,NA,"C","C22","U120",1.438,0.02,c(23.39542698, 63.62507665)
49862710,110,"1",7.5,8.08,15.53,33.4,54,13.1,3.3,132.5,1.4,0.8,"B","B55","U111",1.2215,0.07,c(18.78432384, 47.14825201)
49862930,564,"4",6.9,7.37,20.2,112.7,60,NA,4,84.4,NA,NA,"A","A30","U319",1.292,0.38,c(19.13300428, 49.11111504)
49863322,181,"2",6.6,7.03,11.8,12.1,1,63.6,1.5,81.9,NA,NA,"B","B22","U111",1.3075,0.05,c(19.84941898, 52.60095695)
49864226,30,"3",5,5.57,10.91,80,NA,59.6,6.2,191.6,NA,NA,"B","B15","U111",1.1005,0.13,c(22.17906575, 60.61783828)
49864414,160,"1",4,4.53,2.93,18.8,NA,11.7,0.8,27,NA,NA,"C","C22","U120",1.2185,0.12,c(22.83881103, 62.27968401)
49864510,53,"1",4.6,5.16,11.17,19.8,NA,87.8,1.6,50.7,1.9,2.4,"B","B15","U111",1.3095,0.04,c(23.2081197, 63.12742525)
49865206,197,"1",4.2,4.89,2.26,25,NA,NA,1,28.3,NA,NA,"C","C32","U120",1.1725,0.29,c(26.8147317, 69.24761196)
49882700,145,"2",7.6,8.16,12.3,25.1,34,NA,2.1,166.5,1.3,0.6,"B","B11","U111",1.2515,0.06,c(18.79542677, 47.05682091)
49883266,117,"2",4.5,4.54,125.3,44.5,NA,22.2,4.2,NA,NA,NA,"E","E20","U111",0.98,0.03,c(19.76760808, 52.10055542)
49883510,139,"1",4.2,4.99,4.43,9.7,NA,60.7,1.1,93.4,NA,NA,"E","E20","U111",1.337,0.06,c(20.27525123, 54.2690399)
49884544,68,"1",3.2,4.16,6.06,32,NA,NA,1.1,61.2,NA,NA,"D","D20","U120",1.1575,0.11,c(23.38387243, 63.42409426)
49884814,10,"2",3.6,4.45,3.08,29.7,NA,17.8,0.9,21.2,NA,NA,"C","C23","U120",0.94,0.04,c(24.59574189, 65.80347064)
49902530,136,"1",7.2,7.54,14.02,11.1,3,75.8,1.3,223.5,NA,NA,"F","F40","U111",1.2985,0,c(18.57396392, 45.53554683)
49902614,94,"1",7.5,7.74,37.2,18.1,25,NA,1.9,308.9,NA,NA,"B","B16","U111",1.39,0.11,c(18.69404962, 46.28645617)
49903118,283,"2",4.1,4.9,3.17,7.6,NA,33.5,0.7,17,NA,NA,"E","E30","U420",1.598,0.01,c(19.51630011, 50.78130444)
49904446,91,"1",6,6.55,7.71,60.2,NA,56.9,3.1,133.6,NA,NA,"B","B51","U111",1.02,0.08,c(23.03545524, 62.55570433)
49922748,148,"1",7,7.7,15.13,29.1,7,NA,2.7,223.9,NA,NA,"E","E20","U111",1.3195,0.21,c(18.92123718, 47.48106441)
49923342,156,"2",6.3,6.74,12.04,15.3,NA,NA,1.9,20.4,NA,NA,"B","B52","U111",1.342,0.02,c(19.9779237, 52.77142146)
49924566,60,"1",3.1,3.91,8.94,80.8,NA,24.5,3,96,1.1,2.7,"C","C32","U120",0.601,0.07,c(23.55297317, 63.61127966)
49942602,85,"1",7.5,7.96,16.64,28.2,108,NA,1.9,87.9,NA,NA,"B","B11","U111",1.331,0.11,c(18.72809433, 46.17500762)
49942944,566,"1",6.1,6.49,15.53,27.2,NA,NA,3.2,157.8,NA,NA,"E","E20","U111",1.0435,0.11,c(19.26549867, 49.22692423)
49962684,117,"1",7.6,8.16,16.48,16.4,69,12.9,1.5,214.5,NA,NA,"B","B32","U111",1.305,0.05,c(18.87573716, 46.90537595)
49963038,275,"1",5.6,5.96,13.41,27.1,NA,25.4,2.5,144.5,NA,NA,"C","C10","U420",0.886,0.06,c(19.45605252, 50.06204599)
49963192,226,"1",6.5,7.07,15.14,12.6,24,160.2,1.1,238.6,NA,NA,"E","E10","U420",0.8035,0.21,c(19.73958472, 51.43273978)
49963200,217,"1",3.9,4.72,4.51,8.1,NA,67.5,0.9,66.2,NA,NA,"B","B18","U111",1.142,0.05,c(19.75488965, 51.50390564)
49964622,42,"2",3.5,4.2,21.7,522.1,NA,33.4,24.2,136.9,NA,NA,"C","C22","U120",0.3185,0.18,c(23.8705286, 64.09796658)
49982656,178,"3",7.4,8.23,16.05,15.7,54,35.1,1.4,322.2,1.1,0.7,"B","B82","U111",1.1945,0.06,c(18.85957754, 46.65317496)
49982916,598,"1",6.6,6.97,33.5,50.8,8,12.3,4.4,81.6,NA,NA,"C","C10","U312",0.3345,0.25,c(19.27261785, 48.97285749)
49983196,234,"2",5.8,6.26,6.2,8.2,1,44.5,1,44,NA,NA,"B","B41","U111",1.106,0.03,c(19.77579428, 51.46592525)
49983234,223,"2",5.6,5.99,33,33.2,NA,39.8,3.7,65.1,NA,NA,"E","E20","U111",1.069,0.02,c(19.84937198, 51.80390023)
49983280,134,"1",7.3,7.74,17.62,11.7,47,NA,1.4,62.2,NA,NA,"B","B22","U111",1.5615,0.05,c(19.94027558, 52.2129154)
49984222,45,"1",6.1,6.57,12.02,29.5,NA,42.5,2.8,266.5,2.8,7.9,"B","B43","U111",1.3125,0.05,c(22.38097882, 60.56381112)
49984648,42,"1",3.7,4.57,3.68,41,NA,15.5,2.2,41.3,NA,NA,"C","C32","U120",1.0815,0.18,c(24.02492239, 64.32347577)
49984978,210,"2",4.5,5.02,1.81,16.2,NA,32,0.7,19.8,NA,NA,"C","C22","U120",1.099,0.12,c(25.68242988, 67.22494995)
50001942,86,"1",6.8,7.56,9.48,11.1,1,32.9,1.2,332.1,NA,NA,"B","B81","U111",0.9925,0.07,c(17.95720948, 40.2526724)
50003206,239,"2",4.3,4.92,6.3,8.1,1,54,0.8,36.5,NA,NA,"B","B54","U111",1.0545,0.01,c(19.82364224, 51.55246397)
50003296,102,"1",4.1,4.5,9.05,11.3,1,64.8,1.2,45.6,NA,NA,"B","B14","U111",1.163,0.04,c(20.00149452, 52.35269299)
50003436,209,"1",4,4.46,11.87,43.4,NA,60.8,2.7,39.5,NA,NA,"C","C32","U120",0.868,0.05,c(20.2943473, 53.59657803)
50004294,44,"2",6.5,6.87,25.4,36.6,1,226.7,3.5,439.1,NA,NA,"B","B11","U111",0.908,0.18,c(22.66432995, 61.19690382)
50004308,87,"1",4.7,5.36,7.34,36,1,36.8,2.9,245.1,NA,NA,"C","C10","U120",1.0115,0.04,c(22.71377312, 61.32057821)
50004394,150,"1",3.3,4.03,13.12,116.7,NA,49.6,4.6,152.6,NA,NA,"C","C22","U120",0.4235,0.38,c(23.02739474, 62.08001356)
50004552,88,"1",3.2,3.92,11.24,127.6,NA,23.5,4.5,104.1,NA,NA,"C","C32","U120",0.3755,0.08,c(23.65178138, 63.47390608)
50004646,51,"1",3.2,3.82,10.14,49.2,NA,40.4,2.1,109,NA,NA,"C","C22","U120",0.6385,0.03,c(24.05631174, 64.30225573)
50022582,87,"1",7.5,7.99,17.78,31,98,NA,2.1,127.7,0.8,1.2,"B","B33","U111",1.1435,0.08,c(18.80166701, 45.98780649)
50022924,607,"1",4.9,5.52,10.32,22.7,NA,12.3,2.9,73.2,NA,NA,"E","E20","U111",1.239,0.03,c(19.34044635, 49.03961561)
50022946,549,"1",4.6,5.42,5.2,23.5,NA,NA,3.2,149.3,NA,NA,"E","E20","U111",1.1885,0.12,c(19.37800539, 49.23564832)
50022978,724,"1",4.6,5.29,11.15,27.1,NA,NA,3.2,86.3,NA,NA,"E","E20","U111",1.245,0.36,c(19.4333168, 49.52072951)
50023320,165,"4",5.3,5.8,15.56,9.3,NA,69.2,1.1,187.5,NA,NA,"B","B22","U111",1.364,0.05,c(20.07951215, 52.56352766)
50023768,7,"2",6.7,7.05,11.83,24.6,5,14.2,2.5,121.9,NA,NA,"E","E20","U370",1.1655,0.08,c(21.11152481, 56.53936687)
50024284,58,"1",6.4,6.88,16.13,20.6,NA,73,1.8,167.2,NA,NA,"B","B13","U111",1.116,0.06,c(22.6656846, 61.10534932)
50024584,90,"2",3,3.89,19.49,481.9,NA,31.6,15.2,157.9,NA,NA,"C","C22","U120",0.1355,0.26,c(23.8260808, 63.7524454)
50024652,32,"1",3.8,4.52,10.37,118.1,1,21.8,5,79.7,NA,NA,"C","C21","U120",0.436,0.05,c(24.12337018, 64.35148425)
50042692,95,"2",7.5,8.13,18.18,28.6,145,10.2,2.2,294.7,NA,NA,"B","B11","U111",1.494,0.03,c(18.99230335, 46.96814262)
50042998,749,"4",4.3,4.64,23.2,31.6,NA,12.2,3.3,134.7,NA,NA,"C","C31","U120",0.937,0.09,c(19.4958306, 49.69655446)
50062712,96,"1",7.7,8.34,19.81,25,142,14,1.8,207.8,NA,NA,"B","B23","U111",1.6295,0.04,c(19.04935078, 47.14448277)
50063150,254,"1",4.3,4.92,4.29,10.1,NA,23.3,1.1,47.2,NA,NA,"B","B18","U111",1.126,0.1,c(19.8017495, 51.04712018)
50063158,268,"1",5,5.55,10.79,11.6,NA,50.2,1.1,87.9,NA,NA,"B","B13","U111",1.3205,0.04,c(19.81696245, 51.11828485)
50063180,224,"3",5.5,6.13,5.43,9.6,1,53,1,83.2,NA,NA,"B","B18","U111",1.234,0.03,c(19.8590992, 51.31396757)
50063194,230,"2",5.7,6.25,8.35,14.5,2,44.9,1.2,121.2,NA,NA,"B","B14","U111",1.101,0.05,c(19.88614579, 51.43847766)
50063396,185,"1",4.9,5.05,140.5,351.6,NA,38.1,30.6,169.5,NA,NA,"C","C10","U120",0.286,0.06,c(20.29765434, 53.23369572)
50084240,59,"2",4.9,5.64,7.39,20.7,NA,26.2,1.8,181,2.4,7.7,"B","B37","U111",1.1315,0.18,c(22.62157255, 60.70704469)
50084306,106,"1",3.3,4.15,7.49,60.6,NA,19,2.8,74.5,NA,NA,"C","C33","U120",0.6425,0.12,c(22.85310203, 61.28993629)
50084338,106,"2",5.1,5.68,12.31,125,NA,24.2,7.2,165,NA,NA,"E","E20","U111",0.7415,0.01,c(22.96888028, 61.57244771)
50084576,105,"1",3.4,4.07,13.76,150.5,NA,95.2,4.2,79.1,NA,NA,"C","C22","U120",0.471,0.04,c(23.91029106, 63.67130773)
50102734,102,"1",7.3,8.05,14.04,15,50,29.7,1.3,78.4,NA,NA,"F","F40","U112",1.193,0.04,c(19.13627402, 47.33640276)
50102888,693,"2",4.2,5.08,7.02,31.5,NA,12.6,3.5,106.1,NA,NA,"E","E20","U111",1.06,0.03,c(19.38775974, 48.70966954)
50102914,1145,"3",3.8,4.35,8.93,55.2,NA,14.9,3.5,63.4,NA,NA,"C","C21","U120",0.161,0.14,c(19.43196035, 48.94135496)
50102928,603,"1",4.4,5.1,10.55,28.7,NA,NA,3.4,147.7,NA,NA,"E","E20","U111",1.192,0.09,c(19.45597786, 49.0660895)
50103184,238,"1",5.8,6.23,5.87,13.3,NA,30.9,1.1,83.4,NA,NA,"C","C22","U120",1.0715,0.06,c(19.92377681, 51.34468363)
50103238,0,"1",5.4,5.91,9.49,11.7,NA,24.6,1.2,123,NA,NA,"B","B18","U111",1.167,0.02,c(20.02990595, 51.82479976)
50123124,272,"2",4.2,4.41,98.2,209.4,NA,66.6,15.1,80.6,NA,NA,"E","E10","U120",0.6245,0.07,c(19.83719676, 50.80860444)
50123764,35,"1",6.7,7.43,10.39,22,3,10.9,2.2,84.4,NA,NA,"B","B53","U111",1.3,0.05,c(21.26164438, 56.48995855)
50124194,16,"1",4.5,5.22,11.81,23.7,NA,22.6,2.2,181.9,NA,NA,"B","B11","U111",1.2045,0.14,c(22.53682124, 60.29430062)
50124366,142,"2",3.5,4.11,2.88,11.2,NA,NA,0.6,14.9,NA,NA,"C","C21","U120",0.9975,0.15,c(23.14648996, 61.81292198)
50124636,26,"1",3.6,4.23,5.75,52.5,NA,56.7,2,55.2,NA,NA,"C","C21","U120",0.724,0.14,c(24.25267806, 64.19242393)
50141940,86,"2",6.5,7.01,14.43,20.2,NA,35.3,2.2,381.6,NA,NA,"B","B81","U111",0.9565,0.06,c(18.117984, 40.22128954)
50142760,190,"1",6.1,6.42,6.29,12.1,NA,NA,1.3,117.6,NA,NA,"D","D10","U420",1.357,0.02,c(19.23032814, 47.56390376)
50142882,762,"1",4.5,5.2,17.63,78.4,NA,25.7,6.2,339.2,NA,NA,"C","C31","U120",0.1455,0.2,c(19.43154711, 48.65161597)
50142940,710,"1",5.9,6.51,15.12,23,873,NA,1.6,68.3,NA,NA,"E","E20","U111",1.5385,0.59,c(19.5311537, 49.16835768)
50143092,342,"2",6.5,6.73,22.8,9.1,1,25.4,0.9,197.2,NA,NA,"B","B15","U111",1.5345,0.04,c(19.80515055, 50.52150694)
50143110,307,"3",4.1,4.47,16.66,9.5,1,31.7,1.1,176.7,NA,NA,"B","B13","U111",1.305,0.05,c(19.8389036, 50.68164892)
50143146,272,"4",4.4,5.12,2.36,8.1,1,55.5,0.8,20,NA,NA,"B","B14","U111",1.159,0.05,c(19.90727822, 51.00187147)
50143296,105,"4",4.9,5.08,53.8,99.6,NA,22.2,9.5,18.5,NA,NA,"E","E20","U111",0.684,0.11,c(20.20523578, 52.33527322)
50143314,166,"4",4.7,5.05,12.05,7.9,NA,38.6,1,49.4,0.8,1.2,"B","B13","U111",1.27,0.1,c(20.24247484, 52.49519059)
50143404,225,"2",4.5,4.91,8.73,11.4,NA,31.4,1.1,45.4,2.1,3.7,"B","B14","U111",1.028,0.12,c(20.43373805, 53.2944935)
50143512,139,"4",5.4,6.14,8.69,10.4,NA,29.3,1.3,135.2,NA,NA,"E","E20","U111",1.697,0.02,c(20.67500093, 54.25304481)
50143726,23,"2",5.1,6,4.72,15.1,NA,11.9,1.6,115,NA,NA,"B","B53","U111",1.3175,0.09,c(21.19500193, 56.15047869)
50144222,43,"3",5.5,6.2,10.26,30.1,NA,22.3,2.6,287.3,2.3,4.9,"B","B32","U111",1.2405,0.2,c(22.66744207, 60.53844773)
50144226,75,"2",3.9,4.61,6.88,59.4,1,19.1,2.5,55.5,NA,NA,"C","C23","U120",0.647,0.09,c(22.68116087, 60.57377538)
50144242,68,"1",5.1,5.84,8.16,36.2,NA,43.4,2.7,271.8,NA,NA,"B","B11","U111",1.073,0.06,c(22.73637723, 60.71507568)
50163222,217,"2",4.7,5.61,3.28,5.3,NA,39,0.6,14.1,NA,NA,"E","E30","U112",1.4475,0.02,c(20.08422297, 51.67515744)
50163370,169,"1",5.4,5.72,39.4,76.2,NA,32.9,7.3,33.6,1.1,2.6,"B","B16","U111",0.757,0.06,c(20.3899939, 52.99002925)
50163796,29,"1",5.6,6.31,6.3,13.6,NA,14.6,1.4,123.6,NA,NA,"B","B11","U111",1.418,0.17,c(21.41076841, 56.7677421)
50164284,88,"2",4.8,5.31,6.01,27.3,NA,18.7,1.6,26.9,NA,NA,"B","B55","U111",0.9375,0.05,c(22.92032298, 61.08263766)
50164494,113,"1",5.3,5.83,8.46,19.8,NA,38.7,1.3,35,2,2.2,"B","B13","U111",1.2965,0.02,c(23.72292215, 62.93472673)
50183044,328,"1",4.7,4.93,22.1,12.9,NA,49.8,1.5,206.1,NA,NA,"E","E30","U112",1.2385,0.14,c(19.77201093, 50.08959345)
50184210,59,"1",4.1,4.73,10.48,142.9,NA,16,14,127,NA,NA,"C","C22","U120",0.6615,0.67,c(22.69782056, 60.42605153)
50203270,131,"2",5.9,6.24,20.6,21.1,NA,59.9,2.5,185.2,NA,NA,"B","B11","U111",1.006,0.13,c(20.23885632, 52.09672018)
50203822,19,"3",5.4,6.04,9.25,36.8,NA,21.4,3,201.5,NA,NA,"E","E20","U111",0.792,0.12,c(21.54589567, 56.99222311)
50203858,7,"2",4.4,5.03,15.69,17.9,NA,38.9,2.1,137.1,0.8,1.9,"B","B11","U111",1.25,0.29,c(21.64525137, 57.31089725)
50204184,33,"2",4.7,5.36,8.35,81.9,NA,31.7,6.3,218.7,NA,NA,"E","E20","U111",0.7935,0.3,c(22.64507102, 60.19323481)
50204418,159,"2",3.5,4.39,6.55,91.4,NA,11,3.4,82.1,NA,NA,"C","C23","U120",0.4555,0.11,c(23.49504976, 62.25797193)
50204476,131,"2",3.5,4.03,3.72,33,NA,13,1.2,39.9,NA,NA,"C","C33","U120",0.9195,0.06,c(23.72626444, 62.76912356)
50224522,131,"2",2.9,3.6,12.44,486.3,NA,39.4,12.1,167,NA,NA,"C","C22","U120",0.107,0.25,c(23.95484051, 63.17076608)
50241908,140,"2",6.9,7.33,17.4,11,5,39.8,1.2,175.1,NA,NA,"B","B81","U111",1.0675,0.06,c(18.19749453, 39.92377016)
50241926,140,"2",7.3,7.97,21.37,15.8,43,NA,1.7,209,NA,NA,"B","B81","U111",1.08,0.11,c(18.21819128, 40.0856644)
50241938,121,"1",7.1,7.85,15.84,36.7,52,53.4,2.6,120.8,1.2,0.7,"B","B81","U415",1.2445,0.12,c(18.23206939, 40.19357449)
50241952,77,"1",6.7,7.05,7.56,8,NA,NA,1,127.2,NA,NA,"B","B81","U111",1.4445,0.05,c(18.2483423, 40.31945008)
50242604,139,"2",7.5,8.01,18.6,28.7,18,27.1,2.7,314.1,NA,NA,"B","B11","U111",1.2765,0.02,c(19.11689069, 46.16050817)
50242658,136,"2",7,7.22,34.1,102.8,157,11.5,9,87.9,NA,NA,"E","E20","U111",1.195,0.09,c(19.19995559, 46.64260631)
50242736,122,"1",6.9,7.22,9.28,9.6,6,NA,0.9,47.1,NA,NA,"C","C10","U120",1.1245,0.01,c(19.32342917, 47.33856974)
50243204,190,"1",4.1,4.81,4.01,7.5,NA,27.2,0.6,17.3,NA,NA,"C","C22","U120",1.093,0.08,c(20.16282136, 51.50522103)
50243682,21,"2",5.6,6.12,6.21,24.3,NA,26.9,2,176.1,NA,NA,"E","E20","U111",1.167,0.06,c(21.24066809, 55.74666091)
50243736,39,"2",5.4,5.76,26.1,84.4,NA,14.1,6,68.7,NA,NA,"C","C31","U120",0.8465,0.01,c(21.38011981, 56.22499078)
50243812,47,"2",3.3,4.19,4.81,28.9,NA,NA,1.1,80.8,NA,NA,"C","C33","U120",1.018,0.03,c(21.58345904, 56.89791523)
50263798,45,"3",4.5,5.23,7.78,38,NA,NA,3.2,205.5,NA,NA,"C","C31","U120",1.0525,0.04,c(21.57765778, 56.77109172)
50263838,29,"3",4.2,4.68,26.6,157.4,NA,20.5,9.7,66.1,NA,NA,"C","C31","U120",0.8445,0.04,c(21.68759086, 57.12513129)
50282676,146,"1",7.5,8.05,23.1,42.6,113,NA,4.1,65.1,0.4,1.3,"E","E20","U111",1.334,0.03,c(19.28010734, 46.79877137)
50282716,112,"1",7.4,7.63,13.14,11.4,74,NA,1.1,53.4,NA,NA,"C","C10","U120",1.321,0.01,c(19.34374344, 47.15564319)
50282744,162,"4",7.4,8.08,12.14,10.1,19,22.2,1.2,158.1,NA,NA,"C","C10","U120",1.371,0.08,c(19.38895619, 47.40538051)
50283112,297,"1",4.1,4.75,4.24,6,NA,57.5,0.7,39,NA,NA,"E","E10","U420",1.4635,0.03,c(20.03926629, 50.68239022)
50283482,176,"3",5.9,6.11,91.4,337.9,NA,14.4,24.6,115.5,NA,NA,"E","E20","U111",0.6075,0.46,c(20.81795228, 53.96828278)
50284232,76,"1",6.6,6.83,20.4,34.3,1,42.1,3,308.5,3.3,9.7,"B","B11","U111",1.113,0.03,c(22.95275729, 60.60403422)
50284328,69,"1",5.1,5.72,11.93,40.4,NA,NA,3.1,134.5,NA,NA,"C","C31","U120",0.927,0.12,c(23.30012512, 61.4508654)
50284436,141,"1",3.3,4.03,7.25,81.6,NA,21.2,3.1,76.4,NA,NA,"C","C32","U120",0.438,0.07,c(23.71717136, 62.40273329)
50284502,106,"1",5.3,5.83,12.32,116.5,NA,62.9,6.1,52.3,NA,NA,"B","B11","U111",0.543,0.11,c(23.98692726, 62.98396967)
50284620,74,"1",4.4,5.05,27.4,306.7,NA,27.2,14.3,165.7,NA,NA,"C","C31","U120",0.163,0.11,c(24.50016858, 64.02219064)
50303214,212,"1",5.9,6.21,14.32,11.6,1,52.8,1.3,171,NA,NA,"B","B18","U111",1.447,0.11,c(20.26869646, 51.58655638)
50303660,0,"1",5.1,5.71,6.69,25.3,NA,13.7,2.5,71.6,NA,NA,"E","E20","U111",1.0665,0.04,c(21.27898485, 55.54335424)
50303674,20,"1",4.9,5.62,4.06,18.1,NA,NA,1.7,80.2,NA,NA,"E","E30","U112",1.282,0.06,c(21.31461586, 55.66736912)
50304402,189,"1",3.3,4.1,8.36,397.4,NA,79.9,13.9,350.9,NA,NA,"C","C33","U120",0.15,0.09,c(23.62017894, 62.09970818)
50322648,110,"1",7.6,8.3,15.87,13.3,49,17.9,1.5,171,NA,NA,"B","B82","U111",1.4465,0.05,c(19.28799857, 46.5444031)
50322756,136,"1",5.4,6,9.74,19.5,1,NA,1.7,92.3,NA,NA,"C","C10","U120",1.306,0.16,c(19.46122529, 47.50781242)
50322774,158,"1",5.6,6.32,8.52,17.2,NA,12.2,1.7,204.8,NA,NA,"B","B43","U111",1.546,0.07,c(19.49090274, 47.6682938)
50322994,523,"1",4.5,4.81,19.21,16.4,1,NA,2.3,45.3,NA,NA,"E","E20","U111",0.985,0.14,c(19.87364947, 49.62782325)
50323462,179,"1",4.3,5.02,6.36,8.3,NA,25.6,0.9,23,NA,NA,"C","C32","U120",0.9905,0.03,c(20.83219444, 53.78553363)
50323806,62,"1",4.5,5.33,4.64,19,NA,17.9,1.9,76,1.5,2.8,"E","E20","U111",1.3645,0.07,c(21.69648682, 56.83317529)
50324550,141,"1",3.6,4.5,14.76,498.3,NA,25.5,24.6,107.6,NA,NA,"C","C32","U120",0.1445,0.01,c(24.26877091, 63.39917666)
50324560,128,"1",2.9,3.84,9.5,513.6,1,65.4,17,154.5,NA,NA,"C","C22","U120",0.1225,0.01,c(24.31229279, 63.48714312)
50324578,94,"1",5.2,5.91,5.19,19.5,NA,26,1.6,64.1,2.5,4.9,"B","B13","U111",1.284,0.03,c(24.39138487, 63.64545904)
50324884,119,"1",3.2,4.14,7.12,119.2,NA,29.9,3.5,105.1,0.3,0.4,"C","C22","U120",0.659,0.16,c(25.90237221, 66.33149278)
50343244,202,"2",4.3,4.91,4.71,7.6,1,48.3,1,35.3,NA,NA,"B","B15","U111",1.221,0.04,c(20.3873737, 51.84799204)
50343760,51,"1",5.9,6.31,30.8,176.6,1,18.6,14,84.4,NA,NA,"E","E20","U111",0.575,0.16,c(21.60349529, 56.42315095)
50343800,40,"3",6.2,6.54,36.7,266.1,1,17.5,21.1,138.1,3.9,12.6,"B","B13","U111",0.602,0.03,c(21.71229572, 56.77715611)
50344270,112,"1",3.3,4.07,18.28,245.6,NA,28.2,12.5,252.5,NA,NA,"C","C32","U120",0.255,0.31,c(23.19626968, 60.92932588)
50344366,134,"1",4.8,5.52,4.94,23,NA,NA,1.9,37.3,8.2,5.9,"E","E20","U111",1.079,0.07,c(23.55483709, 61.7755917)
50361942,77,"1",7,7.86,12.15,16.1,16,NA,1.7,108,NA,NA,"B","B81","U111",1.2155,0.08,c(18.3763925, 40.2176772)
50363022,381,"1",4.3,4.74,12.61,9.8,NA,NA,1.4,35.6,NA,NA,"E","E20","U111",1.151,0.05,c(19.9803919, 49.87210855)
50363026,317,"1",6.3,6.84,18.93,10.8,3,174.6,1.2,340.1,0.8,3.4,"B","B16","U111",1.109,0.09,c(19.98784712, 49.90769296)
50363130,330,"1",5.7,6.05,6.36,9.1,NA,24,0.9,63.4,NA,NA,"C","C22","U120",1.5055,0.04,c(20.18665495, 50.83250929)
50363490,137,"1",5.7,6.15,17.72,28.5,1,24.9,3.2,33.8,NA,NA,"E","E20","U111",0.9395,0.06,c(20.95729246, 54.02844626)
50363736,40,"1",5.4,5.91,8.3,31.4,NA,13.5,2.6,53.1,NA,NA,"C","C10","U120",0.8565,0.09,c(21.57118039, 56.20782137)
50364240,80,"1",6.1,6.44,21,42.6,NA,68.5,3.7,301.5,NA,NA,"B","B13","U111",0.963,0.23,c(23.1244643, 60.66141055)
50364606,90,"3",5.6,5.82,34.5,128.9,1,51.2,7,64.2,NA,NA,"B","B13","U111",0.905,0.08,c(24.59563407, 63.88421273)
50364624,66,"2",5,5.6,11.22,53.9,NA,62.8,3.9,233.9,NA,NA,"B","B13","U111",0.7795,0.06,c(24.67768621, 64.04240206)
50382636,131,"1",7.1,7.37,11.84,9.5,39,NA,0.8,42.6,NA,NA,"C","C22","U120",1.3885,0.13,c(19.34675452, 46.43054431)
50382730,136,"1",7.6,8.14,15.36,13.5,16,22.7,1.3,119.7,1.3,1.7,"B","B11","U111",1.506,0.05,c(19.4974925, 47.2690803)
50382960,1061,"1",4.1,4.44,20.9,21,1,66.6,2.6,46.6,NA,NA,"E","E20","U111",0.773,0.09,c(19.89388077, 49.31799862)
50383086,305,"1",4.9,5.23,35.3,12.4,NA,65.8,1.5,222,NA,NA,"B","B16","U111",1.554,0.08,c(20.12928769, 50.43885264)
50383320,134,"1",6.5,7,14.48,7.9,2,56.3,1,79.1,0.4,1.6,"B","B18","U111",1.291,0.09,c(20.60552474, 52.51764914)
50383432,173,"1",3,4.06,5.07,32.5,NA,15.7,1.5,22.1,NA,NA,"C","C22","U120",0.918,0.04,c(20.85348908, 53.51140637)
50384260,94,"2",5.5,6.28,7.75,18.9,NA,30,1.6,215.3,NA,NA,"B","B13","U111",1.2285,0.05,c(23.23226845, 60.83444879)
50423230,203,"1",4.4,5.02,6.32,12.1,1,46.6,1.3,48.3,NA,NA,"E","E20","U111",1.0635,0.18,c(20.47335003, 51.71339451)
50423474,188,"1",4.4,4.56,51.6,55.2,NA,39.7,4.1,86.7,NA,NA,"E","E20","U111",0.4905,0.06,c(21.01034281, 53.87843365)
50423510,85,"1",5.8,6.22,7.87,8.5,NA,63.5,0.9,106.1,NA,NA,"C","C22","U120",1.0435,0.09,c(21.0952924, 54.197554)
50424512,200,"2",3.7,4.4,5.36,47.8,NA,NA,1.8,67.5,NA,NA,"C","C32","U120",0.6375,0.16,c(24.29892042, 63.04669296)
50424782,61,"1",3.7,4.44,1.88,9.9,NA,NA,0.2,NA,NA,NA,"C","C22","U120",1.158,0.02,c(25.569676, 65.41746878)
50424986,263,"1",4.1,4.71,2.49,17.2,NA,26.3,0.8,25.1,NA,NA,"C","C22","U120",0.904,0.09,c(26.70986602, 67.20265001)
50443648,2,"2",6.2,6.63,4.77,16.6,1,NA,1.6,35.7,NA,NA,"E","E20","U111",1.236,0.07,c(21.46723376, 55.41727392)
50443654,13,"1",5,6.04,2.77,11.1,NA,44.7,0.9,32.8,NA,NA,"B","B19","U111",1.33,0,c(21.48265619, 55.47039866)
50444306,127,"1",3.6,4.46,11.53,451.1,NA,63.1,20.4,445.6,NA,NA,"C","C31","U120",0.123,0.3,c(23.51058595, 61.22973809)
50463076,326,"1",7.1,7.24,57.1,27.1,111,0.3,2.7,866.3,NA,NA,"B","B23","U111",0.721,0.17,c(20.22158103, 50.33998334)
50463772,105,"1",6.6,6.8,11.83,29.4,NA,NA,2.3,78.9,NA,NA,"C","C10","U120",1.135,0.11,c(21.82833911, 56.51179323)
50464184,2,"2",6.5,6.86,18.6,21.9,NA,55.8,2.1,130.5,1.5,4.3,"B","B41","U111",1.1125,0.02,c(23.10497537, 60.15093519)
50464192,58,"1",2.9,3.74,19.5,503.4,NA,30.6,15.4,258.4,NA,NA,"C","C32","U120",0.1065,0.06,c(23.13295531, 60.22148517)
50464202,35,"2",6.3,6.73,8.89,19.2,NA,22.6,1.7,121.1,1.3,4.5,"B","B15","U111",1.499,0.06,c(23.16812306, 60.30966612)
50464206,39,"1",3.9,4.52,6.93,33.8,NA,NA,2.6,115.1,NA,NA,"C","C31","U120",0.88,0.23,c(23.18225055, 60.34493647)
50464368,100,"3",3.6,4.33,8.14,55.2,NA,12,2.8,79,NA,NA,"C","C21","U120",0.6425,0.03,c(23.78500757, 61.77236611)
50464692,46,"1",6,6.37,20.5,113.5,NA,43.6,6.3,201.7,NA,NA,"B","B13","U111",0.7015,0.19,c(25.2001477, 64.6203233)
50483070,282,"1",7.3,7.45,31,11.3,18,49.6,1.4,208.7,NA,NA,"B","B32","U111",0.897,0.02,c(20.23782082, 50.28414098)
50483656,35,"1",3.4,4.17,4.62,24.6,NA,32.5,1.2,28.6,NA,NA,"C","C32","U120",0.8595,0.01,c(21.55032911, 55.48237627)
50484302,90,"1",5.1,5.69,10.63,31,NA,39.6,2.8,470.5,NA,NA,"E","E20","U111",0.898,0.04,c(23.56842401, 61.18763101)
50484402,141,"1",3.8,4.34,4.4,42.7,NA,NA,2.2,43.2,NA,NA,"C","C23","U120",0.801,0.18,c(23.95696074, 62.06813885)
50504250,126,"1",3.4,4.08,10.16,109.9,NA,21.9,5.2,59.7,NA,NA,"C","C31","U120",0.4825,0.16,c(23.41181865, 60.72606004)
50504566,152,"1",5.4,5.83,12.88,28.4,NA,92.1,2.2,60.4,NA,NA,"B","B13","U111",1.402,0.06,c(24.69085501, 63.50651921)
50523028,261,"1",5.1,5.92,8.05,15.2,NA,66,1.9,198.3,NA,NA,"B","B16","U111",1.459,0.06,c(20.21258986, 49.90573106)
50523678,97,"1",5.4,6.02,4.8,23.4,NA,NA,2.2,51,NA,NA,"E","E20","U111",1.2355,0.05,c(21.67045991, 55.67132033)
50523746,99,"2",6.2,6.81,8.12,21,NA,53.3,2,303.2,NA,NA,"E","E20","U111",1.329,0.02,c(21.85293836, 56.27294512)
50523782,69,"1",4.3,4.97,4.27,13.3,NA,16.8,1,33.4,NA,NA,"C","C32","U120",1.2585,0.08,c(21.95230139, 56.59133531)
50523872,39,"1",3.5,4.28,10.36,67.9,NA,14.4,2.9,97.2,NA,NA,"C","C31","U120",0.842,0.09,c(22.20949858, 57.38695288)
50524474,202,"1",3.7,4.34,4.41,44.6,NA,NA,1.7,59.4,NA,NA,"D","D10","U120",0.862,0.11,c(24.32891712, 62.6942911)
50524662,86,"3",5.1,5.55,37.1,463,NA,39,21.2,172.9,NA,NA,"B","B55","U111",0.219,0.3,c(25.17613993, 64.34544634)
50543112,266,"1",4.2,4.41,14.67,24.2,NA,26.3,1.9,29.1,NA,NA,"B","B18","U111",1.5275,0.03,c(20.40401755, 50.64983641)
50543998,25,"1",6.9,7.34,24.5,30.6,16,23.6,3.1,293,1,1.7,"B","B53","U111",1.1375,0.22,c(22.62591178, 58.4967738)
50544534,192,"1",3.7,4.44,23.9,516.6,NA,17.2,27.7,33.2,NA,NA,"C","C33","U120",0.31,0.3,c(24.62637629, 63.21791753)
50562996,719,"2",4.4,4.93,6.96,34.6,NA,22.8,3.4,100.2,NA,NA,"D","D20","U420",1.2255,0.24,c(20.20691823, 49.61619181)
50563432,171,"2",5,5.52,11.58,26.2,NA,NA,2.6,13.6,NA,NA,"E","E10","U120",1.285,0.04,c(21.12201282, 53.48696707)
50564166,9,"1",3.1,3.94,15.93,431.3,NA,40.8,14.1,501,NA,NA,"C","C21","U120",0.056,0.01,c(23.21831776, 59.97560385)
50583782,60,"3",6.5,7.17,11.23,30.6,NA,48.2,2.9,290.1,NA,NA,"F","F40","U111",1.371,0.09,c(22.04863855, 56.58234912)
50584610,82,"2",5.4,6.01,9.57,23.8,NA,41.8,2.2,312.2,NA,NA,"E","E20","U111",1.73,0.02,c(25.04949359, 63.87760539)
50584702,40,"1",4,4.5,16.3,45.1,NA,46.3,2.9,120.5,1,2.7,"B","B15","U111",1.0575,0.02,c(25.49299343, 64.68437834)
50584756,50,"1",3.4,4.05,4.75,35.3,NA,11.3,1.3,29.1,NA,NA,"C","C22","U120",0.753,0.07,c(25.76709141, 65.15743985)
50603248,212,"1",5.5,6.23,10.16,12.3,1,50.9,1.3,116.4,1.6,2.7,"B","B71","U111",0.976,0.17,c(20.76972972, 51.84969402)
50603288,141,"1",6.7,7.28,11.97,8.8,2,84.4,0.9,91.3,NA,NA,"B","B11","U111",1.273,0.14,c(20.85612728, 52.204614)
50603758,98,"1",6.4,6.68,12.43,50.1,NA,NA,4.4,138.2,NA,NA,"E","E20","U111",1.0525,0.04,c(22.01360262, 56.36716184)
50603794,39,"2",6.8,7.06,8.11,21.2,8,NA,2,42.3,NA,NA,"E","E20","U111",1.232,0.01,c(22.11464314, 56.68541194)
50604374,168,"1",4,4.64,5.03,28.7,NA,35.8,1.2,75.7,5.9,7.3,"C","C33","U120",0.844,0.12,c(24.06814191, 61.80040215)
50604436,153,"1",3.1,3.99,9.29,190.2,NA,19.8,6.3,46.8,NA,NA,"C","C22","U120",0.594,0.01,c(24.32109455, 62.34561755)
50604518,178,"1",3.8,4.6,4.61,63.4,NA,NA,2.4,34.4,NA,NA,"C","C32","U120",1.272,0.09,c(24.67183651, 63.06615461)
50604584,134,"1",3,3.74,8.66,106.3,NA,16.6,3.8,61.2,NA,NA,"C","C22","U120",0.71,0.18,c(24.96847291, 63.6456076)
50604656,138,"1",3.8,4.53,10.54,251.1,NA,58.4,12.9,92.8,NA,NA,"C","C10","U120",0.2975,0.22,c(25.30774837, 64.27719769)
50604770,67,"1",4,4.88,21.1,360.2,NA,42.2,19.3,181.7,NA,NA,"C","C32","U120",0.257,0.39,c(25.88136412, 65.27594503)
50622776,107,"1",6.7,6.69,10.58,26.3,NA,10.3,2.4,215,NA,NA,"B","B16","U111",1.2555,0.21,c(19.89068612, 47.65082109)
50623316,103,"2",3.9,4.45,3.72,10.6,NA,45.8,1,21.9,NA,NA,"C","C10","U420",0.9005,0.04,c(20.94675301, 52.45030239)
50623666,77,"1",4.1,4.61,12.71,68.9,NA,20.6,4.5,98.2,NA,NA,"C","C31","U120",0.6035,0.09,c(21.79546641, 55.55054753)
50623694,127,"2",5.4,5.97,4.47,17.1,NA,11.2,1.6,88.3,NA,NA,"E","E20","U111",1.2975,0.04,c(21.87026809, 55.7982269)
50624582,127,"1",5.5,5.95,8.96,21.5,NA,12.6,1.5,83,NA,NA,"E","E20","U111",1.651,0.07,c(24.99851414, 63.62422548)
50642762,49,"2",7.7,8.07,16.39,27.1,108,18.8,2.4,324.4,NA,NA,"B","B13","U111",1.182,0.12,c(19.8929777, 47.52370718)
50642960,1087,"2",3.9,4.55,5.83,36.1,NA,NA,3.7,77.4,NA,NA,"C","C21","U120",0.1615,0.15,c(20.24855952, 49.2860565)
50643216,223,"1",5.6,6.07,7.71,13.5,NA,21.4,1.2,67.1,NA,NA,"E","E30","U112",1.2395,0.07,c(20.75896649, 51.56040994)
50643238,193,"1",6.9,7.31,14.05,10.3,10,31.5,1,77.9,NA,NA,"B","B71","U111",1.024,0.12,c(20.80578867, 51.75565003)
50643432,158,"1",5.4,5.65,41.4,90,1,18.9,8.3,52.4,NA,NA,"E","E20","U111",0.745,0.03,c(21.24126495, 53.47591523)
50643772,60,"1",5.7,6.51,4.61,10.9,NA,10.5,1.2,110.4,NA,NA,"E","E30","U112",1.546,0.03,c(22.11670996, 56.48490527)
50662872,343,"3",5.7,6.29,7.21,23.4,NA,21.8,2.5,307.3,NA,NA,"E","E20","U111",1.3945,0.05,c(20.1134607, 48.50069909)
50663322,137,"1",4.5,4.92,7.2,12.8,NA,53.3,1.1,11.7,NA,NA,"B","B14","U111",0.7735,0.05,c(21.01840206, 52.49810247)
50663642,58,"1",5.4,5.78,30.3,42.1,NA,14.7,3.9,75.4,NA,NA,"C","C10","U120",0.8915,0.04,c(21.79449156, 55.332363)
50663688,113,"1",5,5.62,5.64,27.9,NA,11.2,2.4,72,NA,NA,"E","E20","U111",0.857,0.02,c(21.91702091, 55.73924053)
50663710,137,"1",6.8,6.97,13.43,40.3,5,NA,3.6,57.5,NA,NA,"E","E20","U111",1.0065,0.21,c(21.97669454, 55.93378545)
50663796,75,"1",6.9,7.58,12.63,10.7,7,52.4,1.1,164.3,NA,NA,"B","B32","U111",1.603,0.22,c(22.21689603, 56.69397531)
50664456,183,"1",3.7,4.42,3.76,30.7,NA,NA,1.5,34.5,NA,NA,"C","C33","U120",0.9755,0.29,c(24.51850825, 62.51036878)
50664618,119,"1",4.3,5.23,3.71,65.1,NA,45.2,3.7,43.9,NA,NA,"C","C33","U120",0.793,0.18,c(25.24544356, 63.93227113)
50664744,60,"1",4,4.61,7.24,57.6,NA,15.4,2.9,40,NA,NA,"C","C33","U120",0.626,0.06,c(25.86970867, 65.03612201)
50682696,107,"1",7.6,8.14,21.4,22.2,86,66.4,2,277.7,NA,NA,"F","F40","U111",1.395,0.05,c(19.83335584, 46.93082968)
50682936,685,"4",6.7,7.21,15.41,17.7,1,72.6,2,179.5,NA,NA,"B","B11","U111",1.3945,0.01,c(20.25804592, 49.06760733)
50683074,244,"4",6.5,6.65,37.5,25.3,1,10.2,2.7,115.5,NA,NA,"E","E20","U111",0.8525,0.07,c(20.52396069, 50.29428877)
50683644,50,"1",5.3,5.93,6.04,28.9,NA,NA,2.4,89.1,NA,NA,"E","E20","U111",1.2,0.15,c(21.8308933, 55.34711928)
50683780,78,"2",5.7,6.01,21.6,45.5,NA,15.6,3.6,80.3,NA,NA,"C","C10","U120",0.9995,0.11,c(22.20342113, 56.54954013)
50683798,72,"1",3.9,4.55,12.33,128.5,1,51.7,6.6,325.1,NA,NA,"C","C10","U120",0.514,0.18,c(22.25481571, 56.70859261)
50684398,115,"2",3.3,4.1,8.86,95.4,NA,NA,3.8,118.3,NA,NA,"C","C23","U120",0.236,0.07,c(24.3139735, 61.99701459)
50684686,53,"1",4,4.67,5.64,26.8,NA,20,2.5,50.5,NA,NA,"C","C10","U420",0.9135,0.19,c(25.61583144, 64.5242461)
50702782,64,"2",6.5,6.85,9.6,24.3,1,63.6,2.1,300.8,NA,NA,"F","F40","U111",1.0375,0.04,c(20.00679185, 47.69459832)
50702848,170,"1",6.6,7.11,8.31,15.9,1,52.5,1.8,159.8,NA,NA,"E","E30","U111",1.4625,0.06,c(20.1237562, 48.28218061)
50702998,834,"1",4.3,4.64,21.4,23.2,NA,23.7,2.7,86.2,NA,NA,"E","E20","U111",0.885,0.13,c(20.40286883, 49.61635981)
50703016,473,"2",5.9,5.97,13.14,42.7,1,11.9,4.4,128.7,NA,NA,"E","E20","U111",1.018,0.04,c(20.43766583, 49.7763491)
50703124,270,"2",6.3,6.36,40.4,15.3,NA,24,1.8,181.3,NA,NA,"A","A30","U319",0.85,0.07,c(20.65267733, 50.73579455)
50703742,101,"2",5.2,5.69,17.45,45.3,NA,11.7,3.1,101.2,NA,NA,"C","C31","U120",0.691,0.1,c(22.12836468, 56.21067291)
50704620,115,"2",5.5,5.89,20.2,75.3,NA,62,4,48.4,1.8,2,"B","B13","U111",1.256,0.15,c(25.33416493, 63.94197909)
50722734,89,"3",7.5,8.18,18.32,28.6,120,NA,2.2,376,0.8,0.6,"B","B52","U111",1.4515,0.04,c(19.95006758, 47.26464069)
50742712,96,"2",7.2,7.65,21,37,24,78.1,3.3,222,NA,NA,"C","C10","U120",1.101,0,c(19.93865759, 47.06622442)
50743180,272,"2",4.4,4.87,17.88,11.3,NA,12.7,1.5,87.6,NA,NA,"D","D10","U120",1.0445,0.18,c(20.82528438, 51.22766162)
50744454,179,"1",4,4.67,3.39,20.3,NA,NA,1.8,30.3,NA,NA,"C","C33","U120",0.951,0.07,c(24.66129592, 62.47794225)
50744692,72,"1",3.6,4.35,5.6,59.6,NA,10.5,3.5,23.9,NA,NA,"C","C32","U120",0.751,0.17,c(25.76709064, 64.56471216)
50763638,52,"1",5.6,6.04,14.86,30.3,NA,17,2.8,107.9,NA,NA,"E","E20","U111",1.2895,0.02,c(21.93941865, 55.28223707)
50764612,121,"1",6.1,6.46,30.2,39.6,2,23.1,1.7,306.6,4.3,2.7,"B","B13","U111",1.654,0.19,c(25.41463275, 63.86006663)
50764718,41,"1",5,5.4,21.2,81.4,NA,33.9,5.7,126.4,NA,NA,"B","B13","U111",0.77,0.05,c(25.94001793, 64.78818141)
50782712,97,"2",5.6,6.27,3.89,7.2,NA,NA,0.7,52.9,NA,NA,"C","C10","U120",1.3275,0,c(19.99089359, 47.06139423)
50783186,214,"2",5,5.73,4.26,8,NA,24.5,0.9,38.3,NA,NA,"E","E30","U112",1.301,0.02,c(20.89473963, 51.27557645)
50783212,194,"3",4.8,5.6,4.62,7.7,NA,13,0.9,55.9,NA,NA,"B","B13","U111",1.449,0.05,c(20.95031088, 51.50625643)
50783266,150,"2",4,4.65,3.96,10.2,NA,39.7,0.8,15,NA,NA,"C","C33","U120",1.1885,0.06,c(21.0679758, 51.98521012)
50783306,124,"1",8.4,9.07,27.8,6.3,52,27,0.4,153.2,NA,NA,"E","E30","U312",0.8345,0.04,c(21.15714643, 52.3398604)
50784566,148,"2",3.7,4.44,6.11,51.2,NA,20.8,1.8,73.8,NA,NA,"C","C21","U120",1.1695,0.28,c(25.23735497, 63.45298596)
50784598,120,"2",3,3.66,7.14,57.7,NA,17.4,1.7,47.9,NA,NA,"C","C32","U120",0.996,0.1,c(25.38742047, 63.73345227)
50803744,91,"1",6.4,7.12,7.91,18.2,2,34.9,1.9,250,NA,NA,"E","E30","U112",1.499,0.03,c(22.29293837, 56.21312852)
50804666,93,"1",3.5,4.19,2.2,10.4,NA,NA,0.4,15,NA,NA,"C","C22","U120",1.1845,0.05,c(25.75758997, 64.32500357)
50804738,78,"1",4,4.75,3.06,25.8,NA,NA,1,42.5,NA,NA,"C","C33","U120",0.7605,0.09,c(26.12552794, 64.95487304)
50822626,96,"1",7,7.23,8.8,9.5,2,10.9,1.1,74,NA,NA,"E","E30","U112",1.2125,0.03,c(19.89797654, 46.29013601)
50822946,683,"3",5.4,6.05,6.74,14.8,NA,47.5,1.8,184.9,NA,NA,"E","E20","U111",1.418,0.09,c(20.46705064, 49.13884157)
50823826,78,"1",5.8,6.24,11.58,41.7,NA,NA,3.9,66.6,NA,NA,"E","E30","U420",0.993,0.19,c(22.5624466, 56.93419156)
50824548,160,"2",3.9,4.55,4.76,50.2,NA,13,1.9,49,NA,NA,"C","C21","U120",1.013,0.18,c(25.23189315, 63.28741474)
50843088,253,"1",5.5,5.87,24.3,18.6,1,11.7,2.1,199.4,NA,NA,"E","E20","U111",0.9015,0.12,c(20.77498637, 50.39777989)
50844708,65,"1",3.5,4.1,2.3,20.1,NA,NA,0.8,21.6,NA,NA,"C","C32","U120",0.872,0.07,c(26.05106163, 64.68429846)
50863110,256,"1",4.6,5.24,9.09,6,NA,9.7,0.7,6.2,NA,NA,"C","C10","U111",1.1695,0.07,c(20.8481521, 50.59043645)
50863206,216,"2",4.6,4.92,15.74,11.5,NA,17,1.3,66.5,NA,NA,"E","E20","U111",1.0945,0.04,c(21.05140219, 51.44223025)
50863842,83,"1",3.4,3.95,6.48,29.2,NA,NA,1.6,43.7,NA,NA,"C","C33","U120",0.8535,0.05,c(22.67504352, 57.06911097)
50864658,125,"1",3.9,4.55,8.12,145.9,NA,33.1,8.1,88.6,NA,NA,"C","C31","U120",0.4165,0.1,c(25.83777062, 64.24285288)
50864794,125,"1",3.7,4.8,2.5,21.7,NA,11.3,0.9,22.5,NA,NA,"C","C22","U120",1.031,0.06,c(26.54992311, 65.43155196)
50882638,86,"1",7.8,9.62,29.9,8.7,101,NA,0.5,46.6,NA,NA,"E","E20","U111",1.548,0.07,c(19.99528527, 46.38988779)
50883178,237,"1",3.9,4.48,5.45,10.8,NA,76.9,1,52,NA,NA,"C","C22","U120",1.1475,0.03,c(21.01949615, 51.19115925)
50883724,127,"1",6.1,6.75,13.11,16.2,1,144.7,1.8,326.9,0.9,2.2,"B","B11","U111",1.4065,0,c(22.36324335, 56.0241701)
50883804,115,"2",5.2,5.56,8.06,41.1,NA,NA,2.2,50.2,NA,NA,"C","C31","U120",0.9535,0.13,c(22.59420787, 56.73056217)
50902644,83,"1",7.2,7.77,14.15,8.8,19,13.3,1,95.7,NA,NA,"B","B52","U111",0.9075,0,c(20.03117849, 46.44093977)
50902936,640,"2",4.9,5.72,4.93,17.2,NA,17.8,1.9,182.5,NA,NA,"D","D10","U111",1.199,0.1,c(20.55650267, 49.03970245)
50903242,153,"1",4,4.28,3.85,9.7,NA,26.2,0.5,NA,NA,NA,"C","C22","U120",1.5925,0.02,c(21.18741672, 51.75599888)
50903664,112,"1",5.9,6.39,6.19,14.1,NA,NA,1.5,71.3,NA,NA,"B","B41","U111",1.167,0.14,c(22.22766884, 55.49104503)
50903826,76,"2",5.8,6.28,6.54,16.1,NA,13.5,1.6,138.7,NA,NA,"C","C10","U120",1.233,0.16,c(22.69186018, 56.92157404)
50904192,48,"1",6.2,6.55,15.12,20.1,NA,27.5,1.9,163.8,1.3,3.5,"B","B13","U111",0.8525,0.23,c(23.91027124, 60.14633694)
50904750,88,"1",3.8,4.26,2.81,19.8,NA,NA,0.8,27.2,NA,NA,"C","C23","U120",0.939,0.07,c(26.39396182, 65.0388632)
50923428,140,"1",5.9,6.06,43.4,70.2,1,31.2,5.9,35.7,NA,NA,"E","E20","U111",0.636,0.02,c(21.64844945, 53.40090819)
50924584,182,"2",3.6,4.46,2.23,9.4,NA,NA,0.4,19.1,NA,NA,"C","C32","U120",1.3525,0.13,c(25.59527735, 63.58311193)
50943118,300,"1",4.8,5.27,9.14,4.9,1,15.5,0.6,25,NA,NA,"E","E30","U112",1.128,0.03,c(20.97681605, 50.65074675)
50943268,127,"1",5.2,5.85,8.81,17.2,NA,40.7,1.8,335.7,NA,NA,"E","E20","U111",1.33,0.07,c(21.30299674, 51.98093646)
50943800,115,"2",6,6.45,21.9,82.1,NA,36.1,5.9,345.8,NA,NA,"B","B11","U111",1.113,0.16,c(22.67888151, 56.68579546)
50944648,113,"2",3.5,4.33,4.91,53.5,NA,27.5,2.5,52.6,NA,NA,"C","C31","U120",0.6755,0.09,c(25.9473479, 64.13910036)
50962748,43,"2",7.3,7.89,14.82,19,15,27.9,1.8,489.9,NA,NA,"B","B31","U111",1.512,0.02,c(20.28933446, 47.35986284)
50962762,39,"2",6.3,6.75,6.89,20.7,NA,39.4,2,336.4,NA,NA,"F","F40","U111",1.2775,0.19,c(20.3142959, 47.4844788)
50963150,351,"2",5.4,6.08,5.6,4.3,NA,5,0.5,36,NA,NA,"F","F40","U111",1.223,0.07,c(21.07263453, 50.93194775)
50963348,162,"1",3.7,4.21,4.39,28.6,NA,25.4,1.7,25.8,NA,NA,"C","C22","U120",0.6195,0.04,c(21.51613922, 52.68687463)
50963682,172,"2",5.3,5.74,13.94,49.3,NA,47.6,4.1,523.6,NA,NA,"C","C10","U120",0.806,0.01,c(22.3712677, 55.64088728)
50964968,150,"1",3.5,4.35,13.64,375.3,NA,18.1,15.3,92,1.9,10.4,"C","C32","U120",0.289,0.06,c(27.79023995, 66.92531389)
50983316,144,"3",3.9,4.29,48.3,267.8,NA,27.7,16.1,69.5,NA,NA,"C","C10","U120",0.528,0.04,c(21.4706127, 52.40062077)
50983738,88,"2",6.8,7.2,15.35,41,2,12.7,3.4,102.1,NA,NA,"E","E30","U112",1.0675,0.02,c(22.56151419, 56.13227176)
50983816,120,"1",6.2,6.67,9.68,17.2,1,33.5,1.9,464.9,NA,NA,"E","E20","U111",1.309,0.23,c(22.79105027, 56.82061235)
51002852,143,"1",5.1,6.03,5.88,14,NA,66.1,1.6,201.5,NA,NA,"B","B31","U111",1.281,0.05,c(20.5319373, 48.28009009)
51003392,134,"2",6.4,6.78,30.1,76.4,1,NA,7.5,34,NA,NA,"E","E20","U111",0.776,0.05,c(21.67967975, 53.07072832)
51003396,135,"1",4.6,5.37,4.22,6.8,NA,81.1,0.7,43.1,NA,NA,"B","B13","U111",1.014,0.04,c(21.68934253, 53.10613449)
51004476,137,"2",3.6,4.27,8.23,87.9,NA,26.3,3.4,70.7,NA,NA,"C","C31","U120",0.7705,0.12,c(25.24984906, 62.62142284)
51004580,172,"1",3.5,4.28,3.94,23,NA,NA,1.1,23.7,NA,NA,"C","C32","U120",0.854,0.07,c(25.732338, 63.53209641)
51004598,165,"1",3.2,3.94,21.5,540.7,NA,55.5,24.6,161.4,NA,NA,"C","C32","U120",0.5775,0.04,c(25.81933315, 63.68957891)
51023088,203,"1",4.9,5.4,13.72,14.2,1,15.2,1.6,128.4,NA,NA,"B","B54","U111",1.046,0.02,c(21.02573964, 50.3737744)
51023376,141,"1",3.8,4.4,4.79,11.4,NA,48.1,0.8,19.8,NA,NA,"C","C22","U120",1.216,0.01,c(21.67063077, 52.92621799)
51023782,108,"2",6.4,6.99,20.8,66.6,1,26.6,4.5,100,NA,NA,"B","B11","U111",1.101,0.05,c(22.75380354, 56.51427458)
51023840,61,"1",5.7,6.41,5.82,17.1,NA,33.4,1.8,221.3,NA,NA,"E","E20","U370",1.25,0.1,c(22.92851209, 57.02587524)
51024492,130,"1",4.9,5.6,7,29.9,NA,13.6,2.3,70.4,NA,NA,"C","C10","U120",1.2455,0.09,c(25.35999015, 62.75770159)
51024572,137,"1",4.9,5.65,8.47,14.6,NA,41.9,1,20.1,NA,NA,"B","B13","U111",1.602,0.1,c(25.73293352, 63.45807883)
51043770,83,"1",5,5.61,7.61,31.8,NA,NA,2.2,49,NA,NA,"C","C31","U120",0.9325,0.09,c(22.75025773, 56.40521979)
51044200,17,"1",3.7,4.47,9.13,110.4,NA,21.2,5.7,103.4,NA,NA,"C","C31","U120",0.542,0.04,c(24.18707106, 60.19184301)
51044218,73,"3",3.4,4.08,6.69,61.5,NA,39,2.9,84.8,NA,NA,"C","C23","U120",0.5675,0.05,c(24.25548588, 60.35001413)
51044466,192,"3",3.7,4.38,4.72,38.9,NA,NA,1.9,47.1,NA,NA,"C","C22","U120",0.9225,0.18,c(25.28079153, 62.5260322)
51044560,124,"4",3.7,4.57,5.95,38.8,NA,21.2,1.6,43.1,NA,NA,"C","C10","U120",1.1105,0.1,c(25.71448623, 63.34906599)
51044766,112,"1",3.2,4.17,6.43,235.3,NA,14.5,7.9,42.9,NA,NA,"C","C22","U120",0.3635,0.18,c(26.76824668, 65.14870157)
51063100,206,"1",4.7,5.3,6.89,15.1,NA,NA,1.7,30.2,NA,NA,"E","E20","U111",1.2575,0.01,c(21.10668891, 50.47482578)
51063710,129,"1",6.1,6.53,9.92,14.4,NA,12.3,1.6,180.9,NA,NA,"B","B13","U111",1.2915,0.05,c(22.6074634, 55.87257736)
51063768,83,"1",6.6,7.17,12.05,13.5,1,26.9,1.4,154.7,0.8,2.2,"B","B32","U111",1.3395,0.04,c(22.77625055, 56.38439246)
51064546,154,"1",4,4.78,3.72,24.1,NA,12.7,1.1,44.6,NA,NA,"C","C33","U120",1.086,0.12,c(25.68677493, 63.22255694)
51082954,560,"3",5,5.77,6.23,23.9,NA,11.2,3,167.9,1.4,5.5,"B","B55","U111",1.446,0.05,c(20.83591742, 49.17616887)
51083148,306,"4",5.7,6.26,10.32,10.4,NA,20.3,1.4,134.3,NA,NA,"B","B13","U111",1.3765,0.19,c(21.23730777, 50.89780773)
51083368,152,"3",5.2,5.73,9.43,10.7,NA,43.9,1.1,60,NA,NA,"B","B14","U111",1.315,0.08,c(21.73953986, 52.84674879)
51083476,15,"1",4.3,4.91,2.91,14,NA,34.2,0.7,13.4,NA,NA,"C","C22","U120",1.025,0.07,c(22.0067146, 53.80220199)
51084210,15,"1",4.8,5.44,12.78,28.6,NA,NA,2.6,204.3,2.8,11.1,"E","E20","U111",1.031,0.05,c(24.2957056, 60.27251628)
51084714,94,"1",3.4,4.23,4.73,75.3,NA,14.2,2.8,43.9,NA,NA,"C","C32","U120",0.5825,0.13,c(26.56871102, 64.68652196)
51084772,117,"1",3.8,4.65,17.12,500.3,NA,74.8,26.5,79.3,NA,NA,"C","C10","U120",0.1545,0,c(26.8836762, 65.19237408)
51102712,79,"1",6.5,7.02,12.52,29.4,1,40.4,2.8,546.2,NA,NA,"B","B31","U111",1.055,0.24,c(20.4084638, 47.02184775)
51102942,726,"1",3.7,4.35,15.97,41.2,NA,18.6,4,168.9,NA,NA,"D","D10","U420",1.0965,0.08,c(20.839371, 49.06694118)
51103122,314,"1",4.1,5.07,4.94,4.1,1,3.1,0.3,24.1,NA,NA,"C","C22","U120",1.114,0.01,c(21.20939307, 50.66449848)
51103198,206,"1",6.7,7.14,16.91,14,NA,NA,1.8,49.4,NA,NA,"B","B75","U111",1.179,0,c(21.37522574, 51.3382766)
51103216,194,"1",3,3.77,35,262.2,NA,37.4,10.3,127,NA,NA,"C","C21","U120",0.4125,0.04,c(21.41538922, 51.49779198)
51103302,204,"1",3.8,4.32,2.22,4.5,NA,30.8,0.3,NA,NA,NA,"C","C22","U120",0.84,0.01,c(21.61216905, 52.25958792)
51103642,34,"1",3.2,3.91,11.56,117.7,NA,23.4,5.3,97.1,NA,NA,"C","C21","U120",0.4485,0.07,c(22.47820792, 55.26601836)
51104260,104,"1",4.7,5.32,12.14,117.1,NA,37.4,5.9,121.8,NA,NA,"E","E20","U111",0.7705,0.06,c(24.52549115, 60.70798225)
51104382,186,"1",3.5,4.16,8.7,62.3,NA,15.9,3.3,66,NA,NA,"C","C21","U120",0.435,0.09,c(25.02609651, 61.77830119)
51104602,171,"1",4.1,4.62,19.45,152.1,NA,103.2,9.5,115.4,NA,NA,"C","C31","U120",0.778,0.07,c(26.03494403, 63.70420693)
51122668,85,"1",6.4,6.72,13.21,38.7,NA,129.3,3.6,1850.6,NA,NA,"E","E20","U111",1.262,0.05,c(20.35678385, 46.627605)
51123226,187,"1",5.4,5.62,8.32,7.4,NA,34.1,0.8,19.3,NA,NA,"C","C22","U120",1.7385,0.02,c(21.46640853, 51.58358906)
51123280,161,"1",4.8,5.42,7.26,11.7,NA,35.3,1.3,NA,NA,NA,"E","E20","U111",0.5585,0.04,c(21.58989626, 52.06191556)
51124252,141,"1",3.7,4.48,12.08,98.7,NA,28.6,4.1,162.3,NA,NA,"C","C21","U120",0.4295,0.08,c(24.52969335, 60.63407607)
51124792,125,"1",3.7,4.57,2.76,30.1,NA,NA,1.1,21.4,NA,NA,"C","C22","U120",0.96,0.04,c(27.07818736, 65.35792697)
51142628,76,"1",6.6,6.81,10.66,23.6,1,33.9,2.6,521.5,1.5,5.5,"B","B11","U111",0.874,0.05,c(20.31308793, 46.26886193)
51142754,86,"2",7.5,8.12,15.17,20.6,19,NA,1.8,366.1,NA,NA,"F","F40","U111",1.2805,0.13,c(20.53643045, 47.39052834)
51142790,88,"1",7.1,7.77,12.49,12.3,5,NA,1.3,326.2,NA,NA,"B","B32","U111",1.2345,0.04,c(20.6025326, 47.71075546)
51142978,579,"3",5.1,5.66,8.63,22.9,NA,NA,2.6,69.3,NA,NA,"E","E30","U120",1.353,0.11,c(20.96552011, 49.38131831)
51143024,358,"1",4.4,5.11,5.65,9.4,NA,10.9,1.3,86.4,NA,NA,"E","E20","U111",1.555,0.12,c(21.0591512, 49.78964095)
51143060,247,"2",3.3,4.02,8.12,37.1,NA,16.9,2.5,37.6,NA,NA,"C","C10","U120",0.891,0.05,c(21.13382686, 50.10908208)
51143162,242,"1",4,4.69,6.01,13.4,NA,50.7,1.1,27.6,NA,NA,"C","C22","U120",1.4835,0.02,c(21.35235676, 51.01362115)
51143330,124,"1",5.5,5.91,9.42,35.3,NA,38.9,3.9,55.7,NA,NA,"E","E20","U111",0.4785,0.12,c(21.7362909, 52.50173071)
51143438,159,"1",4.3,4.79,3.15,10.5,NA,39.2,0.6,14,NA,NA,"C","C22","U120",1.1485,0.06,c(22.00031675, 53.45726233)
51143450,203,"2",5.4,6.03,7.68,7.7,NA,49.9,0.9,55.5,NA,NA,"B","B41","U111",1.4385,0.06,c(22.03054235, 53.5633793)
51144410,167,"1",3.2,4.06,15.12,404.2,NA,46.6,14.8,259.8,NA,NA,"C","C23","U120",0.2085,0.03,c(25.22094992, 62.01601421)
51144548,138,"2",3.5,4.23,6.99,64.8,NA,24.7,2.7,66.5,NA,NA,"C","C23","U120",0.861,0.05,c(25.85070008, 63.22396255)
51163280,191,"1",3.4,4.07,3.29,14.3,NA,12.1,0.9,20.5,NA,NA,"C","C32","U120",0.671,0.05,c(21.64758679, 52.05620138)
51163334,145,"1",3.7,4.28,7.12,41.6,NA,13.5,3.1,43.7,NA,NA,"C","C10","U120",0.6375,0.06,c(21.7749648, 52.53424003)
51163690,146,"1",5.3,5.77,20.6,24.1,NA,56.2,2,161.2,NA,NA,"E","E30","U112",0.8315,0.05,c(22.70720054, 55.68032542)
51164450,177,"1",2.9,3.75,8.07,490,NA,37.4,13.9,220.5,NA,NA,"C","C22","U120",0.173,0.08,c(25.43523505, 62.36245503)
51183646,42,"3",7.1,7.72,15.03,15.3,4,NA,1.5,119.2,0.6,1.4,"B","B11","U111",1.242,0.04,c(22.6135139, 55.28886587)
51183664,136,"2",5.5,6.13,5.42,18.7,NA,NA,2,199.7,NA,NA,"E","E20","U111",1.409,0.11,c(22.66430576, 55.44773164)
51183718,123,"1",5.3,5.9,5.16,17.6,NA,NA,1.8,88.7,NA,NA,"E","E20","U111",1.379,0.09,c(22.8196281, 55.92418137)
51184026,20,"1",3.9,4.78,7.87,33.7,NA,23.6,2.7,30.3,NA,NA,"C","C33","U120",0.9345,0.02,c(23.79906275, 58.6373344)
51184210,60,"2",4.2,4.51,33.1,71.4,NA,13.9,3.6,126.6,NA,NA,"E","E30","U120",0.526,0.11,c(24.47237747, 60.2543546)
51184746,124,"2",3.8,4.48,37,324.1,NA,21.8,15.9,104.7,NA,NA,"C","C33","U120",0.243,0.04,c(26.94503972, 64.94407056)
51184760,140,"1",3.6,4.42,3.56,33.9,NA,14.5,1.2,41.6,NA,NA,"C","C32","U120",0.8375,0.18,c(27.0224451, 65.06604353)
51184832,235,"1",3.7,4.32,7.56,52.9,NA,43.7,2.2,74.9,NA,NA,"C","C31","U120",0.659,0.47,c(27.43313001, 65.69281143)
51203696,127,"2",6.1,6.47,18.36,21.4,NA,NA,2.1,152.8,NA,NA,"B","B11","U111",1.198,0.16,c(22.78717583, 55.72692212)
51203750,81,"1",6.5,6.89,25.8,78.4,NA,11.7,6.2,113.8,NA,NA,"E","E30","U120",0.983,0.04,c(22.9455483, 56.20319559)
51222948,659,"4",4.4,5.07,5.06,15.7,NA,10.3,1.8,62.9,NA,NA,"E","E20","U111",1.515,0.1,c(21.01406543, 49.10424553)
51223012,367,"1",3.6,4.15,9.15,35.7,NA,19.9,2.7,111.1,NA,NA,"C","C10","U420",1.006,0.17,c(21.14432315, 49.67230846)
51223278,179,"4",4.2,4.98,3.02,15.1,NA,27.7,0.9,20.3,NA,NA,"C","C10","U120",0.639,0.04,c(21.72941058, 52.02987203)
51223308,208,"3",5,5.65,5.48,14.5,NA,33.5,1.6,49,NA,NA,"E","E20","U111",0.7275,0.1,c(21.80019073, 52.29542137)
51223350,124,"3",4.4,5.27,3.44,4.9,NA,66.7,0.6,16.1,NA,NA,"E","E20","U111",0.6915,0.02,c(21.90104526, 52.66707595)
51223644,43,"4",7,7.61,17.14,16.2,5,10,1.8,104.2,NA,NA,"B","B41","U111",1.222,0.03,c(22.66994159, 55.26493413)
51223648,57,"1",6.6,7.21,15.65,11.6,1,25.4,1.4,164.4,0.7,1.3,"B","B32","U111",1.12,0.05,c(22.68122749, 55.30023405)
51223738,106,"2",7,7.52,13.51,21,16,10,1.9,65.3,1.2,1.6,"B","B11","U111",1.3815,0.07,c(22.94160359, 56.09415746)
51223828,46,"4",6,6.29,10.76,27.5,NA,NA,2.5,56.8,NA,NA,"C","C10","U120",1.064,0.09,c(23.21492207, 56.88745045)
51224358,110,"1",3.4,4.07,10.36,164.2,NA,13.8,7,156.2,NA,NA,"C","C21","U120",0.5705,0.09,c(25.14460631, 61.54498924)
51224448,190,"1",4,4.62,3.96,20.8,NA,NA,1,26.4,NA,NA,"C","C22","U120",1.01,0.05,c(25.53889578, 62.33313302)
51224476,100,"1",5.5,6.03,9.34,27.2,NA,19.6,2.5,74.5,NA,NA,"E","E20","U111",1.1815,0.31,c(25.66632318, 62.57814052)
51224604,151,"1",3.6,4.29,5.72,36.7,NA,21.6,2.2,60.9,NA,NA,"C","C31","U120",1.057,0.18,c(26.27995906, 63.69691272)
51242884,179,"1",5.5,5.92,6.47,21.5,NA,NA,2.1,128.3,NA,NA,"E","E20","U420",1.3575,0.1,c(20.91437715, 48.53319874)
51243226,140,"2",5.2,5.63,17.73,10,1,12.8,1.4,88.5,NA,NA,"B","B13","U111",1.444,0.01,c(21.63767566, 51.56657059)
51243634,38,"3",6.9,7.57,12.67,14.6,2,17.1,1.4,71.2,NA,NA,"B","B13","U111",1.2335,0,c(22.67277946, 55.1735362)
51243714,111,"2",5.8,6.4,4.3,9.7,NA,19.1,1.1,95.3,NA,NA,"B","B55","U111",1.3765,0.06,c(22.90242121, 55.87929864)
51244042,7,"2",7.2,7.6,21.3,37.2,98,13.8,3.3,89.7,NA,NA,"B","B14","U111",1.178,0.06,c(23.95645112, 58.76758368)
51244342,126,"1",3.6,4.23,9.39,206.1,NA,31.8,8.5,102.1,NA,NA,"C","C33","U120",0.479,0.26,c(25.11334954, 61.40095378)
51262936,472,"1",5.3,5.99,7.25,18.9,NA,44.4,2.4,289.5,1.1,3.4,"B","B11","U111",1.456,0.21,c(21.04421024, 48.99232845)
51264012,26,"3",6.3,6.46,92.3,304.3,NA,51.8,21.4,119.4,NA,NA,"C","C31","U120",0.2765,0.1,c(23.88538561, 58.50030333)
51264430,113,"1",3.5,4.1,13.59,127.2,NA,24,5.6,100.6,NA,NA,"C","C21","U120",0.495,0.03,c(25.53287857, 62.1677035)
51264574,171,"1",3.3,3.89,4.77,23.3,NA,12.1,0.8,44.2,NA,NA,"C","C22","U120",1.0735,0.38,c(26.20901591, 63.42664119)
51264588,169,"1",3.4,4.13,20.9,351.7,NA,70.6,15.4,197.4,NA,NA,"C","C21","U120",0.5245,0.03,c(26.27828327, 63.54889307)
51264736,144,"2",3.2,3.88,19.5,493.7,NA,52.2,14.8,447.4,NA,NA,"C","C33","U120",0.116,0,c(27.05286514, 64.83951964)
51282726,85,"1",7.4,7.81,14.86,22.4,4,42.3,2.2,400.4,1.2,1.5,"B","B16","U111",1.103,0.05,c(20.66863177, 47.12344317)
51282946,342,"1",5.9,6.91,5.97,16.1,NA,16.1,1.9,200.7,NA,NA,"B","B32","U111",1.5495,0.06,c(21.09141502, 49.07840886)
51283140,270,"1",5.6,5.85,26.8,10.6,1,55.7,1.4,168,NA,NA,"B","B19","U111",0.7805,0.02,c(21.50093559, 50.79903961)
51283288,173,"2",4.9,5.52,5.14,18,NA,30.5,1.7,52.1,NA,NA,"E","E20","U111",0.6905,0,c(21.83950102, 52.10969315)
51284364,90,"1",3.8,4.44,7.18,43.7,NA,13.1,2.9,76.6,NA,NA,"C","C31","U120",1.0315,0.1,c(25.28027883, 61.5859766)
51284746,140,"1",3.2,4.03,6.38,104.9,NA,21.7,3.5,91.2,NA,NA,"C","C33","U120",0.493,0.07,c(27.14890553, 64.92220822)
51303466,212,"1",3.6,4.14,6.17,19,NA,39.2,1.1,20.2,NA,NA,"C","C23","U120",1.3395,0.04,c(22.31033722, 53.68074983)
51323614,38,"1",6.3,6.72,10.61,17.1,NA,21.2,1.7,128,0.7,1.6,"E","E30","U111",1.1985,0.02,c(22.74010246, 54.98443455)
51323646,61,"1",4.3,4.98,7.46,36.9,NA,14.7,3,94.2,NA,NA,"C","C10","U120",0.883,0.19,c(22.83067162, 55.26674695)
51324422,164,"2",4,4.75,6.8,70.7,NA,26.6,3.8,77.8,NA,NA,"C","C10","U120",0.684,0.09,c(25.60887392, 62.08583465)
51324680,132,"1",3.6,4.28,22,383,NA,61,17.6,199.1,2.3,21.2,"C","C32","U120",0.21,0.02,c(26.87026614, 64.33865743)
51343172,224,"1",5.7,5.97,16.06,10.1,NA,58.9,1,34.9,NA,NA,"B","B14","U111",1.307,0.03,c(21.65683465, 51.07402683)
51343702,180,"1",4.1,4.63,21,125.1,NA,53.1,7.3,137.8,NA,NA,"C","C31","U120",0.4335,0.06,c(23.02427055, 55.75736423)
51344234,37,"1",5.3,5.95,7.61,26.7,NA,51.2,2.2,179.5,NA,NA,"B","B41","U111",1.2225,0.09,c(24.8497979, 60.43531289)
51362806,52,"1",6.1,6.72,4.11,4.8,NA,16.2,0.5,128.3,NA,NA,"E","E20","U415",1.4565,0.03,c(20.92347503, 47.82425422)
51362942,298,"2",7.2,7.99,14.11,14,14,34.1,1.8,507.7,NA,NA,"B","B32","U111",1.5605,0.01,c(21.19171513, 49.0320448)
51363072,234,"1",5.3,5.65,23.9,11.1,NA,13,1.4,8,NA,NA,"C","C10","U120",0.9725,0,c(21.46407278, 50.1851165)
51363194,187,"1",5.3,5.75,12.75,7.1,NA,32.1,0.8,60.1,NA,NA,"B","B14","U111",1.265,0.08,c(21.73510091, 51.26599004)
51363198,187,"1",4.8,5.3,12.83,9.6,NA,23.8,1,52.8,NA,NA,"B","B14","U111",1.2075,0.05,c(21.74425476, 51.30140849)
51363266,222,"1",5.6,6.1,8.57,32,NA,22.1,2.7,37.7,NA,NA,"C","C10","U120",0.5345,0.03,c(21.90258723, 51.90332944)
51363302,178,"1",3.7,4.19,2.88,9,NA,57.5,0.6,10.2,NA,NA,"C","C22","U120",0.7245,0.04,c(21.98854023, 52.22184664)
51363628,46,"1",7.1,7.75,15.48,17.7,9,13.5,1.9,137.8,0.7,1.7,"B","B11","U111",1.177,0.04,c(22.84130976, 55.1015966)
51364282,91,"1",3.5,4.09,9.44,35.3,NA,32.5,1.7,54.2,NA,NA,"C","C31","U120",0.6105,0.01,c(25.08018784, 60.85226884)
51364706,138,"1",3.6,4.3,19.19,387,NA,23.7,15.6,67.8,5.8,4.1,"B","B55","U111",0.3185,0.1,c(27.09060376, 64.55641885)
51364876,247,"1",3.9,4.56,3.34,25.1,NA,10.3,1,38.4,NA,NA,"C","C22","U120",0.911,0.23,c(28.07615578, 66.0339447)
51383160,234,"4",5.6,6.1,5.51,8,2,21.8,0.9,67,NA,NA,"B","B13","U111",1.169,0.09,c(21.68615794, 50.96202188)
51383678,118,"4",5.9,6.64,6.46,16.8,NA,NA,1.8,129.7,NA,NA,"E","E20","U111",1.3715,0.15,c(23.01641097, 55.53930774)
51402742,93,"4",6,6.67,24.3,20.2,NA,23.9,2,297.8,NA,NA,"F","F40","U111",0.833,0.04,c(20.85510312, 47.25008624)
51402954,488,"2",4.6,5.55,3.47,10.4,NA,18.6,1.2,61.6,0.9,2,"B","B53","U111",1.575,0.14,c(21.27046174, 49.13305969)
51403188,160,"3",6,6.46,20.5,8.8,NA,38.4,1.3,184,NA,NA,"B","B11","U111",1.3165,0.04,c(21.77802246, 51.20709732)
51403314,194,"1",4.4,5.05,6.49,10.2,NA,31,1.1,40,0.9,1.5,"B","B16","U111",0.7475,0.03,c(22.075512, 52.32206824)
51403564,165,"1",6.5,7.08,15.14,18.4,2,81.7,2.1,214.4,NA,NA,"B","B11","U111",1.18,0.12,c(22.72347711, 54.53061223)
51403654,55,"1",5.1,5.58,4.51,13.4,NA,27.9,1.5,104.7,NA,NA,"E","E20","U111",1.4085,0.06,c(22.97775212, 55.32448005)
51403810,8,"4",6.9,7.13,18.47,26.7,7,26.6,2.9,116.6,NA,NA,"B","B11","U111",1.1905,0.04,c(23.44829398, 56.69896786)
51404082,56,"3",4.1,4.79,7.09,39.7,NA,NA,2.6,60.2,NA,NA,"D","D10","U120",0.913,0.06,c(24.37243795, 59.09055237)
51404250,78,"2",3.6,4.43,11.3,122.9,NA,56.6,6.5,131.2,NA,NA,"C","C21","U120",0.4365,0.1,c(25.02078914, 60.56424848)
51404326,138,"2",3.5,4.28,10.4,103.7,NA,23.5,4.3,199.2,NA,NA,"C","C23","U120",0.3275,0.2,c(25.33660365, 61.22995304)
51404520,127,"2",3.2,4.08,5.47,42.5,NA,NA,1.8,47.8,NA,NA,"C","C31","U120",0.7845,0.17,c(26.21533669, 62.9261748)
51404560,176,"1",4.3,4.75,2.54,22.7,NA,20.9,1,17.7,NA,NA,"C","C22","U120",1.21,0.13,c(26.410798, 63.27530683)
51404736,177,"1",3.5,4.24,3.95,40.5,NA,NA,1.6,42,NA,NA,"C","C32","U120",0.8515,0.09,c(27.33702, 64.80866487)
51404766,175,"1",3.4,4.26,31.4,481.1,NA,70.1,26.5,163.3,NA,NA,"C","C32","U120",0.111,0,c(27.50657822, 65.06953015)
51423100,190,"1",3.9,4.47,16.16,27,1,47.6,2,114.9,NA,NA,"E","E20","U111",0.818,0.03,c(21.60847096, 50.42480151)
51423466,141,"1",4.9,5.02,116.6,466.7,NA,44.1,36,130.7,1.2,13.7,"E","E20","U111",0.302,0.05,c(22.48957748, 53.66236638)
51423624,43,"3",7,7.75,15.06,14.6,13,22.3,1.5,98.4,NA,NA,"B","B13","U111",1.3415,0.02,c(22.92250514, 55.05672618)
51423746,95,"2",6.9,7.31,42.5,77.6,16,10.9,5.7,51.1,NA,NA,"C","C31","U120",0.6425,0.12,c(23.28211633, 56.13201296)
51424072,46,"1",6,6.11,38.1,156.9,NA,39.4,10.5,159.1,NA,NA,"C","C31","U120",0.5615,0.31,c(24.36992769, 58.99913708)
51424242,39,"2",5.5,6.17,7.06,22,NA,34.4,1.9,123.8,NA,NA,"B","B53","U111",1.184,0.19,c(25.02391261, 60.49034709)
51424438,98,"4",3.9,4.6,7.06,52.5,NA,41.7,2.5,102.8,NA,NA,"C","C31","U120",0.5365,0.08,c(25.86778039, 62.20575839)
51424546,146,"2",3.6,4.39,6.74,176.4,NA,20,6.5,54.2,NA,NA,"C","C22","U120",0.743,0.13,c(26.38023144, 63.14896586)
51443008,362,"1",4.8,5.42,9.93,23.7,NA,10.4,2.9,226.1,NA,NA,"E","E20","U111",1.2245,0.13,c(21.43754089, 49.60651056)
51443772,49,"1",6.7,7.27,16.35,32.7,3,31.9,3.3,95.3,NA,NA,"B","B13","U111",1.408,0.05,c(23.39366289, 56.35768128)
51444012,28,"1",7.2,7.65,12.34,30.2,29,11.7,2.7,64.3,NA,NA,"B","B35","U111",1.3175,0.06,c(24.18794559, 58.46860024)
51444480,138,"2",3.3,4.12,22.6,490.8,NA,59.4,22.2,407.5,NA,NA,"C","C31","U120",0.158,0.24,c(26.10050844, 62.56865387)
51444592,156,"1",3.8,4.57,3.72,16.6,NA,NA,1.2,20.1,NA,NA,"C","C31","U120",1.192,0.1,c(26.64883502, 63.54597217)
51463266,212,"2",3.3,4.11,5.48,54.4,NA,45,3.5,46.7,NA,NA,"C","C32","U120",0.6805,0.22,c(22.04619927, 51.88861708)
51463464,159,"1",4.2,4.86,3.39,14.4,NA,62.9,1.2,21,NA,NA,"C","C22","U120",0.9015,0.03,c(22.54400935, 53.63852034)
51463642,62,"1",6.2,6.68,29.5,27.9,NA,NA,2.8,118,NA,NA,"E","E30","U112",0.991,0.04,c(23.03601917, 55.20899322)
51464094,49,"1",6.4,6.53,24.7,104.8,NA,25.5,7.3,60.8,NA,NA,"C","C33","U120",0.798,0.08,c(24.51937012, 59.18499209)
51464746,180,"1",3.4,4.28,2.62,22.2,NA,NA,0.7,25.9,NA,NA,"C","C32","U120",0.8305,0.06,c(27.51508509, 64.88221485)
51464814,179,"2",3.9,4.71,4.42,40.5,NA,30.8,2.2,43.5,NA,NA,"C","C33","U120",0.8435,0.04,c(27.90997649, 65.47282706)
51483142,249,"1",5.1,5.47,14.85,8.9,1,32,1.1,226.4,NA,NA,"B","B75","U111",0.8395,0.04,c(21.78605515, 50.78823908)
51483666,114,"1",6.1,6.46,15.22,22.2,NA,21.3,2.5,116.8,NA,NA,"B","B11","U111",1.137,0.02,c(23.13701047, 55.41728677)
51483800,6,"1",5.8,6.32,9.48,21.3,NA,15.4,2.2,71,NA,NA,"B","B11","U111",1.3315,0.13,c(23.54500533, 56.59747177)
51503186,170,"4",3.9,4.56,5.43,8.2,NA,55.7,0.6,30.6,NA,NA,"C","C33","U120",1.219,0.02,c(21.91488357, 51.17486869)
51504688,136,"1",3.8,4.65,5.84,32.3,NA,24.9,2.1,104.6,NA,NA,"C","C21","U120",0.7845,0.36,c(27.27294269, 64.36898843)
51504886,224,"1",3.4,4.23,4.11,28.1,NA,NA,1.7,35.4,NA,NA,"C","C32","U120",0.398,0.1,c(28.43459416, 66.08774514)
51523666,107,"3",6,6.64,9.28,24.6,NA,10.7,2.6,100.6,1.2,2,"B","B14","U111",1.0875,0.04,c(23.19920197, 55.41074432)
51523690,128,"3",6.3,6.98,12.37,10.7,NA,23.6,1.2,208.9,0.9,2.7,"B","B11","U111",1.387,0.19,c(23.27045784, 55.62219095)
51523730,109,"1",7.1,7.73,28.2,34.7,19,20.4,3.3,111.9,NA,NA,"B","B13","U111",1.326,0.07,c(23.39125826, 55.97449486)
51524306,109,"1",4,4.78,9.6,52.2,NA,17.2,3.2,145.7,NA,NA,"C","C31","U120",0.343,0.06,c(25.46845174, 61.03150706)
51524432,78,"1",4.8,5.78,6.36,15.6,NA,34.3,1.4,60.3,NA,NA,"B","B13","U111",1.2875,0.13,c(26.02663796, 62.13307889)
51543194,220,"3",4.7,5.3,9.58,6.2,NA,21.9,0.9,49.7,NA,NA,"B","B71","U111",1.1995,0.07,c(21.99007046, 51.23980684)
51543736,97,"2",6.3,6.71,17,16.9,NA,12.6,1.8,33.6,NA,NA,"E","E20","U111",1.4255,0.05,c(23.4411575, 56.02398726)
51563304,1,"2",6.8,7.11,48.3,93.1,54,57,9.6,51.9,NA,NA,"E","E20","U111",0.6735,0.05,c(22.28258257, 52.20968362)
51563710,126,"4",6.8,6.98,10.65,16.8,4,22.3,1.7,138.9,NA,NA,"B","B11","U111",1.38,0.07,c(23.39329077, 55.79171316)
51563778,30,"2",7,7.54,14.91,18.1,9,19.2,1.8,117.2,NA,NA,"B","B11","U111",1.297,0.04,c(23.60336501, 56.39031722)
51583590,50,"1",7,7.54,23.4,16.2,6,66.8,1.7,362.4,0.7,1.8,"B","B32","U111",1.2145,0.07,c(23.07119101, 54.73116263)
51583734,98,"2",7.3,7.92,8.59,14.6,14,NA,1.3,70.2,NA,NA,"B","B11","U111",1.4245,0.17,c(23.49809095, 55.99967507)
51584250,61,"1",4.1,4.34,104.9,337.4,NA,25.8,20.8,243.1,NA,NA,"C","C10","U120",0.2585,0.16,c(25.34076233, 60.52973246)
51584502,105,"1",4.8,5.48,13.72,30.6,NA,44.8,2.2,325.3,1.8,3.9,"B","B53","U111",1.275,0.07,c(26.47056933, 62.7316602)
51584602,95,"1",4.3,5.14,7.03,27.4,NA,12.3,2.2,140.3,NA,NA,"D","D10","U120",1.177,0.13,c(26.97270005, 63.60306694)
51584736,257,"1",3.7,4.28,3.02,92.7,NA,NA,2.9,28.5,NA,NA,"C","C23","U120",0.7785,0.14,c(27.70147279, 64.76826579)
51602826,47,"1",6.6,6.98,10.58,34.7,1,11.2,2.9,236.8,0.9,1.3,"B","B11","U111",1.4575,0.14,c(21.28033619, 47.96955231)
51603214,197,"1",4,4.39,10.84,5.8,NA,20.8,0.7,50.6,0.4,1.3,"B","B11","U111",1.069,0.05,c(22.12221482, 51.40787914)
51603268,188,"1",4.3,4.78,15.15,21.3,NA,80.7,1.8,104.5,NA,NA,"C","C10","U120",1.141,0.05,c(22.25197677, 51.88540853)
51603652,110,"1",4.2,4.81,4.53,15.1,NA,30.6,1.2,29.5,NA,NA,"C","C21","U120",1.062,0.05,c(23.28201259, 55.27424818)
51603688,140,"1",4.2,4.81,8.68,9.8,NA,19.1,1.1,119.3,NA,NA,"F","F40","U111",1.287,0.05,c(23.38939046, 55.59132254)
51604342,113,"1",3.5,4.28,5.19,32.6,NA,51.2,1.4,61.1,NA,NA,"C","C33","U120",0.8185,0.02,c(25.76885466, 61.33053712)
51622792,37,"1",6.2,6.78,14.23,27.3,NA,NA,2.4,205.6,NA,NA,"E","E20","U111",1.5505,0.02,c(21.23975368, 47.66491322)
51623610,56,"2",7,7.65,14.35,15.9,7,NA,1.7,83.6,NA,NA,"F","F40","U111",1.1805,0.05,c(23.18999009, 54.90092235)
51624808,240,"2",3.4,4.12,15.22,445.7,NA,16.6,16.8,34.3,NA,NA,"C","C32","U120",0.704,0,c(28.20489577, 65.38370226)
51642960,224,"1",5.3,5.97,5.89,13.7,NA,24.1,1.6,153.7,NA,NA,"E","E20","U111",1.507,0.02,c(21.60858952, 49.15282061)
51643216,187,"1",3.9,4.39,9.81,16.4,NA,17.1,1.2,25.9,NA,NA,"C","C10","U120",0.9675,0.05,c(22.1837967, 51.41960533)
51643320,1,"1",5.2,5.74,16.81,15.7,NA,21.6,1.8,58,NA,NA,"E","E20","U111",1.0665,0.02,c(22.43814038, 52.33891894)
51643668,119,"1",5.5,5.71,43,86.4,NA,25.2,6.5,86.5,NA,NA,"C","C31","U120",0.638,0.05,c(23.39164469, 55.4085465)
51644382,102,"2",5.2,5.88,5.79,19.8,NA,28.2,1.5,44.3,NA,NA,"B","B15","U111",1.4515,0.1,c(26.02012715, 61.67197659)
51663088,237,"1",4.3,4.69,15.96,12.8,NA,11,1.1,34.1,NA,NA,"E","E20","U111",0.927,0.06,c(21.91536747, 50.28399509)
51663358,132,"1",4.5,5.05,8.62,6.4,1,85.5,0.8,77.1,0.9,1.7,"B","B16","U111",1.207,0.07,c(22.56352044, 52.67150803)
51663638,70,"1",5.8,6.04,42.1,81.6,NA,24.8,6.9,84.5,NA,NA,"C","C10","U120",0.64,0.04,c(23.33345134, 55.14101918)
51663648,86,"1",5.5,6.04,17.31,23.9,NA,NA,2.4,87.6,1.1,1.7,"B","B11","U111",1.261,0.14,c(23.3630505, 55.22909354)
51663832,14,"1",3.1,3.74,22.5,485.5,NA,69.4,15,396.4,NA,NA,"C","C22","U420",0.1255,0.43,c(23.93679097, 56.8481055)
51664756,235,"1",4.1,4.6,3.37,69.6,NA,NA,2.3,32.7,NA,NA,"C","C32","U120",0.864,0.09,c(27.97880323, 64.92356232)
51682690,85,"3",6.8,7.04,9.42,17.8,1,21.1,2,317.5,NA,NA,"E","E30","U112",1.372,0.08,c(21.12212341, 46.75055392)
51682726,85,"1",6,6.65,13.56,35.8,NA,10.2,3.4,148.9,NA,NA,"E","E20","U111",1.002,0,c(21.19055619, 47.07047947)
51683234,165,"1",4.7,5.24,16.75,24.5,NA,10.6,2.3,19.4,NA,NA,"D","D20","U111",0.945,0.04,c(22.28392313, 51.57276551)
51683776,41,"1",6.9,7.44,14.23,21.3,14,23.9,2.2,127,1.1,1.4,"B","B11","U111",1.3425,0.06,c(23.78790978, 56.35224848)
51684076,69,"4",7.2,7.51,24.9,14.6,23,53.4,1.7,138.8,NA,NA,"F","F40","U111",1.332,0.05,c(24.82737475, 58.98653619)
51684292,85,"1",6.5,6.75,25.3,27.2,NA,69.7,2.6,227.2,NA,NA,"B","B15","U111",1.0845,0.12,c(25.69619267, 60.87752982)
51684850,247,"3",4.3,4.77,2.57,24.3,NA,NA,1.2,16.9,NA,NA,"C","C32","U120",1.1195,0.1,c(28.58698418, 65.73325755)
51703708,118,"2",3.2,3.97,6.19,33.7,NA,16.3,1.7,58,NA,NA,"C","C31","U120",0.846,0.05,c(23.6066217, 55.75060786)
51704468,109,"1",4.2,4.97,4.78,35.2,NA,NA,2.6,59,NA,NA,"C","C21","U120",1.069,0.15,c(26.53247095, 62.41001516)
51722766,46,"1",7.4,7.76,11.72,25.7,2,38.3,2.5,394.3,1.2,1.8,"B","B16","U111",1.509,0.06,c(21.32034722, 47.4203359)
51722996,520,"2",5.8,6.11,32.8,30.2,NA,NA,3.6,128.6,NA,NA,"E","E20","U111",0.808,0.05,c(21.79460539, 49.46046925)
51723014,343,"2",6.8,7.09,23.1,24.7,5,NA,2.7,74,NA,NA,"E","E20","U111",1.0895,0.15,c(21.83384162, 49.61993545)
51723772,40,"2",7.2,7.73,19.39,17.3,21,30.1,1.8,148.6,NA,NA,"B","B11","U111",1.4665,0.04,c(23.83870086, 56.31018987)
51723994,8,"1",3.7,4.38,4.75,23.1,NA,20.7,1.6,46.5,NA,NA,"C","C31","U120",1.0145,0.13,c(24.59226717, 58.26006012)
51724004,17,"1",3.3,4.02,7.89,34,NA,33.6,1.5,44.4,NA,NA,"C","C32","U120",0.78,0.06,c(24.62847253, 58.34778052)
51724084,72,"2",6.7,6.99,17.28,25.9,NA,43.7,2.7,243.1,NA,NA,"B","B16","U111",1.281,0.2,c(24.92575099, 59.04917851)
51724116,40,"1",6.6,6.69,12.06,38.4,4,30.9,3.6,38.2,NA,NA,"B","B55","U111",1.1515,0.1,c(25.04859537, 59.32955148)
51724832,231,"1",4.6,5.07,2.36,16.7,NA,12.3,0.9,19.5,NA,NA,"C","C22","U120",1.115,0.04,c(28.55829312, 65.56795863)
51742962,293,"1",4.7,5.59,4.81,15.8,NA,NA,2.1,243.6,NA,NA,"E","E20","U111",1.361,0.21,c(21.74849625, 49.15631888)
51743642,62,"1",7,7.16,19.51,24.4,25,NA,2.1,116.5,NA,NA,"C","C10","U420",1.211,0.03,c(23.46884243, 55.16294066)
51743714,104,"3",7.2,7.62,13.51,20.3,7,14.6,2.1,119.9,0.9,1.5,"B","B32","U111",1.2385,0.02,c(23.68783109, 55.79661501)
51762786,22,"1",7.4,8.05,17.43,23.6,10,36.4,2.4,703.4,NA,NA,"A","A30","U319",1.274,0.11,c(21.41233626, 47.59240209)
51762822,58,"1",7.1,7.44,12.35,26.9,1,41.8,2.6,653.1,NA,NA,"B","B16","U111",1.3945,0.07,c(21.48434427, 47.91193406)
51763582,78,"3",6,6.1,125.6,429.7,NA,28.8,27.3,152.5,NA,NA,"C","C31","U120",0.186,0.02,c(23.32306909, 54.63123478)
51763654,77,"2",6.7,7.34,16.86,25.3,1,21.3,2.5,245.4,0.9,1.6,"B","B16","U111",1.138,0.14,c(23.53572319, 55.2652285)
51764034,37,"1",5.2,5.52,66.6,522.4,NA,14.7,26.7,70.2,NA,NA,"E","E30","U120",0.129,0.17,c(24.8056755, 58.60346807)
51764704,111,"1",4.1,4.65,3.06,20.4,NA,31.9,1.1,34.4,NA,NA,"C","C31","U120",1.1635,0.04,c(27.88136509, 64.44952827)
51764754,250,"1",4.5,4.77,2.31,10.4,NA,NA,0.4,18.5,NA,NA,"C","C22","U120",1.1645,0.18,c(28.16998687, 64.88307074)
51764802,261,"2",4.1,4.61,2.34,23,NA,NA,1,19.2,NA,NA,"C","C21","U120",1.261,0.27,c(28.45685531, 65.29881172)
51782890,193,"1",6.1,6.61,14.97,17.7,NA,18.4,1.9,325.7,0.9,2.6,"B","B32","U111",1.29,0.03,c(21.65032589, 48.51234508)
51783316,1,"1",3.8,4.04,9.95,9.8,NA,40.5,1,38.7,NA,NA,"B","B13","U111",1.239,0.1,c(22.63072243, 52.28200443)
51783760,50,"2",7.2,7.74,12.76,16.7,13,10.9,1.7,127.9,NA,NA,"B","B11","U111",1.5265,0.08,c(23.89551729, 56.1943176)
51783786,23,"1",6.8,7.4,17.01,24.4,12,93.6,2.5,351.4,NA,NA,"B","B11","U111",1.247,0.08,c(23.97906788, 56.42287691)
51783840,5,"1",7,7.29,15.94,35.8,15,31.8,3.4,58.9,NA,NA,"E","E20","U111",0.848,0.05,c(24.15641494, 56.89737709)
51784294,96,"1",3.7,4.32,8.84,73.2,NA,15.7,3.2,104.9,NA,NA,"C","C31","U120",0.5575,0.15,c(25.88402641, 60.87504885)
51784906,325,"1",3.5,4.24,3.49,17.8,NA,24,0.7,26.7,NA,NA,"C","C22","U120",0.942,0.18,c(29.15606691, 66.19298748)
51802634,107,"3",5.9,6.44,16.13,39.3,NA,20,3.7,312.4,NA,NA,"E","E20","U111",1.344,0.81,c(21.17183571, 46.23656474)
51802810,53,"2",7.5,7.98,15.23,17.7,6,NA,1.7,147.5,NA,NA,"B","B16","U111",1.548,0.02,c(21.51306581, 47.79986009)
51804718,169,"3",4.3,4.98,3.77,51.5,NA,NA,1.6,69.8,NA,NA,"C","C33","U120",0.9395,0.11,c(28.04137398, 64.56175621)
51804772,213,"3",3.9,4.81,3.48,22.2,NA,NA,1,31.9,NA,NA,"D","D10","U120",0.9265,0.14,c(28.35787099, 65.02964041)
51804804,261,"4",4,4.49,2.92,9.9,NA,15.8,0.5,13.1,NA,NA,"D","D10","U120",1.3365,0.2,c(28.55123838, 65.3066294)
51823018,420,"3",5.1,5.65,16.89,18.9,NA,26.9,2.1,276.2,NA,NA,"B","B11","U111",1.0585,0.07,c(21.97955866, 49.64083553)
51823686,96,"2",6.7,7.03,11.56,30.6,5,10.1,3,94.1,NA,NA,"B","B53","U111",1.314,0.05,c(23.72631395, 55.53666124)
51823768,43,"2",7.2,7.4,16.03,37.3,19,16.4,3.4,67.2,NA,NA,"B","B11","U111",1.3025,0.14,c(23.9845074, 56.2577013)
51824508,121,"2",3.9,4.51,3.26,29.8,NA,18.9,1.3,27.3,NA,NA,"C","C21","U120",0.939,0.11,c(26.95458581, 62.73292139)
51824598,115,"1",3.9,4.75,3.35,19,NA,17.5,1.1,24.1,NA,NA,"C","C32","U120",1.1445,0.2,c(27.4179846, 63.51564217)
51824728,239,"2",4,4.73,3.18,15.1,NA,16.4,0.8,30.7,NA,NA,"C","C10","U120",0.9605,0.07,c(28.13928082, 64.64380738)
51843370,132,"1",5.4,5.98,12.85,10.1,NA,24.8,1.2,130,NA,NA,"B","B54","U111",0.967,0.01,c(22.85748289, 52.74926754)
51843782,25,"1",7,7.52,30.2,17.1,3,33.6,2.1,188.9,NA,NA,"B","B32","U111",1.323,0.17,c(24.06152791, 56.37724518)
51844270,69,"1",3.3,3.95,11.34,43.7,NA,38.7,1.7,62.4,NA,NA,"C","C21","U120",0.858,0.13,c(25.88739509, 60.65335035)
51844342,85,"3",3.7,4.38,10.91,90.7,NA,22.4,4.7,83.5,NA,NA,"C","C21","U120",0.712,0.29,c(26.20433134, 61.28196881)
51844828,243,"2",4,4.7,3.74,96.5,NA,18.3,4.2,NA,NA,NA,"C","C33","U120",1.228,0.21,c(28.78194733, 65.50461259)
51862672,81,"2",7.8,8.61,19.85,27.2,7,NA,2.5,269.1,NA,NA,"E","E20","U111",1.213,0.5,c(21.32079798, 46.56615239)
51862780,68,"1",5.5,6.17,7.15,19.3,NA,21.2,1.9,242.2,NA,NA,"F","F40","U111",1.2125,0.03,c(21.53189459, 47.52523006)
51862862,97,"1",4.7,5.27,21.1,58.7,NA,17,5.5,361.1,NA,NA,"F","F40","U112",0.876,0,c(21.69898497, 48.25269632)
51863086,230,"1",4.2,5.02,7.14,10.9,1,94.5,1,74.4,NA,NA,"E","E20","U111",1.17,0.03,c(22.1881342, 50.2368308)
51863338,195,"1",4.5,4.91,13.77,10.9,NA,71.3,1,110,0.5,1.2,"B","B16","U111",1.0225,0.05,c(22.8031206, 52.46371303)
51863740,53,"1",7.1,7.58,16.89,25.2,55,11,2.5,187.1,NA,NA,"E","E20","U111",1.18,0.41,c(23.95807377, 56.00463182)
51882740,94,"2",5.4,6.15,7.17,16.7,NA,14.5,1.8,101.1,NA,NA,"E","E20","U111",1.0395,0.06,c(21.4786596, 47.16736541)
51883690,84,"1",7.2,7.56,15.61,30.4,16,31.1,2.7,213,NA,NA,"B","B32","U111",1.15,0.05,c(23.83215385, 55.56157319)
51883720,71,"1",6.6,6.93,20.4,91.8,NA,28.3,6.3,123.7,NA,NA,"B","B13","U111",0.871,0.04,c(23.92609935, 55.82535021)
51883828,10,"1",6.5,6.79,33.6,218.6,1,25.5,15.2,78.6,NA,NA,"B","B53","U111",0.497,0.07,c(24.27710685, 56.77425125)
51902554,75,"2",5.4,6.13,7.38,16.5,NA,33.2,1.7,243.5,1,2.8,"B","B11","U111",1.372,0.33,c(21.15178685, 45.5116368)
51902950,242,"2",5.9,6.45,7.41,24,NA,NA,2.5,133.5,NA,NA,"E","E20","U111",1.4305,0.04,c(21.93933318, 49.02690889)
51903238,177,"2",4.3,4.86,11.57,28.5,NA,NA,2.7,14.3,NA,NA,"E","E20","U111",0.931,0.03,c(22.60715592, 51.57451612)
51903328,146,"1",4.5,4.98,11.28,7.7,1,29.9,1.1,51.3,NA,NA,"B","B14","U111",0.9275,0.08,c(22.83522552, 52.36914923)
51903342,198,"1",4.5,4.99,12.4,6.8,NA,97.8,0.8,124.1,NA,NA,"B","B14","U111",1.1395,0.05,c(22.87160823, 52.49269522)
51903592,77,"1",3.6,4.2,4.95,23.9,NA,42.4,1.4,28.3,NA,NA,"C","C23","U120",1.0395,0.01,c(23.56594086, 54.69597203)
51904062,50,"4",7,7.25,20,26,9,NA,2,33.9,1,2.5,"E","E20","U370",1.2165,0.17,c(25.14738789, 58.82247345)
51904292,107,"1",3.3,4.02,14.13,175.9,NA,10.7,7.8,97.1,NA,NA,"C","C23","U120",0.571,0,c(26.09006128, 60.83334017)
51922944,161,"1",5.8,6.45,6.68,20.9,NA,43.7,2.2,250.1,NA,NA,"E","E20","U111",1.457,0.06,c(21.95336034, 48.9708477)
51923178,256,"2",6,6.58,6.02,9.4,NA,17.9,1,68.5,NA,NA,"B","B15","U111",0.964,0.04,c(22.48866773, 51.04131101)
51923832,26,"3",5.9,6.46,9.48,10.7,NA,41.8,1.2,58.9,NA,NA,"E","E20","U111",1.214,0.01,c(24.35474595, 56.80222983)
51923930,63,"1",4.6,5.2,8.23,56,NA,18.3,3.9,69.3,NA,NA,"C","C10","U120",0.875,0.05,c(24.69386191, 57.66207085)
51923944,68,"2",5,5.55,11.54,61.1,NA,20.6,4.9,59.3,NA,NA,"C","C31","U120",0.842,0.03,c(24.74383621, 57.78482645)
51924744,178,"1",4.1,4.52,2.9,17.6,NA,NA,0.9,21,NA,NA,"C","C31","U120",1.0985,0.12,c(28.43437124, 64.75897777)
51924780,236,"1",4.2,4.77,2.74,23.4,NA,NA,1.1,19.1,NA,NA,"C","C32","U120",1.097,0.07,c(28.6504168, 65.0704219)
51942720,85,"1",5.9,6.61,6.81,21.6,NA,12.8,2.4,227.4,1.5,8.1,"B","B31","U111",1.2435,0.01,c(21.51747346, 46.98143818)
51943026,352,"1",5,5.57,10.35,18.5,NA,NA,2.3,121.8,NA,NA,"C","C10","U420",1.047,0.02,c(22.16180482, 49.69398524)
51943092,247,"1",4.3,5.08,6.56,5.4,NA,3.3,0.5,34.4,NA,NA,"C","C32","U120",1.1815,0.04,c(22.31287705, 50.27793042)
51943354,173,"1",6.4,6.98,17.05,7.5,NA,50,0.8,84.9,NA,NA,"B","B16","U111",1.0055,0.14,c(22.96122302, 52.59221165)
51943644,45,"1",7.5,7.91,19.49,21.6,13,17,2.1,162,NA,NA,"F","F40","U111",1.26,0.04,c(23.78353416, 55.14672989)
51943702,73,"1",6.8,7.01,9.81,13.8,2,NA,1.4,108.7,0.8,1.6,"B","B14","U111",1.3455,0.06,c(23.96324933, 55.65671893)
51943738,50,"1",7.1,7.46,22.3,92,65,21.1,6.3,105.4,NA,NA,"B","B11","U111",1.0805,0.08,c(24.07760677, 55.97310596)
51943752,53,"1",6.8,7.09,9.73,33.6,2,11.6,2.7,191.6,NA,NA,"E","E20","U111",1.246,0.06,c(24.1226766, 56.09611233)
51943774,30,"1",6.6,6.93,57,62.9,18,62.5,5.5,228.3,NA,NA,"B","B11","U111",1.068,0.01,c(24.19418929, 56.28937039)
51943882,31,"1",5.1,5.85,5,14.2,NA,35.6,1.6,65.9,NA,NA,"B","B11","U111",1.299,0.07,c(24.55792917, 57.23741185)
51943950,51,"1",5.6,5.91,18.03,142.5,NA,15.6,9,85.4,NA,NA,"C","C10","U120",0.57,0.12,c(24.79833895, 57.83373091)
51944092,75,"1",6.1,6.26,62.4,457.7,2,10.7,24.9,125.3,NA,NA,"C","C31","U120",0.2675,0.03,c(25.33129608, 59.07742034)
51944466,140,"1",3.9,4.49,5.58,36.6,NA,32.9,1.7,48.5,NA,NA,"C","C32","U120",0.681,0.06,c(26.97194508, 62.3415302)
51944826,274,"1",4.2,4.81,3.03,35,NA,NA,1.4,38.5,NA,NA,"C","C32","U120",1.2065,0.15,c(28.97594017, 65.46311671)
51963208,235,"1",6.2,6.85,7.75,6.8,NA,16.8,1,80.4,0.4,1.3,"B","B15","U111",1.001,0.09,c(22.61826969, 51.30023064)
51963268,173,"1",6.8,7.05,47.3,105.1,13,45.2,9,79.3,NA,NA,"E","E20","U111",0.7975,0.06,c(22.76800227, 51.83009729)
51963286,172,"1",6.8,7.35,13.66,23.1,4,65.5,1.9,165.6,NA,NA,"C","C10","U420",1.1255,0.06,c(22.81377102, 51.98899523)
51963348,161,"1",4.6,5.44,3.63,6.6,NA,79.1,0.8,54.3,NA,NA,"B","B18","U111",1.017,0.08,c(22.97451644, 52.53609107)
51963688,64,"1",7.1,7.5,12.68,21.6,15,45,2.1,85.5,NA,NA,"B","B23","U111",1.245,0.02,c(23.95049507, 55.53018536)
51963894,50,"1",6.5,7.07,5.62,15.5,1,10.7,1.5,37.1,NA,NA,"B","B15","U111",1.411,0.13,c(24.63224182, 57.33902718)
51963940,76,"1",3.7,4.12,9.85,80.8,NA,26.5,5.3,88.9,NA,NA,"C","C31","U120",0.4235,0.12,c(24.79529183, 57.74236956)
51963988,48,"1",5.2,5.41,132.3,436.6,NA,14.7,30.3,87.2,NA,NA,"E","E20","U111",0.2315,0.02,c(24.96998734, 58.16301488)
51964006,34,"1",4,4.5,87.9,493.8,1,30.1,28.2,117.4,NA,NA,"C","C33","U120",0.147,0.01,c(25.03673486, 58.32069413)
51964708,210,"1",3.9,4.5,2.95,12.9,NA,NA,0.8,21.6,NA,NA,"C","C22","U120",1.2705,0.08,c(28.3035261, 64.43793273)
51982864,90,"1",6.3,6.67,7.83,17.5,NA,16,2,212,NA,NA,"B","B52","U111",1.321,0.13,c(21.8630292, 48.25324996)
51983278,173,"1",5.9,6.32,14.29,10.4,NA,17.4,1.1,58.4,1.4,2.7,"B","B14","U111",0.924,0.03,c(22.82206788, 51.91523143)
51983328,158,"1",3.7,4.25,3.4,12.5,NA,26.5,0.7,20,NA,NA,"C","C22","U120",1.0565,0.1,c(22.9510921, 52.35646376)
51983700,65,"1",7.1,7.69,14.15,12,14,25.7,1.1,135.2,NA,NA,"B","B11","U111",1.3335,0.12,c(24.01937309, 55.63218692)
51983736,47,"1",6.5,6.78,12.32,18.6,NA,11.7,2,137.4,0.9,1.7,"B","B11","U111",1.3595,0.07,c(24.13408631, 55.94851681)
52003302,199,"1",4.4,4.71,17.05,9.2,NA,35.2,0.8,123,NA,NA,"B","B14","U111",1.188,0.07,c(22.91242285, 52.12388049)
52003356,153,"1",4.9,5.76,3.15,7.2,NA,57.5,0.8,64.6,NA,NA,"E","E20","U111",1.011,0.09,c(23.05384413, 52.60024739)
52003468,175,"1",6.7,7.08,29.2,18.7,8,42.4,1.9,424,NA,NA,"E","E10","U111",0.7345,0.15,c(23.35944798, 53.58743624)
52003714,58,"1",7,7.58,8.46,17.8,5,20.8,1.3,110.1,NA,NA,"B","B52","U111",1.485,0.03,c(24.09501386, 55.75171917)
52004314,83,"1",4.4,5.19,9.92,41.1,NA,19.1,2.8,193.7,NA,NA,"C","C23","U120",1.091,0.05,c(26.36698551, 61.00476904)
52004440,123,"1",4,5.14,23.9,274.6,1,66.6,11.3,1631.7,NA,NA,"C","C21","U120",0.3,0.26,c(26.9563797, 62.10236111)
52023594,67,"1",4.9,5.38,15.24,46.2,NA,16.7,4.1,199,NA,NA,"C","C10","U120",0.8305,0.07,c(23.75501978, 54.69326536)
52023674,51,"1",6.9,7.45,20.3,24,20,63.7,2.2,218.8,0.9,1.5,"B","B41","U111",1.2815,0.12,c(23.99993038, 55.39671391)
52023864,48,"1",3.2,4.11,2.91,20.3,NA,NA,0.9,18.4,NA,NA,"C","C22","U120",1.237,0.03,c(24.62509264, 57.06494708)
52024342,140,"1",3.7,4.24,8.36,65.5,NA,37.4,2.9,81.3,NA,NA,"C","C22","U120",0.814,0.24,c(26.53011829, 61.24469424)
52042676,89,"1",6,6.41,13.5,43.9,NA,51.3,4.3,523.7,NA,NA,"E","E20","U111",1.1245,0.01,c(21.56089019, 46.57677844)
52042834,76,"1",6.2,6.53,5.16,8.5,NA,23.3,0.9,233.5,NA,NA,"E","E10","U111",1.181,0.03,c(21.87983554, 47.97865932)
52042916,137,"1",5.1,5.91,9.41,31,NA,59.7,3.5,541.6,NA,NA,"B","B11","U111",1.118,0.06,c(22.05433698, 48.70529002)
52043252,190,"1",5.6,6.03,18.86,20.8,NA,34.5,1.8,170.4,NA,NA,"B","B32","U111",0.8475,0.03,c(22.84182147, 51.67627825)
52043360,174,"1",5.1,5.59,13.51,10.6,NA,38,1.1,51.6,NA,NA,"E","E30","U111",0.958,0.06,c(23.12272773, 52.62907731)
52043446,148,"1",3.6,4.14,9.25,34.6,NA,21.4,2.7,34.1,NA,NA,"C","C23","U120",1.125,0.06,c(23.35730603, 53.38703641)
52043736,48,"1",7.3,7.71,13.66,15.1,14,11.4,1.4,126.1,NA,NA,"B","B41","U111",1.4155,0.12,c(24.22838288, 55.93793611)
52043812,24,"1",5.3,5.84,16.62,37.8,NA,12.8,3.1,53.3,NA,NA,"E","E20","U111",1.0155,0.06,c(24.4795071, 56.6051257)
52043830,44,"1",4,4.83,6.16,31.1,NA,88.9,1.7,45.1,NA,NA,"C","C22","U120",0.8195,0.09,c(24.54051375, 56.76306054)
52044112,96,"1",4.3,5.05,2.45,7.6,NA,76.6,0.6,30.2,NA,NA,"C","C23","U120",1.282,0.05,c(25.58094038, 59.23293583)
52044278,39,"1",4.1,4.67,13.8,124.6,NA,18.6,7.1,211.3,NA,NA,"C","C31","U120",0.8025,0.35,c(26.27811601, 60.68256452)
52044374,102,"1",3.5,4.15,10.42,108.8,NA,12.7,5.6,89.4,NA,NA,"C","C21","U120",0.606,0,c(26.71471541, 61.51926704)
52044494,139,"1",3.8,4.52,4.32,35.9,NA,NA,2,30.2,NA,NA,"C","C22","U120",0.9755,0.07,c(27.29905175, 62.56326939)
52044590,136,"1",3.6,4.52,3.22,14.4,NA,10.6,0.8,32.4,NA,NA,"C","C22","U120",1.131,0.06,c(27.80051689, 63.39681832)
52044824,234,"1",4.6,5.04,1.98,16.3,NA,NA,0.7,20.4,NA,NA,"C","C22","U120",1.3775,0.07,c(29.16935784, 65.42139858)
52062776,69,"1",4.4,5.55,2.38,4,NA,11.4,0.5,24.6,NA,NA,"C","C10","U120",1.538,0.02,c(21.78642731, 47.4614662)
52063280,175,"1",4.8,5.28,8.49,10.2,NA,21.3,1,33.4,0.6,0.8,"B","B14","U111",1.3635,0.08,c(22.941926, 51.92022553)
52063672,48,"1",7,7.45,11.62,19.9,9,24.6,1.4,112.1,NA,NA,"B","B11","U111",1.371,0.14,c(24.05568908, 55.3721718)
52063942,65,"1",5.5,5.91,16.41,59.2,NA,18.8,5.5,43.2,NA,NA,"E","E30","U420",0.9595,0.02,c(24.96687784, 57.74128497)
52063954,56,"1",5.4,5.99,11.57,15.9,NA,22.9,1.8,78,NA,NA,"B","B32","U111",1.397,0.14,c(25.0106023, 57.84640568)
52064272,46,"1",4.5,5.06,11.06,43.9,NA,22.4,4,333.2,NA,NA,"B","B41","U111",1.021,0.14,c(26.28720161, 60.6261216)
52064522,158,"1",3.1,3.74,49.5,468.8,NA,38.4,17.9,121.5,NA,NA,"C","C31","U120",0.195,0.01,c(27.47990723, 62.80210739)
52064738,227,"1",4.3,4.74,3.16,31.4,NA,16.5,1.2,39.2,NA,NA,"C","C32","U120",0.905,0.09,c(28.6802962, 64.67384327)
52083664,47,"1",6.8,7.02,10.93,17.7,3,28.1,1.8,144.7,NA,NA,"B","B35","U111",1.3065,0.06,c(24.06160143, 55.2983804)
52084098,73,"1",4.2,4.41,88.2,424,6,37.9,36.2,60.7,NA,NA,"C","C33","U120",0.178,0.14,c(25.59335573, 59.10270743)
52103706,41,"2",7,7.44,15.01,39,17,27.6,3.3,156.7,NA,NA,"B","B32","U111",1.154,0.12,c(24.22569276, 55.66384774)
52104348,100,"1",3.9,4.63,5.51,57.9,NA,28.9,3,46.5,NA,NA,"C","C23","U120",0.8535,0.16,c(26.70245374, 61.2801503)
52122720,107,"1",5.1,5.71,7.06,10.7,1,12,1.2,150.2,NA,NA,"B","B16","U111",1.251,0.38,c(21.7515021, 46.95608457)
52122904,141,"1",5.6,6.32,7.3,18.8,NA,11.2,2.2,129.8,1,7.3,"B","B13","U111",1.317,0.02,c(22.13563224, 48.58723788)
52123816,45,"1",5.3,5.77,6.6,15.7,NA,51.5,1.4,76.5,NA,NA,"C","C32","U120",1.204,0.04,c(24.62084258, 56.62571327)
52124610,173,"1",4.4,5.07,2.76,19,NA,NA,1,22.7,NA,NA,"C","C32","U120",1.235,0.2,c(28.0640799, 63.55193829)
52141926,356,"1",5.7,6.25,6.85,23,NA,NA,2.7,87.5,NA,NA,"D","D10","U111",1.216,0.04,c(20.4192425, 39.8750961)
52142764,116,"1",5.3,6.02,9.73,15.3,NA,22.3,1.6,229,NA,NA,"B","B16","U111",1.515,0.11,c(21.86672984, 47.34356424)
52142848,62,"1",6.6,6.96,7.83,13,NA,12.7,1.4,208.7,NA,NA,"C","C10","U120",1.4365,0,c(22.04194587, 48.08821902)
52143958,62,"1",4.1,4.75,6.62,43,NA,12.2,3,48.9,NA,NA,"C","C10","U120",0.9355,0.06,c(25.15712527, 57.86633867)
52144060,68,"1",7,7.2,22.6,41.1,189,21.7,3,55,NA,NA,"C","C10","U120",0.4225,0.07,c(25.54505001, 58.75875502)
52163682,63,"1",4.7,5.25,32,437.5,NA,48,28.3,196.1,NA,NA,"C","C10","U120",0.234,0.11,c(24.24238218, 55.44246021)
52164298,60,"1",4.9,5.56,8.1,33.1,NA,30.9,2.9,265.7,NA,NA,"E","E20","U111",0.8175,0.01,c(26.58131947, 60.83201091)
52164502,0,"1",3.6,4.23,6.73,86,NA,28.5,3.5,138.5,NA,NA,"C","C31","U120",0.667,0.07,c(27.56546666, 62.60618426)
52164840,245,"1",4.5,5.3,1.61,17.6,NA,NA,0.7,NA,NA,NA,"C","C22","U120",1.6205,0.55,c(29.51932962, 65.52956514)
52181902,444,"1",6.4,6.64,22.8,72.1,5,32.3,4.6,506.9,NA,NA,"C","C10","U420",0.857,0.41,c(20.43056344, 39.65509885)
52184152,40,"1",4.5,5.16,10.155,38.15,NA,43.8,2.3,101.65,NA,NA,"C","C23","U120",0.856,0.22,c(25.98403347, 59.55461782)
52204108,100,"1",5.2,5.3,199.2,460.8,1,15.5,36.1,66.9,NA,NA,"D","D10","U120",0.2015,0.08,c(25.83794586, 59.1664026)
52223970,74,"1",5.4,6.13,5.01,17,NA,15.1,1.7,76.2,NA,NA,"E","E20","U111",1.269,0.08,c(25.33374085, 57.95610614)
52223990,57,"1",5.6,5.91,37.6,96.4,NA,26.3,6.9,53.3,NA,NA,"C","C31","U120",0.513,0.09,c(25.40914485, 58.13107142)
52224014,83,"1",5.5,6.03,16.62,18.6,NA,39.9,1.9,135.2,NA,NA,"B","B13","U111",1.2965,0.12,c(25.50076716, 58.34096949)
52224346,132,"1",3.9,4.63,4.28,32.8,NA,10.1,1.7,28.4,NA,NA,"C","C21","U120",1.1065,0.09,c(26.90998317, 61.23723489)
52224392,114,"1",3.5,4.3,10.01,120,NA,12,5.4,116.5,NA,NA,"C","C31","U120",0.343,0.24,c(27.12865621, 61.63733544)
52224440,118,"1",3.7,4.46,5.44,71.1,NA,14.4,3,75.5,NA,NA,"C","C22","U120",0.6615,0.05,c(27.36371518, 62.05448551)
52224494,104,"1",3.6,4.24,13.4,205,NA,20.1,7.9,243.2,NA,NA,"C","C32","U120",0.494,0.11,c(27.6369432, 62.52333726)
52224620,206,"1",4.4,4.87,2.17,21.6,NA,NA,1,16,NA,NA,"C","C22","U120",1.3245,0.06,c(28.31334474, 63.6153649)
52242552,123,"1",5.3,6.08,7.15,13.8,1,12.5,1.6,92.7,NA,NA,"B","B16","U111",1.2965,0.38,c(21.57838929, 45.44726378)
52242588,59,"1",4.8,5.4,9.56,15.7,NA,14.6,1.7,111.1,NA,NA,"E","E20","U111",1.3985,0,c(21.64692314, 45.76713948)
52242596,146,"1",5,5.88,14.85,13.9,NA,NA,1.5,208.2,NA,NA,"B","B11","U111",1.513,0.43,c(21.66229523, 45.8382051)
52243888,107,"1",5.1,5.88,6.72,20.9,NA,32.6,2,86.8,NA,NA,"E","E20","U111",1.28,0.03,c(25.06571257, 57.2345249)
52262824,105,"1",4.5,5.41,3.15,6.1,NA,54,0.7,128.3,NA,NA,"B","B16","U111",1.4555,0.04,c(22.14980927, 47.85795117)
52262878,63,"1",7.1,7.35,19.41,36.2,7,28.7,3.4,392.9,NA,NA,"C","C10","U120",1.3295,0.07,c(22.26615573, 48.33623394)
52263450,182,"1",5.5,5.95,22.3,14.2,1,41.6,1.5,89.9,NA,NA,"B","B16","U111",1.173,0.11,c(23.69424137, 53.38555279)
52263646,78,"1",4.8,5.44,6.09,12.5,NA,19.7,1.2,107.8,0.8,1.5,"B","B11","U111",1.3525,0.06,c(24.28278597, 55.10861441)
52263754,48,"1",7.1,7.39,16.39,51.4,25,10.7,4.3,67.2,1.1,1.6,"B","B11","U111",1.1925,0.12,c(24.63360412, 56.05643627)
52264048,0,"1",6.5,6.92,10.46,21.7,1,39.2,2.1,299,1.8,2.2,"B","B11","U111",1.193,0.08,c(25.69994852, 58.63035351)
52264066,74,"1",6,6.44,21.5,144.3,NA,39.8,8.2,131.1,0.9,1.5,"B","B11","U111",0.828,0.09,c(25.77114575, 58.78762189)
52264296,60,"1",3,3.64,9.11,61.9,NA,28.6,2,70.1,NA,NA,"C","C23","U120",1.1075,0.37,c(26.7506042, 60.79354811)
52264354,100,"1",3.6,4.26,5.19,39.8,NA,39.7,1.6,39,NA,NA,"C","C32","U120",0.8445,0.22,c(27.01990046, 61.2982488)
52264408,143,"1",3.4,4.21,7.74,63.3,NA,10.1,3.2,74.9,NA,NA,"C","C21","U120",0.679,0.12,c(27.27954547, 61.76768966)
52283872,130,"1",5.1,5.28,114.4,270.5,NA,42.5,21.3,230.7,NA,NA,"C","C33","U120",0.3485,0.61,c(25.07315114, 57.08688558)
52283958,61,"1",5.4,6.22,3.48,11.1,NA,21.2,1.1,46.1,NA,NA,"B","B53","U111",1.396,0.07,c(25.38767396, 57.83959533)
52284330,134,"2",3,4.04,10.01,93.8,NA,34.7,4,129.1,NA,NA,"C","C23","U120",0.549,0.3,c(26.94323179, 61.0851891)
52303048,362,"1",4.9,5.52,12.21,11.6,NA,20.8,1.3,186,NA,NA,"B","B12","U111",1.087,0.03,c(22.70633273, 49.83393051)
52303540,116,"1",4.3,4.84,3.47,10.5,NA,26.4,0.6,13.4,NA,NA,"C","C22","U120",1.285,0.02,c(24.01743, 54.17029979)
52303734,62,"1",7.2,7.69,16.19,16.9,17,NA,1.4,52.9,1.5,1.8,"E","E30","U112",1.637,0.06,c(24.62980747, 55.87374543)
52304028,77,"1",6.9,7.1,17.67,37.9,17,32.7,3.3,198.6,NA,NA,"C","C31","U120",1.0655,0.14,c(25.68857869, 58.44771887)
52304118,119,"1",6,6.31,9.17,37.4,NA,24,3.1,50.6,NA,NA,"C","C10","U120",1.04,0.05,c(26.04933773, 59.23368418)
52304286,48,"1",3.4,4.09,12.23,78.5,NA,82.4,3.5,119.1,NA,NA,"C","C21","U120",0.851,0.34,c(26.77623452, 60.69802994)
52304412,118,"1",3.4,4.14,9.43,188.2,NA,14.1,6.8,154.7,NA,NA,"C","C31","U120",0.447,0.09,c(27.3725006, 61.79366214)
52304502,103,"1",4.2,4.79,26.5,137.2,NA,28.3,8.4,150.9,1.9,3,"C","C31","U120",0.4335,0.15,c(27.82845824, 62.57472055)
52304592,174,"2",4,4.5,3.44,41.2,NA,NA,2.3,20.5,NA,NA,"C","C21","U120",1.201,0.09,c(28.31193418, 63.35437105)
52322682,118,"1",5.3,5.89,6.72,11.2,1,NA,1.2,75,NA,NA,"B","B16","U111",1.366,0.42,c(21.93414747, 46.59025907)
52323652,87,"1",3.8,4.5,5.4,20.9,NA,44.7,1.6,42.1,NA,NA,"C","C32","U120",1.13,0.03,c(24.39419441, 55.1506266)
52323696,72,"1",7.2,7.39,9.64,17.4,6,41.2,1.6,204.5,NA,NA,"B","B11","U111",1.2635,0.07,c(24.53599985, 55.53677379)
52323858,104,"2",6.4,7.13,9.7,12.4,1,47.1,1.2,66.7,1.4,2.3,"B","B55","U111",1.2965,0.1,c(25.08772725, 56.95676409)
52324000,96,"1",5.7,6.22,13.63,18,NA,42.6,1.8,200.1,NA,NA,"B","B11","U111",1.333,0.07,c(25.61331722, 58.19909161)
52324108,118,"1",7.2,7.38,15.13,17.4,14,15.1,1.8,99,NA,NA,"B","B11","U111",1.6295,0.04,c(26.04236773, 59.14237923)
52342544,193,"2",4.9,5.36,7.53,18.7,NA,16.7,1.6,110.7,NA,NA,"E","E10","U420",1.297,0.07,c(21.68956038, 45.36215023)
52342720,229,"1",4.8,5.87,7.33,16.8,NA,10.4,1.7,217.3,NA,NA,"E","E30","U111",1.106,0.21,c(22.03725729, 46.92441087)
52342860,41,"2",6.7,7.25,14.29,30.7,1,23.4,3.1,320.4,NA,NA,"C","C10","U120",1.1955,0.19,c(22.33337412, 48.16490582)
52344016,66,"1",7,7.42,16.11,25,15,47,2.2,150.2,NA,NA,"B","B32","U111",1.365,0.25,c(25.70854372, 58.33499596)
52344084,85,"1",6.6,6.99,14.56,50.6,5,18.3,4.2,60.1,NA,NA,"B","B51","U111",1.139,0.06,c(25.97855179, 58.92887721)
52362556,219,"1",6.7,7.27,15.92,21.4,3,115.3,2.2,475.1,NA,NA,"E","E20","U111",1.3185,0.07,c(21.73774192, 45.46594161)
52363000,573,"1",4.5,5.02,8.36,9.3,NA,NA,1.1,68.5,NA,NA,"E","E20","U111",1.1655,0.01,c(22.67571691, 49.40040437)
52363614,84,"1",4,4.6,6.82,36.8,NA,19.4,2.6,61,NA,NA,"C","C31","U120",0.836,0.04,c(24.33544638, 54.80989091)
52363758,59,"1",6.8,7.4,14.94,32.1,34,12.9,2.9,92.8,NA,NA,"E","E20","U111",1.27,0.09,c(24.80448189, 56.07320475)
52363912,85,"2",4.2,4.89,4.12,21.1,NA,29.1,1.5,43.5,NA,NA,"D","D20","U120",1.2015,0.06,c(25.34782905, 57.42181608)
52363948,71,"1",4.1,4.61,8.43,53.8,NA,20.8,3.8,59.8,NA,NA,"C","C31","U120",0.754,0.07,c(25.48162753, 57.73669554)
52364022,66,"1",6.6,6.83,9.73,27.6,1,19.8,2.7,138.1,NA,NA,"E","E20","U111",1.3685,0.15,c(25.76531549, 58.38347427)
52364058,66,"1",5.9,6.48,12.25,16,1,28.8,1.7,168.4,1.4,2.3,"B","B11","U111",1.5025,0.07,c(25.90770849, 58.69788651)
52364076,88,"1",6.8,7.07,22.1,59.2,8,23.9,4.4,52.5,NA,NA,"C","C10","U120",1.095,0.11,c(25.98001913, 58.85503296)
52381876,397,"1",5.5,5.82,15,65.4,NA,32.3,4,348.9,NA,NA,"C","C10","U420",0.822,0.36,c(20.62249181, 39.39711953)
52382854,70,"1",5.6,6.11,11.07,18.2,NA,36.5,2.2,174.7,NA,NA,"B","B16","U111",1.1525,0.06,c(22.37339018, 48.10578425)
52383540,89,"1",4.5,5.26,5.46,18,NA,50.2,2,53.4,NA,NA,"E","E20","U111",1.1575,0.06,c(24.1378577, 54.15637776)
52383602,138,"1",5.1,5.69,5.11,14.3,NA,26,1.5,70.7,NA,NA,"E","E20","U111",1.265,0.04,c(24.32841106, 54.70097467)
52383854,110,"1",4.4,5.02,6,24,NA,NA,1.6,40.1,NA,NA,"C","C33","U120",0.882,0.03,c(25.16994548, 56.91042378)
52384270,53,"1",4,4.62,9.24,62.3,NA,25.5,3.5,162.9,NA,NA,"C","C31","U120",0.7595,0.14,c(26.84532141, 60.54180693)
52402654,223,"1",4.9,5.28,30.1,19,NA,11.8,1.9,96,NA,NA,"E","E20","U111",1.209,0.31,c(21.98085092, 46.33027318)
52402838,68,"1",6.2,6.67,8.44,14.5,NA,19.6,1.6,136,0.6,2.6,"B","B16","U111",1.2815,0.05,c(22.36503452, 47.96112231)
52402856,71,"1",5.2,5.53,13.27,73.4,NA,18.2,7.3,391,NA,NA,"D","D10","U420",1.6355,0.23,c(22.40430747, 48.12048116)
52403578,131,"1",6.6,6.99,10.42,24.1,4,13.8,2.5,75.2,NA,NA,"E","E20","U111",1.1935,0.04,c(24.28425442, 54.48667742)
52403722,73,"1",5.6,5.98,11.09,48.1,NA,20.2,3,54.2,NA,NA,"C","C33","U120",0.9935,0.07,c(24.74634073, 55.75026551)
52404058,0,"1",5.4,6.11,8.92,16.8,NA,42.1,1.6,162.4,NA,NA,"B","B21","U111",1.7325,0.11,c(25.97497805, 58.68989137)
52404350,95,"1",4,4.61,4.43,38,NA,NA,1.8,45.7,NA,NA,"C","C22","U120",1.216,0.3,c(27.25366027, 61.23314341)
52404364,87,"1",3.7,4.24,7.5,67.2,NA,12.5,3.7,41.5,NA,NA,"C","C21","U120",0.604,0.13,c(27.32085138, 61.35477152)
52404626,137,"1",3.7,4.37,2.19,7.7,NA,12.3,0.4,15.5,NA,NA,"C","C23","U120",1.2545,0.12,c(28.69603296, 63.62482037)
52404680,169,"1",3.4,4.16,10.96,346.5,NA,44,10.4,193.5,NA,NA,"C","C32","U120",0.4945,0.05,c(29.01028644, 64.09108109)
52423612,96,"2",6.4,6.94,9.25,19,NA,38.9,2,263.3,NA,NA,"E","E10","U111",1.2185,0.05,c(24.42078592, 54.78164794)
52423744,75,"1",6.4,6.92,8.21,18.2,1,70.3,1.7,168.9,NA,NA,"E","E20","U111",1.309,0.21,c(24.85144827, 55.93943614)
52423748,72,"1",6.5,6.9,6.83,11,1,17.4,1.1,187.3,NA,NA,"B","B14","U111",1.497,0.12,c(24.8649732, 55.97449207)
52423856,116,"1",5.7,6.17,10.69,66.7,NA,NA,4.4,64.2,NA,NA,"C","C31","U120",0.795,0.14,c(25.24137668, 56.92034691)
52424612,265,"1",4,4.58,1.86,18.7,NA,NA,0.6,NA,NA,NA,"C","C32","U120",1.3175,0.1,c(28.65499448, 63.49909531)
52424702,208,"1",4.4,4.91,2.5,18.6,NA,15.7,0.8,12.9,NA,NA,"C","C32","U120",1.237,0.08,c(29.1812039, 64.2759714)
52442662,142,"1",5.2,5.98,3.42,11.1,1,29.6,1.3,121.1,NA,NA,"E","E20","U111",1.4325,0.28,c(22.04834861, 46.39543884)
52443184,226,"1",5,5.62,14.13,8.1,NA,52.7,1,71.2,NA,NA,"B","B32","U111",1.09,0.02,c(23.23516903, 51.01237143)
52443288,173,"1",4.5,4.83,12.68,12.5,NA,43.3,1,105.7,0.6,1.7,"B","B11","U111",1.3215,0.02,c(23.50764579, 51.92905038)
52444130,95,"1",7.3,7.77,17.06,18.8,91,24,1.9,131.8,1.1,1.9,"B","B55","U111",1.408,0.04,c(26.33832027, 59.30987611)
52444310,78,"1",3.7,4.46,5.51,36.5,NA,NA,1.7,58.5,NA,NA,"C","C23","U120",0.9155,0.03,c(27.13626635, 60.87683214)
52463548,142,"1",5.1,5.69,4.97,11.1,NA,25.3,1,92.2,NA,NA,"C","C32","U120",1.1075,0.11,c(24.28265268, 54.21260346)
52463552,127,"1",4.6,5.28,5.07,9.3,NA,NA,1.1,64.3,0.8,1.5,"B","B41","U111",1.296,0.02,c(24.29491097, 54.24773355)
52463652,83,"1",4.4,5.33,2.44,7.1,NA,77.5,0.6,31.5,NA,NA,"B","B13","U111",1.437,0.06,c(24.60970576, 55.12545434)
52463692,84,"1",7.4,7.65,57.6,54.3,90,NA,3.2,34.9,NA,NA,"E","E20","U111",0.766,0.13,c(24.74027641, 55.47625256)
52463940,48,"1",3.8,4.33,6.71,35.3,NA,12.7,2.8,35,NA,NA,"C","C31","U120",0.9785,0.04,c(25.61535801, 57.6473236)
52464474,94,"1",3.1,3.67,31.4,512.8,NA,23.5,22.9,100.6,NA,NA,"C","C31","U120",0.2255,0.15,c(27.98152944, 62.29567864)
52483152,241,"1",7.3,7.53,41.3,120.6,550,10,10.7,36.2,NA,NA,"E","E30","U111",0.944,0.12,c(23.20988282, 50.72365559)
52483546,128,"2",4.2,4.62,2.92,8,NA,14.9,0.4,14.4,NA,NA,"C","C32","U120",1.275,0.05,c(24.30664561, 54.19150456)
52484574,123,"1",4.4,5.16,3.07,20.6,NA,16.1,1.1,39.5,NA,NA,"C","C31","U120",1.047,0.19,c(28.55673018, 63.1564699)
52484730,204,"1",3.9,4.71,2.29,19,NA,NA,0.5,13.7,NA,NA,"C","C32","U120",1.373,0.16,c(29.47106691, 64.50243719)
52502542,256,"1",5.9,6.24,8.22,24.5,NA,NA,2.4,82.6,NA,NA,"B","B75","U415",1.2765,0.02,c(21.88758921, 45.32165453)
52503674,77,"1",6.5,6.77,10.67,15.6,NA,35.4,1.7,170.9,NA,NA,"B","B11","U111",1.3165,0.06,c(24.74298904, 55.3111146)
52503692,91,"1",6.5,6.92,6.92,13.8,1,NA,1.2,73.2,NA,NA,"E","E10","U111",1.3705,0.04,c(24.80231596, 55.46892005)
52503710,87,"1",6.4,6.92,6.75,10.1,NA,12.9,1.1,73.1,0.8,2,"B","B11","U111",1.5295,0.02,c(24.86220793, 55.62669098)
52503854,127,"1",5.8,6.3,6.77,27,NA,10.8,2.3,42.7,NA,NA,"E","E20","U111",1.2015,0.05,c(25.36264831, 56.88758628)
52504086,83,"2",7,7.25,15.08,18.8,3,16.5,1.9,77.6,2.5,6.1,"B","B32","U111",1.466,0.12,c(26.25736066, 58.91397021)
52521960,1185,"1",6.4,6.86,7.32,16.9,1,NA,1.2,95.6,NA,NA,"C","C22","U120",1.251,0.13,c(20.90962741, 40.1313298)
52523166,265,"1",7.4,8,20.2,9.4,43,16.1,1,140.3,NA,NA,"B","B11","U111",0.9775,0.07,c(23.3013954, 50.84064195)
52523170,245,"1",6.8,7.3,21.8,8.7,1,16.6,1.2,102.7,0.7,1.4,"B","B11","U111",0.976,0.04,c(23.31162266, 50.87591381)
52523220,244,"1",5.5,6.14,5.83,7.5,NA,30,0.8,54.6,NA,NA,"B","B15","U111",1.006,0.06,c(23.44110673, 51.31667975)
52523980,79,"1",6.7,6.96,15.95,23.8,1,11.5,2.4,98.9,NA,NA,"B","B32","U111",1.2515,0.25,c(25.86703519, 57.98496853)
52524066,79,"1",6.2,6.78,8.91,18.1,NA,44.9,1.9,129.4,NA,NA,"B","B32","U111",1.339,0.12,c(26.20915618, 58.73548364)
52524106,118,"1",6.7,6.8,27.1,15.6,2,40.7,1.6,314.8,NA,NA,"B","B16","U111",1.393,0.08,c(26.37413199, 59.08423831)
52524588,215,"1",4,5.19,1.76,7.2,NA,NA,0.5,NA,NA,NA,"C","C31","U120",1.7345,0.09,c(28.71147486, 63.26796771)
52543740,90,"1",7.1,7.7,16.46,22.5,31,NA,1.8,96.3,0.7,0.9,"B","B32","U111",1.495,0.05,c(25.02594803, 55.88211258)
52544080,88,"1",6.1,6.32,67.3,381.1,3,29.4,24,281.8,NA,NA,"C","C10","U120",1.0305,0.21,c(26.30021489, 58.85348703)
52544508,128,"2",3.9,4.63,9.55,152.7,NA,20.3,5.9,63.1,NA,NA,"C","C31","U120",0.359,0.23,c(28.31015081, 62.57164214)
52544670,233,"1",4.5,4.86,2.68,10.3,NA,12,0.5,14.6,NA,NA,"D","D10","U120",1.3095,0.16,c(29.22525306, 63.97071383)
52561940,1332,"1",5.7,6.12,8.09,45.1,2,NA,2.1,153.3,NA,NA,"C","C22","U120",1.1175,0.26,c(20.92531755, 39.94718008)
52562578,136,"1",6.7,7.22,30.04,21,NA,78,2.4,1253.8,NA,NA,"E","E20","U111",1.208,0.09,c(22.03376048, 45.63263896)
52581926,1093,"1",6,6.6,5.16,10.6,2,14.8,0.9,125.6,NA,NA,"C","C22","U120",1.169,0.21,c(20.92706234, 39.81929174)
52581944,1318,"1",6.8,7.01,20.5,31.2,32,NA,2,171.4,NA,NA,"C","C32","U120",1.2795,0.35,c(20.95455224, 39.98037273)
52583718,107,"1",5.5,6.24,4.24,8,NA,50.4,0.8,114.2,2.2,2.5,"B","B14","U111",1.4135,0.1,c(25.01369858, 55.68194751)
52583844,109,"1",3.8,4.44,5.96,34.6,NA,12.7,2.2,51.6,NA,NA,"C","C31","U120",0.8175,0.04,c(25.45469387, 56.78475684)
52584068,91,"1",6.1,6.36,12.1,41.1,1,40.3,2.9,66.1,NA,NA,"C","C31","U120",1.0155,0.04,c(26.31826827, 58.74068909)
52584140,67,"1",7,7.57,16.89,26.1,7,NA,2.2,120.9,NA,NA,"A","A30","U319",1.261,0.09,c(26.62006499, 59.36802486)
52584292,54,"1",3.5,4.04,11,184.2,NA,50.1,8.4,110.7,NA,NA,"C","C23","U120",0.301,0.12,c(27.30100113, 60.69000693)
52584544,134,"1",4.1,4.86,2.45,15,NA,16.3,0.6,22.8,NA,NA,"C","C22","U120",0.93,0.09,c(28.58071949, 62.87357638)
52601900,575,"1",4.3,4.85,8.21,33.6,NA,21.6,2.6,204.8,NA,NA,"C","C10","U420",0.385,0.19,c(20.91067236, 39.58395931)
52601984,1470,"1",4.9,5.46,10.49,27.8,NA,17.9,1.6,108.1,NA,NA,"C","C21","U120",1.1,0.11,c(21.0395725, 40.33556297)
52602002,897,"1",6.3,6.47,6.98,16.1,1,26.4,1.8,252.4,1.1,4,"B","B51","U111",1.1765,0.1,c(21.06774087, 40.4965073)
52603780,81,"1",6.4,6.52,36.6,65.4,NA,11.7,5.8,74.9,NA,NA,"C","C10","U120",0.723,0.23,c(25.25853453, 56.22103111)
52624148,64,"1",5.2,6.07,3.56,10.4,1,82.8,1.1,95.3,NA,NA,"B","B53","U111",1.364,0.04,c(26.72291147, 59.42929862)
52624278,10,"1",3.6,4.07,23.5,161.5,NA,56.5,9.5,151.4,NA,NA,"C","C31","U120",0.552,0.04,c(27.30632273, 60.55967793)
52624310,97,"1",3.4,4.13,13.71,163.3,NA,37.1,6.5,152.6,NA,NA,"C","C21","U120",0.374,0.23,c(27.45708896, 60.83753467)
52624328,77,"1",5.4,5.77,27.7,138.5,NA,76.5,7.8,105.7,NA,NA,"B","B15","U111",0.931,0.09,c(27.54320398, 60.99375798)
52624660,186,"1",3.7,4.35,3.67,62.3,NA,NA,2.1,27.7,NA,NA,"C","C33","U120",1.0935,0.14,c(29.32173913, 63.86489418)
52624688,168,"1",4,4.86,2.67,17.8,NA,NA,1.1,13.2,NA,NA,"C","C33","U120",1.526,0.08,c(29.49029244, 64.10602764)
52643142,317,"1",5.5,6.39,3.85,5,NA,20.6,0.6,108.3,0.5,1.1,"B","B37","U111",1.41,0.03,c(23.40765177, 50.60942596)
52643850,157,"1",5.3,5.76,15.55,22.7,NA,NA,2.2,84.3,NA,NA,"C","C10","U120",1.122,0.05,c(25.57256607, 56.82561975)
52643988,80,"1",6.3,6.45,97.9,296.6,2,18,20.9,141.9,NA,NA,"C","C23","U120",0.2925,0.18,c(26.09637402, 58.03080992)
52661964,1150,"2",5.9,6.29,7.13,39,1,14.1,2.4,200.7,NA,NA,"C","C22","U120",1.231,0.32,c(21.07804138, 40.14881067)
52663138,311,"2",6.6,6.99,13.56,8.4,2,38.4,1.1,226,NA,NA,"B","B32","U111",1.4985,0.02,c(23.42527505, 50.57088067)
52663594,170,"1",5.2,5.9,4.58,18.4,NA,45.4,1.8,36.1,NA,NA,"E","E20","U111",1.1225,0.03,c(24.7289783, 54.58042154)
52663792,75,"1",3,3.91,17.26,497.7,NA,39.1,15.3,320.6,NA,NA,"C","C22","U120",0.088,0.07,c(25.39562604, 56.31458605)
52663864,178,"1",5.7,6.41,5.43,21.9,NA,NA,2.1,60.4,NA,NA,"E","E20","U111",1.036,0.12,c(25.65602718, 56.94409128)
52664002,56,"1",6.1,6.5,10.68,15.4,1,54.8,1.6,121.4,NA,NA,"B","B11","U111",1.39,0.12,c(26.18492155, 58.14889799)
52664628,175,"3",3.8,4.35,3.71,28.2,NA,12.3,1.8,19.3,NA,NA,"C","C31","U120",1.131,0.07,c(29.21019249, 63.57934048)
52683688,117,"3",6.5,6.8,16.06,12.8,NA,21.6,1.5,114.1,0.8,2,"B","B11","U111",1.3795,0.37,c(25.06776773, 55.40051779)
52684014,61,"1",6.8,7.17,13.91,14.6,1,52.4,1.5,150.9,0.9,1.7,"B","B11","U111",1.259,0.03,c(26.26607343, 58.24948364)
52684072,117,"2",5.4,6.07,7.11,17.3,NA,25.3,1.7,94.6,NA,NA,"B","B11","U111",1.328,0.07,c(26.50297101, 58.75497578)
52701914,1307,"2",7,7.23,24,124.3,14,17.8,12.8,674.7,NA,NA,"C","C22","U420",0.759,0.38,c(21.04698033, 39.69623516)
52701978,1121,"4",5.4,6.24,2.58,9.6,NA,NA,1.1,42.4,NA,NA,"E","E10","U420",1.4325,0.17,c(21.14633512, 40.26871779)
52703664,157,"1",3.4,3.93,22.3,175.2,NA,55.1,9.3,203.8,NA,NA,"C","C31","U120",0.6945,0.04,c(25.01836416, 55.18657221)
52721908,1255,"1",7.5,8.29,11.21,8.7,128,NA,0.8,265.1,NA,NA,"D","D10","U420",0.993,0.23,c(21.06078941, 39.63991425)
52721944,1392,"1",6.2,6.56,5.68,23.3,NA,NA,1.9,105.8,NA,NA,"C","C22","U120",1.406,0.19,c(21.11635906, 39.96201072)
52743154,236,"1",7.1,7.79,16.09,15.5,30,NA,1.6,145.9,NA,NA,"B","B11","U111",1.394,0.03,c(23.57795998, 50.69869291)
52743836,106,"1",5.2,5.8,4.61,20.3,NA,NA,1.9,42.1,NA,NA,"E","E20","U111",0.8585,0.07,c(25.68120649, 56.68379607)
52744114,82,"1",4,4.58,10.79,82.7,NA,26.4,3.8,83.7,NA,NA,"D","D20","U120",0.841,0.1,c(26.78137065, 59.10814292)
52744126,68,"1",5.7,5.81,78.6,220.5,NA,54.7,15.4,129.1,NA,NA,"C","C10","U120",0.6245,0.03,c(26.83289321, 59.21255941)
52744378,90,"1",4,4.71,4.1,36.9,NA,14,1.5,37.4,NA,NA,"C","C22","U120",0.913,0.14,c(28.00458621, 61.40028917)
52763646,121,"1",5.6,6.19,5.65,13,NA,16.2,1.3,183.7,NA,NA,"E","E30","U112",1.3495,0.02,c(25.05075186, 55.0177238)
52763704,147,"1",7.1,7.48,8.01,18,5,17.5,1.8,91.2,NA,NA,"E","E30","U112",1.4635,0.05,c(25.24592195, 55.52555984)
52763758,98,"1",6.6,6.81,10.72,38.4,4,NA,3.3,149.6,NA,NA,"E","E10","U420",0.708,0.16,c(25.43306877, 55.99802961)
52763848,170,"4",4.4,5.41,5.09,14.4,NA,10.5,1.5,109.4,NA,NA,"E","E10","U120",1.0185,0.04,c(25.75724585, 56.78472351)
52764050,59,"1",7.3,7.9,15.95,16.7,9,18.7,1.7,90.8,NA,NA,"B","B35","U111",1.484,0.08,c(26.54599415, 58.54677591)
52764590,139,"1",4,4.69,1.77,5.5,NA,NA,0.4,NA,NA,NA,"C","C32","U120",1.633,0.17,c(29.18136038, 63.22741106)
52782560,247,"1",4.8,5.33,6.53,29.2,NA,NA,2.7,81,NA,NA,"E","E10","U111",1.099,0.26,c(22.27633684, 45.44067122)
52784000,97,"1",4,4.7,3.15,13,NA,33,0.7,20.9,NA,NA,"C","C23","U120",1.274,0.08,c(26.3754215, 58.10702157)
52803754,113,"1",6.6,6.95,8.84,18,NA,12.4,1.6,104.2,NA,NA,"C","C10","U120",1.327,0.21,c(25.48170326, 55.95536494)
52803826,92,"1",4.2,4.85,4.37,20.2,NA,12.7,1.6,26.9,NA,NA,"C","C10","U120",0.9845,0.03,c(25.74018614, 56.58468749)
52804022,71,"1",6,6.47,16.25,12,NA,24.2,1.3,194.4,NA,NA,"B","B11","U111",1.3535,0.14,c(26.49768623, 58.29460398)
52804044,52,"2",5.6,5.84,100.6,398.5,NA,35,23.7,375.8,NA,NA,"C","C31","U120",0.414,0.26,c(26.58802058, 58.48622177)
52823760,129,"1",3.6,4.37,6.48,30.1,NA,24,1.8,68,NA,NA,"C","C33","U120",0.791,0.03,c(25.53423654, 56.00397532)
52843662,157,"1",5.4,6.12,5.07,11.6,NA,NA,1.1,95.7,NA,NA,"C","C10","U120",1.1275,0.04,c(25.22697874, 55.14281836)
52843744,111,"1",6.7,6.79,21.2,44.5,3,10.7,3.8,71,NA,NA,"E","E20","U111",0.949,0.09,c(25.50911239, 55.86022127)
52843852,205,"1",4.1,4.73,5.62,29,NA,13.5,2.3,48.5,NA,NA,"C","C31","U120",0.959,0.06,c(25.89999877, 56.80388388)
52844016,95,"1",7.2,7.61,16.59,21.3,45,NA,1.7,105.8,NA,NA,"D","D10","U111",1.235,0.26,c(26.53956639, 58.23407207)
52861882,1419,"1",6.9,7.12,23.5,67.1,9,24.4,6.6,474.6,NA,NA,"E","E20","U111",0.8555,0.37,c(21.1815222, 39.3887418)
52861980,841,"1",7.6,8.46,11.09,5.9,324,NA,0.6,105.2,NA,NA,"B","B12","U111",1.2575,0.07,c(21.33521555, 40.2652064)
52862002,1070,"1",6.7,6.89,16.22,48.4,1,NA,4.9,298,NA,NA,"E","E10","U111",0.897,0.28,c(21.37052127, 40.46179716)
52863566,170,"1",5.4,6.16,3.19,9.7,NA,17.1,1,55.8,NA,NA,"B","B14","U111",1.268,0.11,c(24.94176718, 54.29827159)
52863598,155,"1",6.6,7.04,5.9,13.7,1,30.8,1.3,127.8,NA,NA,"B","B13","U111",1.3475,0.21,c(25.04535088, 54.57864282)
52863656,141,"1",5.9,6.66,5.31,9.9,NA,54.5,0.9,62.4,NA,NA,"C","C22","U120",1.227,0.08,c(25.23750033, 55.0865231)
52863764,112,"1",4.9,5.8,4.81,8.7,NA,30.4,0.9,80.2,NA,NA,"B","B35","U111",1.383,0.09,c(25.61118733, 56.03120304)
52863814,85,"1",5.7,6.21,9.76,19.8,NA,71.4,2,172,NA,NA,"B","B13","U111",1.0695,0.05,c(25.79158484, 56.46808881)
52864294,18,"1",5.6,6.1,15.87,21.5,NA,37.8,1.9,161.5,NA,NA,"B","B32","U111",1.308,0.03,c(27.80631028, 60.64538115)
52881960,774,"1",7.5,8.17,12.91,13.4,183,NA,1.3,179.7,NA,NA,"B","B12","U111",1.4915,0.19,c(21.3265251, 40.08374481)
52882004,1164,"2",5.7,6.36,3.9,11.2,NA,NA,1.2,69.9,NA,NA,"E","E10","U111",1.1895,0.17,c(21.39703083, 40.47695664)
52882044,665,"1",5.2,5.88,7.23,20,NA,54.1,1.8,542.1,NA,NA,"A","A30","U210",1.0505,0.28,c(21.46217678, 40.83421239)
52882778,249,"1",4.9,5.82,5.73,27.9,NA,17.4,2.6,182.1,NA,NA,"E","E20","U111",1.27,0,c(22.86444107, 47.35670411)
52883962,104,"1",6.4,6.76,12.87,18.9,NA,NA,1.8,80.5,NA,NA,"A","A30","U319",1.232,0.15,c(26.38799403, 57.75536837)
52884030,69,"4",5.6,6.15,6.02,16.7,NA,22.3,1.6,214.7,NA,NA,"E","E20","U111",1.6345,0.13,c(26.66343605, 58.34767215)
52884048,70,"1",5.5,6.1,6.33,16.5,NA,17,1.6,98.8,NA,NA,"B","B11","U111",1.468,0.13,c(26.73814037, 58.50435299)
52901944,891,"1",7.2,7.86,10.8,9.7,102,14.4,0.8,186.2,NA,NA,"C","C10","U120",1.351,0.22,c(21.3242767, 39.93800969)
52901970,918,"1",6.2,6.42,9.04,18,2,17,1.6,204.9,NA,NA,"C","C10","U120",1.1995,0.23,c(21.36562048, 40.17043257)
52902006,1201,"1",4.5,5.01,7.92,19.9,NA,NA,1.5,148.8,NA,NA,"C","C10","U120",0.944,0.17,c(21.42355383, 40.49210835)
52903740,146,"1",6.2,6.48,52.7,106.8,NA,33.6,8.8,156.7,NA,NA,"C","C31","U120",0.5025,0.06,c(25.58873641, 55.81366455)
52903794,117,"1",5.2,5.82,13.59,17.9,NA,NA,1.8,35,0.8,1.5,"B","B15","U111",1.2425,0.07,c(25.78199787, 56.28553608)
52921964,780,"1",7.5,8.23,14.27,15.6,399,NA,1.1,166.7,NA,NA,"F","F40","U111",1.198,0.14,c(21.37919864, 40.11410134)
52923738,141,"1",6.6,6.92,6.41,16.3,NA,NA,1.8,67.8,NA,NA,"E","E20","U111",1.2625,0.13,c(25.61288429, 55.79230802)
52923836,94,"1",3.6,4.23,6.51,41.7,NA,10.4,2.3,52,NA,NA,"C","C31","U120",0.7535,0.07,c(25.96808202, 56.64833084)
52942010,1453,"1",5.1,5.9,7.41,28.6,NA,NA,2.1,374.1,NA,NA,"E","E10","U420",0.9875,0.19,c(21.47664014, 40.52238842)
52943776,122,"1",5.6,5.95,7.35,20.6,NA,10.5,1.9,95.5,NA,NA,"C","C10","U120",1.03,0.09,c(25.77984823, 56.12045541)
52943978,87,"2",5.3,5.86,10.88,14.6,NA,51.2,1.6,83.5,NA,NA,"F","F40","U111",1.456,0.06,c(26.55040689, 57.88241719)
52944068,77,"1",3.8,4.26,21.6,102.6,NA,52,6.1,139,NA,NA,"C","C33","U120",0.9655,0.08,c(26.92260865, 58.66570796)
52944140,65,"1",5.4,5.98,8.61,22.9,NA,19.2,2.1,130.2,1.6,3.4,"E","E30","U112",1.291,0.13,c(27.23450179, 59.29150886)
52963666,168,"1",6.2,6.45,12.46,29.6,NA,17.7,2.7,85.7,NA,NA,"C","C10","U120",1.01,0.09,c(25.42491712, 55.15503075)
52963774,122,"1",5.5,6.06,4.72,13.8,NA,31.6,1.6,84.8,NA,NA,"E","E20","U111",1.2945,0.04,c(25.80405722, 56.09906054)
52963982,136,"1",4.3,4.84,9.69,44.6,NA,20.5,3.1,30.5,NA,NA,"C","C33","U120",0.929,0.04,c(26.59941494, 57.91310905)
52982574,418,"1",4.4,4.72,39.4,32.5,1,9,3.6,17.5,NA,NA,"E","E20","U111",1.159,0.07,c(22.55744594, 45.53489947)
53001792,147,"1",6.3,6.74,6.95,16.6,NA,27.1,1.8,198.6,NA,NA,"E","E30","U112",1.566,0.11,c(21.20377847, 38.56428963)
53002008,717,"1",4.3,5.21,2.88,7.7,NA,20.9,0.9,46.4,NA,NA,"E","E30","U112",1.517,0.12,c(21.54324954, 40.4963085)
53002044,768,"2",7.5,8.03,29.2,4.5,7,NA,0.5,182.7,NA,NA,"E","E30","U112",1.551,0.13,c(21.60261574, 40.81773254)
53003570,160,"1",4.2,4.86,5.19,24.5,NA,13.8,1.8,51.6,NA,NA,"C","C31","U120",0.9585,0.04,c(25.16564049, 54.30726427)
53003714,157,"1",5.8,5.96,74.2,416.4,NA,25.9,27.9,121.3,NA,NA,"C","C10","U120",0.321,0.02,c(25.65281145, 55.56701884)
53004024,76,"1",6.6,7.04,14.35,15,1,36.8,1.5,275.8,1,1.6,"B","B13","U111",1.2815,0.13,c(26.83776811, 58.2703047)
53021976,545,"1",7.3,7.93,11.57,14.4,18,20.7,1.4,218.9,NA,NA,"B","B13","U111",1.375,0.26,c(21.51435412, 40.20772623)
53023672,152,"3",6.1,6.29,65.4,352,NA,48.7,27.7,240.4,NA,NA,"C","C10","U120",0.691,0.12,c(25.53768861, 55.19599461)
53023788,137,"1",4.2,4.76,5.24,24.4,NA,16.3,1.9,49.4,NA,NA,"C","C31","U120",0.8465,0.05,c(25.94932679, 56.20947134)
53023896,178,"1",3.5,4.03,4.58,33.5,NA,NA,1.5,28,NA,NA,"C","C23","U120",0.939,0.04,c(26.35624811, 57.15154757)
53041908,1082,"1",6.8,7.03,24.2,34.3,122,NA,3.7,351.9,NA,NA,"C","C21","U120",0.68,0.29,c(21.42855231, 39.59718828)
53041944,779,"1",5.6,5.93,7.56,36.7,NA,12.9,2.4,176.9,NA,NA,"C","C10","U120",0.9825,0.19,c(21.48589597, 39.91903703)
53042028,656,"1",7.8,8.45,14.43,8.7,91,NA,1,163.8,NA,NA,"B","B21","U111",1.5415,0.15,c(21.62282456, 40.66937444)
53042044,954,"1",7.5,8.06,13.3,24.1,642,NA,2.4,230.4,NA,NA,"E","E20","U111",1.4525,0.19,c(21.6494143, 40.812195)
53043598,154,"1",6.4,6.86,6.97,25.3,1,75.1,2.3,95.8,1.8,1.3,"B","B15","U111",1.123,0.02,c(25.31813592, 54.54484259)
53043800,101,"1",5.4,5.98,7.46,25.9,NA,10.6,2.3,131.8,NA,NA,"E","E30","U111",1.257,0.08,c(26.02494792, 56.31023848)
53044014,91,"1",6.5,6.85,17.24,43.2,1,246.2,3.9,364.6,NA,NA,"E","E30","U420",1.1525,0.1,c(26.86243938, 58.17488229)
53044140,69,"1",5.8,6.06,86.5,364.5,NA,26.6,24.4,254.1,NA,NA,"B","B15","U111",0.508,0.03,c(27.40472543, 59.26977364)
53044636,127,"1",4.3,5.38,3.53,17.3,NA,13.6,1.1,51.1,NA,NA,"C","C33","U120",1.2915,0.19,c(29.98974473, 63.553418)
53062014,733,"1",6.1,6.53,5.17,9.4,NA,16.4,1,124.1,NA,NA,"C","C10","U420",1.2515,0.19,c(21.62299441, 40.54161673)
53063790,110,"1",5.4,6.1,6.1,13.9,NA,12.2,1.3,97.4,NA,NA,"B","B11","U111",1.2635,0.04,c(26.01965385, 56.21898114)
53064066,76,"1",6.1,6.31,8.46,19.3,2,23,1.7,93.7,NA,NA,"C","C31","U120",1.3425,0.09,c(27.11495076, 58.62274278)
53064142,78,"1",4.9,5.24,42.4,392.1,NA,25.6,13.9,373.6,NA,NA,"C","C23","U120",0.526,0.01,c(27.44769173, 59.28275918)
53064642,139,"1",3.4,4.13,18.24,379.8,NA,71.3,11.4,380.7,NA,NA,"C","C22","U120",0.264,0,c(30.06479588, 63.5998298)
53081962,596,"1",6.3,6.49,20.5,79.6,NA,20.7,4.2,483.8,NA,NA,"C","C10","U120",0.806,0.17,c(21.56113911, 40.07441335)
53083858,99,"4",6.9,7.52,10.31,24.3,23,NA,1.9,51.3,NA,NA,"E","E20","U111",1.4565,0.06,c(26.30621382, 56.80809913)
53083920,107,"1",3.4,4.37,2.17,6.1,NA,NA,0.3,11.7,NA,NA,"C","C22","U120",1.225,0.02,c(26.54713984, 57.34834494)
53084148,43,"4",7,7.13,85.8,315.5,37,42.3,22.6,242.1,NA,NA,"C","C10","U120",0.534,0.21,c(27.50866652, 59.33043793)
53101804,70,"1",7.4,8.24,12.04,9,244,NA,0.9,85.7,0.4,1.4,"B","B81","U111",0.615,0.1,c(21.33521416, 38.6584227)
53102728,513,"1",5.6,6.34,7.39,23.4,NA,14.3,2.4,312.9,NA,NA,"B","B71","U111",1.256,0.09,c(23.03966663, 46.87996324)
53103728,151,"1",3.8,4.46,5.94,30.3,NA,38.7,1.5,30.8,NA,NA,"C","C23","U120",0.91,0.06,c(25.85763131, 55.66978238)
53103946,84,"1",5.4,6.03,16.4,105.1,NA,14,6.7,334.7,NA,NA,"B","B15","U111",0.8845,0.4,c(26.68320435, 57.57058578)
53122034,648,"1",7.8,8.44,11.98,4.8,177,NA,0.6,111.9,NA,NA,"B","B82","U111",1.611,0.09,c(21.72622367, 40.71181282)
53123776,135,"1",6.6,6.93,10.76,30,2,23.4,2.6,89.1,NA,NA,"E","E20","U111",1.089,0.05,c(26.06256641, 56.0848451)
53124130,0,"1",3.3,4.07,31.5,430,NA,63.1,15.2,332.5,NA,NA,"C","C31","U120",0.2375,0.08,c(27.49595516, 59.16547537)
53124644,222,"1",3.9,4.6,2.34,14.1,NA,NA,0.8,NA,NA,NA,"C","C21","U120",1.38,0.15,c(30.19249606, 63.60163429)
53144342,54,"1",4.8,5.34,12.58,64.1,NA,18.9,4.1,327.4,NA,NA,"C","C31","U120",0.7585,0.07,c(28.54074408, 60.9965908)
53162014,660,"1",7.5,8.15,13.82,16,72,NA,1.7,408.3,NA,NA,"E","E30","U112",1.14,0.16,c(21.73947188, 40.52771718)
53162024,633,"1",7.6,8.08,18.65,14.5,13,23.1,1.4,414,NA,NA,"F","F40","U111",1.4195,0.15,c(21.75617174, 40.616974)
53162780,208,"1",6.2,6.59,14.71,19.2,NA,NA,2.2,173.1,NA,NA,"A","A30","U319",1.2965,0.27,c(23.23463577, 47.33013275)
53163808,96,"1",7,7.65,16.88,19.3,17,11.7,1.9,213.4,0.9,2.8,"B","B53","U111",1.3515,0.16,c(26.24414961, 56.35595468)
53182602,379,"1",6.4,6.95,9.57,31.7,NA,NA,2.5,78.8,NA,NA,"E","E20","U111",1.199,0.24,c(22.8691326, 45.75233775)
53183750,146,"1",6.7,6.82,22,78.9,2,12.2,7,189.2,NA,NA,"E","E20","U111",0.7065,0.03,c(26.06146926, 55.84599282)
53183886,119,"1",6.3,6.95,7.34,21,NA,27.5,1.9,133.3,NA,NA,"B","B15","U111",1.3255,0.12,c(26.57462443, 57.03159216)
53183944,124,"1",5.9,6.42,5.12,9,NA,NA,0.7,38.2,NA,NA,"C","C32","U120",0.931,0.07,c(26.80528012, 57.53646338)
53201968,746,"1",6.5,6.76,7.05,24.6,1,18,2.5,248.8,0.7,4.1,"B","B13","U111",1.1925,0.23,c(21.7097677, 40.11141534)
53202610,276,"1",5.5,5.95,11.23,37.8,NA,NA,3.3,172.8,NA,NA,"E","E20","U111",1.1975,0.63,c(22.9115039, 45.82007022)
53203896,140,"1",5,5.62,5.83,18.9,NA,NA,1.5,47.4,NA,NA,"C","C10","U120",1.179,0.15,c(26.64604268, 57.11452702)
53203942,125,"1",3.8,4.35,5.44,28.4,NA,NA,1.8,30.3,NA,NA,"C","C31","U120",1.043,0.09,c(26.82969796, 57.51486607)
53223732,157,"1",6.8,7.23,6.62,9.7,3,NA,0.9,83.7,NA,NA,"B","B83","U120",1.422,0.06,c(26.05846129, 55.68094218)
53241950,536,"1",7.3,7.83,8.83,17.4,4,33.6,1.8,266.9,0.9,1.3,"B","B12","U111",1.2555,0.26,c(21.72645481, 39.94506909)
53242382,327,"1",5.6,6.33,5.45,20.3,NA,14.9,1.9,182.7,NA,NA,"E","E10","U420",1.347,0,c(22.49764063, 43.79231547)
53261740,61,"1",6.7,7.12,9.55,8,1,106.6,0.9,246.4,NA,NA,"B","B15","U111",1.0205,0.11,c(21.41819961, 38.06358865)
53261970,641,"1",6.8,7.01,10.25,32,1,NA,3.1,421.1,NA,NA,"D","D20","U111",1.0395,0.06,c(21.78249623, 40.12089915)
53262604,291,"1",5.7,6.2,7.38,41.9,NA,NA,3.2,302.6,1.3,1.9,"B","B75","U111",1.218,0.81,c(22.97486848, 45.75758206)
53262618,190,"1",7.2,7.58,21.69,29.5,46,17.4,3.2,427,NA,NA,"B","B11","U111",1.1675,0.72,c(23.00484912, 45.88151776)
53264602,176,"1",4.3,4.79,4.68,26.4,1,NA,1.6,23.8,NA,NA,"C","C31","U120",0.836,0.1,c(30.20365952, 63.20551261)
53282678,1025,"1",5,5.42,7.85,32.1,NA,NA,3.1,76.6,NA,NA,"E","E20","U111",1.081,0.09,c(23.16104043, 46.4092438)
53282696,1282,"1",3.5,4.15,17.2,75.7,1,23.6,5,143.6,NA,NA,"C","C21","U120",0.3045,0.21,c(23.20092803, 46.56842453)
53283964,255,"1",6.2,6.53,14.46,30.5,1,18.9,2.6,57.4,NA,NA,"C","C31","U120",1.1965,0.17,c(27.04973527, 57.68926638)
53301920,192,"1",7.4,8.33,13.21,8.6,320,15.8,1.3,178.5,NA,NA,"E","E30","U112",1.242,0.19,c(21.74654759, 39.66868537)
53301952,1360,"1",5.7,6.12,7.33,24,NA,NA,2.3,133.2,NA,NA,"C","C10","U420",1.282,0.12,c(21.79899504, 39.95454742)
53301974,425,"1",7.6,8.26,18.09,17.1,243,NA,1.7,444,1,0.9,"B","B12","U111",1.2195,0.05,c(21.83542771, 40.1510002)
53302384,305,"1",5.2,6.07,5.88,23.4,NA,29.2,2.2,342,NA,NA,"B","B31","U111",1.1775,0,c(22.57513336, 43.80104964)
53302460,111,"1",5.4,5.92,4.39,9.8,NA,13.4,0.9,140.3,NA,NA,"E","E10","U111",1.4465,0.01,c(22.72613125, 44.47541163)
53303934,183,"1",5.7,5.99,45.7,442.1,NA,57.5,32.2,154.7,NA,NA,"E","E30","U112",0.3355,0.34,c(26.95951263, 57.42421054)
53304598,135,"1",3.4,4.07,38.1,526.6,NA,18.1,23.7,139.4,NA,NA,"C","C32","U120",0.161,0.02,c(30.2553031, 63.16094527)
53304626,160,"1",3.2,4.16,10.7,257.2,NA,42.7,7.7,134.1,NA,NA,"C","C32","U120",0.364,0.13,c(30.42646649, 63.40089475)
53322372,347,"1",5.5,6.02,7.61,21.1,5,3.6,1.7,191.8,NA,NA,"E","E10","U420",1.272,0,c(22.57620458, 43.69149593)
53323654,160,"1",4,4.54,4.39,21.2,NA,27.9,1.1,20.5,NA,NA,"C","C22","U120",0.984,0.03,c(25.93495558, 54.98024459)
53323834,111,"1",3,3.54,8.52,454.6,NA,34.4,10.6,200.3,NA,NA,"C","C22","U120",0.164,0.06,c(26.59608348, 56.54985135)
53342000,697,"1",7.7,8.34,16.18,23.6,93,15,1.5,459.1,NA,NA,"E","E30","U112",1.3235,0.06,c(21.9253487, 40.37742863)
53344166,15,"1",5.4,5.68,31.6,119.5,NA,53.6,7.9,93.1,NA,NA,"C","C31","U120",0.611,0.08,c(28.03415298, 59.42846023)
53361972,773,"1",6.2,6.6,5.03,16.7,NA,NA,1.8,79.7,NA,NA,"D","D20","U111",1.32,0.33,c(21.90153486, 40.12468033)
53363562,175,"1",5.6,6.41,5.16,8.6,NA,25.9,0.9,110.2,NA,NA,"B","B15","U111",1.2985,0.06,c(25.68024556, 54.1686829)
53363818,105,"3",6,6.7,8.2,20.4,NA,25.9,1.8,144.1,NA,NA,"F","F40","U111",1.1235,0.27,c(26.59791516, 56.40226519)
53363876,102,"1",3.7,4.3,14.63,169.6,NA,18.3,8.3,68.4,NA,NA,"C","C21","U120",0.3085,0.16,c(26.82367757, 56.90711026)
53381878,802,"1",5.3,6.22,3.57,14.1,NA,NA,1.4,117.9,NA,NA,"E","E30","U112",1.4585,0.19,c(21.77009888, 39.28216103)
53384412,108,"1",3.9,4.56,4.62,49.7,NA,14.7,3.1,41.1,NA,NA,"C","C10","U120",0.78,0.08,c(29.33845538, 61.54292953)
53403840,115,"4",5.7,6.02,21.2,65.7,NA,NA,4.8,65,NA,NA,"C","C33","U120",0.792,0.17,c(26.74617783, 56.58549658)
53403908,104,"1",4.8,5.33,12.96,15.4,NA,22.5,1.4,103.7,NA,NA,"B","B11","U111",1.488,0.05,c(27.01570183, 57.17697957)
53403912,118,"1",3.6,4.07,7.26,33,NA,15.5,1.7,39.5,NA,NA,"C","C21","U120",0.8175,0.04,c(27.03186979, 57.21175223)
53403940,190,"1",4.8,5.64,5.67,14.8,1,55.1,1.5,69.5,NA,NA,"C","C33","U111",1.1705,0.06,c(27.14604703, 57.45509604)
53404536,95,"1",4,4.71,5.01,50.1,NA,NA,2.7,61,NA,NA,"C","C21","U120",0.6925,0.13,c(30.07368178, 62.60364449)
53422734,455,"1",4.8,5.64,9.93,50.7,NA,NA,4.3,175,NA,NA,"E","E20","U111",1.1405,0.28,c(23.4673445, 46.88170457)
53422760,444,"1",5.3,6.21,13.14,36.1,NA,NA,3.2,160.2,NA,NA,"B","B16","U111",1.167,0.51,c(23.52722828, 47.1113425)
53442034,155,"1",6.5,6.9,10.62,21.7,NA,NA,2.1,381.1,1.2,2.7,"B","B71","U111",1.2245,0.06,c(22.09972008, 40.66643809)
53442394,205,"1",5.2,6.12,4.56,12,NA,26.1,1.1,127.5,NA,NA,"B","B11","U111",1.57,0,c(22.76665052, 43.86852091)
53442784,205,"1",7.2,7.85,19.82,19.1,21,NA,2.1,210.6,NA,NA,"B","B52","U111",1.257,0.6,c(23.60918988, 47.31995558)
53443794,105,"1",6.8,7.21,17.18,29.6,13,17.4,2.6,70.4,NA,NA,"E","E20","U111",1.3175,0.06,c(26.6322183, 56.17676218)
53443990,74,"1",3.9,4.7,3.05,12.2,NA,32.9,0.6,22.7,NA,NA,"C","C22","U120",1.395,0.02,c(27.41990183, 57.88066732)
53462264,1096,"1",4.5,5.26,6.81,34.1,NA,NA,3,124.4,NA,NA,"C","C10","U120",1.1875,0.05,c(22.53880057, 42.71106063)
53462368,349,"1",7.3,7.87,17.3,43.3,40,17.8,4.2,491.3,NA,NA,"E","E20","U111",1.093,0.02,c(22.73965238, 43.63473932)
53462624,203,"1",4.7,5.96,8.96,20,NA,NA,2.1,195.9,NA,NA,"B","B16","U111",1.1495,0.02,c(23.27210872, 45.90291515)
53462646,302,"1",7.2,7.21,25.9,7.2,7,2,0.8,99.3,NA,NA,"C","C10","U120",1.271,0,c(23.32058181, 46.09747908)
53463988,77,"1",5.8,6.49,8.22,13,1,13.9,1.3,100.6,NA,NA,"B","B13","U111",1.4985,0.07,c(27.44415836, 57.85895707)
53481974,872,"1",6.8,7.16,19.52,74.9,1,15.9,5.6,369.6,NA,NA,"C","C10","U120",0.8145,0.23,c(22.04373112, 40.12545524)
53482034,89,"1",7.2,7.56,17.49,26.8,5,35.4,2.9,394.7,1.4,2.4,"B","B75","U111",1.363,0.11,c(22.14637377, 40.66066707)
53482276,741,"1",7.3,7.92,13.18,10.6,15,18.8,1.2,227.5,NA,NA,"B","B21","U111",1.553,0.02,c(22.58567807, 42.8146974)
53482384,240,"1",5.5,6.43,5.27,16.1,NA,NA,1.5,226.9,NA,NA,"B","B11","U111",1.3385,0,c(22.79582151, 43.77366123)
53482412,29,"1",7.3,7.87,15.42,19.2,13,20.1,2,312.5,0.7,1.1,"B","B32","U111",1.205,0,c(22.85182319, 44.02205167)
53483700,156,"1",7,7.05,19.9,23.5,5,13.7,1.7,79.5,NA,NA,"B","B11","U111",1.3205,0.09,c(26.34453486, 55.3496022)
53483996,57,"1",4.2,4.91,3.33,11.1,1,44.3,0.7,28.3,NA,NA,"C","C22","U120",1.276,0.01,c(27.51095057, 57.92400825)
53501756,144,"1",7.5,8.32,12.69,10,228,NA,1.1,109.4,0.5,0.5,"B","B81","U111",0.9775,0.37,c(21.7124607, 38.17405989)
53503690,176,"1",5.8,6.16,9.37,46.3,1,22.9,4,369.4,NA,NA,"E","E20","U111",1.0145,0.03,c(26.33898704, 55.25837391)
53504414,80,"1",6,6.43,7.6,26.4,NA,35.8,2.2,128.2,NA,NA,"B","B13","U111",0.9915,0.09,c(29.56599406, 61.53066546)
53522078,1177,"1",6.3,6.63,9.64,17,NA,NA,1.9,171.9,NA,NA,"C","C10","U120",0.9955,0.09,c(22.27010228, 41.04702453)
53523682,229,"1",6.3,6.64,19.08,10.7,NA,16.4,1.3,228.3,NA,NA,"B","B11","U111",1.309,0.11,c(26.34072536, 55.18458161)
53541918,105,"1",6.6,6.88,5.85,7.3,1,19.8,0.8,87.1,NA,NA,"E","E30","U111",1.5615,0.16,c(22.01892991, 39.61696263)
53542386,212,"1",7,7.28,15.79,23.3,8,39.8,2.1,1050.3,NA,NA,"E","E10","U420",1.23,0,c(22.87334323, 43.78216895)
53542700,528,"1",4.7,5.58,6.88,23.4,NA,NA,2.3,105.1,NA,NA,"E","E20","U111",1.261,0,c(23.54439469, 46.56176691)
53543706,150,"1",6.8,7.03,11.36,17.3,1,NA,1.7,85.4,1.1,2.3,"B","B13","U111",1.448,0.02,c(26.45886206, 55.38970385)
53561644,114,"1",6.3,6.87,11.75,20.6,NA,49.7,2.2,385.6,NA,NA,"B","B81","U111",1.1105,0.16,c(21.60785898, 37.16224415)
53562216,1063,"2",4.5,5.26,5.96,35.3,1,18.4,3.4,141,NA,NA,"E","E10","U111",1.261,0.1,c(22.56848422, 42.26935616)
53562846,345,"1",5.8,6.35,12.46,29.4,NA,91.8,3.4,249.3,NA,NA,"E","E20","U111",1.1455,0,c(23.91456936, 47.84690518)
53563846,107,"1",6.8,7.23,17.66,43.3,61,10.8,2.8,99,NA,NA,"E","E30","U420",0.972,0.03,c(27.02346832, 56.60408713)
53581638,253,"1",7.2,7.57,20.7,39,9,12,3.6,682.6,1.4,1.3,"B","B81","U111",1.148,0.29,c(21.62098992, 37.10569582)
53581980,1517,"1",5,5.72,8.74,39.8,NA,12.8,2.8,171.2,NA,NA,"C","C10","U120",0.806,0.23,c(22.16964295, 40.16460095)
53581998,1207,"1",5.4,5.67,9.16,52.2,NA,NA,2.5,189.1,NA,NA,"C","C32","U120",0.985,0.27,c(22.20053796, 40.32515749)
53582250,776,"1",5.3,6.03,8.02,26.6,NA,12.3,1.9,190.4,NA,NA,"C","C32","U120",1.28,0.35,c(22.65660184, 42.56856186)
53583764,97,"1",6.8,6.95,7.99,12.3,1,23.4,1,23.4,NA,NA,"C","C22","U120",1.238,0.11,c(26.73719274, 55.88659353)
53583912,120,"1",5,5.57,14.56,51.1,NA,15.8,4.2,79,NA,NA,"C","C10","U120",1.0525,0.03,c(27.32151736, 57.17323041)
53601672,179,"1",7.4,8.07,12.78,32.1,228,14.7,0.7,84.7,NA,NA,"C","C22","U120",0.972,0.14,c(21.69468555, 37.40776603)
53601946,333,"1",5.8,6.58,4.43,12.9,NA,NA,1.2,86.9,NA,NA,"E","E10","U111",1.0265,0.18,c(22.1349058, 39.858331)
53622736,410,"1",4.7,5.6,11.05,85.6,NA,NA,6.4,271.8,NA,NA,"E","E10","U111",0.947,0.57,c(23.73060689, 46.86647805)
53623840,139,"1",4.8,5.67,3.67,6.7,NA,NA,0.6,35.8,NA,NA,"C","C10","U120",1.2595,0.1,c(27.09475302, 56.53920646)
53623848,140,"1",6.4,6.7,8.85,19.3,NA,NA,1.5,30.6,NA,NA,"C","C10","U120",1.083,0.2,c(27.12653478, 56.60873049)
53641948,292,"1",7,7.54,11.44,17.1,1,NA,2,223.7,NA,NA,"E","E30","U111",0.958,0.28,c(22.18437755, 39.87040294)
53641966,667,"1",6.4,6.91,12.06,11.8,NA,38,1.2,108.5,NA,NA,"B","B13","U111",1.0425,0.31,c(22.21506136, 40.03101037)
53643818,149,"1",5.9,6.48,7.91,33.8,NA,NA,3.1,55.1,NA,NA,"B","B15","U111",1.1145,0.23,c(27.03955958, 56.34373729)
53643926,141,"1",5.3,5.75,11.82,32.5,NA,17.7,2.8,72.6,NA,NA,"C","C10","U120",0.8825,0.09,c(27.47597198, 57.28174417)
53644594,176,"1",4.3,4.77,2.37,14.5,NA,17,0.6,14.2,NA,NA,"C","C22","U120",1.2975,0.11,c(30.87295593, 63.03802827)
53662034,44,"1",7.7,8.41,17.78,15.9,96,24.5,1.7,367.9,NA,NA,"B","B34","U111",1.2255,0.1,c(22.35622215, 40.63442505)
53663898,137,"1",3.8,4.51,13.55,137.1,NA,27.3,8,119,NA,NA,"C","C10","U120",0.6005,0.07,c(27.39239028, 57.034397)
53702028,55,"1",7.8,8.36,22.5,14.8,81,NA,1.2,157.9,0.7,2.3,"B","B75","U111",1.22,0.06,c(22.39225391, 40.57506442)
53702276,909,"1",4.5,5.81,4.24,12.4,NA,NA,0.9,60.4,NA,NA,"C","C22","U120",1.39,0,c(22.85095371, 42.78122409)
53721846,227,"1",7.7,8.43,11.7,6.9,30,NA,1.1,110,NA,NA,"E","E20","U111",1.1785,0.36,c(22.10535196, 38.94803851)
53723760,151,"1",4.7,5.57,3.71,8.2,NA,NA,0.8,72.1,NA,NA,"E","E10","U120",1.3435,0.07,c(26.93989515, 55.8225446)
53723764,138,"1",5.3,5.63,117.7,342,NA,27.4,25.9,78.8,NA,NA,"E","E20","U111",1.2395,0.06,c(26.95523329, 55.85733214)
53723782,171,"1",5.6,6.19,5.29,15.5,NA,32.5,1.3,117.3,NA,NA,"E","E30","U112",1.49,0.05,c(27.02465792, 56.0138478)
53723804,159,"1",3.9,4.6,3.32,13.1,NA,44.2,0.7,11.6,NA,NA,"C","C32","U120",1.235,0.05,c(27.11041574, 56.20508152)
53723818,154,"1",5.1,5.97,8.91,17.3,NA,46.4,1.6,158.9,1.1,1.9,"B","B16","U111",1.347,0.05,c(27.16551465, 56.32673918)
53723904,126,"1",7.1,8.01,11.61,10.6,33,NA,0.9,114.8,NA,NA,"E","E30","U112",1.6985,0.06,c(27.51323622, 57.07342808)
53741658,272,"1",7.2,7.81,15.22,21.2,32,NA,2.1,203.6,NA,NA,"B","B81","U111",1.174,0.16,c(21.82874898, 37.26285151)
53741742,805,"1",6,6.46,9.13,35.5,NA,17,3.3,252.5,NA,NA,"C","C10","U120",0.8045,0.36,c(21.95990042, 38.01513951)
53741892,101,"1",7,7.65,19.85,29.2,21,91.7,3.1,1026.4,NA,NA,"E","E30","U112",1.2665,0.25,c(22.2045939, 39.35604804)
53742228,906,"1",6.7,6.84,19.97,47.6,NA,NA,3,315.9,NA,NA,"C","C10","U120",1.085,0.35,c(22.80650852, 42.34872739)
53742486,172,"1",6.6,7.38,6.84,8.8,NA,NA,0.9,168,NA,NA,"B","B11","U111",1.5525,0.35,c(23.32627609, 44.63691943)
53743864,130,"1",5.6,6.28,5.98,20.3,NA,36.5,1.8,89.7,NA,NA,"E","E20","U111",1.2215,0.14,c(27.38127061, 56.72194905)
53743906,128,"1",3,3.84,38.4,243.4,1,60.3,7.4,62.6,NA,NA,"C","C22","U120",0.3005,0.58,c(27.5535769, 57.0864125)
53744506,99,"1",4.1,4.65,4.66,28.8,NA,10.4,1.5,28.5,NA,NA,"C","C31","U120",0.712,0.08,c(30.52627222, 62.2592104)
53762052,130,"1",7.5,8.28,13.43,5.7,65,10.6,0.7,287.3,0.8,0.4,"B","B71","U111",0.9485,0.09,c(22.50479811, 40.78000473)
53762404,32,"1",7.6,8.42,29.72,36.3,211,NA,2.9,139.8,NA,NA,"E","E20","U111",1.2515,0,c(23.17968878, 43.90739573)
53763890,118,"1",6.8,7.3,11.99,23.6,10,38.3,2,120.7,NA,NA,"B","B53","U111",1.3525,0.03,c(27.51941664, 56.9432443)
53782068,87,"1",6.8,7.5,15.28,5.5,1,26.2,0.6,136.9,NA,NA,"B","B31","U111",0.998,0.17,c(22.55688975, 40.91951587)
53782364,202,"1",5.8,6.28,7.23,23.7,2,5.2,2,178.5,NA,NA,"B","B11","U111",1.5,0.02,c(23.12252728, 43.54965262)
53782648,323,"1",6.5,6.86,11.64,30.3,1,NA,2.9,357.6,NA,NA,"E","E20","U111",1.2575,0.28,c(23.7329445, 46.06292873)
53783916,109,"1",6.6,7.32,12.61,19.9,7,84.7,1.9,122.4,NA,NA,"B","B11","U111",1.419,0.22,c(27.65942108, 57.16436896)
53801920,221,"1",7.5,8.27,11.86,16.5,27,12.7,1.7,332.6,NA,NA,"B","B12","U111",0.943,0.26,c(22.32066133, 39.5972591)
53802834,433,"1",4.4,5.28,13.96,23.4,NA,NA,2.7,96.1,NA,NA,"E","E10","U111",1.075,0,c(24.20050883, 47.70025819)
53821642,248,"1",7.3,8.06,12.68,13.2,50,25.1,1.4,259.2,NA,NA,"B","B81","U111",1.251,0.14,c(21.89279877, 37.10825796)
53842010,219,"1",7.6,8.38,10.38,8,127,NA,1,191.7,NA,NA,"B","B81","U111",0.984,0.07,c(22.52321388, 40.39391631)
53842226,707,"1",6,6.83,5.17,15.5,NA,25.5,1.7,328.1,NA,NA,"B","B11","U111",1.411,0,c(22.92230162, 42.31558937)
53842676,325,"1",7.4,7.74,21.45,19,141,NA,2.4,437.3,1.2,2,"B","B52","U111",1.297,0.57,c(23.8738921, 46.30016876)
53861912,153,"1",6.1,6.86,7.48,16.8,1,22.4,1.7,456.1,NA,NA,"B","B12","U111",0.926,0.1,c(22.37578888, 39.51707681)
53862246,662,"1",6.2,6.78,8.86,19.2,NA,24.9,1.9,366.9,NA,NA,"B","B41","U111",1.2215,0,c(22.98498348, 42.49011584)
53881902,241,"1",7.8,8.35,54.2,15.4,299,NA,1.6,424.6,1.2,2.2,"B","B12","U111",0.8655,0.29,c(22.38161495, 39.42489926)
53882194,1038,"1",4.4,5.06,5.98,22,NA,NA,1.7,92.9,NA,NA,"C","C33","U120",1.2575,0.11,c(22.90863694, 42.0251259)
53882234,687,"1",5.5,5.85,9.2,31.3,1,7.7,3,507.7,NA,NA,"D","D10","U420",1.339,0.07,c(22.98562875, 42.38045135)
53882276,747,"1",5.1,5.82,6.44,32.1,NA,14.9,2.8,404.8,NA,NA,"E","E20","U111",1.0505,0.82,c(23.06779872, 42.75332288)
53882288,609,"1",7.1,7.49,15.36,43.5,28,6.3,4.1,723.4,NA,NA,"E","E10","U111",1.023,0,c(23.09153012, 42.85981641)
53902178,1188,"2",5.2,5.65,6.91,32.2,NA,NA,2,180,NA,NA,"C","C22","U120",1.0995,0,c(22.90193123, 41.87986149)
53902268,898,"1",5.7,6.18,9.9,35.9,1,10.6,2.8,778.4,NA,NA,"E","E10","U420",1.0885,0.29,c(23.07609619, 42.67919272)
53902362,207,"1",4.4,5.42,3.86,12.3,NA,12.9,1.1,139.5,NA,NA,"B","B11","U111",1.3235,0,c(23.26481357, 43.51294869)
53902686,472,"1",5.1,5.57,10.11,74.2,1,NA,6.2,370.5,NA,NA,"E","E20","U111",0.9505,0.25,c(23.97396754, 46.37833964)
53902728,396,"1",6.1,6.55,8.52,36.1,NA,12.6,3.3,301.3,NA,NA,"B","B43","U113",1.063,0.07,c(24.0731661, 46.74884189)
53902836,492,"1",4.9,5.82,9.7,28.6,NA,NA,3.6,201.3,NA,NA,"B","B75","U111",1.0135,0.15,c(24.33665226, 47.70058578)
53903832,174,"1",6.5,6.64,138.4,275,NA,34.3,21.7,179.6,NA,NA,"C","C10","U120",0.349,0.08,c(27.5048732, 56.40953637)
53921658,119,"1",6.2,6.57,8.35,18.1,NA,NA,1.9,239.7,0.5,1.9,"B","B81","U111",1.1005,0.16,c(22.02839687, 37.2375057)
53921892,182,"1",7.7,8.33,16.5,10.5,19,NA,1.1,254.5,NA,NA,"B","B34","U111",1.0585,0.21,c(22.41029223, 39.32977077)
53922084,131,"1",6.7,6.99,16.38,8.3,NA,29.8,1,212,NA,NA,"B","B54","U111",1.29,0.23,c(22.74994725, 41.04085062)
53923834,160,"1",5.7,6.26,8.29,18.1,NA,16.4,2,36.3,NA,NA,"E","E20","U111",1.199,0.12,c(27.54447446, 56.4225345)
53941710,1279,"1",6.2,6.82,4.24,11.3,NA,15.4,1.2,89.5,NA,NA,"C","C21","U120",0.828,0.33,c(22.13272432, 37.70026192)
53942344,244,"1",4.6,5.68,4.58,16.8,NA,NA,1.5,168,NA,NA,"B","B16","U111",1.201,0.01,c(23.27675357, 43.34703022)
53943854,152,"2",5.8,6,119.8,404.7,NA,17.1,25.5,127.1,NA,NA,"C","C31","U120",0.229,0.13,c(27.65755373, 56.59162562)
53981902,272,"1",7.5,8.22,13.26,15.5,171,NA,1.6,384,NA,NA,"B","B13","U111",0.931,0.03,c(22.49599697, 39.41014302)
53982330,479,"1",5.6,6.17,9.33,46.5,NA,18.1,4.7,242.6,NA,NA,"C","C10","U120",1.084,0.11,c(23.29682496, 43.21655159)
53982496,182,"1",5.8,6.53,15.09,14.9,NA,27.3,1.5,224.8,NA,NA,"B","B11","U111",1.261,0,c(23.64605903, 44.68650934)
53982784,344,"1",4.8,5.56,5.52,20.4,NA,NA,2.2,304.1,NA,NA,"D","D20","U111",1.2065,0,c(24.3122664, 47.22871)
54001706,1092,"1",7.2,7.74,14.35,27.2,11,NA,2.3,205.8,NA,NA,"C","C21","U120",0.959,0.36,c(22.19326443, 37.65584062)
54001904,360,"1",7.5,8.26,15.74,15.9,369,NA,2,355.9,0.6,0.7,"B","B41","U111",0.8125,0.01,c(22.52231594, 39.42501865)
54002350,261,"1",5.8,6.68,4.55,18.7,NA,13,1.8,332.2,NA,NA,"A","A30","U319",1.287,0.27,c(23.36199203, 43.39064038)
54002768,357,"1",5.1,6.07,10.52,16.1,NA,NA,1.8,159.7,NA,NA,"E","E20","U111",1.243,0.01,c(24.29900111, 47.08428672)
54003836,0,"1",6.7,7.08,11.92,21.4,4,18.7,2.1,49.2,NA,NA,"E","E30","U420",1.2685,0.03,c(27.67863955, 56.42237894)
54022304,645,"1",5.3,5.87,6.58,26.3,NA,6.1,2.6,152.7,NA,NA,"E","E10","U420",1.4955,0.22,c(23.29255928, 42.97965173)
54042470,86,"1",7.1,7.64,26.77,24.8,7,32.5,2.6,381.3,NA,NA,"B","B31","U111",0.919,0.53,c(23.66406166, 44.44668245)
54042624,522,"2",4.7,5.31,6.55,44.4,1,NA,3.6,130.7,NA,NA,"E","E20","U111",1.0645,0.01,c(24.00820227, 45.80752757)
54062392,154,"1",7.6,8.2,17.35,19.3,26,NA,1.7,175,NA,NA,"B","B16","U111",1.387,0,c(23.52240586, 43.75305355)
54081756,1045,"1",7,7.36,10.19,15.7,3,NA,1.6,133.8,NA,NA,"E","E30","U415",0.9125,0.17,c(22.36383148, 38.09147214)
54082440,152,"1",4.9,5.74,12.51,18.7,NA,49.2,1.7,205,NA,NA,"F","F40","U111",1.211,0.24,c(23.64882599, 44.17469793)
54101896,288,"1",7.4,8.25,11.06,10.7,15,NA,1.1,124.6,NA,NA,"F","F40","U111",0.967,0.22,c(22.62277777, 39.33873979)
54102054,483,"1",6.3,6.63,5.22,14.8,NA,NA,1.3,127.6,NA,NA,"E","E10","U111",1.1065,0.25,c(22.90524072, 40.74640069)
54102076,264,"1",5.3,6.18,4.64,9.1,NA,18,0.9,129.7,NA,NA,"B","B11","U111",0.7285,0.36,c(22.94595116, 40.94213502)
54102148,963,"1",4.9,5.88,3.99,11.7,NA,NA,1.1,171.4,NA,NA,"C","C10","U120",1.2645,0,c(23.08164919, 41.58226783)
54121890,388,"1",6.5,6.58,6.87,19.2,NA,NA,2,209,NA,NA,"E","E30","U111",1.0725,0.17,c(22.63520779, 39.28222262)
54121894,287,"1",7.5,8.21,12.57,17.7,83,28.1,1.7,616.2,NA,NA,"B","B12","U111",0.874,0.2,c(22.64214658, 39.31790342)
54122326,1052,"1",6,6.48,12.61,56.6,NA,NA,4.7,219.9,NA,NA,"C","C10","U120",0.8595,0.13,c(23.4583617, 43.15867418)
54122350,246,"1",6.4,7.04,6.59,14.3,NA,11.3,1.2,187.9,NA,NA,"B","B11","U111",1.3635,0.01,c(23.50791765, 43.37133002)
54122394,146,"1",7.4,7.87,22.5,23.9,6,11.7,2.3,260.8,NA,NA,"B","B11","U111",1.2505,0,c(23.60002822, 43.76100749)
54123840,167,"1",5.1,5.59,8.79,12.3,NA,NA,1.3,87.5,NA,NA,"E","E10","U120",1.5595,0.04,c(27.88402663, 56.43054468)
54161884,161,"1",7.7,8.34,14.45,15,56,NA,1.4,461.4,NA,NA,"B","B41","U111",1.3165,0.32,c(22.67042672, 39.2226989)
54162628,419,"1",5.9,6.41,9.26,24.3,NA,NA,2.4,292,NA,NA,"E","E30","U420",1.263,0,c(24.16953611, 45.82245001)
54182062,192,"1",6.8,7.04,8.94,11.6,1,13,1.2,268.8,NA,NA,"B","B12","U111",1.006,0.16,c(23.01340261, 40.8052386)
54201736,1031,"2",7.2,7.8,19.05,53.2,320,NA,4.1,381.2,NA,NA,"E","E10","U420",0.8765,0.42,c(22.46535572, 37.89504983)
54201884,135,"1",7.1,7.61,8.79,7,1,17.8,0.8,172.9,NA,NA,"B","B11","U111",1.6085,0.12,c(22.71602688, 39.21667912)
54201920,81,"2",7.8,8.63,19.71,16,92,24.9,1.8,357.1,0.6,2.9,"B","B12","U111",0.9235,0.26,c(22.77914423, 39.53768749)
54202132,109,"1",6.8,7.29,11.55,9,NA,NA,1.1,133.2,NA,NA,"E","E30","U111",1.2355,0,c(23.16902839, 41.42444942)
54203812,105,"1",6.2,6.52,32.2,322.5,1,NA,12,63.8,NA,NA,"D","D20","U420",0.5485,0.15,c(27.89446918, 56.1702122)
54203844,127,"1",5.1,5.89,7.93,16.1,NA,30.8,1.5,57.3,NA,NA,"B","B32","U111",1.451,0.15,c(28.02655893, 56.44734817)
54221858,920,"1",5.9,6.68,5.87,10.4,NA,NA,1.3,120.7,NA,NA,"E","E20","U111",0.8675,0.17,c(22.69369494, 38.98172102)
54222134,112,"1",6,6.6,10.53,5.8,NA,10.9,0.8,114.7,NA,NA,"B","B31","U111",1.4425,0,c(23.19643434, 41.43907707)
54222278,556,"1",6.1,6.65,10.39,15,NA,53.3,1.6,330.7,0.9,1.5,"B","B11","U111",1.2775,0.54,c(23.48096119, 42.71709238)
54241650,423,"1",6.5,6.89,6.84,11.1,1,NA,1,74.2,NA,NA,"B","B81","U111",1.003,0.17,c(22.3701846, 37.11979405)
54262422,80,"1",6.7,7.15,20.74,22.4,NA,13.3,2.2,281.7,NA,NA,"B","B11","U111",1.046,0,c(23.83144161, 43.98577173)
54262530,300,"1",4.9,5.96,9.82,11.3,NA,18.2,1.4,290.7,0.7,1.2,"B","B16","U111",1.2805,0.35,c(24.07015098, 44.94037128)
54263840,115,"1",6,6.31,90.9,237.6,NA,31.9,18.3,95.1,NA,NA,"D","D10","U420",0.438,0.01,c(28.10427635, 56.39926312)
54281680,1103,"1",7.3,7.94,16.59,26.2,132,37.6,2.7,270.5,NA,NA,"E","E30","U111",0.178,0.25,c(22.46290477, 37.38242109)
54282012,71,"2",7.7,8.37,17.72,10.3,66,17.9,0.8,341,NA,NA,"B","B82","U111",1.1325,0.11,c(23.03716634, 40.34487027)
54282408,49,"1",6.5,6.85,8.11,17.2,NA,5.1,1.7,182.9,NA,NA,"F","F40","U111",1.175,0.2,c(23.82576589, 43.85860514)
54301732,498,"1",7.4,8.03,15.8,22,22,NA,1.8,282.2,NA,NA,"B","B81","U111",0.8725,0.23,c(22.57054714, 37.8444959)
54301746,802,"1",7.7,8.21,19.61,13.7,259,NA,1.5,240.6,NA,NA,"B","B82","U111",1.0175,0.27,c(22.59383189, 37.9696259)
54302142,185,"1",7,7.46,7.98,5.8,1,NA,0.7,151,NA,NA,"E","E20","U111",1.4955,0.01,c(23.30619693, 41.49750562)
54302620,387,"1",6,6.5,7.29,16.2,1,NA,1.8,247.3,NA,NA,"E","E20","U111",1.3905,0,c(24.32798628, 45.72784288)
54341736,550,"2",7.5,7.94,40,21.8,514,NA,1.9,174.1,NA,NA,"B","B81","U111",0.686,0.33,c(22.62190853, 37.87429371)
54341854,157,"3",6.8,7.28,10.3,21.2,1,NA,2,224.4,NA,NA,"B","B81","U111",0.9205,0.23,c(22.82300655, 38.92789512)
54361648,447,"2",6.9,7.25,9.52,19.2,3,NA,2,95.5,NA,NA,"D","D10","U420",0.976,0.19,c(22.49969534, 37.08428632)
54361858,209,"1",6.3,6.89,6.1,11.8,NA,NA,1.4,100.9,NA,NA,"B","B81","U111",0.9585,0.34,c(22.85268862, 38.96053238)
54381656,852,"2",7.6,8.08,16.43,62.4,345,NA,2.1,136.5,NA,NA,"D","D10","U111",0.999,0.34,c(22.53477978, 37.15292575)
54381686,549,"1",7.3,7.9,15.18,39.3,73,30.4,2.7,538.3,2.6,2,"B","B81","U111",0.9585,0.22,c(22.58376455, 37.4213083)
54382232,1202,"1",5.2,5.73,5.14,16.4,NA,NA,1.4,64.4,NA,NA,"C","C21","U120",1.0445,0.1,c(23.57939823, 42.28336772)
54382430,118,"1",4.8,5.17,6.91,5.4,NA,27.1,0.6,65.9,NA,NA,"E","E30","U111",1.344,0,c(23.99621067, 44.03649224)
54382628,395,"2",5.2,5.66,7.5,28.8,1,NA,2.6,161.6,NA,NA,"E","E10","U111",1.2875,0.57,c(24.44811177, 45.78451373)
54401630,287,"1",5,6.21,3.06,2.8,NA,NA,0.5,51.9,NA,NA,"B","B81","U111",0.999,0.26,c(22.51482438, 36.91726961)
54401670,1256,"1",6,6.24,5.98,19,1,34,1.6,62,NA,NA,"C","C31","U120",1.011,0.09,c(22.57974342, 37.27522077)
54401804,174,"1",7.5,8.2,9.96,10.5,6,NA,1.3,117.3,NA,NA,"B","B81","U111",1.3885,0.19,c(22.80435807, 38.47263103)
54402264,836,"1",4.7,5.46,5.89,30.3,NA,52.6,2.9,201,NA,NA,"E","E20","U111",1.35,0.35,c(23.66852623, 42.5637874)
54422204,1246,"4",4.6,5.39,5.05,20.5,NA,NA,1.2,108.1,NA,NA,"C","C22","U120",1.166,0.14,c(23.57063616, 42.02856491)
54422324,440,"1",4.5,5.41,5.52,13.4,NA,13.6,1.2,110.4,1.3,3.5,"B","B16","U111",1.3035,0,c(23.81732639, 43.09199043)
54422352,242,"1",5.6,6.08,13.14,17.6,4,11.6,1.6,98.1,NA,NA,"B","B31","U111",1.2805,0,c(23.87661006, 43.33984802)
54422752,411,"2",5.1,6.01,10.14,40.4,NA,NA,3.6,176.1,NA,NA,"E","E20","U111",1.216,0.67,c(24.8024413, 46.86953049)
54442182,853,"2",4.6,5.39,4.31,6.8,NA,23.4,0.7,90.4,NA,NA,"E","E20","U111",1.577,0.63,c(23.55037514, 41.8301645)
54461626,241,"1",5.9,6.81,4.32,6.2,NA,NA,0.7,49.5,NA,NA,"B","B81","U111",1.017,0.2,c(22.57453058, 36.87258805)
54462066,620,"1",5.4,5.75,32.1,10.6,NA,46.9,1.3,50.5,NA,NA,"E","E30","U319",0.9085,0.23,c(23.34766733, 40.79688704)
54481822,289,"1",7.6,8.35,11.61,71.4,217,23,1.6,381.5,NA,NA,"B","B74","U111",1.022,0.35,c(22.92577437, 38.62107842)
54482052,75,"1",8,8.9,25.8,9.8,17,NA,1.3,186.2,NA,NA,"E","E30","U112",0.949,0.16,c(23.34431055, 40.66927484)
54482070,755,"1",4.8,5.7,3.75,8.7,NA,NA,1,59.2,NA,NA,"C","C10","U420",0.9735,0.2,c(23.37864681, 40.82925509)
54482326,172,"1",7.3,7.55,12.02,2.7,43,NA,0.5,47.2,NA,NA,"C","C10","U120",1.276,0,c(23.89410957, 43.09974807)
54482836,1108,"1",4,4.66,33.66,53.3,NA,66,4.2,83.6,NA,NA,"E","E10","U111",0.821,0.04,c(25.09597541, 47.59720932)
54501640,233,"1",7.5,8.32,17.95,8.7,233,NA,1,106.3,NA,NA,"B","B81","U111",0.9755,0.11,c(22.64138895, 36.9919345)
54502242,693,"1",4.2,4.71,6.16,23.3,NA,NA,2.1,76.1,NA,NA,"C","C10","U120",1.0555,0,c(23.74309448, 42.3524376)
54502256,673,"1",5.8,6.54,5.57,13.4,NA,72.6,1.2,170.9,NA,NA,"B","B31","U111",1.319,0,c(23.7718889, 42.47650032)
54522082,133,"1",4.4,5.38,2.6,NA,NA,38.2,0.3,69.3,NA,NA,"E","E30","U112",1.0145,0.04,c(23.44842284, 40.92949194)
54522636,435,"1",5.2,5.74,6.13,14.2,NA,NA,1.6,129.9,NA,NA,"E","E20","U111",1.367,0.13,c(24.64447676, 45.83047753)
54542164,1041,"1",5,5.66,4.98,22.8,NA,NA,1.6,192.5,NA,NA,"C","C22","U120",1.207,0.06,c(23.63282819, 41.65425581)
54542702,410,"1",6.2,6.65,12.29,31.3,NA,NA,2.9,90,NA,NA,"D","D20","U111",0.9685,0,c(24.83156004, 46.40807947)
54542740,527,"1",5.1,5.86,14.94,56.6,NA,NA,5.2,174.3,NA,NA,"E","E30","U112",0.841,0.14,c(24.92677681, 46.7424149)
54562622,571,"1",5,5.55,5.26,20.5,NA,NA,2,46.2,NA,NA,"E","E10","U420",1.2,0.15,c(24.66131826, 45.70007242)
54581630,196,"2",6.8,6.98,6.96,11,1,NA,1.1,534.9,NA,NA,"D","D10","U420",0.9385,0.14,c(22.71331547, 36.89049479)
54581742,94,"1",7.6,8.11,22.5,14,637,97.5,1.8,199.1,0.3,0.4,"B","B81","U111",1.054,0.2,c(22.90030649, 37.89170312)
54581828,54,"1",7.8,8.39,16.96,14.4,200,NA,1.1,286,NA,NA,"B","B23","U111",0.9825,0.12,c(23.04925739, 38.65922304)
54581990,85,"2",7.5,8.26,16.13,11.2,167,NA,1.1,318.3,NA,NA,"E","E30","U112",1.2485,0.25,c(23.34328045, 40.10210505)
54582260,899,"1",4,4.53,4.255,18.65,NA,NA,1.3,53.65,NA,NA,"C","C10","U120",1.16,0.14,c(23.87596016, 42.49872435)
54582368,163,"1",6.6,7.13,11.97,18.2,NA,NA,1.8,302,1.1,0.7,"B","B11","U111",1.174,0,c(24.10543421, 43.45459006)
54602726,1049,"2",4.5,5.62,8.72,47.3,NA,NA,4.7,160.2,NA,NA,"E","E20","U111",0.956,0.16,c(24.96852215, 46.6084444)
54642202,1378,"1",4,4.74,3.51,13.3,NA,NA,0.6,45.8,NA,NA,"C","C22","U120",1.121,0.16,c(23.82799464, 41.9748652)
54661630,282,"1",7.6,8.3,14.85,7.6,407,NA,1.1,150.8,NA,NA,"B","B81","U111",1.001,0.27,c(22.8014917, 36.87846079)
54662028,884,"1",4.7,5.43,3.98,13.1,NA,NA,1,91.8,NA,NA,"C","C10","U120",1.029,0.19,c(23.50769361, 40.42721629)
54662170,1206,"4",4.6,5.42,5.1,8.9,NA,NA,0.6,105.4,NA,NA,"C","C23","U120",1.4105,0.13,c(23.78670337, 41.6878597)
54662386,133,"1",7.7,8.34,13.88,22.3,52,NA,1.8,213.2,NA,NA,"B","B11","U111",1.2185,0,c(24.24217435, 43.60014566)
54662520,317,"2",7,7.36,34.26,19.4,7,36.6,2,539.6,NA,NA,"D","D20","U312",1.3285,0.2,c(24.54532774, 44.78331458)
54702438,85,"4",5.3,5.92,7.91,19.3,1,48.7,1.7,239.9,NA,NA,"B","B31","U111",1.276,0.3,c(24.40696359, 44.05267033)
54722380,129,"2",7.6,8.23,15.55,19.5,21,11,1.9,197.4,NA,NA,"B","B32","U111",1.281,0.52,c(24.30203079, 43.53685946)
54742798,1157,"1",4.5,5.09,50.94,111.7,NA,NA,9.4,185.7,NA,NA,"E","E20","U111",0.7475,0.37,c(25.33463935, 47.21557834)
54761624,112,"1",7.2,7.84,15.24,22.7,14,NA,2.4,449,2.7,1.2,"B","B81","U111",0.9955,0.25,c(22.90172871, 36.80963699)
54761732,402,"1",6.4,6.67,24.6,122.1,2,22.5,5,629.6,NA,NA,"C","C22","U120",0.6605,0.11,c(23.08416872, 37.77477366)
54761828,257,"1",7.5,8.26,16.77,15.7,496,NA,1.6,243.2,1.1,0.9,"B","B81","U111",1.052,0.13,c(23.25258168, 38.63120069)
54761846,304,"1",7.1,7.45,27.6,78,245,17.2,3.5,576.2,NA,NA,"C","C22","U120",0.621,0.33,c(23.28483737, 38.79162883)
54762692,445,"1",6.9,7.46,21.65,38.1,108,NA,3.8,771.3,NA,NA,"E","E20","U111",1.3035,0.35,c(25.08747997, 46.2803958)
54762854,764,"1",5.8,6.29,31.58,22.1,NA,NA,2.7,169.2,NA,NA,"E","E20","U111",1.2415,0.18,c(25.5099598, 47.7033591)
54781758,387,"1",7.4,7.64,33.2,51.5,151,16.7,3,813.2,NA,NA,"C","C22","U120",1.164,0.3,c(23.15157103, 38.00375178)
54781870,9,"2",7.3,7.98,16.04,30.9,60,NA,2,166.8,0.9,2.3,"B","B81","U111",1.1735,0.15,c(23.35089001, 39.00229833)
54782100,308,"1",7.2,7.8,15.29,22.1,151,NA,2.4,132.5,NA,NA,"E","E10","U111",1.03,0.23,c(23.78769811, 41.04717025)
54782460,143,"1",5.3,6,4.14,18.9,NA,23.9,1.6,209.5,NA,NA,"B","B31","U111",1.3495,0.27,c(24.55531706, 44.23298181)
54802440,65,"2",5.9,6.5,5.01,14.3,NA,5.9,1.3,226.3,NA,NA,"B","B16","U111",1.275,0.01,c(24.53424956, 44.0529731)
54822414,49,"1",5.6,6.1,10.17,21.5,NA,35,1.9,331.1,NA,NA,"B","B32","U111",1.1265,0.23,c(24.49986165, 43.81995241)
54841792,340,"2",7.5,8.24,12.87,14,575,NA,1.3,179.6,NA,NA,"E","E30","U112",0.9505,0.15,c(23.27862619, 38.29767883)
54841800,105,"1",7.8,8.48,17.31,11.4,142,NA,1.1,666.8,NA,NA,"F","F40","U111",1.052,0.25,c(23.29283468, 38.36901321)
54842098,267,"2",7.7,8.25,19.72,8.3,618,22,1.2,463.6,NA,NA,"F","F40","U111",0.9905,0.19,c(23.85391187, 41.01955174)
54842358,105,"2",6.4,6.68,6.52,8.9,4,4.5,1.1,324.4,NA,NA,"B","B31","U111",1.5835,0,c(24.39926953, 43.32181991)
54842704,583,"1",6.8,7.38,16.05,29.2,8,NA,2.8,486.3,NA,NA,"E","E20","U111",1.3095,0.55,c(25.2199567, 46.37127994)
54862104,554,"3",7.4,8.04,13.25,78.2,52,NA,1.4,107.3,NA,NA,"E","E20","U111",1.0115,0.13,c(23.88928781, 41.06948324)
54862248,435,"1",4.6,5.58,3.41,6.7,NA,NA,0.6,70.8,NA,NA,"E","E10","U111",1.374,0.14,c(24.18555969, 42.34554241)
54862490,175,"1",5.4,6.41,5.57,6.8,NA,27.1,0.7,229.7,NA,NA,"E","E30","U111",1.2205,0,c(24.72335187, 44.4835753)
54862666,566,"1",5.4,5.84,7.32,20.2,NA,10.7,2.1,158.4,NA,NA,"E","E20","U111",1.2425,0.84,c(25.14932452, 46.03350854)
54881614,323,"1",7.1,7.83,14.72,25.2,53,NA,2.2,631.4,NA,NA,"D","D20","U111",1.022,0.21,c(23.01710867, 36.70186578)
54882154,690,"1",5.1,5.83,5.16,10.2,NA,NA,1,134.4,NA,NA,"C","C10","U120",1.267,0,c(24.01383793, 41.50955128)
54882406,29,"1",7.7,8.36,13.54,14.7,56,NA,1.3,136.3,NA,NA,"B","B15","U111",1.3185,0,c(24.55511359, 43.73887038)
54902344,295,"2",5.9,6.45,6.01,14.8,1,NA,1.3,129,NA,NA,"B","B31","U111",1.3275,0.17,c(24.44104971, 43.18774727)
54902386,90,"1",7.3,7.97,15.66,20.5,43,NA,2,182.4,NA,NA,"B","B31","U111",1.197,0,c(24.53447891, 43.55878148)
54902668,508,"1",6.9,7.47,19.73,26.9,101,NA,2.5,465.9,NA,NA,"E","E20","U111",1.065,0.76,c(25.20512814, 46.04377863)
54902758,740,"3",5.1,5.61,6.21,21.9,NA,NA,1.9,141.3,NA,NA,"E","E20","U111",1.056,0.33,c(25.43635054, 46.83459234)
54921782,645,"1",6.7,7.26,7.01,22,2,NA,2.3,381.1,3.6,3.3,"D","D20","U420",1.0115,0.07,c(23.35068987, 38.1959103)
54922222,574,"1",6.6,6.7,10.52,28.9,4,NA,2.1,140,NA,NA,"C","C32","U120",1.0755,0.11,c(24.20217612, 42.1052131)
54942224,293,"1",4.7,5.37,5.55,4.8,NA,26.8,0.6,106.2,NA,NA,"B","B37","U111",1.661,0.1,c(24.23017459, 42.11952586)
54942254,389,"1",5.4,6.1,11.68,12.7,NA,NA,1.3,177.5,NA,NA,"B","B11","U111",1.4795,0.01,c(24.2938364, 42.38503825)
54961762,35,"1",7.8,8.46,18.95,17.1,448,38.1,1.8,435.6,NA,NA,"B","B81","U111",1.341,0.08,c(23.36001859, 38.01123536)
54961790,265,"1",7.5,8.29,12.58,15.6,88,28.6,1.6,739.2,NA,NA,"E","E30","U111",1.227,0.14,c(23.40985276, 38.26090825)
54962100,143,"1",7.5,8.29,15.02,13.4,127,NA,1.3,216.5,NA,NA,"F","F40","U111",0.9465,0.25,c(23.99823908, 41.01740331)
54982278,1061,"1",4.5,5.22,6.4,45.5,NA,6.4,3.1,147.3,NA,NA,"E","E10","U111",1.0555,0,c(24.39324191, 42.59049045)
55002216,678,"2",4.4,5.45,5.42,13.9,NA,28.5,1.2,406.7,NA,NA,"C","C10","U120",1.1115,0.02,c(24.28459495, 42.03850042)
55002378,234,"1",5.7,6.68,4.71,15.1,NA,16.5,1.5,170.9,NA,NA,"B","B31","U111",1.3105,0,c(24.63810457, 43.47067177)
55002666,447,"1",4.9,5.26,23.49,81,NA,NA,5.4,246.8,NA,NA,"E","E30","U111",0.981,0.69,c(25.32694775, 46.00779705)
55022506,216,"1",5.1,5.56,6.28,30.6,NA,NA,2.7,177.4,NA,NA,"E","E20","U111",1.2745,0.1,c(24.95895215, 44.59610021)
55042738,776,"1",4.7,4.85,86.8,53.4,1,6.9,5,223.3,NA,NA,"D","D20","U420",0.6855,0.41,c(25.56376808, 46.63279946)
55062222,395,"1",5.7,6.39,5.07,4.5,NA,NA,0.5,50.7,0.9,2.4,"B","B11","U111",1.471,0,c(24.36859437, 42.08134757)
55062600,1107,"1",6,6.41,9.4,26.3,NA,105,2.7,131.2,NA,NA,"E","E20","U111",1.1605,0.17,c(25.23707571, 45.41640429)
55062852,498,"1",4.8,5.61,13.03,26.7,NA,NA,2.7,185.3,NA,NA,"E","E10","U111",1.078,0.4,c(25.89650351, 47.62879888)
55102078,540,"1",7,7.52,16.91,41.6,58,22.1,2.5,177.4,NA,NA,"C","C33","U420",0.797,0.32,c(24.11729329, 40.79886512)
55102172,1305,"4",6.1,6.45,5.17,9.6,1,2.8,1,78.2,NA,NA,"E","E10","U111",1.533,0.17,c(24.3104519, 41.63189317)
55102204,1238,"1",5.2,5.85,5.2,15.6,NA,NA,1.1,136.3,NA,NA,"C","C32","U120",1.0995,0.11,c(24.37784097, 41.91518869)
55102340,450,"1",7.6,8.26,14.05,20.2,358,11.4,1.8,197.5,1,0.4,"B","B11","U111",1.365,0.02,c(24.67393883, 43.1175766)
55121832,192,"1",6.8,7.23,21.3,23.8,2,NA,2,535.2,0.8,2.5,"B","B74","U111",0.8445,0.27,c(23.66613709, 38.60948889)
55141798,77,"1",7.7,8.38,16.4,13.7,206,NA,1.2,128.9,0.4,0.8,"B","B51","U111",1.181,0.11,c(23.6264252, 38.30342804)
55142186,854,"1",5.1,5.7,8.05,29.1,NA,NA,1.9,104.3,NA,NA,"C","C10","U120",0.8975,0.04,c(24.38711258, 41.7490031)
55162612,865,"2",4.8,5.49,7.84,18.8,NA,NA,2,85.2,NA,NA,"C","C10","U120",0.1725,0.43,c(25.39260531, 45.50350592)
55162738,995,"1",4.5,5.35,11.96,44.3,NA,21.6,4.3,116.8,NA,NA,"E","E20","U111",1.084,0.03,c(25.71755715, 46.61014637)
55181826,136,"1",7.3,7.71,18.84,21.3,30,16.9,1.8,547.8,NA,NA,"C","C22","U120",0.7695,0.49,c(23.72273119, 38.54634044)
55182166,1398,"1",4.1,4.89,4.68,26.3,NA,NA,1.6,96.7,NA,NA,"C","C21","U120",1.0275,0.15,c(24.39220611, 41.56508306)
55182378,157,"1",6.9,7.59,13.83,16.2,1,14.6,1.6,222.8,NA,NA,"B","B31","U111",1.3335,0,c(24.85671963, 43.43889057)
55182486,150,"2",5.2,5.76,6.82,28.7,NA,10,2.4,202.7,NA,NA,"E","E20","U111",1.3455,0.22,c(25.10897482, 44.3910309)
55202844,478,"1",5.3,5.97,16.22,36,NA,NA,3.3,265.3,NA,NA,"E","E20","U111",0.9345,0.58,c(26.05685965, 47.53165626)
55222716,706,"1",5.2,5.96,8.82,27.4,NA,NA,2.5,134,NA,NA,"E","E20","U111",1.0635,0.53,c(25.73615368, 46.40572192)
55242862,441,"3",4.9,5.59,19.98,24.5,NA,31.7,2.5,122.5,NA,NA,"E","E20","U111",1.1705,0.27,c(26.1593321, 47.68146262)
55262344,416,"1",7.4,7.99,14.62,22.1,33,NA,2.4,260.8,NA,NA,"E","E10","U420",1.25,0.02,c(24.87618287, 43.12461385)
55282244,189,"1",4.8,5.82,4.38,6.7,NA,13.1,0.8,95.7,NA,NA,"B","B31","U111",1.3855,0,c(24.67768368, 42.23779822)
55282384,51,"1",7.5,8.22,22.2,17.2,64,11.5,2.1,299.7,1,1.4,"B","B31","U111",1.285,0,c(24.99191152, 43.47395437)
55302512,179,"1",5.7,6.56,6.65,19.8,NA,NA,2.2,317.1,NA,NA,"B","B16","U111",1.494,0.26,c(25.31986711, 44.59804117)
55302552,318,"1",5.9,6.57,6.4,17.4,NA,15.6,1.8,151.5,NA,NA,"E","E30","U111",1.8175,0.05,c(25.41806956, 44.9499651)
55321790,523,"1",7.2,7.78,19.42,48,7,24.4,3.4,575.3,NA,NA,"C","C22","U120",0.9905,0.43,c(23.8137722, 38.20296614)
55342340,352,"1",5.9,6.46,6.86,26.1,NA,21,2.6,292.8,NA,NA,"E","E10","U120",1.319,0,c(24.9636476, 43.07503788)
55362112,555,"1",6.6,6.71,39,85.8,12,14,6.9,305.2,NA,NA,"E","E20","U120",0.7085,0.07,c(24.49043645, 41.05594823)
55362180,1409,"2",5.5,6.03,9.46,22,NA,15,2.2,323,NA,NA,"E","E20","U111",1.0055,0.14,c(24.63413291, 41.6578542)
55362256,206,"1",4.8,5.52,10.15,10.1,NA,20.6,1.2,80.3,NA,NA,"B","B31","U111",1.287,0,c(24.79932417, 42.32977615)
55362364,79,"1",5.9,6.7,6.3,17.9,NA,NA,2.2,175.7,1.2,2.8,"B","B31","U111",1.353,0.02,c(25.04278572, 43.28317823)
55382214,1204,"1",4.9,5.56,7.13,35,NA,NA,2,142.5,NA,NA,"C","C32","U120",1.0605,0.06,c(24.7311271, 41.95504344)
55382340,396,"1",7,7.53,12.29,23.5,4,31.5,2.6,299.5,NA,NA,"B","B11","U111",1.2535,0,c(25.01189622, 43.06786833)
55382538,239,"1",4.6,5.15,5.19,17.3,NA,4.8,1.6,100.1,NA,NA,"E","E20","U111",1.409,0,c(25.48282891, 44.81198742)
55402180,1552,"1",4.2,4.88,6.39,36.1,1,NA,3,88,NA,NA,"C","C31","U120",0.955,0.09,c(24.68131506, 41.65086676)
55402270,303,"1",6.6,6.72,28.4,32.4,NA,21.8,3,224.6,NA,NA,"C","C10","U420",1.015,0.18,c(24.87806902, 42.4463653)
55441760,96,"1",7.6,8.25,12.12,12.8,11,NA,1.3,394.2,NA,NA,"B","B81","U111",1.262,0.05,c(23.89288587, 37.91611816)
55442260,212,"2",5.3,5.95,5.98,15.2,1,38.9,1.3,322.9,NA,NA,"B","B31","U111",1.313,0.06,c(24.90355648, 42.35092956)
55442506,139,"1",5.2,5.92,5.62,15.6,NA,16.1,1.5,157.9,NA,NA,"B","B55","U111",1.441,0.07,c(25.47822731, 44.51936946)
55461754,206,"2",7.5,8.23,14.36,21.4,70,NA,2.1,293,NA,NA,"C","C10","U420",1.1015,0.16,c(23.90419194, 37.85938789)
55462186,1689,"1",4,4.8,6.75,72.6,2,15.2,5.8,145.5,NA,NA,"C","C21","U120",0.8275,0.13,c(24.76503021, 41.6934033)
55462240,157,"1",5,5.9,6.03,9.4,NA,NA,1.1,107.3,0.7,2.3,"B","B11","U111",1.3915,0,c(24.88304929, 42.17070007)
55462330,252,"1",5,5.88,4.88,31.4,NA,NA,3,211,NA,NA,"C","C10","U120",1.2855,0,c(25.08542561, 42.96525018)
55482170,1024,"1",4.3,5.02,6.64,20.8,NA,NA,1.2,77.4,NA,NA,"C","C33","U120",0.898,0,c(24.75408678, 41.54838718)
55482182,1270,"3",4.5,5.35,5.33,21.7,1,34.8,1.9,78.3,NA,NA,"E","E20","U111",1.287,0.09,c(24.77997389, 41.65451111)
55502248,166,"2",5.4,6.09,8.71,8,NA,11.8,0.9,97.3,0.5,1.6,"B","B11","U111",1.4225,0,c(24.94834873, 42.23425023)
55562340,305,"1",5.7,6.22,8.42,36.2,NA,NA,3.5,301.2,NA,NA,"D","D10","U420",1.1885,0,c(25.22888582, 43.03532376)
55562362,161,"1",6.2,6.89,6.64,17.1,NA,NA,1.6,287.5,1.3,1.3,"B","B31","U111",1.3245,0,c(25.28004631, 43.22926689)
55582576,375,"1",7.1,7.31,23.41,39.2,28,12.6,3.1,149.9,NA,NA,"E","E30","U120",1.0575,0.41,c(25.82713266, 45.10832985)
55582684,602,"1",5.2,5.58,17.61,11.9,NA,52.1,1.3,415,NA,NA,"B","B11","U111",1.015,0.01,c(26.1090529, 46.05595937)
55582810,377,"1",7.1,8.1,13.28,10.3,48,NA,1,151.3,NA,NA,"E","E10","U111",1.2855,0.16,c(26.45459978, 47.1593769)
55602298,520,"1",4.1,4.85,7.2,14.8,NA,23.9,1.7,105.7,1.3,2.1,"B","B17","U111",1.291,0.22,c(25.18036219, 42.65763042)
55602316,552,"2",5.9,6.4,10.14,16.6,NA,NA,1.7,64.3,NA,NA,"C","C10","U120",1.362,0,c(25.2216134, 42.81640441)
55602550,198,"1",5,6.07,5.41,16.6,NA,NA,1.7,132,NA,NA,"E","E30","U112",1.222,0.12,c(25.78596803, 44.87615434)
55602654,539,"1",5.9,6.27,11.83,60.9,NA,14.1,5.5,288.9,NA,NA,"E","E20","U111",1.192,0.36,c(26.05468546, 45.78903661)
55622188,1027,"1",4.4,5.14,5.54,14.9,NA,NA,0.7,85.3,NA,NA,"C","C22","U120",1.086,0.08,c(24.95813911, 41.68274569)
55622354,249,"1",7.2,7.72,13.92,16.1,8,18.1,1.8,273.5,NA,NA,"B","B31","U111",1.3235,0.07,c(25.33381599, 43.14777308)
55622372,157,"1",6.2,6.93,6.28,19.7,NA,NA,1.8,245.1,NA,NA,"B","B11","U111",1.2285,0,c(25.37606112, 43.30638776)
55622854,375,"2",5.5,6.08,11.55,21.4,NA,NA,2.4,147.9,NA,NA,"E","E20","U111",1.211,0.55,c(26.63175393, 47.53611583)
55642142,739,"1",4.4,5.2,5.02,6.2,NA,20.9,0.7,152.2,NA,NA,"E","E30","U112",1.1165,0.12,c(24.88174095, 41.27251186)
55642492,115,"1",5.5,5.88,13.03,18.1,NA,34.3,1.9,285.5,NA,NA,"B","B11","U111",0.973,0.01,c(25.69028803, 44.35884603)
55681492,82,"1",7.5,8.1,17.76,20.9,515,25.4,2.4,411.2,0.6,0.7,"B","B81","U111",0.997,0.03,c(23.68351798, 35.48499139)
55681794,18,"1",7.4,8.08,13.41,4.7,89,21.5,0.6,72.6,NA,NA,"G","G21","U420",1.488,0.09,c(24.22465139, 38.17890948)
55682392,101,"1",7.3,7.91,13.64,18.6,2,32.9,1.8,282.2,NA,NA,"B","B11","U111",1.4915,0,c(25.49615236, 43.47146865)
55702376,130,"1",7.5,8.13,20.4,34.7,57,NA,3.6,422.8,NA,NA,"E","E10","U420",1.252,0,c(25.48232171, 43.32685644)
55722274,462,"1",4.7,5.46,4.59,18.1,NA,NA,1.5,84.5,NA,NA,"C","C10","U120",1.141,0,c(25.26899955, 42.42408623)
55742250,173,"1",6.8,7.21,11.01,18.6,1,12.5,1.4,484.2,NA,NA,"B","B11","U111",1.2195,0,c(25.23827081, 42.20868422)
55742290,413,"3",4.2,5.07,4.37,6.1,NA,35.5,0.7,59.8,0.9,2,"B","B31","U111",1.406,0.01,c(25.32953204, 42.5615595)
55742358,101,"1",6.9,7.4,12.82,25,NA,NA,2.5,328.3,NA,NA,"D","D10","U420",1.1735,0.22,c(25.48803848, 43.1609014)
55742898,195,"1",7.3,8.16,28.03,22.9,75,NA,2.3,625.5,NA,NA,"B","B11","U111",1.1815,0.67,c(26.91674374, 47.89607404)
55802164,457,"1",5.8,6.35,6.06,12,NA,NA,1.3,110.2,NA,NA,"E","E20","U111",1.2535,0.01,c(25.11733179, 41.43841624)
55802236,139,"1",7,7.47,22.5,31.1,6,NA,2.8,405.5,1,1.3,"B","B11","U111",1.041,0.17,c(25.27784314, 42.07421376)
55802584,371,"1",7.1,7.58,18.38,25.9,69,NA,2.3,545.6,NA,NA,"E","E20","U111",1.288,0.75,c(26.12198631, 45.13631722)
55822214,603,"1",4.5,5.12,5.21,28.6,NA,NA,2.3,169,NA,NA,"C","C10","U120",1.025,0.07,c(25.25196604, 41.8763915)
55822496,78,"1",6.5,6.98,13.26,21.3,1,37.8,2.1,249.5,NA,NA,"E","E10","U420",1.3955,0.15,c(25.92177242, 44.35987751)
55822888,90,"1",7.1,7.55,24.44,31.8,12,NA,3.3,621.8,NA,NA,"E","E20","U111",0.768,0.59,c(26.99169811, 47.79238325)
55842354,393,"1",5.8,6.21,8.34,28.4,3,44.4,2.8,404.7,NA,NA,"E","E20","U111",1.3715,0.23,c(25.59917061, 43.10708521)
55842368,106,"1",6.4,6.92,7.36,16.9,NA,28.2,1.7,304.5,1.5,1.4,"B","B11","U111",1.341,0,c(25.63252694, 43.2303569)
55862392,139,"1",6.5,7.27,6.44,16.6,NA,NA,1.5,216.2,NA,NA,"B","B41","U111",1.2305,0,c(25.71438302, 43.4378538)
55882170,760,"1",4.9,5.66,6.54,27,NA,NA,1.5,4679.6,NA,NA,"C","C32","U120",0.898,0.11,c(25.22455226, 41.47696852)
55902418,144,"1",7.5,8.28,15.24,17.7,45,NA,1.7,160.7,NA,NA,"B","B32","U111",1.327,0,c(25.82616884, 43.65903144)
55922848,109,"1",6.8,7.46,12.46,37.7,1,NA,3.7,565.1,NA,NA,"E","E20","U111",1.3875,0.4,c(27.00388797, 47.42271139)
55942572,215,"2",6.5,7.37,29.71,24.4,NA,12,2.3,115.5,NA,NA,"E","E20","U111",1.311,0.29,c(26.26496264, 45.00381934)
55962232,178,"1",6.8,6.91,20.1,12.2,4,33.9,1.2,197.6,NA,NA,"B","B31","U111",1.287,0.04,c(25.45839232, 42.00959915)
55982786,182,"1",5.2,5.72,13.04,21,1,19.2,2.2,217.7,NA,NA,"B","B51","U111",0.95,0.09,c(26.90148576, 46.86900982)
56002258,191,"1",7.4,8.01,16.43,20.7,89,14.6,1.9,647.6,NA,NA,"B","B11","U111",1.1495,0.01,c(25.5656032, 42.23147087)
56002286,541,"2",5.1,5.79,4.78,9.1,1,3.1,0.9,94.7,NA,NA,"E","E10","U420",1.132,0.15,c(25.63073472, 42.47824641)
56022164,301,"1",6.4,6.99,7.05,9.8,NA,41.5,1.2,107,0.8,1.6,"B","B36","U111",1.223,0.04,c(25.37557368, 41.39847669)
56022218,260,"1",7.3,7.99,13.89,13.2,10,27.3,1.2,329.2,NA,NA,"B","B31","U111",1.2235,0.06,c(25.49743075, 41.87503547)
56022776,171,"1",7.3,7.44,44.6,22,18,7.3,2.7,388.6,NA,NA,"E","E30","U111",0.968,0.48,c(26.92412693, 46.77348565)
56042230,178,"1",6.7,7.31,7.44,19.6,NA,29.8,1.4,254.4,NA,NA,"B","B31","U111",1.1995,0.02,c(25.54853379, 41.97717212)
56042258,170,"1",7.3,7.94,13.91,16.1,8,19.5,1.3,316.5,NA,NA,"B","B11","U111",1.1805,0.04,c(25.61313322, 42.22403196)
56062152,495,"3",4,4.64,3.83,10.8,NA,NA,0.6,87.3,NA,NA,"C","C32","U120",1.056,0.3,c(25.39568635, 41.28519513)
56062830,130,"1",5.3,5.8,8.44,15.3,NA,NA,1.4,107.8,NA,NA,"E","E10","U111",1.3295,0.11,c(27.13222127, 47.23674346)
56082364,103,"3",7.5,8.16,12.91,10.4,46,NA,1.5,97.3,NA,NA,"B","B16","U111",1.3725,0,c(25.91248879, 43.14989009)
56102260,179,"1",7.3,7.98,14.28,22.3,4,NA,1.6,383,NA,NA,"B","B31","U111",1.1555,0.24,c(25.68906995, 42.23045615)
56102380,352,"1",3.7,4.47,6.65,20.9,NA,17,1.6,110,NA,NA,"C","C10","U120",1.086,0,c(25.97559487, 43.28680096)
56122710,238,"2",4.2,4.83,13.22,22.7,1,12.2,2.2,213.9,NA,NA,"C","C10","U120",1.148,0.21,c(26.86456138, 46.17633093)
56142132,111,"1",7.3,8.21,15.02,11.4,12,NA,1.2,291.3,NA,NA,"E","E30","U112",1.249,0.18,c(25.44469365, 41.09391037)
56142406,176,"1",6.7,7.23,10.06,14.7,2,44.9,1.7,263.8,NA,NA,"B","B16","U111",1.3115,0,c(26.08799621, 43.50769651)
56142736,131,"1",7.4,7.6,25.8,20.7,11,38.4,2.7,378.6,NA,NA,"B","B16","U111",0.9495,0.57,c(26.9633072, 46.39949465)
56142844,82,"1",7.5,8.17,22.69,23.5,62,NA,2.2,326.1,NA,NA,"E","E20","U111",1.1025,0.52,c(27.27700975, 47.34224472)
56162224,207,"1",7.2,7.8,16.74,27,214,NA,2.6,247,NA,NA,"B","B31","U111",1.456,0.01,c(25.67665034, 41.90193579)
56162386,349,"2",4.7,5.49,5.98,25.9,NA,14.2,2.1,284.2,NA,NA,"C","C10","U420",1.228,0.7,c(26.06281533, 43.32805915)
56182214,186,"1",6.1,6.49,8.05,8.2,1,52,1,496.3,NA,NA,"B","B11","U111",1.39,0.03,c(25.67721502, 41.81003725)
56202206,303,"2",4,4.85,7.16,31.1,NA,NA,2.2,182.9,NA,NA,"C","C10","U120",0.9195,0,c(25.6823985, 41.73576504)
56202314,338,"2",5.4,5.85,8.8,41.9,1,16.5,3.9,152,NA,NA,"E","E10","U420",1.0775,0.05,c(25.93598068, 42.68712519)
56202386,339,"1",6.8,7.18,21.9,34.3,2,NA,3.6,411.2,NA,NA,"E","E10","U111",1.1205,0.6,c(26.11115575, 43.32036323)
56202746,222,"1",5.7,6.32,7.35,19.9,NA,21.9,2,379,NA,NA,"E","E20","U111",1.2505,0.73,c(27.06819547, 46.47454551)
56222438,177,"1",5.3,6.28,4.57,18,NA,15.4,1.5,204.5,NA,NA,"B","B31","U111",1.292,0,c(26.26519026, 43.77331253)
56222748,182,"1",5.5,6,13,36.8,NA,11.8,3.8,203,NA,NA,"E","E20","U111",1.154,0.12,c(27.09940407, 46.48789321)
56242578,77,"1",7,7.51,15.45,15.8,15,19.5,1.6,281.6,NA,NA,"E","E20","U111",1.4455,0.57,c(26.65358547, 44.99710075)
56282268,113,"1",5.8,6.51,8.79,10.4,NA,13.9,1,196.9,NA,NA,"B","B11","U111",1.365,0,c(25.92173073, 42.26698792)
56282430,249,"1",5.4,6.39,4.91,13.5,NA,10.1,1.4,210,NA,NA,"B","B16","U111",1.345,0,c(26.31796644, 43.69136838)
56282802,165,"1",6.6,7.06,9.68,20.9,NA,NA,2.4,195.7,NA,NA,"E","E20","U111",1.027,0.2,c(27.3331484, 46.94670144)
56302220,188,"1",6,6.59,5.83,6.8,1,NA,0.7,141.8,NA,NA,"B","B32","U111",1.382,0.03,c(25.83272977, 41.84039407)
56302252,154,"1",5.7,6.38,7.2,17.1,NA,70.1,1.4,387.4,NA,NA,"B","B11","U111",1.2095,0,c(25.90766917, 42.1222958)
56302302,317,"1",6.4,7.06,5.39,16.7,NA,17.3,1.7,228,NA,NA,"B","B11","U111",1.389,0,c(26.02666457, 42.56244705)
56302450,148,"3",5.8,6.51,7.58,14.9,NA,NA,1.5,301.1,NA,NA,"B","B11","U111",1.364,0,c(26.39306351, 43.86301188)
56302764,288,"1",4.6,5.02,31.2,34.6,NA,21.5,2.8,195,NA,NA,"C","C21","U120",0.898,0.26,c(27.24759614, 46.61100652)
56322406,185,"1",7.6,8.33,15.1,18.1,194,NA,1.8,296.7,0.7,0.8,"B","B11","U111",1.316,0.02,c(26.3060788, 43.47281504)
56342170,594,"1",4.6,5.38,4.53,14.9,NA,12.7,0.9,118.8,NA,NA,"C","C22","U120",0.979,0.27,c(25.76438587, 41.39210672)
56342242,133,"1",4.9,5.71,9.23,12.3,NA,NA,1.3,141.8,NA,NA,"E","E20","U111",1.512,0.01,c(25.93149805, 42.02663288)
56362700,168,"1",6.2,6.78,8.6,13.4,NA,33.2,1.5,362.5,NA,NA,"E","E30","U112",1.484,0,c(27.14008811, 46.03980577)
56382434,245,"1",5.9,6.63,7.38,15.6,NA,51,1.5,257.9,1.1,2.2,"B","B11","U111",1.36,0.03,c(26.44964426, 43.70686915)
56382624,333,"1",7.2,7.85,15.52,19.6,14,NA,1.8,287.4,NA,NA,"E","E20","U111",1.0235,0.1,c(26.95280216, 45.37143953)
56402240,287,"1",5.3,5.98,5.81,9.9,1,3.3,1,131.3,NA,NA,"E","E10","U111",1.577,0.16,c(25.99777612, 41.99760156)
56422776,341,"1",6,6.47,10.9,29.5,NA,NA,2.6,208.1,NA,NA,"E","E10","U111",1.307,0,c(27.43591195, 46.69059744)
56442750,253,"1",5.8,6.49,6.93,28.8,1,NA,2.6,445.6,NA,NA,"E","E30","U111",1.3265,0,c(27.38529499, 46.45963025)
56462260,266,"1",5,5.94,5.32,19.1,NA,13.8,1.6,232.8,1.2,2.6,"B","B53","U111",1.239,0.01,c(26.1163475, 42.16217667)
56462398,218,"2",6.5,7.04,13.76,17.8,1,32.8,1.9,482.2,NA,NA,"B","B84","U111",1.432,0,c(26.45531121, 43.37514109)
56462592,62,"1",6.9,7.3,18.29,28.9,46,NA,2.8,474.8,NA,NA,"E","E20","U111",1.3005,0.54,c(26.96473171, 45.07523679)
56462736,192,"1",7.1,7.56,14.7,23.4,50,NA,2,235.5,NA,NA,"E","E10","U111",1.3935,0.02,c(27.3700199, 46.33330205)
56482194,380,"1",5.9,6.43,7.44,33.2,NA,11.4,3.1,263,NA,NA,"B","B74","U415",1.103,0,c(25.9841354, 41.57719471)
56482216,149,"1",5.5,6.44,5.76,6.6,NA,36.8,0.8,1227.9,NA,NA,"E","E30","U111",1.333,0.05,c(26.03566439, 41.77098344)
56482284,196,"1",6.3,6.75,10.28,22.4,1,22,1.9,480.2,NA,NA,"B","B11","U111",1.1175,0,c(26.19776703, 42.36948119)
56482666,55,"1",6.5,6.82,21.4,27.2,1,38.5,2.6,616.9,NA,NA,"B","B11","U111",0.9175,0.4,c(27.19509021, 45.71802225)
56502370,454,"1",5.1,6,5.04,16.6,NA,16.8,1.7,170.3,1.5,5.9,"B","B11","U111",1.3755,0.02,c(26.43317296, 43.12143097)
56502448,241,"1",4.7,5.27,15.24,13.6,NA,15.7,1.6,169.5,NA,NA,"B","B16","U111",1.4505,0,c(26.63147856, 43.80592646)
56502682,52,"1",7.3,7.74,18.73,9.9,27,1.6,1.3,259.8,NA,NA,"E","E30","U111",1.2375,0.28,c(27.26554218, 45.85361781)
56542136,737,"1",4.6,5.52,5.54,19.6,NA,16.6,1.3,91.4,NA,NA,"C","C10","U120",1.036,0.22,c(25.92032433, 41.05459275)
56562290,153,"1",7,7.32,13.1,20.6,9,4.6,2,728.7,NA,NA,"E","E10","U111",1.272,0.38,c(26.30749234, 42.40673506)
56562344,591,"1",6.3,6.75,9.02,35,NA,NA,2.7,245.6,NA,NA,"C","C22","U120",1.37,0.16,c(26.44037203, 42.88129532)
56562836,35,"1",6.3,6.88,11.22,20.4,NA,10.3,2.4,381,NA,NA,"B","B16","U111",1.025,0.49,c(27.79512981, 47.18359549)
56582460,139,"1",6,6.86,5.13,14.3,NA,25.5,1.4,286.5,NA,NA,"B","B31","U111",1.353,0,c(26.76003031, 43.89514033)
56582658,39,"1",7.2,7.87,16.47,15.6,64,NA,1.8,434.8,NA,NA,"B","B53","U111",1.1435,0,c(27.29798976, 45.62740757)
56602362,322,"1",5.9,6.48,7.72,26.2,NA,NA,2.6,156.6,NA,NA,"C","C10","U111",1.376,0,c(26.53336628, 43.03148863)
56602728,203,"2",5.2,5.81,10.55,20.5,NA,22.3,1.8,235.2,NA,NA,"B","B11","U111",1.254,0.27,c(27.52429537, 46.23409832)
56621496,151,"1",7.5,7.84,28.9,24.8,527,12.9,2.3,267.7,NA,NA,"B","B81","U111",1.283,0.03,c(24.70406169, 35.36399673)
56622184,252,"1",5.1,5.9,8.46,19.4,NA,NA,1.5,1069.5,NA,NA,"C","C10","U120",0.9265,0.09,c(26.12507891, 41.46234657)
56622210,154,"1",6.4,6.61,6.99,13.6,1,16.5,1.2,293.7,NA,NA,"B","B31","U111",0.8655,0.19,c(26.18636175, 41.69128655)
56622264,205,"1",4.9,5.95,3.02,6.1,NA,NA,0.7,87.8,NA,NA,"E","E20","U111",1.3265,0.06,c(26.31564422, 42.16643047)
56622714,130,"1",5.9,6.29,19.66,26.6,NA,21.4,2.4,363.6,1.8,5.6,"B","B16","U111",1.1365,0.27,c(27.50885674, 46.10777865)
56642224,150,"1",6.8,7.39,8.47,11.3,NA,NA,1.3,166.9,NA,NA,"B","B82","U111",1.3,0.08,c(26.24319409, 41.81064966)
56642422,376,"1",4.9,5.5,8.93,10,1,15.3,1.1,249.7,NA,NA,"B","B11","U111",1.499,0,c(26.73434374, 43.54998228)
56662180,98,"1",5.5,6.16,8.88,4.9,NA,13.2,0.6,113.2,0.6,2,"E","E30","U112",1.1475,0.11,c(26.16257764, 41.41943187)
56662230,218,"1",7.4,8.19,12.38,6.8,6,32.9,0.8,309.9,NA,NA,"E","E10","U111",1.221,0.04,c(26.28111411, 41.85957244)
56662338,405,"1",5.6,6.1,6.01,23.6,NA,NA,2.2,138.2,NA,NA,"C","C10","U420",1.1635,0,c(26.54521019, 42.80890309)
56662432,306,"1",5,5.52,18.56,13.9,NA,42.2,1.4,199.9,NA,NA,"B","B31","U111",1.397,0.13,c(26.78444902, 43.633647)
56662656,24,"1",7,7.6,26.35,31.4,48,26.3,3.7,1753.4,NA,NA,"E","E20","U111",0.9435,0.14,c(27.39258029, 45.59326055)
56682466,143,"1",5.1,5.81,10.34,16,NA,31.1,1.6,253.9,1,1.4,"B","B11","U111",1.3465,0,c(26.89759763, 43.92756555)
56702146,368,"1",5,5.37,5.44,53.7,NA,NA,1.8,104,NA,NA,"C","C32","U120",0.996,0.22,c(26.12992704, 41.1122436)
56702444,239,"2",4.8,5.79,4.81,16.2,NA,14.7,1.5,205.6,NA,NA,"B","B31","U111",1.346,0,c(26.86423439, 43.73077002)
56722276,173,"1",7.1,7.76,13.06,16.3,23,14.1,1.5,500.9,NA,NA,"D","D10","U420",1.241,0,c(26.46343428, 42.25239206)
56722646,19,"1",7.4,7.64,23.7,17.3,23,6.2,2,505.6,NA,NA,"B","B16","U111",1.084,0.52,c(27.43926039, 45.49340137)
56722766,91,"1",6,6.42,9.36,9.1,NA,25.3,1,162.3,NA,NA,"B","B23","U111",1.38,0,c(27.78886039, 46.53975564)
56742272,119,"1",5.1,6.27,5.11,12.2,NA,14.5,1.1,219.2,NA,NA,"B","B31","U111",1.336,0,c(26.47736998, 42.21330666)
56742462,182,"2",7.5,8.03,14.64,18.8,7,114,1.9,648.7,NA,NA,"E","E30","U420",1.241,0,c(26.96013581, 43.88036754)
56762132,210,"1",6.6,6.9,13.42,17.9,1,19.9,1.6,279.6,NA,NA,"C","C10","U120",0.888,0.13,c(26.16731644, 40.9773647)
56762654,15,"1",7.4,7.77,21.5,10.8,53,5.6,1.1,277.5,NA,NA,"B","B82","U111",1.181,0.08,c(27.51209359, 45.55482364)
56762744,72,"1",7.3,7.84,16.89,3.7,31,12.3,0.8,142.7,NA,NA,"E","E20","U111",1.2705,0,c(27.77418588, 46.33955074)
56782152,101,"1",4.6,5.6,3.04,6.5,NA,NA,0.6,125.8,NA,NA,"E","E30","U112",1.0215,0.24,c(26.23722761, 41.14970164)
56782386,101,"1",7.4,7.58,37.2,16.1,242,5.1,2.1,250.6,NA,NA,"B","B16","U111",1.3625,0,c(26.81081132, 43.20621876)
56782776,205,"1",5.9,6.19,8.41,36.7,NA,NA,3.2,289.1,NA,NA,"E","E10","U111",1.229,0,c(27.89527484, 46.61393136)
56802166,118,"1",5.5,5.95,4.98,15.8,NA,16.3,1.2,63.4,NA,NA,"C","C10","U120",1.201,0.13,c(26.29346392, 41.26911755)
56802234,176,"1",5.6,6.46,4.18,12.2,NA,NA,1,201.6,NA,NA,"B","B31","U111",1.2415,0,c(26.4558601, 41.86745603)
56822416,364,"1",7.4,8.08,15.44,25.7,213,NA,2.5,252.8,NA,NA,"E","E20","U111",1.296,0,c(26.93662051, 43.46114191)
56822578,50,"1",7.1,7.58,21.92,17.7,3,NA,1.8,195.2,1.2,0.7,"B","B11","U111",1.302,0,c(27.37252139, 44.87864702)
56842706,244,"1",5.4,6.16,4.16,9.1,NA,9.6,0.9,57.9,NA,NA,"B","B16","U111",1.3635,0.01,c(27.76318817, 45.99133326)
56842716,266,"2",5.2,6.34,6.89,10.2,NA,NA,1,170.3,1.2,2.9,"B","B16","U111",1.311,0,c(27.7926043, 46.07847345)
56861470,382,"2",7.5,8.17,14.48,12.6,389,NA,1.4,172.4,0.5,0.4,"B","B81","U111",0.8195,0.2,c(24.9145403, 35.09032412)
56862330,399,"1",5.1,5.85,5.68,22.6,NA,NA,2.2,149.6,NA,NA,"C","C10","U120",1.2845,0,c(26.76427123, 42.69890696)
56862420,435,"1",5.5,6.32,6.38,16.1,NA,NA,1.6,231.7,NA,NA,"B","B31","U111",1.298,0,c(26.99542386, 43.48807524)
56862730,267,"1",5.5,6.19,4.21,10.7,NA,NA,1,162.5,NA,NA,"E","E20","U111",1.3295,0.05,c(27.85929291, 46.19614474)
56882134,144,"1",6.1,6.5,8.35,20.2,NA,31.8,1.8,423.8,NA,NA,"C","C10","U120",0.744,0.21,c(26.31158228, 40.97181653)
56901488,420,"1",7.5,7.93,16.05,14.8,509,19,1.9,275.3,NA,NA,"C","C10","U420",0.7935,0.2,c(24.99052534, 35.24383507)
56922206,75,"2",7.4,7.69,22.5,8.5,9,21,1.1,453,NA,NA,"B","B43","U111",1.1165,0.13,c(26.52940511, 41.59765839)
56922404,221,"1",7.5,8.08,16.93,21.6,58,22.4,2.1,330.1,0.4,0.5,"B","B31","U111",1.1755,0,c(27.0261076, 43.3356893)
56922416,432,"1",4.9,5.6,8.08,34.9,NA,18.5,3.1,185.6,NA,NA,"C","C10","U120",1.162,0,c(27.05748028, 43.44081756)
56942334,178,"1",5.5,6.4,4.29,11.3,NA,NA,1.2,215.4,1.2,1.5,"B","B11","U111",1.495,0,c(26.86994824, 42.71794527)
56962458,181,"1",7.4,8.01,12.43,11.7,5,NA,1.3,191,NA,NA,"B","B31","U111",1.1865,0,c(27.21708833, 43.80035005)
57022450,239,"1",7.3,7.94,13.65,16,3,NA,1.6,238.4,1.1,1.9,"B","B32","U111",1.2595,0,c(27.26855401, 43.71796373)
57022486,101,"1",6.2,6.96,5.62,15,NA,21.9,1.5,223.4,0.7,1.6,"B","B31","U111",1.2145,0,c(27.36550745, 44.03287362)
57062336,172,"1",7.5,8.43,12.81,15.3,32,NA,1.7,475.6,NA,NA,"B","B31","U111",1.235,0.06,c(27.0183507, 42.71121751)
57062390,305,"1",6.6,7.1,9.7,25.6,NA,NA,2.5,234.4,NA,NA,"B","B32","U111",1.1705,0,c(27.15816314, 43.1844468)
57062620,18,"1",7.1,7.66,10.75,17.8,2,NA,1.7,212.3,1.2,1,"B","B31","U111",1.1235,0.04,c(27.78881208, 45.19460861)
57082394,364,"1",7.4,7.61,18.86,37.1,68,30.6,1.9,312.9,NA,NA,"B","B52","U111",1.303,0,c(27.19270766, 43.21537567)
57121474,294,"3",7.4,8.21,15.45,11.4,536,NA,1.1,174.9,NA,NA,"B","B81","U111",0.8185,0.12,c(25.200619, 35.08005253)
57122330,313,"1",5.1,5.83,5.14,17,NA,NA,1.8,157.5,NA,NA,"E","E10","U111",1.272,0,c(27.07456256, 42.64640726)
57122348,260,"1",4.2,5,4.69,17.4,NA,NA,1.4,154.1,NA,NA,"C","C10","U120",1.2155,0,c(27.12090159, 42.80418445)
57162300,56,"2",6.2,7.02,5.1,22,NA,30.1,1.9,320.2,NA,NA,"E","E30","U111",1.317,0,c(27.04555784, 42.37520582)
57162364,136,"1",5.4,6.18,6.63,10.7,NA,NA,1.1,124.9,NA,NA,"E","E10","U420",1.452,0,c(27.21028663, 42.93617683)
57241480,428,"1",6.5,6.85,8.65,10.5,1,NA,1.2,118.9,NA,NA,"B","B81","U111",0.897,0.21,c(25.34045258, 35.1120186)
57242300,29,"1",6.3,7.04,5.55,17.2,NA,22.5,1.6,268.9,NA,NA,"B","B11","U111",1.3815,0.15,c(27.14052361, 42.35890055)
57262276,294,"1",5.2,5.78,7.14,11.2,1,4.5,1.1,66.7,NA,NA,"E","E20","U111",1.444,0,c(27.103162, 42.14435199)
57322286,217,"2",6,6.3,8.88,31.7,NA,NA,3.1,248.8,NA,NA,"C","C10","U120",1.138,0,c(27.19960036, 42.21977986)
57342364,273,"1",7.3,7.65,20.5,30.1,197,7.4,3,510.8,NA,NA,"E","E10","U111",1.358,0.04,c(27.42576713, 42.89896006)
57362326,69,"1",6.2,6.88,7.36,22,NA,NA,2.1,445.2,NA,NA,"B","B32","U111",1.153,0.14,c(27.35014596, 42.56207159)
57382392,88,"1",6.7,7.27,12.17,28.8,1,NA,2.6,352.3,NA,NA,"B","B16","U111",1.0955,0,c(27.54802622, 43.13561621)
57382428,308,"1",5.7,6.34,6.88,13.9,1,23.2,1.4,223.7,NA,NA,"B","B41","U111",1.347,0.01,c(27.64491693, 43.45040422)
57382436,295,"1",4.8,5.46,11.04,27.6,NA,27.3,2.4,165,NA,NA,"C","C10","U120",1.147,0,c(27.66663772, 43.520327)
57422462,213,"1",7.5,8.16,18.74,21.1,26,NA,2.1,267,NA,NA,"B","B11","U111",1.3535,0,c(27.7862047, 43.73900222)
57442294,192,"1",5.4,5.8,8.26,31.6,1,NA,2.2,99.6,NA,NA,"C","C10","U120",1.306,0.08,c(27.36223807, 42.26518031)
57461486,1250,"1",7.4,7.7,12.59,36.7,11,14.9,2.3,366.3,NA,NA,"C","C10","U420",0.8825,0.3,c(25.58759822, 35.12553617)
57462398,44,"1",7.3,7.79,18.01,26.2,153,NA,2.8,386,NA,NA,"C","C10","U420",1.2835,0,c(27.66019412, 43.1712663)
57462416,322,"1",5.4,5.81,16.26,50.2,NA,17.8,4.5,213.1,NA,NA,"C","C10","U120",1.1435,0,c(27.70882021, 43.32861689)
57482360,384,"1",7.5,8.25,12.5,12.8,58,10.9,1.6,371.2,NA,NA,"E","E30","U111",1.3755,0,c(27.58256937, 42.8347046)
57482568,89,"1",7.5,8.03,14.36,20.9,59,12.6,1.7,235.6,1.2,0.7,"B","B16","U111",1.254,0,c(28.15833854, 44.65077344)
57501486,824,"1",6.8,7.02,18.69,94.9,3,18.3,4.8,728.8,NA,NA,"C","C32","U120",0.628,0.2,c(25.63045613, 35.11821081)
57542308,107,"1",5.6,6.09,7.86,26.7,1,11.4,2.1,286.9,NA,NA,"E","E10","U420",1.344,0.19,c(27.51709142, 42.36701631)
57542404,71,"1",7.2,7.83,12.32,15.7,3,NA,1.6,256.1,NA,NA,"B","B11","U111",1.2985,0,c(27.77251043, 43.20678502)
57542430,306,"1",5.5,6.09,9.52,17.2,1,51.8,1.8,323.7,0.4,1.4,"B","B11","U111",1.2915,0,c(27.84337412, 43.43394772)
57621488,71,"1",7.4,7.99,20.4,24.2,131,15.1,2.3,548.4,NA,NA,"C","C22","U420",0.768,0.19,c(25.76285047, 35.11391173)
57622520,66,"1",7.2,7.56,19.85,35.5,491,NA,3.9,559.9,NA,NA,"E","E20","U111",1.2195,0.22,c(28.19210241, 44.2019949)
57642434,266,"1",5.3,6.42,4.95,17.9,NA,18.4,1.7,208.6,NA,NA,"B","B31","U111",1.3035,0,c(27.97495287, 43.44747531)
57702274,196,"1",5.4,6.01,5.75,30,NA,NA,2.8,130.4,NA,NA,"C","C10","U120",1.255,0,c(27.61770921, 42.03581934)
57722448,226,"1",5.8,6.76,6.17,22,NA,NA,2,271.4,NA,NA,"B","B11","U111",1.206,0,c(28.11033026, 43.55241101)
57742428,66,"1",7.4,7.94,16.72,20,316,NA,2.2,491.1,NA,NA,"D","D10","U420",1.177,0.02,c(28.07884154, 43.37356118)
57762538,60,"1",7.3,7.55,14.3,20.2,2,16.4,2.1,240.1,0.8,4.6,"B","B31","U111",1.258,0,c(28.41487593, 44.32812456)
57802466,137,"1",6,6.92,5.42,21.1,NA,NA,1.9,209.7,NA,NA,"B","B31","U111",1.2135,0,c(28.25753239, 43.69201288)
57841488,405,"1",6.8,7.5,8.75,28.4,3,NA,2.9,659.6,NA,NA,"D","D10","U420",0.756,0.06,c(25.998372, 35.07292819)
57842460,139,"1",5.9,6.72,6.61,21,NA,NA,1.9,278.3,NA,NA,"B","B32","U111",1.2455,0,c(28.28895906, 43.63096435)
57842474,96,"1",7.4,8.07,16.41,25.6,6,NA,2.5,455.3,NA,NA,"B","B11","U111",1.081,0,c(28.32859242, 43.75300139)
57942502,41,"3",7.4,7.86,21.1,27.8,292,17.9,2.6,142.9,1.6,1.1,"B","B11","U111",1.0225,0.01,c(28.53004099, 43.97487518)
57962548,29,"3",7.4,7.73,26.75,17.7,39,28,1.9,371.7,1.6,5.1,"B","B11","U111",1.16,0.02,c(28.68857011, 44.37072278)
63581624,343,"3",7.3,7.72,15.89,16.1,591,17.4,1.9,212.9,1.3,4.5,"B","B15","U111",1.3835,0.17,c(32.42027008, 34.97763773)
63681618,415,"1",7.4,8.16,13.47,2.3,507,NA,0.8,458.3,1.5,0.8,"B","B81","U111",0.885,0.06,c(32.5092367, 34.89928866)
63741606,321,"1",7.2,7.66,13.11,21.9,44,NA,2.2,358.3,NA,NA,"E","E20","U420",1.077,0.35,c(32.53955387, 34.77932091)
63761600,64,"1",7.4,7.94,18.18,28.6,23,43.3,3.3,73.9,0.8,2.7,"B","B54","U111",1.0835,0.18,c(32.54419051, 34.72196122)
63881600,181,"1",7.3,7.9,21.1,33.2,674,NA,1.3,110.2,NA,NA,"D","D10","U420",1.3185,0.19,c(32.6702285, 34.69026961)
64061610,408,"1",7.4,8.08,18.17,25.9,556,NA,2.5,424.6,NA,NA,"D","D20","U420",0.823,0.16,c(32.8867757, 34.7291124)
64081622,655,"1",7.4,8.19,18.07,25.4,605,NA,2.9,264.6,NA,NA,"E","E10","U420",1.152,0.17,c(32.94111405, 34.82776476)
64081650,336,"1",7.4,8.13,15.66,14.5,69,NA,1.3,397.4,NA,NA,"D","D20","U420",0.9335,0.16,c(33.01945217, 35.07029201)
64141632,967,"3",7.1,7.65,16.61,20.9,6,50.1,2,390,NA,NA,"B","B75","U415",0.9685,0.23,c(33.03211985, 34.89828037)
64161658,234,"1",7.5,8.39,20.5,6.4,74,NA,0.9,308,NA,NA,"B","B13","U111",0.949,0.19,c(33.12634594, 35.11796323)
64221650,426,"1",7.1,7.64,15.97,7.5,3,25.5,0.9,199.4,NA,NA,"B","B13","U111",1.1985,0.21,c(33.16695481, 35.0325085)
64261646,596,"1",6.8,7.39,6.24,9.3,NA,NA,1,93.8,NA,NA,"E","E10","U420",1.3555,0.2,c(33.19776029, 34.98706229)
64281654,339,"1",7.4,8.15,20.5,17.5,155,30.2,1.9,1692.5,NA,NA,"E","E30","U112",1.22,0.09,c(33.24147076, 35.0508443)
64441626,77,"1",7.4,8.15,17.29,6,786,11,0.8,103.3,NA,NA,"E","E30","U420",1.5265,0.21,c(33.33037425, 34.76511257)
64461632,128,"1",7.4,7.89,38.6,22.1,739,174,2.6,1085.4,NA,NA,"E","E30","U111",0.7995,0.14,c(33.36834496, 34.81155738)
64541646,212,"2",7.4,8.03,21.1,14.9,695,45,1.6,630.5,NA,NA,"B","B54","U111",0.833,0.48,c(33.49219425, 34.91069873)
64581660,178,"2",7.4,8.14,20.6,9.8,666,16.4,1,179.4,NA,NA,"B","B15","U111",1.0265,0.13,c(33.57436313, 35.02065414)
64601638,19,"1",7.5,8.18,23.6,22,234,122.9,2.2,1952.6,NA,NA,"F","F40","U111",1.0315,0.15,c(33.53234936, 34.82508707)
64621644,46,"1",7.6,8.26,24.8,15.4,231,43.3,1.7,1002.8,NA,NA,"F","F40","U111",0.999,0.12,c(33.57049688, 34.87143001)
64621658,80,"1",7.4,7.99,17.01,10.3,659,NA,1.5,184.8,NA,NA,"B","B11","U111",1.05,0.22,c(33.61067677, 34.99235719)
64801668,42,"1",7.3,8.1,18.78,8.2,3,52.1,1,723.3,0.7,0.8,"B","B11","U111",1.3645,0.11,c(33.82883122, 35.02879473)
64841666,37,"1",6.8,7.61,15.57,8.2,NA,83.8,1.1,614,NA,NA,"B","B11","U111",0.815,0.11,c(33.86505833, 35.00040142)
64841670,49,"1",7.3,8.11,16.74,11.2,3,39.8,1.4,612.1,NA,NA,"B","B11","U111",1.3545,0.03,c(33.8766991, 35.03490069)
64881666,19,"3",7.5,7.87,66.7,9.4,43,80.1,1.4,1072.3,NA,NA,"B","B21","U111",1.684,0.15,c(33.90708481, 34.98924225)
64981672,106,"1",7.5,8.13,17.22,17.7,171,NA,2.1,539.5,NA,NA,"D","D20","U420",1.008,0.23,c(34.02966036, 35.0129759)
